row,ce-s7:R,ce-s7:R_stripped,ce-s42:R,ce-s42:R_stripped,ce-s1337:R,ce-s1337:R_stripped,ce-s2024:R,ce-s2024:R_stripped,ce-s31337:R,ce-s31337:R_stripped,aug-s7:R,aug-s7:R_stripped,aug-s42:R,aug-s42:R_stripped,aug-s1337:R,aug-s1337:R_stripped,aug-s2024:R,aug-s2024:R_stripped,aug-s31337:R,aug-s31337:R_stripped,served:plain,served:plain_stripped
0,0,0,0,0,0,0,0,0,0,0,0,0,0,0,0,0,0,0,0,0,0,0
1,0,0,0,0,0,0,0,0,0,0,0,0,0,0,0,0,0,0,0,0,0,0
2,0,0,0,0,0,0,0,0,0,1,0,0,0,0,0,0,0,0,0,0,0,0
3,0,0,0,0,1,0,0,0,0,1,0,0,0,0,0,0,0,0,2,0,0,1
4,0,0,0,0,0,0,0,0,0,0,0,0,0,0,0,0,0,0,0,0,0,0
5,1,0,1,0,1,0,1,0,1,0,2,0,1,0,1,0,1,0,1,0,1,0
6,1,1,1,1,0,0,1,1,1,1,2,2,1,1,0,0,0,0,2,2,1,1
7,1,0,1,0,0,0,0,0,0,0,0,0,1,0,0,0,1,0,0,0,1,0
8,1,0,1,0,0,0,0,0,1,0,1,0,0,0,0,0,0,0,1,0,0,1
9,2,2,2,2,2,2,1,1,2,2,0,0,2,2,2,2,2,2,2,2,2,2
10,1,2,1,1,1,1,1,2,1,1,1,2,1,1,1,1,1,1,1,2,1,0
11,0,0,0,0,0,0,0,0,0,0,0,0,0,0,0,0,0,0,0,0,0,0
12,1,1,1,1,1,1,1,1,1,1,1,1,1,1,1,1,1,1,1,1,1,0
13,0,0,0,0,0,0,0,0,0,0,0,0,0,0,0,0,0,0,0,0,0,2
14,1,1,1,1,1,1,1,0,1,0,1,1,1,1,1,1,1,0,1,1,1,0
15,1,1,0,1,1,1,0,0,0,0,0,0,1,0,0,0,0,1,0,0,1,0
16,0,0,0,0,0,0,0,0,0,0,0,0,0,0,0,0,0,0,0,0,0,0
17,0,0,0,0,0,0,0,0,0,0,0,0,0,0,0,0,0,0,0,0,0,0
18,2,0,2,0,2,0,2,0,2,0,2,0,2,0,2,0,2,0,2,0,2,0
19,2,1,0,1,2,1,2,1,2,1,0,1,0,1,2,1,2,1,2,1,0,0
20,2,0,2,0,2,0,2,0,2,0,2,0,2,0,2,0,2,0,2,0,2,0
21,0,1,0,1,1,1,0,0,2,1,2,2,2,1,0,1,2,1,2,1,2,0
22,0,0,0,0,0,0,0,0,0,0,0,0,0,0,0,0,0,0,0,0,0,0
23,0,1,0,1,0,1,0,1,0,1,0,1,0,1,0,1,0,1,0,1,0,1
24,0,0,0,0,0,0,0,0,0,0,0,0,0,0,0,0,0,0,0,0,0,0
25,2,2,0,0,2,2,0,0,1,2,0,0,0,0,0,0,0,0,2,2,0,0
26,2,2,2,2,2,2,2,2,2,2,0,0,0,0,0,0,0,0,0,0,0,0
27,1,1,0,0,1,1,1,1,1,1,1,1,1,1,1,1,1,1,1,1,1,2
28,0,0,0,0,0,0,0,0,0,0,0,0,0,0,0,0,0,0,0,0,0,0
29,0,0,0,0,0,0,0,0,0,0,0,0,0,0,0,0,0,0,0,0,0,0
30,1,0,1,0,2,0,1,0,1,0,1,0,1,0,1,0,2,0,1,0,1,0
31,2,2,2,2,2,2,2,0,2,2,2,0,2,0,2,0,2,2,2,2,2,0
32,1,2,1,0,0,0,0,0,1,1,0,0,0,0,0,0,0,0,0,2,0,0
33,0,0,0,0,0,0,0,0,0,0,0,2,0,2,0,0,0,0,1,1,0,2
34,2,2,2,2,2,2,2,2,2,2,2,2,2,2,2,2,2,2,2,2,2,2
35,2,2,2,2,2,2,2,2,2,2,2,2,2,2,2,2,2,2,2,2,2,2
36,0,0,0,0,0,0,0,0,0,0,0,0,0,0,0,0,0,0,0,0,0,2
37,0,0,0,0,0,0,0,0,0,0,0,0,0,0,0,0,0,0,0,0,0,0
38,1,1,1,1,1,1,1,1,1,1,1,1,1,1,0,0,1,1,1,1,1,0
39,0,0,1,0,1,0,0,0,1,0,0,0,1,0,0,0,1,0,0,0,1,0
40,2,1,2,1,2,2,2,1,2,1,2,2,2,2,2,2,2,2,2,2,2,2
41,1,2,1,1,1,1,0,1,0,1,0,1,0,0,0,1,1,1,0,2,0,0
42,0,0,1,0,0,0,0,0,1,0,0,0,0,0,1,0,0,0,1,0,0,0
43,0,0,0,0,0,0,0,0,0,0,0,0,0,0,0,0,0,0,0,0,0,0
44,1,0,1,1,1,0,0,0,1,1,1,0,1,1,1,0,1,1,1,1,1,0
45,2,2,1,1,2,2,2,2,2,2,2,2,1,1,2,2,2,2,1,2,1,1
46,0,0,0,0,0,0,0,0,1,0,0,0,0,0,0,0,0,0,0,0,0,0
47,1,0,1,0,1,0,1,0,1,1,1,1,1,1,1,0,1,0,1,1,1,1
48,2,1,2,1,2,1,2,1,2,1,2,1,1,1,2,0,2,1,2,1,1,1
49,0,0,0,0,0,0,0,0,0,0,0,0,0,0,0,0,0,0,0,0,0,0
50,2,0,2,0,2,1,0,0,2,0,2,0,1,0,0,0,2,0,2,0,1,0
51,1,2,1,2,1,2,1,2,1,2,1,2,1,2,2,2,2,2,1,2,1,0
52,0,0,0,0,0,0,0,0,0,0,0,0,0,0,0,0,0,0,0,0,0,0
53,0,0,0,0,0,0,0,0,0,0,0,0,0,0,0,0,0,0,0,0,0,0
54,1,0,0,1,0,1,0,0,0,1,0,0,0,0,0,0,0,0,0,0,0,0
55,1,1,1,1,1,1,1,1,1,1,0,0,0,0,0,0,0,0,0,0,0,2
56,0,0,0,0,0,0,0,0,0,0,1,0,1,0,0,0,0,0,0,0,1,0
57,0,1,0,1,0,1,0,1,0,1,0,1,0,1,0,1,0,2,0,1,0,0
58,0,0,0,0,0,0,0,0,0,0,0,0,0,0,0,0,0,0,0,0,0,0
59,2,1,2,0,2,1,1,0,2,1,1,0,1,0,1,0,1,0,1,1,1,0
60,0,2,1,0,1,0,0,0,1,2,0,0,0,0,0,0,0,0,1,2,0,2
61,1,1,1,1,1,2,0,1,1,1,1,1,1,1,0,0,1,2,1,2,1,0
62,0,0,0,0,0,0,0,0,0,0,1,0,0,0,0,0,0,0,1,0,0,0
63,1,1,1,1,1,1,1,1,1,1,1,1,1,1,1,1,1,1,1,1,1,0
64,1,0,1,0,1,0,1,0,1,0,0,0,1,0,0,0,0,0,1,0,1,2
65,0,0,0,0,0,0,0,0,0,0,0,0,0,0,0,0,0,0,0,0,0,0
66,0,0,0,0,0,0,0,0,0,0,0,0,0,0,0,0,0,0,0,0,0,0
67,0,0,0,2,0,2,0,2,0,2,0,0,0,0,0,0,0,2,0,2,0,2
68,2,2,2,2,2,2,2,2,2,2,2,2,2,2,2,2,2,2,2,2,2,2
69,0,0,0,0,0,0,0,0,0,0,0,0,0,0,0,0,0,0,0,0,0,0
70,0,0,0,0,0,0,0,0,0,1,0,0,0,0,0,0,0,0,0,0,0,0
71,2,2,1,2,1,2,2,2,2,2,2,2,1,2,1,0,2,2,1,2,1,2
72,0,0,1,1,0,0,0,0,0,0,0,0,0,0,0,0,1,0,1,1,0,1
73,2,2,2,2,2,2,2,2,2,2,2,2,2,2,2,2,2,2,2,2,2,0
74,0,0,0,0,0,0,0,0,0,0,0,0,0,0,0,0,0,0,0,0,0,0
75,0,0,0,0,0,0,0,0,0,0,0,0,0,0,0,0,0,0,0,0,0,0
76,0,0,0,0,0,0,0,0,0,0,0,1,0,0,0,0,0,0,0,0,0,0
77,0,0,0,0,0,0,0,0,0,0,0,0,0,2,0,0,0,0,0,0,0,2
78,0,0,0,0,0,0,0,0,0,0,0,0,0,0,0,0,0,0,0,0,0,0
79,0,0,0,0,0,0,0,0,0,0,0,0,0,0,0,0,0,0,0,0,0,0
80,0,1,0,1,0,0,0,0,0,1,0,2,0,1,0,0,0,2,0,1,0,1
81,1,1,1,1,0,0,0,0,1,1,0,0,1,1,1,1,1,1,1,1,1,1
82,2,2,2,2,2,2,2,2,2,2,2,2,2,2,2,2,2,0,1,1,2,0
83,1,1,0,0,1,1,0,0,0,0,0,0,0,0,0,0,1,1,0,0,0,0
84,2,0,2,0,2,0,0,0,1,0,0,0,1,0,0,0,2,0,2,2,1,0
85,0,0,0,0,0,1,0,0,0,0,0,0,0,0,0,0,0,0,0,0,0,0
86,0,0,0,0,0,0,0,0,0,0,0,0,0,0,0,0,1,0,2,0,0,0
87,1,1,1,0,1,0,0,0,0,0,0,0,0,0,0,0,0,0,0,0,0,2
88,1,1,1,1,1,1,1,1,1,1,1,1,1,1,0,0,1,1,1,1,1,0
89,1,2,1,1,1,2,1,1,1,1,2,2,1,2,1,0,2,2,1,2,1,0
90,0,0,1,0,1,0,0,0,0,0,1,0,1,0,0,0,1,0,1,0,1,0
91,0,0,0,0,0,0,0,0,0,0,0,0,0,0,0,0,0,0,0,0,0,0
92,1,1,1,1,1,1,1,1,1,1,1,1,1,1,2,2,1,1,1,1,1,0
93,0,0,0,0,0,0,0,0,0,0,0,0,0,0,0,0,0,0,0,0,0,0
94,2,0,0,0,0,0,2,0,2,0,0,0,0,0,0,0,0,0,2,0,0,0
95,1,0,1,0,1,0,0,0,1,0,0,0,0,0,0,0,0,0,0,0,0,0
96,0,1,0,1,0,1,0,0,0,1,0,0,0,0,0,0,0,0,0,0,0,0
97,0,1,0,1,0,1,0,1,0,1,0,2,0,0,0,0,0,0,0,2,0,1
98,0,0,0,0,0,0,0,0,0,0,0,0,0,0,0,0,0,0,0,0,0,0
99,1,1,1,1,1,1,1,0,1,2,1,0,1,0,1,0,1,0,1,0,1,1
100,0,0,0,0,0,0,0,0,0,0,0,0,0,0,0,0,0,0,0,0,0,0
101,2,0,0,0,1,0,0,0,1,0,0,0,0,0,0,0,1,0,0,0,0,0
102,0,1,0,0,0,0,0,0,0,1,0,0,0,0,0,2,0,2,0,2,0,1
103,0,0,1,1,0,1,0,0,1,1,1,0,1,0,1,1,1,0,1,1,1,0
104,0,0,0,0,0,0,0,0,0,0,0,0,0,0,0,0,0,0,0,0,0,2
105,0,0,0,0,0,0,0,0,0,0,0,0,0,0,0,0,0,0,0,0,0,2
106,1,1,1,1,1,1,0,0,1,1,1,1,1,1,0,0,1,1,1,1,1,0
107,0,0,0,0,0,0,0,0,0,0,0,0,0,0,0,0,0,0,0,0,0,0
108,2,1,2,1,2,1,2,1,2,1,2,0,1,0,0,0,2,0,2,0,1,0
109,0,0,0,0,0,0,0,0,0,0,0,0,0,0,0,0,0,0,0,0,0,0
110,0,0,0,0,0,0,0,0,0,0,0,0,0,0,0,0,0,0,0,0,0,0
111,0,0,0,0,0,0,0,0,0,0,0,0,0,0,0,0,0,0,0,0,0,0
112,0,0,0,0,0,0,0,0,0,0,0,0,0,0,0,0,0,0,0,0,0,2
113,1,1,0,1,0,0,0,1,1,1,0,0,0,0,0,1,0,0,1,0,0,2
114,0,0,0,0,0,0,0,0,0,0,0,0,0,0,0,0,0,0,0,0,0,2
115,1,1,1,1,1,1,1,1,1,1,1,1,1,1,1,1,1,1,1,1,1,0
116,1,1,1,1,1,1,1,1,1,1,1,1,1,1,1,1,1,1,1,1,1,1
117,1,0,1,0,1,0,0,0,1,0,1,0,1,0,1,0,1,0,1,0,1,0
118,1,0,1,0,1,0,0,0,0,0,1,0,1,0,0,0,1,0,1,0,1,1
119,0,0,0,0,0,0,0,0,0,0,0,0,0,0,0,0,0,0,0,0,0,0
120,2,2,2,1,2,2,2,1,2,2,2,0,1,0,0,0,2,2,2,2,1,0
121,0,0,0,0,0,0,0,0,0,0,0,0,0,0,0,0,0,0,0,0,0,0
122,0,0,0,0,0,0,0,0,0,0,0,0,0,0,0,0,0,0,0,0,0,0
123,0,0,0,0,0,0,0,0,0,0,0,0,0,0,0,0,0,0,0,0,0,0
124,0,0,0,0,0,0,0,0,0,0,0,0,0,0,0,0,0,0,0,0,0,0
125,2,2,2,2,2,2,2,0,2,2,2,1,2,2,2,0,2,2,2,1,2,2
126,0,0,0,0,0,0,0,0,0,0,0,0,0,0,0,0,0,0,0,0,0,0
127,0,0,0,0,0,0,0,0,0,0,0,0,0,0,0,0,0,0,0,0,0,2
128,0,0,0,0,0,0,0,0,1,0,0,0,0,0,0,0,0,0,1,1,0,0
129,1,0,1,1,1,1,1,0,1,1,1,1,1,1,1,1,1,1,1,1,1,1
130,1,1,1,1,1,1,1,1,1,1,1,1,1,1,1,1,1,1,1,1,1,2
131,2,2,2,2,2,2,2,2,2,2,2,2,2,2,2,2,2,2,2,2,2,0
132,0,2,2,1,2,1,1,1,2,2,0,1,0,2,0,2,0,2,0,2,0,2
133,0,0,0,0,0,0,0,0,0,0,0,0,0,0,0,0,0,0,0,0,0,0
134,0,0,0,0,0,0,0,0,0,0,0,0,0,0,0,0,0,0,0,0,0,0
135,2,0,2,0,2,0,2,0,2,0,2,0,2,0,0,0,2,0,2,0,2,0
136,2,0,2,1,2,1,2,0,2,1,2,0,2,0,2,0,2,0,2,0,2,2
137,0,0,0,0,0,0,0,0,0,0,0,0,0,0,0,0,0,0,0,0,0,0
138,0,0,0,0,0,0,0,0,0,0,0,0,0,0,0,0,0,0,0,0,0,0
139,1,1,1,1,1,0,1,0,1,1,1,1,1,1,1,1,1,1,1,1,1,0
140,0,2,0,2,0,1,0,2,0,2,0,2,0,2,0,2,0,2,0,2,0,2
141,1,0,1,0,1,1,1,0,1,0,1,1,1,1,1,0,1,1,1,0,1,0
142,0,0,0,0,0,0,0,0,0,0,0,0,0,0,0,0,0,0,0,0,0,0
143,0,0,0,0,0,0,0,0,0,0,0,0,0,0,0,0,0,0,0,0,0,0
144,0,0,0,0,0,0,0,0,0,0,0,0,0,0,0,0,0,0,0,0,0,0
145,0,0,0,0,0,0,0,0,0,0,0,0,0,0,0,0,0,0,0,0,0,0
146,1,0,1,0,1,0,0,0,1,0,1,0,1,0,0,0,1,0,1,0,1,0
147,2,0,2,0,2,0,2,0,2,0,2,0,2,0,2,0,2,0,2,0,2,0
148,2,2,2,2,2,2,2,2,2,2,2,2,2,2,2,2,2,2,2,2,2,1
149,0,0,1,0,0,0,0,0,1,0,0,0,0,0,0,0,0,0,0,0,0,0
150,0,0,0,0,0,0,0,0,0,0,0,0,0,0,0,0,0,0,0,0,0,0
151,0,0,0,0,0,0,0,0,0,1,0,1,0,1,0,0,0,0,1,1,0,0
152,0,0,0,0,0,0,0,0,0,0,0,0,0,0,0,0,0,0,0,0,0,0
153,2,2,2,2,2,2,2,2,2,2,2,2,2,2,2,2,2,2,2,2,2,0
154,0,0,0,0,0,0,0,0,0,0,0,0,0,0,0,0,0,0,0,0,0,0
155,0,0,0,0,0,0,0,0,0,0,0,1,0,0,0,0,0,1,0,1,0,1
156,1,1,1,1,1,0,1,1,1,1,1,1,1,1,1,0,1,1,1,1,1,0
157,0,0,0,0,0,0,0,0,0,0,0,0,0,0,0,0,0,0,0,0,0,0
158,1,0,1,0,0,0,2,0,1,0,2,0,1,0,0,0,1,0,1,1,1,0
159,0,0,0,0,0,0,0,0,0,0,1,1,0,0,0,0,0,0,0,0,0,0
160,0,0,1,0,1,0,0,0,1,0,0,0,0,0,0,0,1,0,2,0,0,2
161,0,0,1,0,1,0,1,0,1,0,0,0,0,0,0,0,0,0,2,0,0,0
162,0,0,0,0,0,0,0,0,0,0,0,0,0,0,0,0,0,0,0,0,0,0
163,0,0,0,0,0,0,0,0,0,0,1,1,0,0,0,0,0,0,0,0,0,0
164,0,0,0,0,0,0,0,0,0,0,1,1,0,0,0,0,1,1,1,1,1,1
165,1,0,1,1,0,0,0,0,0,0,0,0,1,0,0,0,0,0,1,0,1,0
166,0,1,1,1,1,1,0,0,1,1,0,1,1,1,0,0,0,1,1,1,1,0
167,0,0,0,1,1,0,0,0,0,1,0,1,0,1,0,0,0,0,2,1,0,1
168,0,0,0,0,0,0,0,0,0,0,0,0,0,0,0,0,0,0,0,0,0,0
169,0,0,1,0,1,0,1,0,1,1,1,0,1,0,0,0,1,1,1,1,1,0
170,1,1,1,0,1,1,1,0,1,1,0,0,1,0,0,0,0,0,1,2,1,0
171,1,0,1,0,1,0,1,0,1,1,1,0,1,0,0,0,1,0,1,0,1,0
172,0,0,0,0,0,0,0,0,0,0,0,0,0,0,0,0,0,0,0,0,0,0
173,2,2,2,2,2,2,2,1,2,2,2,2,2,2,2,2,2,2,2,2,2,2
174,0,0,0,0,0,0,0,0,0,0,1,0,0,0,0,0,0,0,0,0,0,0
175,0,0,0,1,0,0,0,0,0,0,0,0,0,1,0,1,0,0,0,1,0,1
176,0,0,0,0,0,0,0,0,0,0,0,0,0,0,0,0,0,0,0,0,0,0
177,1,1,1,1,1,1,1,1,1,1,1,1,1,1,1,1,1,1,1,1,1,1
178,0,0,0,0,0,0,0,0,0,0,0,0,0,0,0,0,0,0,0,2,0,0
179,2,2,2,2,2,2,2,2,2,2,2,2,2,2,2,0,2,2,2,2,2,0
180,0,0,0,0,0,0,0,0,0,0,0,0,0,0,0,0,0,0,0,0,0,2
181,0,0,0,0,0,0,0,0,0,0,0,0,0,0,0,0,0,0,0,0,0,0
182,0,0,0,0,0,0,0,0,0,0,0,0,0,0,0,0,0,0,0,0,0,0
183,0,0,0,0,1,0,0,0,1,0,0,0,0,0,0,0,0,0,1,0,0,0
184,0,0,0,0,0,0,0,0,0,2,0,0,0,0,0,0,0,0,0,2,0,0
185,2,2,2,2,2,2,2,2,2,2,2,2,2,2,2,2,2,2,2,2,2,2
186,0,2,0,2,0,2,0,2,0,2,0,2,0,2,0,2,0,2,0,2,0,1
187,0,0,1,1,0,0,0,0,1,1,0,0,1,1,0,0,1,1,1,1,1,0
188,2,1,0,0,2,1,0,0,2,1,0,0,0,0,0,0,0,0,2,1,0,0
189,2,2,2,2,2,2,2,2,2,2,2,2,2,2,2,2,2,2,2,2,2,2
190,2,2,2,2,2,2,2,2,2,2,2,2,2,2,2,2,2,2,2,2,2,2
191,2,2,2,2,2,0,2,2,0,0,2,0,2,2,0,0,2,2,2,2,2,2
192,1,1,1,1,1,1,1,1,1,1,1,2,1,1,1,1,1,1,1,2,1,2
193,1,1,1,2,0,1,0,0,1,1,1,1,1,2,0,0,0,0,1,0,1,2
194,0,0,0,0,0,0,0,0,1,0,0,0,0,0,0,0,0,0,0,0,0,0
195,2,2,1,2,2,2,2,1,2,2,2,2,1,1,1,1,2,2,1,2,1,0
196,0,0,0,0,0,0,0,0,0,0,0,0,0,0,0,0,0,0,0,0,0,0
197,1,1,1,1,1,0,1,1,1,1,1,1,1,0,1,1,1,1,1,0,1,0
198,0,0,0,0,0,0,0,0,0,0,0,0,0,2,0,0,0,0,0,2,0,0
199,0,0,0,0,0,0,0,0,0,0,0,0,1,0,0,0,0,0,1,0,1,2
200,1,1,1,1,0,0,0,0,1,1,1,1,1,1,1,0,1,1,1,0,1,0
201,2,1,2,0,2,1,2,0,2,1,2,0,2,0,1,0,2,0,1,1,2,1
202,1,2,1,0,0,0,0,0,0,0,1,2,1,0,0,0,1,0,1,0,1,0
203,0,0,0,0,0,0,0,0,0,0,0,0,0,0,0,0,0,0,0,0,0,0
204,0,0,1,0,0,0,0,0,1,0,0,0,0,0,0,0,0,0,0,0,0,0
205,0,0,0,0,0,0,0,0,1,0,0,0,0,0,0,0,0,0,0,0,0,0
206,0,1,0,1,0,1,0,1,0,1,0,1,0,1,0,1,0,1,0,1,0,0
207,0,0,0,0,0,0,0,0,0,0,0,0,0,0,0,0,0,0,0,0,0,0
208,0,1,0,1,0,1,0,1,0,1,0,1,0,1,0,1,0,1,0,1,0,1
209,0,0,0,0,0,0,0,0,0,0,0,0,0,0,0,0,0,0,0,0,0,0
210,0,0,0,0,0,0,0,0,0,0,1,0,1,0,0,0,0,0,1,0,1,2
211,2,2,2,2,2,2,2,2,2,2,2,0,2,0,0,0,2,2,0,2,2,0
212,1,0,2,0,2,0,2,0,2,0,2,0,2,0,0,0,2,0,2,0,2,0
213,0,0,0,0,0,0,0,0,1,0,0,0,0,0,0,0,0,0,0,0,0,1
214,0,0,1,0,1,0,0,0,0,0,0,0,1,0,0,0,0,0,0,0,1,0
215,2,0,2,2,2,2,2,2,2,0,2,0,2,0,2,0,2,0,2,0,2,0
216,2,0,2,0,2,0,2,0,1,1,2,0,2,1,2,0,2,1,2,1,2,1
217,0,0,1,0,1,1,0,0,1,1,1,0,1,0,0,0,1,1,1,0,1,2
218,0,0,0,0,0,0,0,0,0,0,0,0,0,0,0,0,0,0,0,0,0,0
219,0,0,0,0,0,0,0,0,0,0,0,0,0,0,0,0,0,0,0,0,0,0
220,0,0,1,0,1,0,0,0,1,0,1,0,1,0,0,0,1,0,1,0,1,0
221,2,2,2,2,2,2,2,1,2,2,2,2,2,2,0,0,2,2,2,2,2,0
222,0,0,0,0,0,0,0,0,0,0,0,0,0,0,0,0,0,0,0,0,0,0
223,0,0,0,0,0,0,0,0,0,0,0,0,0,0,0,0,0,0,0,0,0,1
224,1,0,1,0,1,0,0,0,1,0,1,0,1,0,0,0,1,0,1,2,1,0
225,2,0,0,0,2,1,0,0,1,1,0,0,1,0,0,0,1,1,0,0,1,1
226,2,0,2,0,1,0,2,0,2,0,2,0,0,0,0,0,2,0,2,0,0,0
227,1,1,1,1,1,1,1,1,1,1,1,2,1,1,1,1,1,1,1,1,1,2
228,0,0,1,0,0,0,0,0,0,0,0,0,1,0,0,0,1,0,0,0,1,0
229,0,0,0,0,0,0,0,0,0,0,0,0,0,0,0,0,0,0,0,0,0,0
230,0,0,0,0,0,0,0,0,0,0,0,0,0,0,0,0,0,0,0,0,0,0
231,2,0,1,0,1,0,1,0,1,0,2,0,1,0,1,0,1,0,1,0,1,0
232,0,0,0,0,0,0,0,0,0,0,0,0,0,0,0,0,0,0,0,0,0,0
233,1,1,1,1,0,0,0,0,1,1,1,0,0,1,0,0,0,0,1,1,0,2
234,1,1,1,0,1,0,1,0,1,0,1,0,1,0,0,0,1,1,1,1,1,1
235,0,1,0,1,1,1,0,0,0,1,0,1,0,1,0,1,0,0,0,1,0,0
236,2,2,1,2,2,2,1,2,2,2,2,2,0,0,2,2,2,2,2,2,0,0
237,2,0,2,0,2,0,0,0,2,0,2,0,2,0,2,0,2,0,0,0,2,0
238,0,1,0,1,0,1,0,0,0,1,0,0,0,0,0,0,0,0,0,0,0,0
239,0,0,1,1,1,1,0,0,1,1,0,0,1,1,1,1,1,1,1,1,1,1
240,0,0,0,0,0,0,0,0,0,0,0,0,0,0,0,0,0,0,0,0,0,0
241,0,2,0,1,0,1,0,1,0,1,0,0,0,0,0,0,0,0,1,0,0,2
242,0,1,1,1,1,1,0,0,1,1,1,0,1,1,0,0,1,1,1,1,1,2
243,1,0,1,0,0,0,0,0,0,0,0,0,1,0,0,0,0,0,0,0,1,0
244,0,0,0,1,0,0,0,0,0,0,0,0,0,0,0,0,0,0,0,0,0,0
245,0,0,0,0,0,0,0,0,0,1,0,1,0,1,0,0,0,1,0,1,0,0
246,2,2,2,2,2,2,2,2,2,2,2,2,2,2,2,2,2,2,2,2,2,1
247,2,2,2,2,2,2,2,2,2,2,2,2,2,2,2,2,2,2,2,2,2,0
248,0,1,0,0,0,0,0,0,0,0,0,0,0,1,0,0,0,0,0,0,0,0
249,2,2,2,2,2,2,2,2,2,2,2,2,2,2,2,2,2,2,2,2,2,0
250,0,0,0,0,0,0,0,0,0,0,0,0,0,0,0,0,0,0,0,0,0,0
251,0,0,1,0,0,0,0,0,0,0,0,0,1,0,0,0,0,0,0,2,1,0
252,0,0,0,0,0,0,0,0,0,0,0,0,0,0,0,0,0,0,0,0,0,0
253,2,2,2,2,2,2,0,0,2,2,0,0,0,0,0,0,0,0,0,0,0,1
254,2,2,2,0,2,2,2,2,2,2,2,2,2,2,2,2,2,0,2,2,2,0
255,2,2,2,2,2,2,2,2,2,2,2,2,2,2,2,2,2,2,2,2,2,0
256,0,0,0,0,0,0,0,0,0,0,0,0,0,0,0,0,0,0,0,0,0,0
257,2,2,2,2,2,2,2,2,2,2,2,0,2,2,0,0,2,2,2,2,2,2
258,2,1,2,2,0,0,0,0,0,0,2,0,1,0,0,0,2,0,2,0,1,0
259,2,2,2,2,2,2,2,2,2,2,2,2,2,2,2,2,2,2,2,2,2,2
260,2,2,2,2,2,2,2,2,2,2,2,2,2,2,2,2,2,2,2,2,2,2
261,0,0,0,0,0,0,0,0,0,0,0,0,0,0,0,0,0,0,0,0,0,0
262,1,0,1,0,1,0,1,0,1,0,1,0,1,0,1,0,1,0,1,0,1,0
263,0,0,0,0,0,0,0,0,0,0,0,0,0,0,0,0,0,0,0,0,0,2
264,0,0,0,0,0,0,0,0,0,0,0,0,0,0,0,0,0,0,0,0,0,0
265,0,0,0,0,0,0,0,0,0,0,0,0,0,0,0,0,0,0,0,0,0,2
266,1,1,1,1,1,1,1,0,1,2,1,0,1,0,0,0,1,0,1,1,1,0
267,0,0,0,0,0,0,0,0,0,0,0,0,0,0,0,0,0,0,0,0,0,0
268,0,0,1,1,1,1,0,0,1,1,0,0,1,1,0,0,0,0,1,1,1,0
269,0,0,0,0,0,0,0,0,0,0,0,0,0,0,0,0,0,0,0,0,0,0
270,0,1,1,1,0,0,0,0,1,1,0,0,1,1,0,0,0,0,1,1,1,0
271,1,1,0,0,0,1,0,0,0,1,0,0,1,0,0,0,0,0,2,2,1,2
272,2,2,2,2,2,2,2,2,2,2,2,2,2,2,1,2,2,2,2,2,2,2
273,0,0,0,1,0,1,0,0,0,1,0,1,0,1,0,0,0,1,0,1,0,1
274,2,0,2,0,2,0,1,0,2,0,2,0,2,0,0,0,1,0,1,0,2,1
275,0,0,0,0,0,0,0,0,0,0,0,0,0,0,0,0,0,0,0,0,0,0
276,0,0,0,0,0,0,0,0,0,0,0,0,0,0,0,0,0,0,0,0,0,0
277,0,0,0,0,0,0,0,0,0,0,0,0,0,1,0,0,0,1,0,0,0,1
278,0,1,0,1,1,1,0,1,0,1,1,1,0,0,0,1,0,1,0,1,0,0
279,2,2,2,2,2,2,2,2,2,2,2,2,2,2,2,2,2,2,2,2,2,2
280,0,0,0,0,0,0,0,0,0,0,0,0,0,0,0,0,0,0,0,0,0,0
281,0,0,0,0,0,0,0,0,0,0,0,0,0,0,0,0,0,0,0,0,0,0
282,0,0,0,0,0,0,0,0,0,1,0,0,0,2,0,0,0,1,0,2,0,0
283,0,0,1,0,0,0,0,0,0,0,0,0,1,0,1,0,1,0,1,0,1,1
284,0,2,0,2,0,2,0,2,0,2,0,2,0,2,0,2,0,2,0,2,0,2
285,1,0,1,0,1,0,0,0,1,0,0,0,0,0,0,0,0,0,1,0,0,0
286,1,0,1,0,1,0,0,0,1,1,0,0,0,0,0,0,0,0,0,0,0,0
287,0,0,0,0,0,0,0,0,0,0,0,0,0,0,0,0,0,0,0,0,0,0
288,0,0,0,0,0,0,0,0,0,0,0,0,0,0,0,0,0,0,0,0,0,0
289,2,2,2,0,2,0,2,0,2,0,2,0,2,0,2,0,0,0,2,0,2,0
290,0,0,0,0,0,0,0,0,0,0,0,0,0,0,0,0,0,0,0,0,0,1
291,1,0,0,0,0,0,0,0,1,1,1,0,1,0,0,0,1,0,1,1,1,0
292,0,0,0,0,0,0,0,0,0,0,0,0,0,0,0,0,0,0,0,0,0,0
293,1,1,1,1,1,1,1,1,1,1,1,0,1,1,1,1,1,1,1,1,1,0
294,2,2,2,2,2,2,2,2,2,2,2,2,2,2,2,2,2,2,1,2,2,1
295,0,0,0,0,0,0,0,0,0,0,0,0,0,0,0,0,0,0,0,0,0,0
296,1,1,1,0,1,0,0,0,1,0,1,0,0,0,1,1,2,0,1,1,0,0
297,2,0,2,0,0,0,2,0,0,0,0,0,0,0,0,0,0,0,0,0,0,1
298,0,0,0,0,0,0,0,0,0,0,0,0,0,0,0,0,0,0,0,0,0,0
299,0,0,0,0,0,0,0,0,0,0,0,0,0,0,0,0,0,0,0,0,0,0
300,1,1,1,1,1,1,1,0,1,1,1,0,1,0,0,0,1,1,1,1,1,0
301,0,0,0,0,0,0,0,0,0,0,0,0,0,0,0,0,1,0,0,0,0,0
302,0,0,0,0,0,0,0,0,0,0,0,0,0,0,0,0,0,0,0,0,0,0
303,1,2,1,2,1,2,1,2,1,2,1,2,1,2,0,2,1,2,1,2,1,0
304,0,0,0,0,0,0,0,0,0,0,0,0,0,0,0,0,0,0,0,0,0,0
305,1,1,1,1,1,1,0,1,1,1,0,1,0,1,1,1,1,1,1,1,0,2
306,1,0,1,0,1,0,1,0,1,0,1,0,1,0,1,0,1,0,1,0,1,2
307,2,0,2,0,2,0,2,0,2,0,2,0,2,0,0,0,2,0,2,0,2,0
308,1,1,1,1,1,1,2,2,1,1,1,1,1,1,1,1,2,2,2,2,1,2
309,0,0,1,1,1,0,1,0,1,1,1,0,1,1,0,0,1,1,1,1,1,0
310,0,0,0,0,0,0,0,0,0,0,0,0,0,0,0,0,0,0,0,0,0,0
311,2,0,1,0,2,0,2,0,2,0,2,0,2,0,2,0,2,0,2,0,2,0
312,1,0,1,1,1,1,1,0,1,1,1,1,1,2,0,0,1,0,1,2,1,2
313,0,1,1,0,1,0,1,1,2,0,0,0,0,0,0,0,2,2,1,0,0,0
314,0,0,0,0,0,0,0,0,0,0,0,0,0,0,0,0,0,0,0,0,0,0
315,0,0,0,0,0,0,0,0,0,0,0,0,0,0,0,0,0,0,0,0,0,0
316,1,2,2,2,1,1,0,0,1,1,1,1,1,1,1,1,1,1,1,1,1,1
317,1,1,1,1,1,1,1,1,1,1,1,1,1,1,1,1,1,1,1,1,1,0
318,0,0,0,0,0,0,0,0,0,0,0,0,0,0,0,0,0,0,0,0,0,0
319,0,0,1,0,0,0,0,0,0,0,0,0,1,1,0,0,1,1,1,1,1,0
320,0,0,0,0,0,0,0,0,0,0,0,0,0,0,0,0,0,0,0,0,0,0
321,0,0,0,0,0,0,0,0,0,0,0,0,0,0,0,0,0,0,0,0,0,0
322,0,0,0,0,0,0,0,0,0,0,0,0,0,0,0,0,0,0,0,0,0,0
323,0,0,0,0,0,0,0,0,0,0,0,0,0,0,0,0,0,0,0,0,0,0
324,1,1,1,1,1,1,1,1,1,1,1,1,1,1,1,1,1,1,1,1,1,2
325,2,0,1,0,2,0,2,0,2,0,2,0,1,0,1,0,2,0,1,0,1,0
326,1,1,1,1,1,1,0,0,1,1,1,1,1,1,1,1,1,1,1,1,1,2
327,0,0,0,0,0,0,0,0,0,0,0,0,0,0,0,0,0,0,0,0,0,1
328,0,0,1,0,0,0,0,0,0,0,0,0,0,0,0,0,0,0,0,0,0,0
329,0,1,0,1,0,1,0,1,1,1,0,0,0,0,0,0,0,0,1,2,0,0
330,0,0,0,0,0,0,0,0,0,0,0,0,0,0,0,0,0,0,0,0,0,0
331,1,0,1,0,1,0,0,0,0,0,0,0,0,0,0,0,0,0,0,0,0,0
332,0,0,0,0,0,0,0,0,0,0,0,0,0,0,0,0,0,0,0,0,0,0
333,0,0,0,0,0,0,0,0,0,0,0,0,0,0,0,0,0,0,0,0,0,1
334,0,0,0,0,2,0,0,0,0,0,0,0,0,0,0,0,0,0,0,0,0,0
335,0,0,0,0,0,0,0,0,0,0,0,0,0,0,0,0,0,0,0,0,0,0
336,0,0,0,0,0,0,0,0,0,1,0,0,0,0,0,0,0,0,0,2,0,0
337,0,0,0,0,0,0,0,0,0,0,0,0,0,0,0,0,0,0,0,0,0,2
338,0,0,0,0,0,0,0,0,0,0,0,0,0,0,0,0,0,0,0,0,0,0
339,1,1,2,1,2,1,2,0,1,1,1,0,1,0,0,0,1,0,1,0,1,2
340,1,1,1,1,1,1,0,1,1,1,1,1,1,1,1,1,1,1,1,1,1,1
341,1,0,1,0,0,0,0,0,1,1,1,0,1,1,1,0,1,1,1,1,1,0
342,2,2,2,0,2,0,0,0,0,0,0,0,0,0,0,0,0,0,2,2,0,0
343,2,2,2,2,2,2,2,2,2,2,2,2,1,2,1,0,2,2,1,2,1,1
344,2,2,2,0,1,1,2,0,1,2,1,0,2,2,0,0,1,2,1,2,2,2
345,0,0,0,0,0,0,0,0,1,0,0,0,0,0,0,0,0,0,1,0,0,2
346,2,1,1,1,2,1,1,0,1,1,1,0,1,0,1,0,2,0,2,0,1,1
347,2,1,1,1,1,1,2,2,1,1,2,2,2,1,2,1,2,2,2,1,2,0
348,1,1,0,1,0,0,0,0,1,1,0,1,1,1,0,1,0,0,0,1,1,2
349,2,2,2,2,2,2,2,2,2,2,2,2,2,2,2,2,2,2,2,2,2,0
350,0,0,0,0,0,0,0,0,0,0,0,0,0,0,0,0,0,0,0,0,0,0
351,0,0,1,0,0,0,0,0,0,1,0,0,0,0,0,0,0,0,0,0,0,0
352,0,0,0,0,0,0,0,0,0,0,0,0,0,0,0,0,0,0,0,0,0,0
353,2,2,2,2,2,2,2,2,2,2,2,2,2,2,2,2,2,2,2,2,2,0
354,2,2,2,2,2,2,2,2,2,2,2,2,2,2,2,0,2,2,2,2,2,0
355,1,1,1,1,1,1,1,1,1,1,0,2,0,1,0,1,2,2,2,2,0,2
356,0,0,0,0,0,0,0,0,0,1,0,0,0,0,0,0,0,0,0,0,0,1
357,0,0,0,0,0,0,0,0,1,1,1,1,1,1,1,1,1,1,0,0,1,2
358,0,1,0,1,0,0,0,0,0,1,0,1,1,1,0,0,0,1,0,1,1,1
359,0,0,0,0,0,0,0,0,0,0,0,0,0,0,0,0,0,0,0,0,0,0
360,1,1,1,1,1,2,1,1,1,1,1,1,1,2,1,1,2,2,1,1,1,2
361,1,1,1,1,1,1,1,1,1,1,1,1,1,1,1,1,1,1,1,1,1,1
362,1,0,1,0,1,0,1,0,2,0,1,0,2,2,1,0,2,0,1,2,2,2
363,0,0,0,0,0,0,0,0,0,0,0,0,0,0,0,0,0,0,0,0,0,0
364,0,0,0,0,0,0,0,0,1,1,0,0,1,0,0,0,0,0,0,0,1,0
365,2,0,2,0,2,0,2,0,2,0,2,0,2,0,2,0,2,0,2,0,2,0
366,1,0,1,0,1,0,1,0,1,0,1,0,1,0,1,0,1,0,1,0,1,1
367,0,0,0,0,0,0,0,0,0,0,0,1,0,0,0,0,0,0,0,1,0,0
368,0,0,0,0,0,0,0,0,0,0,0,0,0,0,0,0,0,0,0,0,0,0
369,1,2,1,1,1,2,1,1,1,2,1,2,1,1,1,2,1,2,1,2,1,1
370,2,0,2,0,1,0,0,0,2,0,1,0,1,0,0,0,1,0,2,0,1,0
371,0,0,0,0,0,0,0,0,0,0,0,0,0,0,0,0,0,0,0,0,0,0
372,0,1,0,1,0,1,0,1,0,1,0,1,0,1,0,0,0,1,0,1,0,0
373,0,0,0,0,0,0,0,0,0,0,0,0,0,0,0,0,0,0,0,1,0,0
374,0,2,0,2,0,0,0,0,0,2,0,0,0,0,0,0,0,0,0,2,0,0
375,0,0,0,0,1,0,0,0,0,0,0,0,0,0,0,0,0,0,0,0,0,0
376,1,1,1,1,1,1,0,0,1,0,0,0,0,0,0,0,0,0,0,0,0,0
377,0,0,0,0,0,0,0,0,0,1,0,0,0,0,0,0,0,0,0,0,0,0
378,0,1,0,1,0,1,0,1,0,1,0,0,0,0,0,1,0,0,0,1,0,0
379,0,0,0,0,0,0,0,0,0,0,0,0,0,0,0,0,0,0,0,0,0,0
380,2,0,2,0,2,0,2,0,2,1,2,0,0,0,2,0,0,0,1,0,0,1
381,0,0,0,0,0,0,0,0,0,0,0,0,0,0,0,0,0,0,0,0,0,0
382,0,1,0,1,0,1,0,1,0,1,0,1,0,1,0,2,0,1,0,1,0,0
383,0,0,0,0,0,0,0,0,0,0,0,0,0,0,0,0,0,0,0,0,0,0
384,0,2,0,2,0,2,0,2,1,2,1,2,1,2,0,2,0,2,0,2,1,2
385,2,0,0,0,1,0,0,0,2,0,0,0,0,0,0,0,0,0,2,2,0,0
386,0,0,0,0,0,0,0,0,0,0,0,0,0,0,0,0,0,0,0,0,0,0
387,0,0,0,0,0,1,0,0,0,0,0,0,0,0,0,0,0,0,0,0,0,0
388,0,0,0,1,0,1,0,0,0,1,0,0,0,0,0,1,0,0,0,1,0,1
389,0,0,0,0,0,0,0,0,0,1,0,0,2,0,0,0,0,0,1,1,2,0
390,0,0,1,0,1,0,1,0,1,0,1,0,1,0,0,0,1,0,1,0,1,2
391,1,0,0,2,0,0,0,2,0,2,0,0,0,0,0,0,0,0,0,2,0,0
392,0,0,0,0,0,0,0,0,0,0,0,0,0,0,0,0,0,0,0,0,0,0
393,0,0,0,0,0,0,0,0,0,0,0,0,0,0,0,0,0,0,1,0,0,0
394,0,0,0,0,0,0,0,0,0,0,0,0,0,0,0,0,0,0,0,0,0,0
395,1,0,1,0,0,0,0,0,1,0,1,0,1,0,0,0,1,0,1,0,1,2
396,0,0,0,0,0,0,0,0,0,0,0,0,0,0,0,0,0,0,0,0,0,0
397,1,1,1,1,1,1,1,1,1,1,1,1,1,1,1,1,1,1,1,1,1,0
398,0,0,0,0,0,0,0,0,0,0,0,0,0,0,0,0,0,0,0,0,0,1
399,0,0,0,0,0,0,0,0,0,0,0,0,0,0,0,0,0,0,0,0,0,0
400,1,1,1,0,1,1,0,0,1,1,0,0,0,0,0,0,0,0,0,0,0,0
401,1,0,1,0,1,0,1,1,1,0,2,0,1,0,1,0,1,0,2,0,1,2
402,2,2,2,2,2,2,2,2,2,2,2,2,2,2,2,2,2,2,2,2,2,0
403,2,2,2,2,2,2,2,1,2,2,2,2,1,0,0,0,2,2,1,2,1,1
404,0,0,0,0,0,0,0,0,0,0,0,0,0,0,0,0,0,0,0,0,0,0
405,0,0,0,0,0,0,0,0,0,0,0,0,0,0,0,0,0,0,0,0,0,0
406,0,1,0,1,0,1,0,1,2,1,0,0,0,0,0,0,0,0,0,1,0,0
407,0,0,0,0,0,0,0,0,0,0,0,0,0,0,0,0,0,0,0,0,0,0
408,2,2,2,2,2,2,2,2,2,2,2,2,2,2,2,2,2,2,2,2,2,0
409,0,0,0,0,0,0,0,0,0,0,0,0,0,0,0,0,0,0,0,0,0,1
410,0,0,2,0,2,0,0,0,2,0,0,0,2,0,0,0,0,0,0,0,2,0
411,1,1,1,1,0,0,0,0,0,0,0,0,1,1,0,0,0,0,0,0,1,0
412,1,0,1,0,0,0,0,0,1,0,0,0,1,0,0,0,1,0,0,0,1,1
413,0,0,0,0,0,0,0,0,1,1,0,0,0,0,0,0,1,0,0,1,0,0
414,0,2,0,0,0,0,0,0,0,0,0,0,0,2,0,0,0,0,0,0,0,0
415,1,0,0,0,1,1,1,0,1,1,0,0,0,0,0,0,1,0,0,0,0,0
416,0,2,0,2,0,2,0,2,0,2,2,2,1,1,0,2,1,2,0,2,1,2
417,0,1,0,1,0,1,1,1,1,1,0,2,0,0,0,0,0,2,1,1,0,0
418,2,2,2,2,2,2,2,2,2,2,2,2,2,2,2,2,2,2,2,2,2,2
419,0,0,1,0,0,0,0,0,1,1,0,0,1,0,0,0,0,0,0,0,1,0
420,1,1,1,1,1,1,1,1,1,1,1,1,1,1,1,1,1,1,1,1,1,0
421,0,0,0,0,0,0,0,0,0,0,0,0,0,0,0,0,0,0,0,0,0,0
422,0,2,0,0,0,2,0,2,0,2,0,2,0,0,0,0,0,0,0,2,0,0
423,1,0,1,0,1,0,0,0,1,0,1,0,1,0,0,0,1,0,1,0,1,0
424,1,0,1,0,1,0,1,0,1,0,1,0,1,0,1,0,2,0,1,0,1,0
425,0,0,0,1,0,0,0,0,0,0,0,0,0,1,0,0,0,0,0,0,0,1
426,1,0,1,0,1,0,1,0,2,1,2,0,1,0,1,0,2,0,2,0,1,0
427,1,1,1,1,1,1,1,1,1,1,1,1,1,2,0,2,1,0,1,1,1,2
428,0,0,0,0,0,0,0,0,0,0,0,0,1,0,0,0,0,0,0,0,1,0
429,0,0,0,0,0,0,0,0,0,0,0,0,0,0,0,0,0,0,0,0,0,1
430,0,0,1,0,0,0,0,0,0,0,1,0,1,0,0,0,1,0,0,0,1,0
431,0,2,0,2,0,2,0,2,0,2,2,2,0,0,0,0,0,2,2,2,0,0
432,2,0,2,0,2,0,2,0,2,1,2,0,0,0,0,0,0,0,2,0,0,1
433,2,2,2,2,2,2,2,2,2,2,2,2,2,2,2,2,2,2,2,2,2,0
434,2,1,2,1,1,1,1,1,2,2,2,2,2,2,0,2,2,2,2,2,2,2
435,0,1,0,1,1,1,0,0,0,1,0,1,1,1,0,0,0,1,0,1,1,1
436,0,0,0,0,0,0,0,0,0,0,0,0,0,0,0,0,0,0,0,0,0,0
437,0,0,0,0,0,0,0,0,0,0,0,0,0,0,0,0,0,0,0,0,0,0
438,0,0,0,0,0,0,0,0,0,0,0,0,0,0,0,0,0,0,0,0,0,2
439,0,0,0,0,0,0,0,0,0,0,0,0,0,1,0,0,0,0,0,0,0,0
440,1,0,1,0,1,0,1,0,1,0,1,1,1,0,0,1,1,0,1,0,1,1
441,1,1,1,1,0,1,0,0,1,1,2,1,0,1,0,0,2,1,2,1,0,0
442,0,0,1,0,0,0,0,0,0,0,0,0,0,0,0,0,0,0,0,0,0,0
443,2,2,2,2,2,2,2,2,2,2,0,0,0,0,0,0,0,0,2,2,0,0
444,1,0,1,0,1,0,0,0,1,1,0,0,0,0,0,0,0,0,1,0,0,0
445,2,0,1,1,2,0,1,0,1,0,2,0,1,0,1,0,2,0,1,0,1,0
446,1,0,1,0,1,0,0,0,1,1,1,0,1,0,1,0,0,0,1,0,1,0
447,2,2,1,1,2,2,2,1,2,2,2,2,1,2,2,2,2,2,1,1,1,2
448,0,1,0,0,0,0,0,0,1,1,0,0,0,0,0,0,0,0,1,1,0,0
449,1,2,1,2,1,2,1,1,1,2,1,2,1,2,1,1,2,2,1,2,1,2
450,1,0,1,0,1,0,0,0,1,1,1,0,1,0,0,0,1,0,1,1,1,0
451,0,0,0,0,0,0,0,0,0,0,0,0,0,0,0,0,0,0,0,0,0,0
452,1,2,1,1,1,0,1,1,1,1,1,1,1,1,1,0,1,0,1,2,1,2
453,0,0,0,0,0,0,0,0,0,0,0,0,0,0,0,0,0,0,0,0,0,0
454,0,0,0,1,0,1,0,1,0,1,0,0,0,0,0,0,0,0,0,0,0,0
455,0,0,0,0,0,0,0,0,0,0,0,0,0,0,0,0,0,0,0,0,0,0
456,0,0,0,0,0,0,0,0,0,0,0,0,0,0,0,0,0,0,0,0,0,0
457,0,0,0,0,0,0,0,0,0,0,0,0,0,0,0,0,0,0,0,0,0,0
458,1,0,1,1,0,0,0,1,1,1,1,1,1,1,1,1,1,1,1,1,1,2
459,1,0,1,0,1,0,0,0,1,1,1,0,1,0,1,0,1,0,1,0,1,0
460,0,0,0,0,0,0,0,0,0,0,0,0,0,0,0,0,0,0,0,0,0,0
461,0,0,0,0,0,0,0,0,0,0,0,0,0,0,0,0,0,0,0,0,0,0
462,1,0,0,0,1,0,1,0,0,1,1,0,0,0,0,0,1,0,1,1,0,0
463,0,0,0,0,0,0,0,0,0,0,0,0,0,0,0,0,0,0,0,0,0,2
464,1,0,1,1,1,1,1,0,2,1,2,1,0,1,0,0,0,1,2,1,0,0
465,2,2,1,1,2,2,1,1,2,2,2,2,1,1,0,0,1,2,1,1,1,0
466,0,0,1,1,0,0,0,0,1,0,1,0,1,0,0,0,0,0,0,0,1,0
467,0,0,0,0,0,0,0,0,0,0,0,0,0,0,0,0,0,0,0,0,0,0
468,2,2,2,1,2,1,2,0,1,1,2,2,2,1,0,0,2,1,1,1,2,1
469,2,2,2,2,2,2,1,2,1,2,0,2,1,2,2,2,2,2,1,2,1,1
470,2,2,2,2,2,2,2,2,2,2,2,2,2,2,2,2,2,2,2,2,2,0
471,2,2,0,0,0,0,0,0,2,2,0,2,0,0,2,0,2,2,2,1,0,1
472,1,0,1,0,1,0,1,0,1,0,1,0,1,0,1,0,1,0,1,0,1,0
473,0,2,0,1,0,2,0,0,1,2,0,0,0,0,0,0,0,0,0,1,0,0
474,2,1,2,1,2,1,2,1,2,2,1,1,1,2,0,1,1,1,1,1,1,1
475,2,0,2,0,2,0,2,0,2,0,2,0,2,0,2,0,2,0,2,0,2,0
476,0,0,0,0,0,0,0,0,0,0,0,0,0,0,0,0,0,0,0,0,0,2
477,1,2,1,0,1,0,1,0,1,1,0,0,1,2,1,0,2,0,1,0,1,0
478,0,0,0,0,0,0,0,0,0,0,0,0,0,0,0,0,0,0,0,0,0,0
479,0,0,0,0,0,0,0,0,0,0,0,0,0,0,0,0,0,0,0,0,0,0
480,0,0,0,0,0,0,0,0,0,1,0,0,0,0,0,0,0,0,0,2,0,0
481,2,2,2,2,2,2,2,2,2,2,2,2,2,2,2,2,2,2,2,2,2,2
482,0,0,0,1,0,0,0,0,0,0,0,0,0,1,0,1,0,0,0,1,0,0
483,2,2,1,2,1,2,2,2,1,1,2,2,0,1,0,1,2,2,2,2,0,0
484,0,0,0,0,0,0,0,0,0,0,0,0,0,0,0,0,0,0,0,0,0,0
485,2,0,2,0,2,0,2,0,2,0,0,0,2,0,2,0,2,0,2,0,2,2
486,2,2,2,2,2,2,2,2,2,2,2,2,2,2,2,2,2,2,2,2,2,2
487,0,0,0,0,0,0,0,0,0,0,0,0,0,0,0,0,0,0,0,0,0,0
488,0,0,0,0,0,0,0,0,0,0,0,0,0,0,0,0,0,0,0,0,0,0
489,0,1,0,1,0,0,0,0,0,1,0,0,0,0,0,0,0,0,0,1,0,0
490,0,0,0,0,0,0,0,0,0,0,0,0,0,0,0,0,0,0,0,0,0,1
491,0,0,0,0,0,0,0,0,0,0,0,0,0,0,0,0,0,0,0,0,0,1
492,2,2,2,2,2,2,2,2,2,2,2,2,2,2,2,2,2,2,2,2,2,2
493,1,1,1,1,1,1,1,1,1,1,1,1,1,1,1,1,1,2,1,1,1,2
494,1,2,1,1,2,2,0,1,1,1,0,2,1,1,0,2,1,2,1,2,1,2
495,0,0,0,0,0,0,0,0,0,0,0,0,0,0,0,0,0,0,0,0,0,0
496,2,0,2,1,0,0,0,0,0,0,0,0,0,1,0,0,0,0,2,1,0,1
497,1,0,1,0,1,0,1,0,1,1,1,0,1,0,1,0,1,0,1,1,1,0
498,0,0,0,0,0,0,0,0,1,1,1,0,1,0,1,0,1,0,1,1,1,0
499,0,0,0,0,0,0,0,0,0,0,0,0,0,0,0,0,0,0,0,0,0,0
500,0,0,1,0,1,0,0,0,1,1,0,0,1,0,1,0,1,0,1,1,1,1
501,0,0,1,0,0,0,0,0,0,0,0,0,0,0,0,0,0,0,0,0,0,0
502,1,1,1,1,1,1,1,1,1,1,2,1,1,1,1,1,1,1,1,1,1,2
503,0,0,0,0,0,0,0,0,0,0,0,0,0,0,0,0,0,0,0,0,0,1
504,0,2,0,0,0,0,0,0,1,1,0,0,0,0,0,0,0,2,1,2,0,2
505,1,1,1,1,1,1,1,1,1,1,1,1,1,1,1,1,1,1,1,1,1,0
506,0,0,1,0,0,0,0,0,1,0,0,0,0,0,0,0,0,0,0,0,0,0
507,1,2,1,0,0,2,0,0,1,0,1,0,1,2,1,2,1,2,1,0,1,0
508,1,0,1,0,1,0,0,0,0,0,1,0,1,0,0,0,1,0,0,0,1,0
509,1,0,0,0,0,0,0,0,1,0,0,0,1,0,0,0,0,0,1,0,1,0
510,0,0,0,0,0,0,0,0,0,0,0,0,0,0,0,0,0,0,0,0,0,0
511,0,0,0,1,0,0,0,0,1,1,0,1,0,0,0,0,1,1,1,0,0,0
512,0,0,1,0,0,0,0,0,1,0,0,0,0,2,0,0,0,0,1,2,0,0
513,1,2,0,2,0,2,1,2,1,2,0,2,0,2,0,2,1,2,1,2,0,0
514,0,2,0,1,0,2,0,0,1,2,1,2,0,2,0,0,0,2,0,2,0,0
515,2,1,1,1,2,1,1,1,2,1,2,2,1,1,0,2,2,2,1,2,1,2
516,2,2,2,2,2,2,1,2,2,2,2,2,2,2,2,2,2,2,2,2,2,1
517,0,0,0,0,0,0,0,0,0,0,0,0,0,0,0,0,0,0,0,0,0,0
518,2,1,1,1,1,1,1,1,1,1,1,1,1,1,1,1,2,1,1,1,1,2
519,2,2,2,2,2,2,2,2,2,2,2,0,2,0,2,2,2,2,2,2,2,2
520,0,0,0,0,0,0,0,0,0,0,0,0,0,0,0,0,0,0,0,0,0,0
521,2,1,0,1,0,1,0,1,0,1,0,0,0,1,0,0,0,0,0,1,0,2
522,0,2,0,1,0,0,0,0,0,1,1,2,1,1,0,2,1,2,2,2,1,1
523,1,1,1,1,2,1,1,1,1,1,0,1,1,1,1,1,1,1,2,1,1,0
524,2,0,2,0,2,0,2,0,2,0,2,0,2,0,2,0,2,0,2,0,2,0
525,0,2,0,0,0,0,0,0,0,0,0,0,0,0,0,0,0,0,0,0,0,0
526,2,2,2,2,2,2,2,2,2,0,2,0,0,2,0,0,2,2,2,2,0,0
527,0,0,0,0,0,0,0,0,0,0,0,0,0,0,0,0,0,0,0,0,0,0
528,1,0,0,0,1,0,0,0,1,1,1,0,1,0,0,0,0,0,1,0,1,0
529,1,1,1,1,1,1,0,0,1,1,1,1,1,1,0,0,1,1,0,0,1,0
530,2,2,2,2,2,2,2,2,1,2,2,2,2,2,0,2,2,2,2,2,2,2
531,0,2,0,2,0,2,0,2,0,2,0,2,0,2,0,0,0,2,0,2,0,2
532,0,0,0,0,0,0,0,0,0,0,0,0,0,0,0,0,0,0,0,0,0,0
533,2,2,2,2,2,2,2,2,2,2,0,0,2,2,2,0,2,0,2,2,2,2
534,1,1,1,1,1,1,1,1,1,1,1,1,1,1,1,1,1,1,1,1,1,0
535,1,1,1,1,1,1,0,0,1,1,1,1,1,1,1,1,1,1,1,1,1,2
536,0,0,0,0,0,0,0,0,0,0,0,0,0,0,0,0,0,0,0,0,0,0
537,0,0,0,0,0,0,0,0,0,1,0,0,0,0,0,0,0,0,0,0,0,0
538,0,0,0,0,0,1,0,0,0,1,0,0,0,1,0,0,0,0,0,1,0,0
539,0,0,0,0,0,0,0,0,0,0,0,0,0,0,0,0,0,0,0,0,0,2
540,0,2,0,2,0,2,0,2,0,2,0,2,0,2,0,2,0,2,2,2,0,2
541,0,0,0,0,0,0,0,0,0,0,0,0,0,0,0,0,0,0,0,1,0,0
542,0,0,0,0,0,0,0,0,0,0,0,0,0,0,0,0,0,0,0,0,0,2
543,1,0,1,0,0,0,0,0,1,0,1,0,1,0,1,0,1,0,1,0,1,0
544,0,0,0,0,0,0,0,0,0,0,0,0,0,0,0,0,0,0,0,0,0,0
545,0,0,0,0,0,0,0,0,0,0,0,0,0,0,0,0,0,0,0,0,0,0
546,0,2,0,2,0,0,0,0,1,1,0,2,0,0,0,2,1,2,1,2,0,1
547,0,0,0,0,0,0,0,0,0,0,0,0,0,0,0,0,0,0,0,0,0,0
548,1,0,1,0,1,0,0,0,1,0,2,0,1,0,1,0,1,0,1,0,1,0
549,0,1,0,1,0,1,0,0,0,1,0,0,0,1,0,0,0,0,0,1,0,0
550,0,2,2,2,2,2,0,2,0,1,0,2,2,2,2,2,2,2,1,1,2,0
551,0,0,0,0,0,0,0,0,0,0,0,0,0,0,0,0,0,0,0,0,0,0
552,1,1,1,1,1,1,0,0,1,1,1,1,1,1,1,1,1,1,1,1,1,1
553,2,2,2,2,2,2,2,2,2,2,0,0,0,0,0,0,0,0,0,0,0,1
554,0,0,0,0,0,0,0,0,0,0,0,0,0,0,0,0,0,0,0,0,0,0
555,1,0,1,0,0,0,0,0,1,1,1,0,0,0,0,0,1,0,1,0,0,0
556,0,2,0,0,0,0,0,0,0,0,0,0,0,0,0,0,0,0,0,0,0,0
557,1,2,1,2,1,2,1,2,1,2,0,2,1,2,0,2,0,2,1,2,1,1
558,0,0,0,0,0,0,0,0,0,0,0,0,0,0,0,0,0,0,0,0,0,1
559,2,2,1,0,1,0,0,0,2,2,2,2,1,0,0,0,2,2,2,2,1,0
560,0,0,0,0,0,0,0,0,0,0,0,0,0,0,0,0,0,0,0,0,0,0
561,0,0,0,0,0,0,0,0,0,1,0,0,0,0,0,0,0,0,0,0,0,0
562,0,0,0,0,0,0,0,0,0,2,0,0,0,0,0,0,0,0,0,2,0,0
563,1,0,2,0,2,0,1,0,2,0,0,0,1,0,1,0,1,0,1,0,1,0
564,0,0,0,0,0,0,0,0,0,0,0,0,0,0,0,0,0,0,0,0,0,0
565,0,0,0,1,0,1,0,0,0,1,0,0,0,0,0,0,0,1,0,1,0,0
566,0,0,0,0,0,0,0,0,0,0,0,0,0,0,0,0,0,0,0,0,0,0
567,0,0,0,0,0,0,0,0,1,0,1,0,0,0,0,0,0,0,0,0,0,0
568,0,0,0,0,0,0,0,0,0,0,0,0,0,0,0,0,0,0,0,0,0,0
569,0,0,0,0,0,0,0,0,0,0,0,0,0,0,0,0,0,0,0,0,0,0
570,0,0,0,0,0,0,0,0,0,0,0,0,0,0,0,0,0,0,0,2,0,1
571,0,0,0,1,0,0,0,0,0,1,0,1,0,0,0,0,1,1,0,1,0,0
572,0,1,0,1,0,1,0,1,0,1,0,1,0,1,0,1,0,1,0,1,0,2
573,0,2,0,1,0,2,0,1,0,2,0,2,0,1,0,2,0,2,0,1,0,0
574,0,0,0,0,0,0,0,0,0,0,0,0,0,0,0,0,0,0,0,0,0,0
575,0,1,0,1,1,1,0,1,2,1,2,1,2,1,1,1,2,1,2,1,2,0
576,1,1,1,1,1,1,1,0,1,0,1,0,1,0,0,0,0,0,1,0,1,2
577,2,2,2,2,2,2,2,1,2,2,2,2,2,2,2,2,2,2,2,2,2,2
578,1,1,1,1,1,1,0,1,1,1,1,1,0,1,1,1,1,1,1,1,0,1
579,0,0,0,0,0,0,0,0,0,0,0,0,0,0,0,0,0,0,0,0,0,0
580,0,0,0,0,0,0,0,0,0,0,0,0,1,0,0,0,0,0,0,0,1,0
581,1,0,1,0,1,0,1,0,0,0,1,0,1,0,0,0,1,0,0,0,1,0
582,1,0,1,0,1,0,0,0,1,0,1,0,0,0,1,0,1,0,0,0,0,0
583,0,1,0,0,0,1,0,1,0,1,0,1,0,0,0,0,0,2,0,0,0,2
584,2,2,2,2,2,2,2,2,2,2,2,2,2,2,2,0,2,2,2,2,2,2
585,1,2,1,2,1,2,1,2,1,1,1,0,1,2,1,1,1,0,1,2,1,1
586,0,0,0,0,0,0,0,0,0,0,0,0,0,0,0,0,0,1,0,0,0,1
587,0,0,0,1,0,0,0,0,0,1,0,0,1,0,0,0,1,0,0,1,1,0
588,0,0,0,0,0,0,0,0,0,0,0,0,0,0,0,0,0,0,0,0,0,0
589,1,1,1,1,2,2,1,1,2,2,1,1,1,1,1,1,1,1,1,1,1,2
590,0,0,0,0,0,0,0,0,0,0,0,0,0,0,0,0,0,0,0,0,0,0
591,0,2,2,2,0,1,0,2,1,2,0,2,0,0,0,0,0,2,0,2,0,0
592,2,2,1,0,1,0,0,0,1,2,0,2,1,0,0,0,0,2,0,2,1,2
593,0,0,1,1,1,1,0,0,1,1,1,0,0,0,1,0,1,0,0,0,0,0
594,0,0,0,0,0,0,0,0,0,0,0,0,0,0,0,0,0,0,0,2,0,0
595,0,0,1,0,1,0,0,0,1,0,0,0,1,0,0,0,1,0,0,0,1,0
596,0,0,0,0,0,0,0,0,0,0,0,0,0,0,0,0,0,0,0,0,0,0
597,1,2,1,2,1,2,0,2,1,2,0,0,0,0,0,0,0,0,1,2,0,0
598,1,0,1,0,0,0,0,0,2,0,0,0,0,0,0,0,2,0,1,0,0,2
599,0,0,0,0,0,0,0,0,0,0,0,0,0,0,0,0,0,0,0,0,0,0
600,2,2,2,2,2,0,2,0,2,2,2,0,2,2,2,0,2,0,2,2,2,0
601,1,1,0,1,0,1,0,1,1,1,0,1,1,1,0,1,0,1,0,1,1,1
602,0,0,0,0,0,0,0,0,0,0,0,0,0,0,0,0,0,0,0,0,0,0
603,1,1,1,1,1,0,1,1,1,1,1,0,1,1,0,0,1,1,1,1,1,0
604,1,0,1,0,1,0,1,0,1,1,1,0,1,0,1,0,1,0,1,1,1,0
605,2,1,2,1,2,1,2,1,2,1,2,1,2,1,1,1,2,1,0,1,2,2
606,0,0,0,0,0,0,0,0,0,0,1,1,1,1,0,1,1,1,0,1,1,2
607,1,1,1,1,1,1,1,1,1,1,1,1,1,1,0,0,0,0,1,1,1,1
608,0,0,1,0,0,0,0,0,0,0,0,0,1,0,0,0,1,0,1,0,1,0
609,0,0,0,0,0,0,0,0,0,0,0,0,0,0,0,0,0,0,0,0,0,0
610,2,1,2,1,2,0,0,1,2,1,0,1,0,1,0,0,2,1,2,1,0,0
611,2,2,2,2,2,2,2,1,2,2,0,0,0,0,2,0,2,2,2,2,0,0
612,2,2,2,2,2,0,2,0,2,1,0,0,0,0,0,0,2,0,2,0,0,0
613,0,0,0,1,0,1,0,0,0,1,0,1,0,0,0,1,0,0,0,0,0,2
614,0,0,0,0,0,0,0,0,0,0,0,0,0,0,0,0,0,0,0,0,0,0
615,0,0,0,0,0,0,0,0,0,0,0,0,0,0,0,0,0,0,0,0,0,1
616,0,0,0,0,0,0,0,0,1,0,0,0,0,0,0,0,0,0,0,0,0,0
617,1,0,1,0,1,0,0,0,1,1,1,0,1,1,1,0,1,0,1,1,1,0
618,0,0,0,0,0,0,0,0,0,0,0,0,0,0,0,0,0,0,0,1,0,1
619,0,0,0,0,0,0,0,0,0,0,0,0,0,0,0,0,0,0,0,0,0,0
620,1,0,1,0,1,0,1,0,1,0,1,0,1,0,1,0,1,0,1,0,1,0
621,1,0,1,0,1,0,1,0,1,0,0,0,0,0,0,0,0,0,0,0,0,0
622,0,0,0,0,0,0,0,0,0,0,0,0,0,0,0,0,0,0,0,0,0,0
623,0,0,0,1,0,0,0,0,0,1,0,0,0,0,0,0,0,0,1,1,0,0
624,0,0,0,0,0,1,0,0,0,1,0,0,0,0,0,0,0,0,0,0,0,2
625,1,0,0,1,0,1,0,0,1,1,0,0,0,0,0,0,0,0,0,0,0,0
626,0,0,0,1,0,0,0,0,0,0,0,0,0,0,0,0,0,0,0,0,0,2
627,2,1,2,1,2,1,2,1,2,1,2,1,2,2,1,0,2,2,1,1,2,0
628,1,1,1,1,1,1,1,1,1,1,1,1,1,1,1,1,1,1,1,1,1,1
629,0,0,0,0,0,0,0,0,0,0,0,0,0,0,0,0,0,0,0,0,0,2
630,0,0,0,0,0,0,0,0,0,0,0,0,0,0,0,0,0,0,0,0,0,0
631,0,0,0,0,0,0,0,0,0,0,0,0,0,0,0,0,0,0,0,0,0,0
632,0,0,1,0,0,0,0,0,1,0,1,0,0,0,0,0,0,0,0,0,0,0
633,0,0,0,0,0,0,0,0,0,0,0,0,0,0,0,0,0,0,0,0,0,0
634,0,0,0,0,0,0,0,0,1,0,0,0,0,0,0,0,0,0,1,0,0,2
635,0,0,0,0,0,0,0,0,0,0,0,0,0,0,0,0,0,0,0,0,0,1
636,0,0,0,0,0,0,0,0,0,0,0,0,0,0,0,0,0,0,0,0,0,0
637,0,0,0,0,0,0,0,0,0,1,0,0,0,0,0,0,1,1,1,1,0,2
638,0,0,0,0,0,0,0,0,0,0,0,0,0,0,0,0,0,0,0,0,0,0
639,0,0,0,0,0,0,0,0,0,0,0,0,0,0,0,0,0,0,0,0,0,0
640,1,0,1,1,1,0,1,0,1,1,1,1,1,0,1,0,1,0,1,1,1,0
641,0,0,0,0,0,0,0,0,0,0,0,0,0,0,0,0,0,0,0,0,0,0
642,1,0,1,0,1,0,1,0,1,0,0,0,1,0,2,0,1,0,1,0,1,1
643,0,0,0,0,0,0,0,0,0,0,0,0,0,0,0,0,0,0,0,0,0,0
644,0,0,0,0,0,0,0,0,0,0,0,0,0,0,0,0,0,0,0,0,0,0
645,0,0,0,0,0,0,0,0,0,0,0,0,0,0,0,0,0,0,0,0,0,0
646,0,1,0,1,0,2,0,1,0,1,0,1,0,1,0,2,0,2,0,1,0,0
647,1,0,1,0,2,0,0,0,1,0,1,0,2,0,0,0,0,0,1,0,2,0
648,0,0,0,0,1,1,0,0,0,1,0,0,0,0,0,1,0,0,0,0,0,0
649,0,0,0,0,0,0,0,0,0,0,0,0,0,0,0,0,0,0,0,0,0,0
650,0,0,0,0,0,0,0,0,0,0,0,0,0,0,0,0,0,0,0,0,0,0
651,0,0,0,0,0,0,0,0,0,0,0,0,0,0,0,0,0,0,0,0,0,0
652,0,0,0,1,0,0,0,0,0,0,0,0,0,0,0,0,0,0,0,0,0,0
653,0,0,0,0,0,0,0,0,0,0,0,0,0,0,0,0,0,0,0,0,0,0
654,1,2,1,2,2,2,0,0,1,2,0,0,1,1,0,0,0,0,0,0,1,0
655,1,1,1,1,1,1,1,1,1,1,1,0,1,1,1,0,1,1,1,1,1,0
656,2,0,2,2,2,2,2,0,2,2,2,2,2,2,2,0,2,2,2,2,2,2
657,0,0,1,0,0,0,0,0,0,0,0,0,0,0,0,0,1,0,0,0,0,0
658,0,1,0,1,0,1,0,0,0,1,0,0,0,1,0,0,1,0,0,1,0,0
659,0,1,0,0,0,0,0,0,0,0,2,0,0,0,0,0,0,2,2,2,0,0
660,0,1,0,0,0,1,0,0,0,2,0,0,0,0,0,0,0,0,0,2,0,0
661,0,0,0,0,0,0,0,0,0,0,0,0,0,0,0,0,0,0,1,0,0,0
662,1,0,1,0,1,0,1,0,1,0,1,0,1,0,0,0,1,0,1,0,1,0
663,2,2,2,2,2,2,2,2,2,2,2,2,2,2,2,2,2,2,2,2,2,2
664,0,0,0,0,0,0,0,0,0,0,0,0,0,0,0,0,0,0,0,0,0,0
665,0,1,0,1,0,1,0,1,0,1,0,2,0,1,0,2,0,1,0,1,0,2
666,0,0,0,0,0,0,0,0,0,0,0,0,0,0,0,0,0,0,0,0,0,0
667,0,0,1,1,1,0,1,0,1,1,1,0,1,0,1,0,1,0,1,1,1,0
668,0,0,0,0,0,0,0,0,0,1,0,0,0,0,0,0,0,0,0,0,0,0
669,0,0,0,0,0,0,0,0,0,0,0,0,0,0,0,0,0,0,0,0,0,0
670,2,0,2,0,2,1,2,0,2,0,2,0,2,0,2,0,2,0,2,0,2,2
671,0,0,0,0,0,0,0,0,0,0,0,0,0,0,0,0,0,0,0,0,0,2
672,0,0,0,0,0,0,0,0,0,0,0,0,0,0,0,0,0,0,0,0,0,0
673,0,0,0,0,0,0,0,0,0,0,0,0,0,0,0,0,0,0,0,0,0,0
674,0,0,1,0,1,0,0,0,1,1,1,0,1,0,1,0,1,0,0,1,1,1
675,0,0,1,0,0,0,0,0,1,1,1,0,1,0,0,0,1,0,0,0,1,0
676,0,2,0,2,0,2,0,1,0,2,0,1,0,2,0,0,0,1,1,2,0,1
677,2,0,2,0,2,0,1,0,2,0,0,0,0,0,0,0,2,0,2,0,0,0
678,1,1,1,1,1,2,1,0,1,1,2,0,1,0,1,2,0,0,2,0,1,2
679,0,0,0,0,0,0,0,0,0,0,0,0,0,0,0,0,0,0,0,0,0,0
680,1,1,1,0,1,1,1,0,1,1,0,0,0,0,0,0,0,0,1,2,0,0
681,1,0,1,0,1,0,0,0,1,0,0,0,0,0,0,0,0,0,0,0,0,0
682,1,1,1,0,1,1,0,0,1,1,1,0,1,0,0,0,1,0,1,0,1,1
683,0,1,0,1,0,1,0,1,0,1,0,1,0,1,0,0,0,1,0,0,0,0
684,1,0,1,0,1,0,0,0,1,0,1,0,1,0,0,0,0,0,1,0,1,0
685,2,2,2,2,2,2,2,2,2,2,2,2,2,2,2,2,2,2,2,2,2,1
686,0,0,0,0,0,0,0,0,0,0,0,0,0,0,0,0,0,0,0,0,0,0
687,2,0,2,0,2,0,2,0,1,0,2,0,2,0,0,0,2,0,2,0,2,0
688,0,0,0,0,0,0,0,0,0,0,0,0,0,0,0,0,0,0,0,0,0,0
689,1,0,1,0,1,0,1,0,1,0,1,0,1,0,1,0,1,0,1,0,1,0
690,0,0,0,0,0,0,0,0,0,0,0,0,0,0,0,0,0,0,0,0,0,2
691,0,0,0,0,0,0,0,0,0,0,0,0,0,0,0,0,0,0,0,0,0,0
692,0,0,0,0,0,0,0,0,0,0,0,0,0,0,0,0,0,0,0,0,0,2
693,0,0,0,0,0,0,0,0,0,0,0,0,0,0,0,0,0,0,0,0,0,0
694,0,0,0,0,0,0,0,0,0,0,0,0,0,0,0,0,0,0,0,0,0,0
695,2,2,2,2,2,2,2,2,2,2,0,0,0,2,0,0,2,2,2,2,0,2
696,0,0,0,0,0,0,0,0,0,0,0,0,0,0,0,0,0,0,0,0,0,0
697,1,0,1,0,0,0,0,0,1,0,1,0,0,0,0,0,0,0,0,0,0,0
698,2,2,2,2,2,2,2,2,2,2,2,2,2,2,2,2,2,2,2,2,2,2
699,0,0,0,0,0,0,0,0,0,0,1,0,0,0,0,0,0,0,1,0,0,0
700,0,0,0,0,0,0,0,0,0,0,0,0,0,0,0,0,0,0,0,0,0,0
701,0,1,0,1,0,1,0,1,0,1,0,0,0,0,0,1,0,0,0,0,0,2
702,2,2,2,0,2,2,2,2,2,2,2,0,2,2,2,0,2,2,2,2,2,0
703,1,0,2,0,1,0,0,0,1,0,2,0,1,0,0,0,2,0,1,0,1,0
704,2,2,2,0,2,0,2,0,2,1,2,0,2,2,2,0,2,0,2,2,2,2
705,0,0,0,0,0,0,0,0,0,0,0,0,0,0,0,0,0,0,0,0,0,0
706,2,1,2,1,2,2,1,1,2,1,2,2,2,1,2,2,2,2,2,1,2,1
707,0,0,0,0,0,0,0,0,0,0,0,0,0,0,0,0,0,0,0,0,0,0
708,0,0,0,0,0,0,0,0,0,0,0,0,0,0,0,0,0,0,0,0,0,0
709,2,0,2,0,0,0,0,0,0,0,0,0,0,0,0,0,0,0,0,0,0,2
710,0,0,0,0,0,0,0,0,0,0,0,0,0,0,0,0,0,0,0,0,0,0
711,0,0,0,0,0,0,0,0,0,0,0,0,0,0,0,0,0,0,0,0,0,0
712,2,2,2,2,2,2,2,2,2,2,2,2,2,2,2,2,2,2,2,2,2,1
713,2,0,2,0,2,0,2,0,2,0,2,0,2,0,2,0,2,0,2,0,2,0
714,0,1,0,1,0,1,0,0,0,1,0,1,0,1,0,0,0,0,0,1,0,1
715,0,2,0,2,0,0,0,0,0,2,0,0,0,0,0,0,0,2,0,2,0,0
716,2,0,2,0,2,0,2,0,2,0,2,0,2,0,2,0,2,0,2,0,2,0
717,2,0,2,0,2,0,2,0,2,0,2,0,2,0,2,0,2,0,2,0,2,2
718,2,2,2,2,2,2,2,2,2,2,2,2,2,2,2,2,2,2,2,2,2,0
719,0,0,0,0,0,0,0,0,0,0,0,0,0,0,0,0,0,0,0,0,0,0
720,0,0,0,0,0,0,0,0,0,1,0,1,0,0,0,0,0,1,0,1,0,2
721,0,0,0,0,0,0,0,0,0,0,0,0,2,0,0,0,2,0,0,0,2,2
722,0,0,0,0,0,0,0,0,0,0,0,0,0,0,0,0,0,0,0,0,0,0
723,2,2,2,2,2,2,2,2,2,1,2,2,2,2,2,2,2,2,2,2,2,0
724,0,1,0,1,0,1,0,1,0,1,0,1,0,1,0,0,0,1,1,1,0,1
725,1,0,1,0,0,0,0,0,1,1,1,0,1,0,0,0,1,0,1,1,1,0
726,0,0,0,0,0,0,0,0,0,0,0,0,0,0,0,0,0,0,0,0,0,0
727,0,1,0,1,0,1,0,1,0,1,0,1,0,1,0,1,2,1,1,1,0,1
728,1,1,1,1,0,0,0,0,1,0,0,0,0,0,0,0,0,0,0,0,0,0
729,1,1,0,0,1,1,1,1,1,1,1,1,1,1,1,1,1,1,1,1,1,2
730,0,0,0,0,1,1,0,0,0,1,0,0,0,0,0,0,0,0,0,0,0,0
731,1,1,1,0,1,1,1,0,1,1,1,0,1,0,0,0,1,0,0,0,1,0
732,1,0,0,0,0,0,0,0,0,1,0,0,1,1,0,0,1,1,0,1,1,0
733,0,0,0,0,0,0,0,0,0,0,0,0,0,0,0,0,0,0,0,0,0,0
734,0,0,0,0,0,0,0,0,0,0,0,0,0,0,0,0,0,0,0,0,0,1
735,1,0,1,0,1,1,0,0,1,1,0,0,1,0,0,0,1,0,1,0,1,0
736,2,2,1,1,0,0,0,0,2,0,0,0,0,0,0,0,0,0,0,0,0,0
737,0,0,0,0,0,0,0,0,0,0,0,0,0,0,0,0,0,0,0,0,0,0
738,0,2,0,0,0,0,0,0,0,1,0,0,0,0,0,0,0,0,0,1,0,1
739,0,0,0,0,0,0,0,0,0,0,0,0,0,0,0,0,0,0,0,0,0,0
740,1,1,1,2,1,1,0,0,1,2,1,1,0,1,0,0,2,1,0,1,0,1
741,2,1,2,0,2,1,2,0,2,1,0,1,2,1,0,0,2,1,2,1,2,1
742,2,0,1,0,1,0,2,0,2,0,2,0,2,0,2,0,2,0,1,1,2,0
743,2,2,2,1,2,2,0,1,2,0,2,1,2,1,2,0,2,2,2,1,2,2
744,2,0,2,0,2,1,1,0,1,1,0,0,1,0,0,0,0,0,0,0,1,0
745,0,1,0,1,2,1,0,1,1,1,1,1,0,1,1,1,0,1,1,1,0,0
746,1,1,1,1,1,2,0,0,2,2,1,0,1,1,1,0,1,0,1,0,1,2
747,1,1,1,1,1,1,1,1,1,1,0,0,1,1,0,0,0,0,1,1,2,2
748,1,0,1,0,0,0,0,0,1,0,0,0,0,0,0,0,0,0,1,0,0,0
749,2,2,2,2,2,2,2,2,2,2,1,2,1,1,0,0,1,2,2,2,1,0
750,0,0,0,0,0,0,0,0,0,0,0,0,0,0,0,0,0,0,0,0,0,0
751,0,0,0,0,0,0,0,0,0,0,0,0,0,0,0,0,0,0,0,0,0,0
752,0,0,0,1,0,2,0,1,0,1,0,1,0,1,0,0,0,1,0,1,0,1
753,0,1,0,1,0,1,0,1,0,1,0,0,0,1,0,2,0,2,0,2,0,2
754,0,0,0,0,0,0,0,0,0,0,0,0,0,0,0,0,0,0,0,0,0,0
755,2,2,2,2,2,2,2,2,2,2,2,2,2,2,2,2,2,2,2,2,2,2
756,1,0,1,0,0,0,0,0,1,1,1,1,1,0,0,0,1,0,0,0,1,0
757,2,0,2,2,2,2,2,2,2,2,2,2,2,0,2,0,2,2,2,2,2,0
758,0,2,0,2,0,2,0,2,0,2,0,2,0,2,0,0,0,2,0,2,0,0
759,1,1,1,1,1,1,0,1,1,1,1,1,1,1,1,1,1,1,1,1,1,1
760,0,0,1,0,0,0,0,0,0,0,2,0,1,0,0,0,1,0,0,0,1,1
761,0,0,0,0,0,0,0,0,0,0,0,0,0,0,0,0,0,0,0,0,0,0
762,2,2,2,2,2,2,2,2,2,2,2,2,2,2,2,2,2,2,2,2,2,1
763,1,1,1,0,1,1,0,1,1,1,1,1,0,1,0,0,1,1,1,1,0,0
764,0,1,0,1,0,1,1,1,0,1,0,1,0,1,0,1,0,1,2,1,0,1
765,2,0,2,1,2,1,2,0,2,1,2,0,2,1,2,0,2,0,2,2,2,2
766,2,0,2,2,2,0,2,2,2,2,2,0,2,0,2,0,2,2,2,0,2,0
767,2,1,2,1,2,1,2,1,2,1,2,2,2,1,2,1,2,1,2,1,2,1
768,2,2,2,2,2,2,2,2,2,2,2,2,2,2,2,0,2,2,2,2,2,0
769,0,0,0,0,0,0,0,0,1,0,0,0,0,0,0,0,0,0,0,0,0,0
770,0,0,0,0,0,0,0,0,0,0,0,0,1,0,0,0,0,0,0,1,1,1
771,0,0,0,0,0,0,0,0,0,0,0,0,0,0,0,0,0,0,0,0,0,0
772,0,0,0,0,0,0,0,0,1,1,0,0,0,0,0,0,0,0,0,1,0,0
773,0,0,0,0,0,0,0,0,0,0,0,0,0,0,0,0,0,0,0,0,0,0
774,1,1,1,1,1,1,1,0,1,1,1,1,1,0,1,1,1,1,1,1,1,0
775,2,2,2,2,2,2,2,2,2,2,2,2,2,2,2,2,2,2,2,2,2,1
776,2,2,2,2,2,2,2,2,2,2,2,2,2,2,0,2,2,2,2,2,2,0
777,2,2,2,2,2,2,2,2,2,2,2,2,2,2,2,2,2,2,2,2,2,1
778,1,1,1,1,1,1,1,1,1,0,2,1,1,1,1,0,1,1,1,1,1,2
779,0,0,0,0,0,0,0,0,0,0,0,0,0,0,0,0,0,0,0,0,0,2
780,0,0,1,0,0,0,0,0,1,0,0,0,0,1,0,0,0,0,1,1,0,0
781,1,1,1,1,0,0,0,0,1,1,0,0,1,1,0,0,0,0,0,0,1,0
782,0,0,0,0,0,0,0,0,0,0,0,0,0,0,0,0,1,0,0,0,0,0
783,0,0,0,0,0,0,0,0,0,1,1,0,0,1,0,0,0,0,0,0,0,1
784,1,1,1,1,1,0,1,1,1,1,1,0,1,1,1,1,1,0,1,0,1,2
785,1,1,1,1,1,1,1,1,1,1,2,2,1,0,1,0,1,2,1,2,1,0
786,1,1,1,1,1,1,1,1,1,1,1,1,1,1,1,1,1,1,1,1,1,1
787,1,0,0,0,0,0,0,0,0,0,0,0,1,0,0,0,1,0,0,0,1,0
788,0,0,0,0,0,0,0,0,0,1,0,0,0,1,0,0,0,1,0,1,0,0
789,2,0,2,0,2,0,2,0,2,0,2,0,2,0,2,0,2,0,2,0,2,1
790,0,0,1,1,0,0,0,0,0,1,1,1,1,1,1,0,1,1,1,1,1,0
791,0,0,0,0,0,0,0,0,0,0,0,0,0,0,0,0,0,0,0,0,0,0
792,0,2,0,0,0,0,0,0,0,2,0,0,0,0,0,0,0,0,0,0,0,0
793,0,0,0,0,0,0,0,0,0,0,0,0,0,0,0,0,0,0,0,0,0,0
794,1,1,1,1,1,1,1,1,1,1,1,1,1,1,1,1,1,1,1,1,1,1
795,0,1,0,0,0,0,0,0,1,1,0,0,0,0,0,0,0,0,1,1,0,2
796,0,1,0,1,0,1,0,0,0,1,0,0,0,0,0,0,0,0,0,0,0,0
797,0,0,0,0,0,0,0,0,0,0,0,0,0,0,0,0,0,0,0,0,0,0
798,2,1,2,1,2,1,2,1,1,1,2,0,2,0,2,0,2,0,1,1,2,1
799,0,1,1,1,1,1,0,1,1,1,1,1,1,1,1,0,1,1,1,1,1,2
800,0,0,0,0,1,1,0,0,1,1,0,0,0,0,1,1,1,1,1,1,0,2
801,0,0,0,0,0,0,0,0,0,0,0,0,0,0,0,0,0,0,0,0,0,0
802,2,2,2,2,2,2,2,2,2,2,2,2,2,2,2,2,2,2,2,2,2,2
803,1,1,1,1,1,1,0,0,1,1,0,0,0,0,0,0,0,0,0,0,0,0
804,0,0,0,0,0,0,0,0,0,0,0,0,0,0,0,0,0,0,0,0,0,0
805,2,0,2,0,2,0,2,0,2,0,2,0,2,0,2,0,2,0,2,0,2,2
806,1,0,1,0,1,0,1,0,1,0,1,0,1,0,0,0,0,0,0,0,1,0
807,0,0,0,0,0,0,0,0,0,0,0,0,0,0,0,0,0,0,0,0,0,0
808,0,0,0,0,0,0,0,0,0,0,0,0,0,0,0,0,0,1,0,0,0,0
809,2,2,2,2,2,2,0,2,2,2,2,2,2,2,2,0,2,2,2,2,2,2
810,2,2,2,2,1,2,1,1,1,2,2,0,0,0,0,0,1,0,1,1,0,1
811,0,1,1,1,0,0,1,1,1,1,0,1,0,1,0,1,1,0,1,1,0,2
812,1,2,1,2,1,2,2,2,1,2,2,2,1,1,1,1,1,2,1,1,1,1
813,0,0,0,0,0,0,0,0,0,0,0,0,0,0,0,0,0,0,0,0,0,0
814,1,1,1,1,1,1,1,1,1,1,1,1,1,1,1,1,1,1,1,1,1,2
815,0,0,1,1,1,0,0,0,1,1,1,1,0,0,0,0,0,0,0,0,0,0
816,1,0,1,1,1,1,1,0,1,1,1,0,1,1,1,0,1,1,1,1,1,1
817,0,0,0,0,0,0,0,0,0,0,0,0,0,0,0,0,0,0,0,0,0,0
818,0,0,0,0,0,0,0,0,0,0,0,0,0,0,0,0,0,0,0,0,0,0
819,1,1,1,1,0,1,0,0,1,1,2,0,1,0,0,0,1,1,2,2,1,0
820,0,0,0,0,0,0,0,0,0,0,0,0,0,0,0,0,0,0,0,0,0,0
821,2,0,1,0,2,0,0,0,1,0,2,0,1,0,0,0,2,0,2,0,1,0
822,2,1,1,0,2,2,1,1,1,1,0,0,1,0,0,0,2,0,2,0,1,0
823,2,2,2,2,2,2,2,2,2,2,2,2,2,2,2,2,2,2,2,2,2,0
824,0,0,0,0,0,0,0,0,0,0,0,0,0,1,0,0,0,0,0,2,0,0
825,1,0,1,0,1,0,1,0,1,1,0,0,0,0,0,0,0,0,2,0,0,2
826,0,0,0,0,0,0,0,0,0,0,0,0,0,0,0,0,0,0,0,0,0,0
827,0,1,1,1,1,1,0,1,1,1,1,0,1,0,1,0,1,0,1,0,1,0
828,1,0,1,0,1,0,1,0,1,0,1,0,1,0,1,0,1,0,1,0,1,0
829,0,0,0,0,0,0,0,0,0,0,0,0,0,0,1,0,1,0,1,0,0,1
830,0,0,0,0,0,0,0,0,0,0,0,0,0,0,0,0,0,0,0,0,0,0
831,0,0,0,0,0,0,0,0,0,0,0,0,0,0,0,0,0,0,0,0,2,2
832,2,2,2,2,2,2,2,2,2,2,2,2,2,2,2,2,2,2,2,2,2,0
833,2,2,2,2,2,2,2,2,2,2,2,2,2,2,2,2,2,2,2,2,2,2
834,1,1,1,1,0,1,0,0,0,1,0,0,1,0,0,0,0,0,0,0,1,0
835,0,0,0,0,0,0,0,0,0,0,0,0,0,0,0,0,0,0,0,0,0,0
836,1,2,1,2,1,2,0,2,1,2,0,2,0,2,0,2,0,2,0,2,0,0
837,0,0,1,0,0,0,0,0,0,0,0,0,0,0,0,0,0,0,0,0,0,0
838,0,0,0,0,0,0,0,0,0,0,0,0,0,0,0,0,0,0,0,0,0,0
839,2,2,0,0,0,0,0,0,0,2,0,0,0,0,0,0,0,0,0,2,0,0
840,1,1,0,1,1,1,0,1,1,1,2,2,1,1,1,1,1,1,1,1,1,0
841,1,1,1,1,1,1,0,0,1,1,0,1,1,1,1,1,0,1,1,1,1,0
842,1,1,1,1,1,1,0,1,2,1,0,1,0,1,0,1,1,1,1,1,0,0
843,1,1,1,0,1,0,0,0,1,1,1,0,0,0,0,0,0,0,0,0,0,0
844,0,0,0,0,0,0,0,0,0,0,0,0,0,0,0,0,0,0,0,0,0,0
845,1,0,1,0,1,0,1,0,1,0,1,0,1,0,1,0,1,0,1,0,1,0
846,0,0,0,0,0,0,0,0,0,0,0,0,0,0,0,0,0,0,0,0,0,0
847,0,1,0,2,0,1,0,0,0,2,0,1,0,0,0,0,0,0,0,1,0,0
848,0,0,0,0,0,0,0,0,0,0,0,0,0,0,0,0,0,0,0,0,0,0
849,0,0,1,0,0,0,0,0,1,2,0,0,0,0,0,0,0,0,0,2,0,0
850,2,2,1,2,1,1,1,2,1,2,0,0,0,1,0,0,0,0,2,2,0,0
851,1,0,0,0,1,0,0,0,1,0,0,0,0,0,0,0,0,0,0,0,0,0
852,0,0,0,0,0,0,0,0,0,0,0,0,0,0,0,0,0,0,0,0,0,0
853,0,0,0,0,0,0,0,0,0,0,0,0,0,0,0,0,0,0,0,0,0,0
854,0,0,0,0,0,0,0,0,0,0,0,0,0,0,0,0,0,0,0,0,0,0
855,2,2,2,2,2,2,2,2,2,2,2,2,2,2,0,0,2,2,2,2,2,2
856,0,0,0,0,0,0,0,0,0,0,0,0,0,0,0,0,0,0,0,0,0,0
857,1,0,1,0,1,0,1,0,1,0,1,0,1,0,0,0,1,0,1,0,1,0
858,0,0,0,0,0,0,0,0,0,0,0,0,0,0,0,0,0,0,0,0,0,0
859,1,1,1,1,1,0,1,0,1,1,1,0,1,1,1,1,1,1,1,1,1,2
860,1,2,2,2,1,2,0,0,2,1,2,2,2,2,0,2,2,2,2,1,2,2
861,0,0,0,0,0,0,0,0,0,0,0,0,0,0,0,0,0,0,0,0,0,0
862,1,0,1,0,0,0,0,0,1,0,0,0,1,0,0,0,1,0,1,0,1,0
863,2,2,2,0,2,2,2,0,2,2,2,0,2,0,2,0,2,0,2,2,2,2
864,0,0,0,0,0,0,0,0,0,0,0,0,0,0,0,0,0,0,0,0,0,2
865,0,0,0,0,0,0,0,0,0,0,0,0,0,0,0,0,0,0,0,0,0,0
866,0,0,0,0,0,0,0,0,0,0,0,0,0,0,0,0,0,0,0,0,0,1
867,0,0,0,0,0,0,0,0,0,1,0,0,0,0,0,0,0,0,0,0,0,0
868,1,2,1,2,1,2,1,2,1,2,1,2,1,2,0,2,1,2,1,2,1,2
869,1,1,1,1,1,1,0,0,1,1,0,0,1,1,0,0,0,0,2,2,1,0
870,1,0,1,1,1,0,1,0,2,1,2,2,1,0,1,0,1,0,1,1,1,0
871,0,0,0,1,0,1,0,0,0,1,0,1,0,1,0,0,0,1,0,1,0,0
872,0,0,0,0,0,0,0,0,0,0,0,0,0,0,0,0,0,0,0,0,0,0
873,2,2,2,2,2,1,2,1,2,2,2,0,0,0,0,0,2,0,2,2,0,0
874,0,2,1,2,0,2,0,2,0,2,0,2,0,2,1,1,0,2,2,2,0,1
875,2,1,1,1,1,1,1,1,1,1,1,1,1,1,2,1,2,2,1,1,1,2
876,2,2,2,1,2,2,2,2,2,1,2,2,2,2,2,2,2,2,2,2,2,0
877,0,0,0,0,0,0,0,0,0,0,0,0,0,0,0,0,0,0,0,0,0,0
878,0,0,0,0,0,0,0,0,0,0,0,0,0,0,0,0,0,0,0,0,0,2
879,1,0,0,0,0,0,0,0,0,0,0,0,0,0,0,0,0,0,0,0,0,0
880,0,0,0,0,0,0,0,0,0,0,0,0,0,0,0,0,0,0,0,0,0,0
881,0,0,0,0,0,0,0,0,0,0,0,0,0,0,0,0,0,0,0,0,0,0
882,0,0,0,0,1,1,0,0,0,0,0,0,0,0,0,0,0,0,0,1,0,2
883,1,1,1,1,2,1,1,1,2,1,2,1,1,1,2,1,2,1,1,1,1,2
884,1,1,1,1,1,1,1,1,1,1,1,1,1,1,1,1,1,1,1,1,1,0
885,0,0,0,0,0,0,0,0,0,0,0,0,0,0,0,0,0,0,0,0,0,2
886,0,0,0,0,0,0,0,0,0,0,0,0,0,0,0,0,0,0,0,0,0,2
887,0,0,0,0,0,0,0,0,0,0,0,0,0,0,0,0,0,0,0,0,0,0
888,1,1,1,1,1,1,1,1,1,1,0,0,0,0,1,1,0,0,1,1,0,2
889,0,0,0,0,0,0,0,0,0,0,0,0,0,0,0,0,0,0,0,0,0,1
890,1,1,1,1,1,1,1,1,1,2,1,1,0,0,1,0,1,1,1,1,0,0
891,2,2,1,2,2,1,1,0,2,2,0,1,0,0,0,1,2,1,2,1,0,2
892,0,0,0,0,0,0,0,0,0,0,0,0,0,0,0,0,0,0,0,0,0,0
893,0,0,0,0,0,0,0,0,0,0,0,0,0,0,0,0,0,0,0,0,0,0
894,1,1,1,1,0,0,0,0,0,0,1,0,1,1,1,0,1,1,1,0,1,0
895,1,0,1,0,0,0,1,0,0,0,0,0,0,0,0,0,0,0,0,0,0,0
896,1,0,1,0,1,0,1,0,1,1,1,0,1,0,1,0,1,0,1,0,1,0
897,1,1,1,1,1,1,0,0,1,1,1,1,1,1,1,0,1,1,1,1,1,2
898,0,0,0,0,0,0,0,0,2,0,0,0,0,0,0,0,0,0,0,0,0,0
899,1,1,1,1,0,1,1,1,1,1,1,1,1,1,0,0,1,1,1,1,1,1
900,2,2,2,2,2,2,2,2,2,2,2,0,2,2,2,0,2,2,2,2,2,0
901,0,0,0,0,0,0,0,0,0,0,0,0,0,0,0,0,0,0,0,0,0,0
902,0,1,0,1,0,1,0,0,1,1,0,0,0,1,0,1,0,1,0,1,0,0
903,0,0,0,1,0,0,0,0,0,1,0,0,0,1,0,0,0,0,0,0,0,0
904,0,0,0,0,0,0,0,0,0,0,0,0,0,0,0,0,0,0,0,0,0,0
905,2,2,2,2,2,2,2,2,2,2,2,2,2,2,2,2,2,2,2,2,2,2
906,0,1,1,1,1,1,0,1,1,1,1,1,1,1,0,0,1,1,1,1,1,0
907,1,1,1,1,1,2,1,1,1,1,1,2,1,2,0,1,2,2,2,2,2,2
908,0,0,0,0,0,0,0,0,0,0,0,0,0,0,0,0,0,0,0,0,0,2
909,0,0,0,0,0,0,0,0,0,0,0,0,0,0,0,0,0,0,0,0,0,0
910,1,1,1,1,1,1,0,0,0,0,0,0,0,0,0,0,0,0,0,0,0,0
911,1,1,1,1,1,1,1,1,1,1,1,0,1,0,1,0,1,0,1,0,1,0
912,0,0,0,0,0,0,0,0,0,0,0,0,0,0,0,0,0,0,0,0,0,2
913,1,1,1,1,1,1,1,1,1,1,2,2,1,1,1,1,2,2,1,1,1,2
914,1,1,1,1,1,1,1,1,1,1,1,1,1,1,1,1,1,1,1,1,1,0
915,2,1,2,1,2,1,2,1,2,1,2,1,1,1,0,0,2,1,2,1,1,0
916,0,0,0,0,0,0,0,0,0,0,0,0,0,0,0,0,0,0,0,0,0,2
917,0,0,0,0,0,0,0,0,0,0,0,0,0,0,0,0,0,0,0,0,0,1
918,0,0,0,0,0,0,0,0,0,0,0,0,0,0,0,0,0,0,0,0,0,0
919,0,0,0,0,0,0,0,0,0,0,0,0,0,0,0,0,0,0,0,0,0,2
920,0,0,0,0,0,0,0,0,0,0,0,0,0,0,0,0,0,0,0,0,0,0
921,1,1,1,1,1,1,1,1,1,1,1,1,1,1,1,1,1,1,1,1,1,0
922,0,0,0,0,0,0,0,0,0,0,0,0,0,0,0,0,0,0,0,0,0,0
923,0,0,0,0,0,0,0,0,0,0,0,0,0,0,0,0,0,0,0,0,0,0
924,0,2,1,2,1,2,0,2,0,2,2,2,0,2,0,2,0,2,1,2,0,2
925,0,0,0,0,0,0,0,0,0,0,0,0,0,0,0,0,0,0,0,0,0,0
926,0,0,1,1,0,0,1,0,0,0,1,0,1,0,0,0,1,0,1,1,0,0
927,0,0,0,0,0,0,0,0,0,0,0,0,0,0,0,0,0,0,0,0,0,0
928,0,0,0,0,0,0,0,0,0,0,0,0,0,0,0,0,0,0,0,0,0,0
929,1,1,1,1,1,1,1,1,1,1,1,1,1,1,1,1,1,1,1,1,1,1
930,1,1,1,0,1,0,0,0,1,2,0,0,0,0,0,0,0,0,0,2,0,0
931,0,0,0,0,0,0,0,0,0,0,0,0,0,0,0,0,0,0,0,0,0,0
932,0,0,0,0,0,0,0,0,0,0,0,0,0,0,0,0,0,0,0,0,0,0
933,0,1,0,2,0,2,0,2,0,2,0,2,0,1,0,1,0,2,0,2,0,0
934,0,1,0,1,0,1,0,1,0,1,0,1,0,1,0,1,0,1,0,1,0,0
935,0,0,0,0,0,0,0,0,1,0,0,0,1,0,0,0,0,0,0,0,1,0
936,0,0,0,1,0,1,0,0,0,0,0,0,0,0,0,1,0,0,0,1,0,2
937,0,1,0,0,0,1,0,1,0,1,0,1,0,0,0,0,0,1,0,1,0,2
938,2,2,2,1,2,2,2,0,2,1,2,0,2,0,2,0,2,0,2,1,2,0
939,0,0,0,0,0,1,0,0,0,0,0,0,0,0,0,0,0,2,0,1,0,0
940,0,0,0,0,0,0,0,0,0,1,0,0,0,0,0,0,0,0,0,0,0,1
941,0,1,0,0,0,0,0,0,0,1,0,0,0,0,0,0,0,0,0,0,0,0
942,1,0,1,1,1,0,1,0,1,1,1,0,1,0,1,1,1,0,1,1,1,0
943,0,0,0,0,0,0,0,0,0,0,0,0,0,0,0,0,0,0,0,0,0,2
944,0,1,1,1,1,1,0,1,1,1,0,2,0,1,0,2,0,2,0,2,0,0
945,0,0,0,0,0,0,0,0,0,0,0,0,0,0,0,0,0,0,0,0,0,0
946,2,2,2,2,2,2,2,0,2,2,2,2,2,2,2,2,2,2,2,2,2,0
947,2,2,2,2,2,2,2,2,2,2,0,2,0,2,0,2,2,2,2,2,0,0
948,1,0,1,1,1,1,1,1,1,0,2,1,0,0,0,0,0,1,0,0,0,2
949,2,0,2,0,2,0,2,0,2,0,2,0,2,0,2,0,2,0,2,0,2,2
950,2,0,0,0,0,0,0,0,0,0,0,0,0,0,0,0,0,0,2,0,0,0
951,0,2,1,2,1,2,0,2,1,2,1,2,1,2,1,0,0,2,1,2,1,1
952,1,1,1,1,1,1,1,1,1,1,1,0,1,1,1,0,2,0,1,1,1,2
953,0,0,0,0,0,0,0,0,0,0,0,0,0,0,0,0,0,0,0,0,0,0
954,2,0,2,0,2,0,2,0,2,0,2,0,2,0,2,0,2,0,2,0,2,2
955,0,0,0,0,0,0,0,0,0,0,0,0,0,0,0,0,0,0,0,0,0,0
956,0,0,0,0,0,1,0,0,0,1,0,0,0,0,0,0,0,0,0,0,0,2
957,0,0,0,0,0,0,0,0,0,0,0,0,0,0,0,0,0,0,0,0,0,1
958,0,0,1,1,0,0,0,0,0,0,0,0,1,1,1,1,1,1,1,1,1,0
959,1,2,1,2,1,2,0,2,1,2,1,0,1,0,0,0,1,2,2,2,1,0
960,0,0,0,0,0,0,0,0,0,0,0,0,0,0,0,0,0,0,0,0,0,2
961,2,0,1,0,0,0,0,0,2,0,2,0,2,0,0,0,0,0,2,0,2,0
962,2,2,2,2,2,2,2,2,2,2,2,2,2,2,2,2,2,2,2,2,2,2
963,0,0,0,0,0,0,0,0,0,0,0,0,0,0,0,0,0,0,0,0,0,0
964,0,0,0,1,1,1,1,1,1,0,0,0,0,0,0,0,2,0,2,1,0,0
965,0,1,0,0,0,1,0,0,0,1,0,0,0,0,0,0,0,0,0,1,0,0
966,0,0,0,0,0,0,0,0,0,1,0,0,0,1,0,0,0,0,0,0,0,2
967,0,0,0,0,0,0,0,0,0,0,0,0,0,0,0,0,0,0,0,0,0,0
968,0,0,0,0,0,0,0,0,0,0,0,0,0,0,0,0,0,0,0,0,0,0
969,0,0,0,0,0,0,0,0,0,0,0,0,0,0,0,0,0,0,0,0,0,0
970,0,0,0,0,0,0,0,0,0,0,0,0,0,0,0,0,0,0,0,0,0,0
971,0,0,1,0,0,0,0,0,0,0,0,0,1,0,0,0,1,0,0,0,1,0
972,1,1,1,1,1,1,1,0,1,1,1,1,1,1,1,1,1,1,1,1,1,1
973,2,2,2,2,2,2,2,2,2,2,2,2,2,2,2,2,2,2,2,2,2,2
974,2,2,2,2,2,2,2,2,2,2,2,2,2,2,2,2,2,2,2,2,2,2
975,1,1,1,1,1,1,0,0,1,1,0,0,1,1,0,0,0,1,1,1,1,0
976,0,1,0,0,0,1,0,0,0,2,0,2,0,0,0,0,0,0,0,0,0,2
977,1,0,1,0,1,0,1,0,1,0,1,0,1,0,1,0,1,0,1,0,1,1
978,0,0,1,1,0,0,0,0,0,0,1,0,1,0,1,1,1,1,0,0,1,0
979,0,0,0,0,0,0,0,0,0,0,0,0,0,0,0,0,0,0,0,0,0,0
980,0,0,0,0,0,0,0,0,0,0,0,0,0,0,0,0,0,0,0,0,0,0
981,0,0,0,0,0,0,0,0,0,0,0,0,0,0,0,0,0,0,0,0,0,0
982,0,0,1,0,0,0,0,0,1,0,0,0,0,0,1,0,0,0,1,0,0,0
983,0,2,0,2,1,2,0,2,1,2,0,2,0,2,0,2,0,2,2,2,0,0
984,0,1,0,1,0,1,0,0,0,1,0,1,0,2,0,0,0,0,0,1,0,2
985,2,0,0,0,0,0,2,0,2,0,0,0,2,0,0,0,0,0,0,0,2,0
986,2,1,2,2,2,2,1,1,1,1,2,1,2,1,2,1,1,1,2,1,2,1
987,0,0,0,0,0,0,0,0,0,0,0,0,0,0,0,0,0,0,0,0,0,0
988,2,2,2,2,1,2,2,2,1,2,2,0,2,0,0,2,2,0,2,0,2,1
989,0,0,0,0,0,0,0,0,0,0,0,0,0,0,0,0,0,0,0,0,0,0
990,2,0,2,2,2,0,2,0,2,0,2,0,2,2,2,2,2,0,2,0,2,1
991,0,2,0,2,0,0,0,0,0,1,0,0,0,1,0,2,1,0,1,2,0,0
992,0,1,1,1,1,1,0,1,1,1,1,1,1,1,1,1,1,1,1,1,1,1
993,2,0,2,0,2,0,2,0,2,0,2,0,2,0,2,0,2,0,2,0,2,1
994,1,1,2,2,2,2,0,0,2,2,1,1,0,0,2,2,0,0,2,2,2,2
995,0,0,0,0,0,0,0,0,0,0,0,0,0,0,0,0,0,0,0,0,0,0
996,0,0,0,0,0,1,0,0,0,1,0,1,0,0,0,0,0,0,0,1,0,0
997,0,0,0,0,0,0,0,0,0,0,0,0,0,0,0,0,0,0,0,0,0,0
998,0,2,0,2,0,2,0,0,0,2,1,2,1,0,0,0,0,2,0,0,1,0
999,1,1,1,1,1,1,0,0,1,1,0,0,1,1,0,0,1,1,1,0,1,0
1000,0,1,1,1,0,1,0,0,2,1,0,0,0,1,0,2,1,1,1,2,0,2
1001,0,0,0,0,0,1,0,0,0,1,0,0,0,1,0,1,0,1,2,1,0,0
1002,0,0,0,0,0,0,0,0,0,0,0,0,0,0,0,0,0,0,0,0,0,1
1003,1,2,1,2,1,2,0,2,0,2,0,2,0,2,0,2,0,2,1,2,0,1
1004,0,0,0,0,0,0,0,0,1,0,0,0,0,1,0,0,0,0,0,1,0,2
1005,0,0,0,0,0,0,0,0,0,0,0,0,0,0,0,0,0,0,0,0,0,0
1006,0,0,0,1,0,0,0,0,1,1,0,0,0,1,0,0,1,0,0,0,0,0
1007,0,0,0,0,0,0,0,0,0,0,0,0,0,0,0,0,0,0,0,1,0,0
1008,1,1,0,0,0,0,0,0,0,1,1,0,1,1,0,0,1,0,1,1,1,0
1009,2,2,2,0,2,2,2,2,2,2,2,2,2,2,2,2,2,2,2,2,2,0
1010,1,1,1,1,1,1,1,1,1,1,0,1,0,0,0,0,0,1,0,1,0,1
1011,0,0,0,0,0,0,0,0,0,0,0,0,0,0,0,0,0,0,0,0,0,0
1012,0,0,0,0,0,0,0,0,0,0,0,0,0,0,0,0,0,0,0,0,0,0
1013,0,0,0,0,0,0,0,0,0,0,1,0,1,0,0,0,0,0,0,0,1,0
1014,1,0,1,0,1,1,1,0,1,1,1,0,0,0,1,0,1,0,1,1,0,1
1015,0,0,0,0,1,0,0,0,0,0,1,0,0,0,0,0,0,0,0,0,0,0
1016,2,2,2,2,2,2,2,0,2,2,2,2,2,0,2,2,2,2,2,2,2,0
1017,0,0,0,0,0,0,0,0,0,0,0,0,0,0,0,0,0,0,0,0,0,0
1018,2,0,2,0,2,0,2,0,2,0,2,0,2,0,2,0,2,0,2,0,2,2
1019,0,0,2,0,0,0,0,0,0,0,2,0,2,2,2,2,2,0,2,2,2,2
1020,0,0,0,0,0,0,0,0,0,0,0,0,0,0,0,0,0,0,0,0,0,0
1021,1,1,1,1,1,1,0,0,1,1,1,1,0,1,1,1,0,1,1,1,0,1
1022,1,0,1,1,1,0,1,1,1,1,0,2,0,0,0,0,2,2,0,2,0,1
1023,0,0,0,0,0,0,0,0,0,0,0,0,0,0,0,0,0,0,0,0,0,0
1024,2,0,2,0,2,0,0,0,2,0,1,0,1,0,1,0,1,0,1,0,1,0
1025,0,1,0,1,0,1,0,1,0,1,0,1,0,1,0,1,0,1,0,1,0,1
1026,0,0,0,0,0,0,0,0,0,0,0,0,0,0,0,0,0,0,0,0,0,0
1027,2,2,2,2,2,2,2,2,1,1,2,2,2,2,0,0,2,2,1,1,2,0
1028,2,2,2,2,1,2,2,2,1,2,1,0,1,2,1,0,1,2,1,2,1,2
1029,1,0,0,0,1,0,0,0,1,0,1,0,1,0,1,0,1,0,1,0,1,0
1030,1,0,0,0,0,0,0,0,1,0,0,0,0,0,0,0,0,0,0,0,0,1
1031,0,0,0,0,0,0,0,0,0,0,0,0,0,0,0,0,0,0,0,0,0,0
1032,0,0,0,0,0,0,0,0,0,0,0,0,0,0,0,0,0,0,0,0,0,0
1033,2,0,2,0,2,0,2,0,2,0,2,0,2,0,0,0,2,0,2,0,2,1
1034,2,2,2,2,2,2,2,2,2,2,2,2,2,0,2,0,2,0,2,1,2,2
1035,1,0,1,0,1,0,0,0,1,0,0,0,1,2,0,0,0,0,1,2,1,0
1036,2,2,1,0,2,2,1,0,1,0,0,0,0,0,0,0,2,0,2,0,0,0
1037,0,0,0,1,0,1,0,0,0,1,0,0,0,0,0,0,0,1,0,1,0,0
1038,1,2,1,2,1,2,0,2,1,2,0,2,1,2,0,2,1,2,1,2,1,2
1039,2,2,2,0,2,2,2,0,2,2,2,0,2,0,2,0,2,0,2,2,2,0
1040,2,2,2,2,2,1,2,1,2,1,1,2,1,0,1,1,2,1,1,1,1,0
1041,0,0,0,0,0,0,0,0,0,0,0,0,0,0,0,0,0,0,0,0,0,0
1042,1,0,2,0,0,0,0,0,2,0,2,0,1,0,0,0,0,0,1,0,1,0
1043,0,1,0,1,0,1,0,2,0,1,0,1,0,1,0,1,0,1,0,0,0,1
1044,0,0,1,0,0,0,0,0,0,0,0,0,0,0,0,0,0,0,0,0,0,0
1045,2,2,0,2,2,2,0,0,0,1,0,0,0,2,0,0,0,0,0,0,0,2
1046,2,2,2,2,0,2,0,2,1,2,2,2,2,2,2,2,2,2,2,2,2,0
1047,0,0,0,0,0,0,0,0,0,0,0,0,0,0,0,0,0,0,0,0,0,0
1048,0,0,0,0,0,0,0,0,0,0,0,0,0,0,0,0,0,0,0,0,0,0
1049,1,1,1,1,1,1,1,0,1,1,1,0,1,1,1,0,1,1,1,1,1,1
1050,0,0,0,0,0,0,0,0,0,0,0,0,0,0,0,0,0,0,0,0,1,1
1051,0,0,0,0,0,0,0,0,0,0,0,0,0,0,0,0,0,0,0,0,0,0
1052,2,0,1,0,1,1,2,0,2,0,2,0,1,0,2,0,2,0,2,2,1,0
1053,0,1,0,1,0,0,0,0,0,1,0,0,0,0,0,0,0,0,0,1,0,2
1054,0,0,0,0,0,0,0,0,0,0,0,0,0,0,0,0,0,0,0,0,0,0
1055,1,1,1,1,1,1,1,1,1,1,2,0,1,0,0,0,2,0,2,2,1,0
1056,0,0,0,0,0,0,0,0,0,0,0,0,0,0,0,0,0,0,0,0,0,0
1057,0,0,0,0,0,0,0,0,0,0,1,0,1,0,0,0,1,0,0,0,1,0
1058,0,0,1,0,1,0,0,0,1,0,0,0,1,0,0,0,1,0,0,0,1,0
1059,2,2,1,1,1,1,2,2,2,2,2,2,2,2,2,2,1,1,1,1,2,0
1060,0,0,0,0,0,0,0,0,0,0,0,0,0,0,0,0,0,0,0,0,0,0
1061,0,0,0,0,0,0,0,0,0,0,0,0,0,0,0,0,0,0,0,0,0,2
1062,2,2,2,2,2,2,2,2,2,2,2,2,2,2,2,2,2,2,2,2,2,1
1063,1,2,1,2,1,1,1,1,1,1,1,2,1,2,1,2,2,2,2,2,1,0
1064,0,2,0,2,0,2,0,2,0,2,0,2,0,2,0,2,0,2,0,2,0,0
1065,1,0,1,0,1,0,1,0,1,0,1,0,1,0,1,0,1,0,1,0,1,0
1066,0,0,0,0,0,0,0,0,1,1,0,0,0,0,0,0,0,0,0,0,0,0
1067,1,0,1,0,1,0,1,0,1,1,1,0,1,0,0,0,1,0,0,1,1,0
1068,1,1,1,2,1,1,1,2,1,1,1,2,1,1,0,2,2,2,1,1,1,2
1069,2,2,2,1,2,1,2,1,2,2,2,2,0,1,0,0,2,2,2,2,0,0
1070,1,1,1,1,1,1,1,1,1,1,1,1,1,1,1,1,1,1,1,1,1,0
1071,2,2,2,0,2,2,2,0,2,2,2,0,2,0,0,0,2,0,2,2,2,0
1072,2,2,2,2,2,2,2,2,2,2,2,2,2,2,2,2,2,2,2,2,2,2
1073,1,1,1,1,1,0,0,0,1,1,1,0,1,0,0,0,1,1,1,1,1,2
1074,0,0,0,0,0,0,0,0,0,0,0,0,0,0,0,0,0,0,0,0,0,0
1075,1,1,1,1,1,1,1,1,1,1,1,0,1,1,1,1,1,1,1,1,1,0
1076,0,0,0,0,0,0,0,0,0,0,0,0,0,0,0,0,0,0,0,0,0,0
1077,0,0,0,0,0,0,0,0,0,1,0,0,0,2,0,0,0,0,0,0,0,0
1078,0,0,0,0,0,0,0,0,0,0,0,0,0,0,0,0,0,0,0,0,0,0
1079,0,0,0,0,0,0,0,0,0,0,0,0,0,0,0,0,0,0,0,0,0,0
1080,0,2,0,2,0,2,0,2,0,2,0,2,0,2,0,2,0,1,1,1,0,2
1081,0,0,0,0,0,0,0,0,0,0,0,0,0,0,0,0,0,0,0,0,0,1
1082,1,1,1,1,1,1,1,1,1,1,1,1,1,1,0,0,1,1,1,1,1,0
1083,2,2,2,2,2,2,2,2,2,2,2,2,0,2,0,2,2,2,2,2,0,0
1084,2,2,0,2,2,1,0,1,0,2,0,0,0,0,0,2,2,2,0,2,0,0
1085,1,0,1,1,1,1,1,0,1,1,1,1,1,1,1,0,1,1,1,1,1,2
1086,0,0,0,0,0,0,0,0,0,0,0,0,0,0,0,0,0,0,0,0,0,0
1087,1,0,1,1,1,1,1,1,1,1,1,1,1,1,1,1,1,1,1,1,1,0
1088,0,0,0,0,0,2,0,0,0,0,0,2,0,2,0,0,0,0,1,0,0,2
1089,2,2,2,2,1,1,2,2,2,2,2,2,1,2,1,1,1,2,1,1,1,0
1090,0,0,0,0,0,0,0,0,1,0,0,0,0,0,0,0,0,0,1,0,0,0
1091,0,2,0,0,0,1,0,0,0,2,0,2,0,0,0,0,0,2,0,2,0,2
1092,0,0,0,1,1,0,0,0,1,1,0,0,1,1,0,0,0,0,0,0,1,1
1093,2,2,2,2,2,2,2,2,2,2,2,2,2,2,2,2,2,2,2,2,2,0
1094,0,1,0,1,0,1,0,1,0,1,0,0,0,1,1,1,1,1,1,1,0,0
1095,1,1,1,0,0,0,0,0,0,0,2,2,1,1,1,0,1,2,1,1,1,0
1096,2,2,2,2,2,2,2,2,2,2,2,2,2,2,2,2,2,2,2,2,2,2
1097,2,0,2,0,0,0,0,0,2,0,0,0,2,0,0,0,2,0,2,0,2,0
1098,0,0,1,0,0,0,0,0,1,1,0,0,1,0,0,0,0,0,1,1,1,0
1099,0,0,0,0,0,0,0,0,0,0,0,0,0,0,0,0,0,0,0,0,0,0
1100,0,2,0,2,0,2,0,2,0,2,0,2,0,2,0,2,0,2,0,2,0,2
1101,1,1,1,0,1,1,1,1,1,1,1,0,1,0,1,1,1,0,1,1,1,0
1102,2,2,2,2,2,2,2,2,2,2,2,2,2,2,2,2,2,2,2,2,2,1
1103,0,0,0,0,0,0,0,0,1,1,1,0,0,0,0,0,1,0,0,1,0,0
1104,1,1,1,1,1,1,1,1,1,1,0,0,0,0,0,0,1,1,1,1,0,0
1105,0,0,0,0,0,0,0,0,0,0,0,0,0,0,0,0,0,0,0,0,0,0
1106,0,0,0,0,0,0,0,0,0,0,0,0,0,0,0,0,0,0,0,0,0,1
1107,0,1,0,2,1,1,0,1,0,1,0,2,0,2,0,1,0,2,0,1,0,0
1108,0,0,1,0,0,0,0,0,0,0,0,0,0,0,0,0,0,0,0,0,0,0
1109,0,1,1,1,1,1,0,1,1,1,0,1,0,1,0,0,0,1,0,1,0,0
1110,0,0,1,0,0,0,0,0,1,0,1,0,1,0,0,0,1,0,1,0,1,2
1111,0,0,0,0,0,0,0,0,0,0,0,0,0,0,0,0,0,0,0,0,0,0
1112,0,0,0,0,0,0,0,0,1,1,0,0,0,0,0,0,0,0,0,0,0,2
1113,1,1,1,1,1,1,1,1,1,1,1,1,1,1,1,1,1,1,1,1,1,0
1114,0,0,0,0,0,0,0,0,0,0,0,0,0,0,0,0,0,0,0,0,0,0
1115,0,0,0,0,0,0,0,0,0,0,0,0,0,0,0,0,0,0,0,0,0,0
1116,0,0,0,0,0,0,0,0,0,0,0,0,0,0,0,0,0,0,0,0,0,0
1117,0,0,0,0,0,0,0,0,0,0,0,0,0,0,0,0,0,0,0,0,0,0
1118,0,0,0,0,0,0,0,0,0,0,0,0,0,0,0,0,0,0,0,0,0,0
1119,0,0,0,0,0,0,0,0,0,0,0,0,0,0,0,0,0,0,0,0,1,1
1120,2,2,0,2,0,2,0,2,2,2,0,2,0,2,0,2,0,2,2,2,0,2
1121,0,2,0,2,0,2,0,1,0,1,0,2,0,2,0,2,0,2,0,2,0,0
1122,1,1,1,1,1,1,1,1,2,2,0,0,1,0,2,2,0,0,1,1,1,0
1123,0,1,0,0,0,1,0,0,0,1,0,1,0,0,0,0,0,1,0,1,0,0
1124,0,0,0,0,0,0,0,0,0,0,0,0,0,0,0,0,0,0,0,0,0,2
1125,2,1,2,1,2,2,2,1,2,2,2,2,2,2,2,1,2,1,1,1,2,2
1126,0,0,0,0,0,0,0,0,0,0,0,0,0,0,0,0,0,0,0,0,0,0
1127,0,0,0,0,0,0,0,0,0,0,0,0,0,0,0,0,0,0,2,0,0,0
1128,0,0,0,0,0,0,0,0,0,0,0,0,0,0,0,0,0,0,0,0,0,0
1129,0,0,1,0,1,1,0,0,1,1,1,0,1,1,0,0,1,1,1,1,1,0
1130,1,1,1,1,1,1,0,0,0,1,0,0,1,1,0,0,0,0,0,0,1,0
1131,0,0,0,0,0,0,0,0,0,0,0,0,0,1,0,0,0,0,0,1,0,0
1132,2,2,2,2,2,2,2,1,2,1,2,0,2,2,2,0,2,2,2,2,2,2
1133,2,2,2,2,2,2,2,2,2,2,2,2,2,2,2,2,2,2,2,2,2,2
1134,1,1,1,1,1,2,1,1,1,1,1,1,1,2,1,1,1,1,1,1,1,1
1135,2,1,2,1,2,1,1,1,2,1,2,1,1,1,2,1,2,1,2,1,1,1
1136,2,1,2,1,2,1,1,1,2,1,2,1,2,0,2,1,2,2,2,1,2,2
1137,0,2,0,0,0,0,0,0,0,0,0,0,0,0,0,0,0,2,0,2,0,2
1138,2,2,2,2,2,2,2,2,2,2,2,2,2,1,2,0,2,2,2,2,2,2
1139,0,0,0,0,0,0,0,0,0,0,0,0,0,0,0,0,0,0,1,0,0,0
1140,1,1,1,0,1,1,1,0,1,1,1,1,1,1,1,0,1,1,1,1,1,1
1141,0,0,0,0,0,0,0,0,0,0,0,0,0,0,0,0,0,0,0,0,0,0
1142,2,1,2,1,2,1,2,0,2,1,0,1,0,1,0,0,0,1,1,1,0,1
1143,0,2,0,2,0,2,0,1,0,2,0,2,0,2,0,2,0,2,0,2,0,2
1144,1,1,1,1,1,1,1,1,1,1,2,1,1,1,1,1,2,1,2,1,1,1
1145,2,2,2,2,2,2,2,2,2,2,2,2,2,2,2,2,2,2,2,2,2,0
1146,2,0,2,0,2,0,2,1,2,1,2,0,2,0,2,0,2,0,2,0,2,0
1147,0,1,0,1,0,1,0,1,0,1,0,1,0,1,0,1,0,1,0,1,0,2
1148,0,0,0,0,0,0,0,0,0,0,0,0,1,0,0,0,0,0,0,0,1,0
1149,1,1,1,1,1,1,0,1,1,1,1,2,1,1,0,1,1,1,1,1,1,1
1150,0,1,0,1,2,1,0,1,1,1,0,1,0,1,0,0,2,1,1,1,0,2
1151,1,1,1,1,1,1,1,1,1,1,1,0,1,0,1,0,1,1,1,1,1,2
1152,1,1,1,1,2,0,1,0,1,1,2,1,1,1,0,1,2,0,1,1,1,1
1153,1,0,1,0,1,0,1,0,2,0,0,0,1,0,0,0,1,0,1,0,1,2
1154,2,2,2,2,0,2,1,2,1,2,2,2,1,2,0,2,0,2,2,2,1,0
1155,1,0,1,0,1,1,0,0,0,0,1,0,1,0,1,0,1,0,1,1,1,2
1156,2,2,2,2,2,2,2,2,2,2,2,2,2,2,2,2,2,2,2,2,2,2
1157,0,0,0,0,0,0,0,0,0,0,0,0,0,0,0,0,0,0,0,0,0,1
1158,1,0,1,0,1,1,1,0,1,1,1,0,1,0,1,0,1,0,1,1,1,0
1159,2,1,2,1,2,1,1,1,2,1,2,1,1,1,2,1,2,1,2,1,1,1
1160,1,1,1,1,1,0,1,0,2,1,1,0,1,1,1,0,1,1,1,1,1,0
1161,0,0,0,0,0,0,0,0,1,0,0,0,0,0,0,0,0,0,1,0,0,0
1162,0,0,0,0,0,0,0,0,0,0,0,0,0,0,0,0,0,0,1,1,0,1
1163,1,1,1,1,1,1,1,1,1,1,1,1,1,1,1,1,1,1,1,1,1,2
1164,0,0,0,0,0,0,0,0,0,0,0,0,1,0,0,0,1,0,2,0,1,2
1165,1,1,1,1,1,1,1,1,1,1,1,1,1,1,1,1,1,1,1,1,1,1
1166,1,1,1,1,1,1,1,1,1,1,1,1,1,1,1,1,1,1,1,1,2,2
1167,0,0,0,0,0,0,0,0,0,0,0,0,0,0,0,0,0,0,0,0,0,0
1168,0,0,0,0,0,0,0,0,0,0,0,0,0,0,0,0,0,0,0,0,0,0
1169,1,1,1,1,1,1,1,0,1,1,1,0,1,1,1,0,1,0,1,1,1,0
1170,2,2,2,2,2,2,2,2,2,2,2,2,2,2,2,2,2,2,2,2,2,2
1171,0,2,0,2,0,2,0,2,2,2,2,2,2,2,0,2,2,2,2,2,2,0
1172,0,0,0,0,0,0,0,0,0,0,0,0,0,0,0,0,0,0,0,0,0,0
1173,0,0,0,0,0,0,0,0,0,0,1,2,1,0,0,0,0,0,0,2,1,1
1174,0,0,0,1,0,1,0,0,0,1,0,1,0,1,0,1,0,0,0,1,0,1
1175,0,0,1,1,0,0,0,0,1,1,0,0,0,1,0,0,0,0,0,0,0,0
1176,1,0,1,0,1,0,2,0,1,1,1,0,1,0,0,0,1,2,1,0,1,0
1177,2,1,2,1,2,1,2,1,2,1,2,1,2,1,2,1,2,1,2,1,2,1
1178,0,0,0,0,0,0,0,0,0,0,0,0,0,0,0,0,0,0,0,0,0,2
1179,0,0,0,0,0,0,0,0,0,0,0,0,0,0,0,0,0,0,0,0,0,0
1180,0,0,0,0,0,0,0,0,0,0,0,0,0,0,0,0,0,0,0,0,0,2
1181,1,1,1,1,1,1,1,1,1,1,1,1,1,1,0,0,1,1,1,1,2,2
1182,0,0,1,0,0,0,0,0,1,0,0,0,0,0,0,0,0,0,1,0,0,0
1183,0,0,0,0,0,0,0,0,1,0,0,0,0,0,0,0,0,0,0,0,0,0
1184,0,0,0,0,0,0,0,0,0,0,0,0,0,0,0,0,0,0,0,0,0,0
1185,1,1,0,1,0,1,0,1,1,1,1,1,1,1,0,1,1,1,1,1,1,0
1186,0,2,0,2,0,1,0,2,0,1,0,2,0,1,0,0,0,2,1,1,0,2
1187,2,2,2,2,2,2,2,2,2,2,2,2,2,0,2,2,2,2,2,2,2,2
1188,0,0,0,0,0,0,0,0,0,1,0,0,0,0,0,0,0,1,0,0,0,0
1189,0,0,0,0,0,0,0,0,0,0,0,0,0,0,0,0,0,0,0,0,0,0
1190,0,0,0,0,0,0,0,0,0,0,0,0,0,0,0,0,0,0,0,0,0,1
1191,0,0,0,0,0,0,0,0,2,0,0,0,0,0,0,0,0,0,2,0,0,2
1192,2,0,2,0,2,0,2,1,2,0,2,0,2,0,2,0,2,0,2,0,2,0
1193,1,1,1,1,1,1,1,1,1,1,1,1,1,1,1,1,1,1,1,1,1,1
1194,2,0,2,0,2,0,2,0,2,0,2,0,2,0,2,0,2,1,2,1,2,1
1195,0,2,0,2,0,2,0,2,0,2,0,2,0,2,0,2,0,2,0,2,0,0
1196,1,1,1,1,1,0,0,0,1,1,0,0,1,2,0,1,1,2,1,2,1,2
1197,2,0,2,0,2,0,2,0,2,0,2,0,0,0,0,0,2,0,1,0,0,1
1198,1,2,1,1,0,2,0,0,1,1,0,0,0,0,0,0,0,0,0,2,0,0
1199,0,2,1,2,0,2,0,1,0,1,1,2,0,1,0,2,0,1,1,1,0,1
1200,0,0,0,0,0,0,0,0,0,0,0,0,0,0,0,0,0,0,0,0,0,2
1201,1,0,1,0,1,0,0,0,0,0,1,0,1,0,1,0,1,0,0,0,1,2
1202,0,0,0,0,0,1,0,0,0,1,0,0,0,1,0,0,0,0,0,0,0,0
1203,0,0,0,0,0,0,0,0,0,0,0,0,0,0,0,0,0,0,0,0,0,0
1204,2,2,2,2,2,2,2,2,2,2,0,2,2,2,0,2,0,2,2,2,2,0
1205,0,1,1,1,0,1,0,1,0,1,0,0,0,1,0,1,1,2,0,2,0,2
1206,1,1,1,1,1,1,1,1,1,1,2,1,1,1,1,1,1,1,1,1,1,1
1207,1,0,1,1,0,0,0,1,1,2,1,0,1,0,1,1,1,0,1,1,1,2
1208,0,0,0,0,0,0,0,0,0,0,0,0,0,0,0,0,0,0,0,0,0,2
1209,1,0,1,0,0,0,0,0,1,0,1,0,1,0,1,0,1,0,0,0,1,0
1210,0,0,1,0,0,0,0,0,1,1,0,0,1,0,0,0,0,0,0,0,1,1
1211,0,0,0,0,0,0,0,0,1,0,1,0,1,0,0,0,0,0,0,0,1,1
1212,0,0,0,0,0,0,0,0,0,0,0,0,0,0,0,0,0,0,0,0,0,0
1213,0,0,0,0,0,0,0,0,0,0,0,0,0,0,0,0,0,0,0,0,0,0
1214,0,0,0,0,0,0,0,0,0,0,0,0,0,0,0,0,0,0,0,0,0,0
1215,0,1,0,1,1,1,0,1,0,1,0,0,0,1,0,1,1,1,0,1,0,0
1216,0,2,0,0,0,2,0,0,0,0,0,2,0,0,0,2,0,0,0,2,0,0
1217,0,0,0,0,0,0,0,0,0,0,0,0,0,0,0,0,0,0,0,0,0,2
1218,0,0,0,0,0,0,0,0,0,0,0,0,0,0,0,0,0,0,0,0,0,0
1219,0,0,0,0,0,0,0,0,0,0,0,0,0,0,0,0,0,0,0,0,0,0
1220,0,0,0,0,0,0,0,0,0,0,0,0,0,0,0,0,0,0,0,0,0,0
1221,2,2,2,2,2,2,2,0,2,2,0,2,0,2,0,0,0,2,2,2,0,2
1222,0,0,0,0,0,0,0,0,0,0,0,0,0,0,0,0,0,0,0,0,0,0
1223,0,0,0,1,0,1,0,1,0,1,0,1,0,0,0,0,0,1,1,1,0,2
1224,0,0,0,0,0,0,0,0,0,0,0,0,0,0,0,0,0,0,0,0,0,0
1225,0,0,0,0,0,0,0,0,0,0,0,0,0,0,0,0,0,0,0,0,0,0
1226,0,0,0,0,0,0,0,0,0,0,0,0,0,0,0,0,0,0,0,0,0,0
1227,0,0,0,0,0,0,0,0,0,0,1,1,0,0,0,0,0,0,1,0,0,0
1228,0,0,0,0,0,0,0,0,0,0,0,0,0,0,0,0,0,0,0,0,0,1
1229,0,0,0,0,0,0,0,0,0,0,0,0,0,0,0,0,0,0,0,0,0,0
1230,2,1,0,1,2,1,0,1,2,1,0,1,0,1,0,1,2,1,2,1,0,0
1231,2,2,2,2,2,2,2,2,2,2,2,2,2,2,2,2,2,2,2,2,2,2
1232,2,2,1,1,2,2,0,2,1,1,2,2,1,1,2,2,2,2,2,2,1,0
1233,0,0,0,0,0,0,0,0,0,0,0,0,0,0,0,0,0,0,0,0,0,1
1234,0,2,2,2,0,2,0,2,0,2,2,2,1,2,0,2,1,2,0,2,1,2
1235,2,0,2,0,2,0,1,0,2,0,1,0,2,0,1,0,1,0,1,0,2,2
1236,0,0,0,0,0,0,0,0,0,0,0,0,0,0,0,0,0,0,0,0,0,0
1237,0,0,0,0,0,0,0,0,0,0,0,0,0,0,0,0,0,0,0,0,0,0
1238,1,1,1,1,1,1,0,1,1,1,1,1,1,1,1,1,1,1,1,1,1,2
1239,0,0,0,0,0,0,0,0,1,0,0,0,1,0,0,0,0,0,0,1,1,0
1240,2,0,2,0,0,0,2,0,2,0,2,0,2,0,2,0,2,0,2,0,2,0
1241,0,0,0,0,0,0,0,0,0,0,0,0,0,0,0,0,0,0,0,0,0,0
1242,0,0,0,0,0,0,0,0,0,1,0,0,0,0,0,0,0,0,0,0,0,0
1243,0,0,0,0,0,0,0,0,0,0,0,0,0,0,0,0,0,0,0,0,0,0
1244,1,0,1,0,1,0,1,0,1,0,0,0,1,0,1,0,1,0,1,0,1,0
1245,0,2,0,2,0,2,0,2,0,2,0,2,0,2,0,2,0,2,0,2,0,1
1246,2,1,2,1,2,1,2,2,2,1,2,2,2,0,2,0,2,2,2,1,2,2
1247,2,2,2,2,2,2,2,2,2,2,2,2,2,2,2,2,2,2,2,2,2,2
1248,0,0,0,1,0,1,0,1,0,1,0,0,0,0,0,1,0,0,0,0,0,0
1249,0,0,0,0,0,0,0,0,0,1,0,0,0,0,0,0,0,0,0,0,0,0
1250,0,0,0,0,0,0,0,0,0,0,0,0,0,0,0,0,0,0,0,0,0,0
1251,1,1,1,1,1,0,1,0,1,1,1,0,1,1,1,0,1,1,1,0,1,0
1252,0,0,0,0,1,0,0,0,1,1,1,0,0,0,0,0,1,0,1,1,0,1
1253,0,0,0,0,0,0,0,0,0,0,0,0,1,0,0,0,0,0,0,0,1,0
1254,0,0,2,0,0,0,1,0,0,0,0,0,0,0,0,0,1,0,1,0,0,0
1255,0,0,0,0,0,0,0,0,0,0,0,0,0,0,0,0,0,0,0,0,0,0
1256,2,2,2,2,2,2,2,2,2,2,2,2,2,2,2,2,2,2,2,2,2,2
1257,0,2,0,2,0,2,0,2,1,2,0,2,0,2,0,0,0,2,0,2,0,1
1258,2,0,0,0,1,0,0,0,1,0,0,0,0,0,0,0,0,0,1,0,0,0
1259,0,0,0,0,0,0,0,0,0,0,0,0,0,0,0,0,0,0,0,0,0,0
1260,1,1,1,1,1,1,1,0,1,1,1,0,1,0,1,0,1,0,1,1,1,0
1261,0,0,0,0,0,0,0,0,0,0,0,0,0,0,0,0,0,0,0,0,0,0
1262,2,2,2,1,2,1,2,1,2,1,2,1,2,1,2,0,2,2,2,2,2,0
1263,1,1,1,1,1,1,1,1,1,1,1,1,1,1,1,1,1,1,1,1,1,1
1264,2,2,2,2,2,2,2,0,2,2,2,0,2,2,2,0,2,0,2,2,2,0
1265,2,2,2,2,2,2,2,2,2,2,2,0,2,2,2,2,2,0,2,2,2,0
1266,2,2,1,1,2,2,1,1,2,2,1,1,1,1,0,0,1,1,1,1,0,0
1267,0,0,0,0,0,0,0,0,0,0,0,0,0,0,0,0,0,0,0,0,0,0
1268,0,0,0,0,0,0,0,0,0,0,0,0,0,0,0,0,0,0,0,0,0,0
1269,0,0,0,0,0,0,0,0,0,0,1,0,0,0,0,0,2,0,0,0,0,0
1270,0,0,0,0,2,0,0,0,0,0,0,0,0,0,0,0,0,0,0,0,0,0
1271,0,0,1,0,0,0,0,0,0,1,0,2,0,2,0,0,0,2,0,2,0,2
1272,1,1,1,0,1,1,1,0,1,1,1,0,1,1,0,0,1,0,1,0,1,0
1273,0,0,0,0,0,0,0,0,0,0,0,0,0,0,0,0,0,0,0,0,0,0
1274,0,0,0,1,0,0,0,0,0,0,0,0,0,0,0,0,0,0,0,0,0,0
1275,0,0,0,0,0,0,0,0,0,0,0,0,0,0,0,0,0,0,0,0,0,0
1276,2,2,2,2,2,2,2,2,2,2,2,2,2,2,2,2,2,2,2,2,2,2
1277,0,0,0,0,0,0,0,0,0,0,0,0,0,0,0,0,0,0,0,0,0,0
1278,1,2,1,0,1,2,1,0,1,0,0,0,0,0,0,0,0,0,0,0,0,0
1279,2,1,2,1,2,1,2,1,2,1,2,2,2,2,2,2,2,2,2,2,2,0
1280,1,1,1,1,1,1,1,1,1,1,1,1,1,1,1,1,1,1,1,1,1,1
1281,0,0,0,0,0,0,0,0,0,0,0,0,0,0,0,0,0,0,0,0,0,0
1282,2,0,0,0,0,0,0,0,2,0,0,0,0,0,0,0,0,0,2,0,0,2
1283,1,0,1,0,1,0,1,0,1,0,1,0,1,0,1,0,2,0,1,0,1,2
1284,2,2,2,2,2,2,2,2,2,2,2,2,2,2,2,2,2,2,2,2,2,0
1285,0,2,1,2,1,2,0,0,1,1,0,2,1,2,0,0,1,2,1,2,1,2
1286,0,1,0,1,0,1,0,1,0,1,0,1,0,1,0,0,0,2,1,1,0,2
1287,0,0,0,0,0,0,0,0,0,0,0,0,0,0,0,0,0,0,0,0,0,0
1288,0,0,2,1,0,0,0,0,2,0,2,1,1,0,1,0,1,0,1,0,1,1
1289,0,0,0,0,0,0,0,0,0,0,0,0,0,0,0,0,0,0,0,0,0,0
1290,2,0,2,0,2,0,2,0,2,0,2,0,2,0,2,0,2,0,2,0,2,0
1291,2,2,2,2,2,2,2,1,2,2,2,0,2,0,2,0,2,2,2,1,2,0
1292,0,0,0,0,0,0,0,0,0,0,0,0,0,0,0,0,0,0,0,0,0,2
1293,0,0,1,1,1,0,0,0,1,1,0,0,0,0,0,0,1,0,1,1,0,0
1294,1,1,1,1,1,1,0,0,1,1,1,1,1,1,0,0,1,1,1,1,1,0
1295,2,2,1,1,2,1,0,1,2,1,2,2,0,1,0,0,2,2,2,2,0,0
1296,2,2,2,2,2,2,2,2,2,2,2,2,2,2,2,2,2,2,2,2,2,2
1297,2,0,0,0,2,0,2,0,2,0,2,0,2,0,0,0,2,0,2,0,2,0
1298,2,1,1,1,1,1,1,1,2,1,0,1,0,1,0,1,0,2,2,1,0,2
1299,0,2,0,2,0,2,0,0,0,2,0,2,0,2,0,2,0,2,2,2,0,0
1300,0,1,0,1,0,1,0,1,0,1,0,1,1,1,0,0,0,1,1,1,1,2
1301,0,0,0,0,0,0,0,0,0,0,0,0,0,0,0,0,0,0,0,2,0,0
1302,0,0,0,0,0,0,0,0,1,0,0,0,0,0,0,0,0,0,1,0,0,0
1303,0,2,0,1,0,1,0,2,0,2,0,2,1,2,0,1,0,2,0,2,1,0
1304,2,1,1,1,1,1,0,1,1,1,2,2,1,1,1,1,1,1,1,2,1,2
1305,1,2,1,2,1,2,1,2,1,2,0,2,1,2,1,2,1,2,1,2,1,1
1306,0,0,0,0,1,0,0,0,1,1,0,0,1,0,0,0,1,0,1,0,1,0
1307,0,1,0,1,0,1,0,1,0,1,1,1,0,1,0,1,1,1,1,1,0,2
1308,2,2,2,2,2,2,2,2,2,2,2,2,2,2,2,2,2,2,2,2,2,2
1309,0,0,0,0,0,0,0,0,0,0,0,0,0,0,0,0,0,0,0,0,0,0
1310,0,0,0,0,0,0,0,0,0,0,0,0,0,0,0,0,0,0,0,2,0,0
1311,0,0,0,0,0,0,0,0,0,0,0,0,0,0,0,0,0,0,0,0,0,0
1312,0,0,0,0,0,0,0,0,0,0,0,0,0,0,0,0,0,0,0,0,0,0
1313,0,0,0,0,0,0,0,0,0,0,0,0,0,0,0,0,0,0,0,0,0,0
1314,0,0,0,0,0,0,0,0,0,0,0,0,0,0,0,0,0,0,0,0,0,0
1315,0,2,0,2,2,2,0,0,0,0,2,2,0,2,0,0,2,2,1,1,0,1
1316,0,1,0,1,0,2,0,1,1,1,0,0,1,0,0,0,0,1,0,1,1,1
1317,0,1,0,0,0,0,0,0,0,1,0,1,0,1,0,0,0,0,0,1,0,0
1318,0,0,0,0,0,0,0,0,0,0,0,0,0,0,0,0,0,0,0,0,0,0
1319,0,0,0,0,0,0,0,0,0,0,0,0,0,0,0,0,0,0,0,0,0,0
1320,0,0,0,0,0,0,0,0,0,0,0,0,0,0,0,0,0,0,0,0,0,0
1321,0,0,0,0,0,0,0,0,0,0,0,0,0,0,0,0,0,0,0,0,0,0
1322,1,1,1,1,1,1,1,0,1,1,1,1,1,1,1,1,1,1,1,1,1,2
1323,0,2,0,1,0,1,0,0,0,2,0,0,0,2,0,0,0,2,0,0,0,2
1324,0,0,0,0,0,0,0,0,0,0,0,0,0,0,0,0,0,0,0,0,0,0
1325,0,0,0,0,0,0,0,0,0,0,0,0,0,0,0,0,0,0,0,0,0,0
1326,0,0,0,0,0,0,0,0,0,0,0,0,0,0,0,0,0,0,0,0,0,0
1327,0,0,0,0,0,0,0,0,0,0,0,0,0,0,0,0,0,0,0,0,0,0
1328,1,1,1,1,1,1,1,1,1,1,1,1,1,1,1,1,0,1,1,1,1,0
1329,1,1,0,1,1,1,0,0,0,1,1,0,0,2,0,0,0,2,1,1,0,0
1330,1,1,0,1,0,1,0,0,1,1,0,1,0,1,0,1,0,1,1,1,0,2
1331,2,2,2,2,2,2,2,2,2,2,2,2,2,2,2,2,2,2,2,2,2,0
1332,0,2,0,2,0,2,0,2,0,2,0,0,0,2,0,2,0,2,0,2,0,0
1333,0,0,0,0,0,0,0,0,0,0,0,0,0,0,0,0,0,0,0,0,0,0
1334,0,0,0,0,0,0,0,0,0,0,0,0,0,0,0,0,0,0,0,0,0,0
1335,2,2,2,2,2,2,2,2,2,2,2,2,2,2,2,2,2,2,2,2,2,2
1336,0,0,0,0,0,0,0,0,0,0,0,0,0,0,0,0,0,0,0,0,0,0
1337,1,1,1,1,1,1,1,1,0,0,0,0,0,0,0,0,0,0,1,1,0,2
1338,0,0,1,1,0,0,0,0,0,1,0,0,1,0,0,0,0,0,1,1,1,0
1339,1,0,1,0,2,0,1,0,2,0,1,0,1,0,1,0,2,0,1,0,1,0
1340,1,2,1,0,1,0,1,0,0,0,1,0,1,2,1,0,1,0,1,0,1,2
1341,0,0,0,0,0,0,0,0,0,0,0,0,0,0,0,0,0,0,0,0,0,2
1342,2,2,2,2,2,2,2,2,2,2,2,2,1,1,2,1,2,2,2,2,1,2
1343,0,2,0,0,0,0,0,0,0,0,0,0,0,0,0,0,0,0,0,0,0,0
1344,1,1,1,1,1,1,1,1,1,1,1,1,1,1,1,1,1,1,1,1,1,2
1345,1,0,0,0,1,0,1,0,1,0,0,0,0,0,0,0,0,0,0,0,0,1
1346,0,0,0,0,0,0,0,0,0,0,0,0,0,0,0,0,0,0,0,0,0,0
1347,2,0,2,2,2,0,2,0,2,0,2,0,2,2,1,0,2,0,2,1,2,1
1348,1,1,1,0,0,0,0,0,1,1,0,0,0,0,0,0,1,0,0,0,0,0
1349,1,1,1,1,1,1,1,1,1,1,1,1,1,1,0,0,1,1,1,1,1,0
1350,2,1,2,1,1,1,1,1,1,1,1,2,1,1,1,1,1,1,1,1,1,2
1351,2,0,2,0,2,0,0,0,2,0,2,0,1,0,0,0,2,0,0,0,1,0
1352,0,0,0,0,0,0,0,0,0,0,0,0,0,0,0,0,0,0,0,0,0,0
1353,0,0,1,1,0,0,0,0,1,1,1,0,1,1,1,0,1,0,1,0,1,2
1354,0,0,0,0,0,0,0,0,0,0,0,0,0,0,0,0,0,0,0,0,0,0
1355,1,2,1,2,1,2,0,2,1,2,0,2,1,2,0,2,0,2,1,2,1,0
1356,0,0,0,0,0,0,0,0,0,0,0,0,0,0,0,0,0,0,0,0,0,0
1357,0,0,0,0,0,0,0,0,0,0,0,0,0,0,0,0,0,0,0,0,0,0
1358,0,0,0,0,0,0,0,0,0,0,0,0,0,0,0,0,0,0,0,0,0,0
1359,1,1,0,0,0,0,0,0,1,0,0,0,0,0,0,0,0,0,0,0,0,2
1360,0,0,0,0,0,0,0,0,0,0,0,0,0,0,0,0,0,0,0,2,0,2
1361,0,0,0,0,0,0,0,0,0,0,0,0,0,0,0,0,0,2,0,2,0,0
1362,1,0,1,1,1,2,1,1,1,2,0,2,1,2,1,2,1,1,1,2,1,0
1363,2,0,0,0,1,0,0,0,0,0,2,0,0,2,0,0,2,2,2,2,0,0
1364,1,1,1,1,1,1,1,1,1,1,1,1,1,1,0,1,1,1,1,1,1,1
1365,2,2,2,2,2,2,0,2,1,2,2,2,2,2,0,2,2,2,2,2,2,0
1366,0,0,0,0,0,0,0,0,0,0,0,0,0,0,0,0,0,0,0,0,0,2
1367,0,0,0,0,0,0,0,0,0,0,0,0,0,0,0,0,0,0,0,0,0,0
1368,0,0,0,0,0,0,0,0,0,0,0,0,0,0,0,0,0,0,0,0,0,0
1369,2,1,1,1,2,1,1,1,1,1,2,1,1,1,2,1,2,2,2,1,1,1
1370,0,0,0,0,1,0,0,0,0,0,1,0,1,1,1,0,1,1,1,0,1,0
1371,0,0,0,0,0,0,0,0,0,0,0,0,0,0,0,0,0,0,2,0,0,0
1372,0,0,0,0,0,0,0,0,0,0,0,0,0,0,0,0,0,0,0,0,0,0
1373,0,1,0,2,0,2,0,1,0,2,0,2,0,1,0,2,0,2,0,2,0,2
1374,1,1,1,1,0,0,0,0,1,1,0,0,1,1,0,0,1,1,1,1,1,1
1375,2,2,1,2,2,2,1,2,1,2,2,2,2,2,2,2,2,2,2,2,2,2
1376,0,0,0,1,0,0,0,0,0,1,0,0,0,1,0,0,0,0,0,1,0,1
1377,1,0,1,0,1,0,1,0,1,0,0,0,1,0,0,0,0,0,1,0,1,0
1378,0,0,0,0,0,0,0,0,0,0,0,0,0,0,0,0,0,0,0,0,0,2
1379,1,1,1,1,1,1,1,1,1,1,1,1,2,1,1,2,1,1,1,1,2,1
1380,1,1,1,1,1,1,1,1,1,1,1,1,1,1,1,1,1,1,2,2,1,1
1381,2,2,2,2,2,2,2,2,2,2,2,2,2,2,2,2,2,2,2,2,2,2
1382,1,0,1,0,1,0,1,0,1,1,1,1,1,0,1,0,1,1,1,0,1,0
1383,2,2,2,2,2,2,2,2,2,2,2,2,0,2,0,2,2,2,2,2,0,0
1384,0,0,0,0,0,0,0,0,0,0,0,0,0,0,0,0,0,0,0,0,0,0
1385,0,0,0,0,0,0,0,0,0,0,0,0,0,0,0,0,0,0,0,0,0,0
1386,2,0,2,0,2,0,2,0,2,0,0,0,0,0,0,0,2,0,2,2,0,0
1387,0,0,0,0,0,0,0,0,0,0,0,0,0,0,0,0,0,0,0,0,0,0
1388,2,0,2,0,2,0,2,0,2,0,2,0,2,0,0,0,2,0,2,0,2,2
1389,1,2,1,0,0,1,0,1,1,2,1,0,0,0,0,0,1,1,1,2,0,0
1390,2,2,2,2,2,2,2,2,2,2,2,0,2,2,2,2,2,2,2,2,2,0
1391,0,0,0,0,0,0,0,0,0,0,0,0,0,0,0,0,0,0,0,0,0,0
1392,0,0,0,0,0,0,0,0,0,0,0,0,0,0,0,0,0,0,0,0,0,0
1393,0,1,0,1,0,1,0,0,1,1,1,1,0,1,0,0,0,0,1,1,0,1
1394,0,0,0,0,0,0,0,0,0,0,0,0,0,0,0,0,0,0,0,0,1,1
1395,0,1,0,1,0,1,0,1,0,1,0,1,0,1,0,0,0,1,0,1,0,0
1396,0,0,0,0,0,0,0,0,0,0,0,0,0,0,0,0,0,0,0,0,0,0
1397,1,1,1,1,1,1,1,1,1,1,1,1,1,1,1,1,1,1,0,1,1,0
1398,0,0,0,0,0,0,0,0,0,0,0,0,0,0,0,0,0,0,0,0,0,1
1399,2,0,2,0,2,0,2,0,2,0,2,0,2,0,2,0,2,0,2,0,2,0
1400,0,0,0,0,0,0,0,0,0,0,0,0,0,0,0,0,1,1,0,0,0,2
1401,0,2,0,2,0,1,0,0,0,0,0,2,0,0,0,0,0,0,0,0,0,1
1402,2,0,2,2,2,0,2,0,2,0,2,0,2,0,2,0,2,0,2,0,2,2
1403,0,0,0,0,0,0,0,0,0,0,0,0,0,0,0,0,0,0,0,0,0,0
1404,0,0,1,1,0,0,0,0,0,0,0,0,0,0,0,0,0,0,1,1,0,0
1405,0,0,1,0,0,0,0,0,1,0,0,0,0,0,0,0,0,0,0,0,0,0
1406,2,0,2,0,2,0,2,0,1,0,1,0,1,0,0,0,2,0,2,0,1,0
1407,0,0,0,0,0,0,0,0,0,0,0,0,0,0,0,0,0,0,0,0,0,0
1408,0,0,0,0,0,0,0,0,0,0,0,0,0,0,0,0,0,0,0,0,0,0
1409,0,0,0,0,0,0,0,0,0,0,0,0,0,0,0,0,2,2,1,1,0,2
1410,0,0,0,0,0,0,0,0,0,0,2,0,0,0,0,0,2,0,0,0,0,0
1411,1,2,1,1,1,1,1,1,1,1,2,2,1,1,0,0,1,2,2,2,1,0
1412,0,1,1,1,0,1,0,1,1,1,0,1,0,1,0,1,0,1,1,1,0,2
1413,0,0,0,0,0,0,0,0,0,0,0,0,0,0,0,0,0,0,0,0,0,0
1414,0,0,0,0,0,0,0,0,0,0,0,0,0,0,0,0,0,0,0,0,0,0
1415,0,0,0,0,0,0,0,0,0,0,0,0,0,0,0,0,0,0,0,0,0,0
1416,0,0,0,0,0,0,0,0,0,0,2,0,0,0,0,0,0,0,0,0,0,0
1417,0,0,0,0,0,0,0,0,0,0,0,0,0,0,0,0,0,0,0,0,0,0
1418,0,0,0,0,0,0,0,0,0,0,0,0,0,0,0,0,0,0,0,0,0,0
1419,2,2,2,2,2,0,2,0,2,2,2,0,2,2,0,0,2,0,2,2,2,0
1420,0,0,0,0,0,0,0,0,0,0,0,0,0,0,0,0,0,0,0,0,0,0
1421,0,0,0,0,0,0,0,0,0,0,0,0,0,0,0,0,0,0,0,0,0,0
1422,0,0,0,0,0,0,0,0,0,0,0,0,0,0,0,0,0,0,0,0,0,0
1423,0,0,0,0,0,0,0,0,0,0,0,0,0,0,0,0,0,0,0,0,0,0
1424,1,1,1,1,1,1,1,1,1,1,1,2,1,1,1,1,1,1,1,1,1,0
1425,0,0,0,0,0,0,0,0,0,0,0,0,0,0,0,0,0,0,0,0,0,0
1426,1,0,1,0,1,0,1,0,1,0,1,0,1,0,1,0,1,0,1,0,1,1
1427,2,2,2,2,1,2,2,2,2,2,2,2,2,2,2,2,2,2,2,2,2,2
1428,0,0,2,0,0,0,2,0,0,0,0,0,0,0,0,0,2,0,2,1,0,0
1429,2,2,2,2,2,2,2,2,2,2,2,2,2,2,2,0,2,2,2,2,2,0
1430,1,1,1,1,1,1,1,1,1,1,1,1,1,1,1,1,1,1,1,1,1,1
1431,1,2,1,2,1,2,1,0,1,1,2,2,0,2,0,0,1,0,1,2,0,0
1432,0,0,1,0,0,0,1,0,1,0,1,0,1,0,0,0,1,0,1,1,1,0
1433,0,2,0,2,0,2,0,0,0,2,0,2,0,0,0,2,0,2,0,2,0,2
1434,0,0,0,0,0,0,0,0,0,0,0,0,0,0,0,0,0,0,0,0,0,1
1435,0,2,0,2,0,2,0,1,0,2,0,2,0,2,0,2,0,2,0,2,0,0
1436,0,0,1,0,0,0,0,0,1,1,0,0,0,0,0,0,0,0,1,0,0,0
1437,0,0,0,0,0,0,0,0,0,0,0,0,0,0,0,0,0,0,0,0,0,1
1438,0,0,1,1,1,1,0,0,0,1,0,1,1,1,0,1,1,1,0,1,1,0
1439,0,0,0,0,0,0,0,0,0,0,0,0,0,0,0,0,0,0,0,0,0,0
1440,1,1,1,1,1,1,1,1,1,1,1,1,1,1,1,1,1,1,1,1,1,1
1441,0,0,0,0,0,0,0,0,0,0,0,0,0,0,0,0,0,0,0,0,0,2
1442,0,0,1,0,0,0,0,0,0,0,0,0,0,0,0,0,0,0,0,0,0,0
1443,0,0,0,0,0,0,0,0,0,0,0,0,0,0,0,0,0,0,0,0,0,0
1444,2,2,0,0,0,0,0,0,0,1,2,2,0,1,0,0,2,2,0,1,0,2
1445,0,0,0,0,0,0,0,0,0,0,0,0,0,0,0,0,0,0,0,0,0,0
1446,1,1,1,0,1,1,1,1,1,1,1,0,1,0,1,0,1,2,1,0,1,1
1447,1,0,1,1,0,1,0,0,1,1,0,0,0,0,0,0,0,1,1,1,0,1
1448,2,1,2,1,2,1,2,1,2,1,2,1,2,1,2,2,2,1,2,1,2,2
1449,1,1,1,1,1,1,1,1,1,1,1,1,1,1,1,1,1,1,1,1,1,1
1450,1,1,1,1,1,1,1,1,1,1,1,1,1,1,1,1,1,1,0,0,1,1
1451,0,0,0,0,0,0,0,0,0,0,0,0,0,0,0,0,0,0,0,0,0,0
1452,1,2,1,2,1,0,0,2,1,2,1,0,1,0,0,0,0,0,2,0,1,0
1453,0,0,0,0,0,0,0,0,0,0,0,0,0,0,0,0,0,0,0,1,0,0
1454,0,1,0,1,0,1,0,1,1,1,1,1,0,1,1,1,0,1,1,1,0,0
1455,1,1,1,1,1,1,1,1,1,1,1,1,1,1,1,1,1,1,1,1,1,2
1456,1,1,1,1,1,1,1,1,1,1,1,1,1,1,1,1,1,0,1,1,1,2
1457,0,0,0,0,0,0,0,0,0,1,0,0,0,1,0,0,1,1,0,0,0,0
1458,0,0,1,0,0,0,0,0,0,0,0,0,1,0,0,0,1,0,0,0,1,0
1459,1,1,1,1,1,1,1,1,1,1,1,1,1,1,0,0,2,2,2,2,1,0
1460,0,1,0,1,0,0,0,0,0,1,0,0,0,0,0,1,0,0,0,0,0,0
1461,0,0,0,0,0,0,0,0,0,0,0,0,0,0,0,0,0,0,0,0,0,0
1462,2,2,2,2,2,0,2,0,2,2,2,0,2,2,2,0,2,0,2,2,2,2
1463,2,0,2,0,2,0,2,0,2,0,2,0,2,0,0,0,2,0,2,2,2,0
1464,2,2,2,2,2,2,2,2,2,2,2,2,2,2,2,2,2,2,2,2,2,0
1465,0,0,0,0,0,0,0,0,0,0,0,0,0,0,0,0,0,0,0,0,0,2
1466,0,0,0,1,0,0,0,0,0,0,0,0,0,0,0,0,0,0,0,0,0,0
1467,0,1,0,1,0,1,0,1,2,1,0,0,0,1,0,1,0,1,2,1,0,2
1468,0,0,0,0,0,0,0,0,0,0,0,0,0,0,0,0,0,0,0,0,0,0
1469,2,0,0,0,2,0,2,0,2,0,0,0,2,0,2,0,0,0,0,0,2,2
1470,1,1,1,1,1,1,1,1,1,1,1,1,1,1,1,1,1,1,1,1,1,2
1471,1,1,1,1,1,1,1,1,1,1,2,1,2,1,0,1,2,1,2,1,2,1
1472,1,1,1,1,1,1,1,1,1,1,1,1,1,1,1,1,1,1,1,1,1,1
1473,2,0,2,0,2,0,2,0,2,0,2,2,2,2,2,0,2,2,2,2,2,2
1474,2,2,2,2,2,2,1,1,1,1,2,2,1,1,1,1,2,2,2,2,1,1
1475,0,0,0,0,0,0,0,0,0,0,0,0,0,0,0,0,0,0,0,0,0,0
1476,0,0,0,0,0,0,0,0,0,0,0,0,0,0,0,0,0,0,0,0,0,0
1477,1,1,1,1,1,1,1,1,1,1,1,1,1,1,1,1,1,1,1,1,1,1
1478,2,1,1,1,2,1,2,1,2,1,2,2,2,1,2,1,2,1,2,1,2,2
1479,0,0,0,0,0,0,0,0,0,0,0,0,0,0,0,0,0,0,0,0,0,0
1480,0,1,0,1,0,2,0,1,0,1,0,0,0,2,0,2,0,2,0,2,0,0
1481,0,1,0,1,0,1,0,1,1,1,1,1,1,0,0,1,1,1,1,1,1,1
1482,1,0,1,0,0,0,0,0,0,1,1,0,1,0,0,0,0,0,2,1,1,0
1483,1,0,2,0,1,0,1,0,1,0,1,1,0,0,1,0,0,0,1,0,0,0
1484,0,0,0,0,0,0,0,0,0,0,0,0,0,0,0,0,0,0,0,0,0,0
1485,0,0,0,0,0,0,0,0,0,0,0,0,0,0,0,0,0,0,0,0,1,1
1486,0,0,0,0,0,0,0,0,0,0,0,0,0,0,0,0,0,0,0,0,0,0
1487,1,0,1,0,1,0,1,0,1,0,1,0,1,0,1,0,1,0,1,0,1,2
1488,2,2,2,1,2,1,2,1,2,1,2,2,2,2,2,2,2,2,2,2,2,2
1489,2,2,2,2,2,2,2,2,2,2,2,0,2,0,0,0,2,2,2,2,2,1
1490,0,0,0,0,0,0,0,0,0,0,0,0,1,0,0,0,1,0,1,0,1,0
1491,0,0,1,0,0,0,0,0,1,0,0,0,0,0,0,0,0,0,1,0,0,0
1492,0,1,0,0,0,1,0,0,0,1,0,0,1,0,0,0,0,0,0,0,1,0
1493,0,0,0,0,0,0,0,0,0,0,0,0,0,0,0,0,0,1,0,0,0,0
1494,0,0,0,0,0,0,0,0,0,0,0,0,0,0,0,0,0,0,0,0,0,0
1495,1,1,1,1,1,1,1,1,2,2,1,1,1,1,0,0,2,2,1,1,1,1
1496,0,0,0,0,0,0,0,0,0,0,0,0,0,0,0,0,0,0,0,0,0,2
1497,2,2,2,0,2,2,2,0,2,0,2,0,2,0,2,0,2,0,2,0,2,0
1498,2,2,2,2,2,2,2,2,2,2,2,2,2,2,2,2,2,2,2,2,2,2
1499,2,2,2,2,2,2,2,2,2,2,2,2,2,2,2,2,2,2,2,2,2,2
1500,0,0,0,0,0,0,0,0,0,0,0,0,0,0,0,0,0,0,0,0,0,2
1501,2,2,2,2,2,2,2,2,2,2,0,2,0,0,0,0,2,2,2,2,0,0
1502,2,2,2,2,2,2,2,2,2,2,2,2,2,2,2,2,2,2,2,2,2,0
1503,0,0,0,0,0,0,0,0,0,0,0,0,0,0,0,0,0,0,0,0,0,0
1504,1,0,1,0,1,0,1,0,1,0,1,0,1,0,1,0,1,0,1,0,1,2
1505,1,1,0,0,1,1,0,1,1,1,0,0,1,0,0,0,0,0,0,0,1,0
1506,2,0,2,0,2,0,2,0,0,0,0,0,0,0,0,0,2,0,2,0,0,0
1507,0,0,0,0,0,0,0,0,0,0,0,0,0,0,0,0,0,0,0,0,0,0
1508,2,2,2,2,2,2,2,2,2,2,2,2,2,2,2,2,2,2,2,2,2,2
1509,0,0,0,0,0,0,0,0,0,0,0,0,0,0,0,0,0,0,0,0,0,0
1510,1,0,1,0,1,0,1,0,1,0,1,0,1,0,1,0,1,0,1,0,1,0
1511,2,1,2,1,2,1,2,1,2,1,2,0,2,1,2,0,2,0,2,2,2,1
1512,2,2,2,2,2,2,2,2,2,2,2,2,2,2,2,2,2,2,2,2,2,2
1513,2,1,2,1,1,1,0,2,2,2,2,2,1,1,0,0,0,2,1,2,1,2
1514,0,2,0,2,0,2,0,0,1,2,0,0,0,2,0,0,0,2,1,2,0,0
1515,0,0,0,0,0,0,0,0,0,0,0,0,0,0,0,0,0,0,0,0,0,1
1516,0,0,0,0,0,0,0,0,0,0,0,0,0,0,0,0,0,0,0,1,0,0
1517,0,1,0,0,0,0,0,0,0,0,0,0,0,0,0,0,0,1,0,0,0,0
1518,1,2,1,2,1,2,1,2,1,2,1,2,1,2,1,2,2,2,1,2,1,2
1519,1,2,1,0,0,0,0,0,1,0,0,0,1,0,0,0,0,0,1,0,1,0
1520,0,0,1,1,0,0,0,0,0,0,0,0,0,0,0,0,0,0,0,0,0,0
1521,2,2,2,2,2,2,2,2,2,2,2,2,2,2,2,2,2,2,2,2,2,2
1522,2,1,1,1,0,1,0,1,1,1,0,0,0,0,0,0,0,1,2,1,0,2
1523,1,1,1,1,1,1,1,0,1,1,1,1,1,1,1,0,1,1,1,1,1,0
1524,2,2,2,2,2,2,2,2,2,2,1,2,2,2,1,2,2,2,2,2,2,2
1525,0,0,0,0,0,0,0,0,0,0,0,0,0,0,0,0,0,0,0,0,0,0
1526,1,1,1,1,1,1,2,1,1,1,2,1,1,1,1,1,2,1,2,1,1,0
1527,1,2,2,2,2,2,2,2,2,2,2,2,2,2,2,2,2,2,1,1,2,2
1528,1,1,1,1,1,0,1,0,1,1,1,1,1,0,1,1,1,2,1,1,1,1
1529,0,0,0,0,0,0,0,0,0,0,0,0,0,0,0,0,0,0,0,0,0,0
1530,1,0,1,1,1,0,0,0,1,0,1,0,1,0,1,0,1,1,1,1,1,0
1531,0,2,2,2,0,0,0,0,0,0,0,2,0,2,0,2,0,2,2,2,0,2
1532,1,0,1,0,0,0,0,0,0,0,1,0,1,0,0,0,1,0,1,0,1,0
1533,0,0,0,0,0,0,0,0,0,0,0,0,0,0,0,0,0,0,1,0,0,0
1534,1,1,1,1,1,1,1,1,1,1,2,1,1,1,1,1,2,1,1,1,1,2
1535,0,0,0,0,0,0,0,0,1,0,0,0,1,1,0,0,0,0,0,0,1,0
1536,2,2,2,2,2,2,2,0,2,2,2,2,2,2,2,0,1,0,1,1,2,0
1537,0,0,1,0,1,0,1,0,1,0,1,0,1,0,1,1,1,0,1,0,1,1
1538,0,2,0,1,0,2,0,1,0,2,0,0,0,2,0,0,0,2,0,2,0,2
1539,0,0,0,0,0,0,0,0,1,1,0,0,0,1,0,0,0,0,0,0,0,2
1540,0,0,0,0,0,0,0,0,0,0,0,0,0,0,0,0,0,0,0,0,0,0
1541,0,0,0,0,0,0,0,0,0,0,0,0,0,0,0,0,0,0,0,1,0,0
1542,1,0,1,1,0,0,0,0,1,1,1,0,1,1,1,0,1,0,1,0,1,2
1543,0,0,0,0,0,0,0,0,0,0,0,0,0,0,0,0,0,0,0,0,0,2
1544,0,0,0,0,0,0,0,0,0,0,0,0,0,0,0,0,0,0,2,0,0,0
1545,0,0,0,0,0,1,0,0,1,1,0,0,0,0,0,0,0,0,1,1,0,1
1546,0,0,0,0,0,0,0,0,0,0,0,0,0,0,0,0,0,0,0,0,0,0
1547,0,0,0,0,0,0,0,0,0,0,0,0,0,0,0,0,0,0,0,0,0,0
1548,0,0,0,0,0,0,0,0,0,0,0,0,0,0,0,0,0,0,0,0,0,0
1549,0,0,0,0,0,0,0,0,0,0,0,0,0,0,0,0,0,0,0,0,0,0
1550,0,1,1,0,1,0,0,1,1,1,2,1,1,1,0,1,2,1,1,1,1,1
1551,1,0,1,1,1,0,1,0,1,1,1,0,0,0,1,0,1,0,1,1,0,0
1552,0,0,0,0,0,0,0,0,0,0,0,0,0,0,0,0,0,0,0,0,0,0
1553,1,0,1,0,1,0,1,0,1,0,1,0,1,0,1,0,1,0,1,0,1,1
1554,2,0,2,1,1,1,2,0,2,1,2,0,1,0,1,0,1,0,1,0,1,1
1555,0,0,0,0,0,0,0,0,0,0,0,0,0,0,0,0,0,0,0,0,0,0
1556,1,1,1,1,1,1,0,0,1,1,1,1,1,1,1,1,1,1,1,1,1,2
1557,1,1,0,0,0,0,0,0,0,1,0,2,1,2,0,0,1,1,1,1,1,2
1558,0,0,2,0,2,0,0,0,0,0,0,0,2,0,0,0,0,0,1,1,2,0
1559,2,2,2,2,2,2,2,0,2,2,2,2,2,2,2,2,2,2,2,2,2,1
1560,0,2,0,2,0,2,0,2,0,2,0,2,0,2,0,2,0,2,0,1,0,1
1561,0,0,0,0,0,0,0,0,0,0,0,0,0,0,0,0,0,0,0,0,0,0
1562,0,0,0,0,0,0,0,0,0,0,0,0,0,0,0,0,0,0,1,0,0,0
1563,0,0,1,0,1,0,1,0,1,0,1,0,1,0,0,0,0,0,2,0,1,0
1564,2,2,2,2,2,2,2,2,2,2,2,2,0,2,0,2,2,2,2,2,0,1
1565,2,0,2,0,2,0,2,0,2,2,2,0,2,0,2,0,2,2,2,2,2,2
1566,1,1,1,1,1,1,1,1,1,1,1,1,1,1,1,1,1,1,1,1,1,2
1567,0,2,0,2,0,2,0,2,0,2,0,2,0,2,0,2,0,2,0,1,0,0
1568,0,0,0,0,0,0,0,0,0,0,0,0,0,0,0,0,0,0,0,0,0,2
1569,0,1,0,0,0,1,0,0,0,1,0,0,0,0,0,0,0,0,0,0,0,0
1570,2,2,2,2,2,2,2,2,2,2,2,2,2,2,2,2,2,2,2,2,2,0
1571,0,0,1,1,0,0,0,0,0,0,0,0,0,0,0,0,0,0,0,0,0,0
1572,0,0,0,0,0,0,0,0,0,0,0,0,0,0,0,1,0,0,0,0,0,0
1573,0,0,0,0,0,0,0,0,0,0,0,0,0,0,0,0,0,0,0,0,0,0
1574,2,0,2,0,2,0,0,0,2,2,0,0,2,0,0,0,2,0,2,2,2,0
1575,0,0,0,0,0,0,0,0,0,0,0,0,0,0,0,0,0,0,0,0,0,0
1576,1,0,0,0,0,0,0,0,1,0,1,0,1,0,0,0,1,0,1,1,1,0
1577,0,0,0,0,0,0,0,0,0,0,0,0,0,0,0,0,0,0,0,0,0,2
1578,1,0,1,0,1,0,0,0,1,0,1,0,1,0,0,0,1,2,1,0,1,2
1579,0,0,0,0,0,0,0,0,0,0,0,0,0,0,0,0,0,0,0,0,0,0
1580,1,2,1,2,1,2,1,2,2,2,1,2,1,2,2,2,2,2,1,2,1,0
1581,0,0,1,1,0,0,0,0,0,1,0,0,0,0,0,0,0,0,0,2,0,2
1582,2,2,2,2,2,2,2,2,2,2,2,2,1,2,0,2,2,2,2,2,1,0
1583,1,0,1,0,1,0,0,0,1,1,0,0,0,0,0,0,0,0,1,0,0,0
1584,0,0,0,0,0,0,0,0,0,0,0,0,0,0,0,0,0,0,0,0,0,0
1585,1,1,1,1,1,1,1,1,1,1,1,1,1,1,0,0,1,1,1,1,1,2
1586,0,0,0,0,0,0,0,0,0,0,0,0,0,0,0,0,0,0,0,0,0,0
1587,2,2,2,2,2,2,2,2,2,2,2,2,2,2,2,2,2,2,2,2,2,2
1588,0,0,0,0,0,0,0,0,0,0,0,0,0,0,0,0,0,0,0,0,0,2
1589,0,0,0,0,0,0,0,0,0,0,0,0,0,0,0,0,0,0,0,0,0,0
1590,0,0,0,0,0,0,0,0,0,0,0,0,0,0,0,0,0,0,0,0,0,0
1591,1,0,0,0,0,0,0,0,1,1,0,0,0,0,0,0,0,0,2,0,0,0
1592,0,2,0,2,0,2,0,2,0,2,0,2,0,0,0,2,0,2,0,2,0,1
1593,0,2,0,1,0,1,0,1,0,1,0,2,0,2,0,2,0,2,1,1,0,1
1594,0,0,0,1,0,0,0,0,1,1,1,1,1,1,0,0,0,1,0,1,1,1
1595,2,2,2,2,2,2,2,2,2,2,2,2,2,2,0,2,2,2,2,2,2,0
1596,0,0,1,1,0,0,0,0,0,1,0,0,0,1,0,0,0,1,0,1,0,0
1597,2,1,2,2,2,2,2,1,2,1,2,1,1,1,0,0,2,1,2,1,1,0
1598,0,0,0,0,0,0,0,0,0,0,0,0,0,0,0,0,0,0,0,0,0,2
1599,1,2,1,1,1,1,1,2,1,2,1,1,1,2,1,1,1,2,1,2,1,1
1600,0,0,0,0,0,0,0,0,0,0,0,0,0,0,0,0,0,0,0,0,0,2
1601,1,2,1,2,2,2,1,1,1,2,2,2,1,0,2,0,1,0,1,0,1,2
1602,1,1,0,1,1,1,0,1,1,1,0,0,0,0,0,0,0,0,0,2,0,0
1603,1,1,1,1,1,1,1,1,1,1,1,1,1,1,1,1,1,1,1,1,1,2
1604,0,0,0,0,0,0,0,0,0,0,0,0,0,0,0,0,0,0,0,0,0,0
1605,0,0,1,0,1,0,1,0,1,0,1,0,1,0,1,0,1,0,1,0,1,2
1606,1,1,1,1,0,0,0,0,1,1,0,0,0,0,1,1,0,0,1,1,0,2
1607,2,0,2,0,2,0,2,0,2,0,2,0,0,0,2,0,2,0,1,0,0,0
1608,0,2,0,2,0,2,0,2,0,2,0,0,0,2,0,0,0,0,0,2,0,2
1609,0,0,0,0,0,0,0,0,0,0,0,0,0,0,0,0,0,0,0,0,0,0
1610,0,0,0,0,0,0,0,0,0,0,0,0,0,0,0,0,0,0,0,0,0,1
1611,0,0,0,0,0,0,0,0,0,0,0,0,0,0,0,0,0,0,0,0,0,2
1612,1,1,1,1,1,1,1,1,1,1,1,1,1,1,1,1,1,1,1,1,1,0
1613,0,0,0,0,0,0,0,0,1,0,0,0,0,0,0,0,0,0,0,0,0,0
1614,0,2,0,0,0,2,0,0,0,2,0,2,0,0,0,0,0,0,0,0,0,2
1615,0,0,0,0,0,0,0,0,0,0,0,0,0,0,0,0,0,0,0,0,0,0
1616,0,0,0,0,0,0,0,0,0,0,0,0,0,0,0,0,0,0,0,0,0,1
1617,2,0,2,0,2,0,2,0,2,0,2,1,2,0,2,0,2,0,2,1,2,2
1618,0,2,0,2,1,2,0,2,0,2,0,2,0,2,0,2,0,2,0,2,0,0
1619,0,0,0,0,0,0,0,0,0,0,0,0,0,0,0,0,0,0,0,0,0,0
1620,0,1,0,1,0,1,0,0,0,1,0,1,0,1,0,1,0,1,0,1,0,1
1621,2,2,2,2,2,2,2,1,2,2,2,2,2,2,1,0,2,2,2,2,2,1
1622,0,0,0,0,1,0,0,0,0,0,0,0,0,0,0,0,0,0,1,0,0,1
1623,0,0,0,0,0,0,0,0,1,0,0,0,0,0,0,0,0,0,0,0,0,0
1624,1,1,1,1,1,1,1,1,1,1,1,1,1,1,1,0,1,1,1,1,1,0
1625,1,0,0,0,2,0,0,0,2,0,2,0,0,0,0,0,2,0,2,2,0,0
1626,0,0,0,0,0,0,0,0,0,0,0,0,0,0,0,0,0,0,0,0,0,0
1627,1,0,0,0,0,0,0,0,0,1,0,0,0,0,0,0,0,0,0,0,0,0
1628,0,0,1,0,0,0,0,0,0,0,0,0,1,0,0,0,0,0,0,0,1,0
1629,1,0,1,0,1,0,0,0,1,1,1,0,0,0,0,0,1,0,1,1,0,2
1630,1,0,1,0,1,0,1,0,1,1,1,0,1,0,1,0,1,1,1,1,1,2
1631,1,2,1,2,1,2,1,2,1,2,1,2,1,2,1,2,1,2,1,2,1,2
1632,0,0,0,0,0,0,0,0,0,0,0,0,0,0,0,0,0,0,0,0,0,2
1633,0,0,0,0,0,0,0,0,0,1,0,0,0,0,0,0,0,0,0,0,0,0
1634,0,0,0,0,0,0,0,0,0,0,0,0,0,0,0,0,0,0,0,0,0,0
1635,0,0,0,0,0,0,0,0,0,0,0,0,0,0,0,0,0,0,0,0,0,0
1636,1,0,1,0,1,0,1,0,1,0,1,0,1,0,1,0,1,2,1,2,1,0
1637,2,2,1,0,2,0,2,0,2,0,2,0,1,0,2,0,2,0,2,2,1,0
1638,1,0,1,0,1,0,0,0,0,0,1,0,1,0,0,0,1,0,1,0,1,1
1639,1,0,1,1,1,0,1,0,1,1,1,1,1,0,0,0,1,1,1,1,1,2
1640,0,0,0,0,0,0,0,0,0,0,0,0,0,0,0,0,0,0,0,0,0,2
1641,1,0,1,1,1,1,1,1,1,0,1,1,1,1,1,0,1,1,1,1,1,1
1642,2,0,1,0,0,0,0,0,1,1,2,0,2,0,0,0,1,1,1,1,2,1
1643,2,1,2,0,2,1,2,0,2,1,2,0,2,0,0,0,2,1,2,1,2,0
1644,2,2,2,2,2,2,2,2,2,2,2,2,2,2,2,2,2,2,2,2,2,1
1645,0,0,0,0,0,0,0,0,0,0,0,0,0,0,0,0,0,0,0,0,0,0
1646,0,0,0,0,0,0,0,0,0,0,0,0,0,0,0,0,0,0,0,0,0,0
1647,2,2,2,2,2,2,2,2,2,2,2,2,2,2,2,2,2,2,2,2,2,0
1648,1,2,1,1,1,2,1,0,1,0,1,0,0,0,0,0,0,0,1,2,0,0
1649,1,1,1,1,1,1,0,0,1,1,1,1,1,1,1,1,1,1,1,1,1,0
1650,0,0,0,0,0,0,0,0,0,1,0,0,0,0,0,0,0,1,0,0,0,0
1651,2,2,2,2,2,2,2,2,2,2,2,0,2,0,0,0,2,0,2,2,2,0
1652,1,1,1,1,1,1,1,1,1,1,1,1,1,1,0,1,2,1,1,1,1,1
1653,0,0,0,0,0,0,0,0,0,0,0,0,0,0,0,0,0,0,0,2,0,2
1654,2,2,2,1,2,0,0,0,0,0,2,1,2,2,0,0,1,1,2,1,2,2
1655,0,0,0,0,0,0,0,0,0,0,0,0,0,0,0,0,0,0,0,0,0,0
1656,0,0,0,0,0,0,0,0,0,0,0,0,0,0,0,0,0,0,0,0,0,0
1657,0,0,0,0,0,0,0,0,1,0,0,0,1,0,0,0,0,0,1,0,1,2
1658,0,0,1,0,0,0,0,0,0,1,0,0,0,0,0,0,1,0,0,0,0,0
1659,1,1,1,1,1,1,1,1,1,1,1,1,1,1,1,1,1,1,1,1,1,2
1660,1,1,1,1,1,1,1,1,1,1,1,0,1,1,1,0,1,1,1,1,1,2
1661,2,0,0,0,0,0,0,0,0,0,0,0,0,0,0,0,0,0,2,0,0,0
1662,0,0,0,0,0,0,0,0,0,0,0,0,0,0,0,0,0,0,0,2,0,0
1663,2,2,2,2,2,2,2,2,2,2,2,2,2,2,2,2,2,2,2,2,2,1
1664,0,0,0,0,0,0,0,0,0,0,1,0,0,0,0,0,0,0,0,0,0,0
1665,2,2,2,1,2,0,2,0,2,1,2,0,1,0,1,0,2,0,1,0,1,0
1666,0,0,0,0,1,0,0,0,1,1,0,0,0,0,0,0,1,0,1,1,0,0
1667,0,0,0,0,0,0,0,0,0,0,0,0,0,0,0,0,0,0,0,0,0,0
1668,2,2,2,2,2,2,2,2,2,2,2,2,2,2,2,2,2,2,2,2,2,2
1669,1,1,1,0,1,1,1,0,1,1,1,1,1,1,0,0,1,1,1,1,1,1
1670,0,0,0,0,0,0,0,0,0,0,0,0,0,0,0,0,0,0,0,0,0,0
1671,0,1,0,0,1,0,1,1,1,1,0,0,0,0,1,0,1,1,0,0,0,2
1672,1,1,1,1,1,1,0,0,1,1,1,1,1,1,0,0,1,1,1,1,1,0
1673,0,0,1,0,1,0,0,0,1,0,0,0,1,0,0,0,0,0,1,0,1,0
1674,0,0,0,0,0,0,0,0,1,1,0,0,0,0,0,0,1,1,0,0,0,2
1675,1,1,1,1,1,1,0,1,1,1,1,1,0,1,0,1,0,1,1,1,0,2
1676,1,0,1,0,1,0,0,0,1,1,0,0,1,0,0,0,0,0,1,0,1,0
1677,2,2,2,2,2,2,2,2,2,2,0,2,2,2,0,2,2,2,2,2,2,0
1678,1,1,1,2,1,2,0,1,1,2,1,0,1,2,0,2,1,1,1,1,1,0
1679,0,0,0,0,0,0,0,0,0,0,0,0,0,0,0,0,0,0,0,0,0,0
1680,0,0,0,0,1,0,1,0,1,0,0,0,0,0,0,0,1,0,2,0,0,1
1681,2,0,0,0,0,0,0,0,0,1,0,0,0,0,0,0,0,0,0,0,0,0
1682,1,1,1,1,1,1,0,0,1,1,1,1,0,0,0,0,1,1,1,1,0,1
1683,0,0,0,0,0,0,0,0,0,0,0,0,0,0,0,0,0,0,0,0,0,0
1684,0,0,0,0,0,0,0,0,0,0,0,0,0,0,0,0,0,0,0,0,0,0
1685,0,0,0,0,0,0,0,0,0,0,0,0,0,0,0,0,0,0,0,0,0,0
1686,1,0,0,0,1,0,0,0,1,0,1,0,1,0,0,0,0,0,0,0,1,2
1687,2,2,2,2,0,2,2,2,2,2,0,2,2,2,0,2,2,2,2,2,2,1
1688,0,0,0,0,0,0,0,0,0,0,0,0,0,0,0,0,0,0,0,0,0,0
1689,0,2,0,2,0,2,0,1,0,2,0,0,0,2,0,2,0,2,1,2,0,2
1690,2,2,2,0,2,0,2,0,2,0,0,0,0,0,2,0,2,0,2,2,0,0
1691,0,0,0,0,0,0,0,0,0,0,0,0,0,0,0,0,0,0,0,0,0,0
1692,2,2,2,2,1,1,1,1,1,1,1,1,1,1,1,1,1,1,1,1,1,1
1693,2,2,2,2,2,2,2,2,2,2,2,2,2,2,2,2,2,2,2,2,2,0
1694,0,0,0,0,0,0,0,0,0,0,0,0,0,0,0,0,0,0,0,0,0,0
1695,0,2,0,0,0,2,0,0,0,0,0,0,0,0,0,0,0,0,0,2,0,0
1696,2,0,2,0,0,0,2,0,2,0,0,0,0,0,0,0,2,0,2,1,0,0
1697,0,1,0,0,0,0,0,0,0,0,0,0,0,1,0,0,0,0,0,1,0,1
1698,0,0,0,0,0,0,0,0,0,0,0,0,0,0,0,0,0,0,0,0,0,0
1699,2,2,2,1,2,2,2,1,2,1,2,2,2,1,2,2,2,1,2,1,2,0
1700,0,1,0,1,0,1,0,0,1,1,0,0,0,0,0,0,0,0,0,0,0,0
1701,1,0,1,0,0,0,0,0,1,0,0,0,1,0,0,0,1,0,0,0,1,0
1702,0,0,0,0,0,0,0,0,0,0,0,0,0,0,0,0,0,0,0,0,0,0
1703,2,2,2,2,2,2,2,2,2,2,2,2,2,2,2,2,2,2,2,2,2,0
1704,0,0,0,0,0,0,0,0,0,0,0,0,0,0,0,0,0,0,0,0,0,2
1705,0,0,1,1,1,1,0,0,1,1,1,1,1,1,1,1,1,1,1,1,1,0
1706,2,2,2,2,2,2,2,2,2,2,2,2,2,2,2,2,2,2,2,2,2,2
1707,1,1,1,1,1,1,1,1,1,1,1,1,1,1,1,1,1,1,1,1,1,0
1708,1,2,1,1,1,1,1,0,1,1,1,1,1,1,1,1,1,1,1,1,1,2
1709,0,0,0,0,0,0,0,0,0,0,0,0,0,0,0,0,0,0,0,0,0,2
1710,0,0,0,0,0,0,0,0,0,0,0,0,0,0,0,0,0,0,0,0,0,0
1711,2,2,2,0,2,0,2,0,2,1,2,0,2,0,2,0,2,2,2,1,2,0
1712,1,2,1,2,2,2,1,2,1,2,1,0,1,2,1,2,1,2,1,2,1,0
1713,0,0,0,0,0,0,0,0,0,0,0,0,0,0,0,0,0,0,0,0,0,2
1714,0,1,0,1,0,1,0,1,0,1,0,1,0,1,0,1,0,1,0,1,0,2
1715,0,0,0,0,0,0,0,0,0,0,0,0,0,0,0,0,0,0,0,0,0,0
1716,0,0,0,0,0,0,0,0,0,0,0,0,0,0,0,0,0,0,0,0,0,0
1717,1,0,1,0,1,0,0,0,1,0,0,0,0,0,0,0,0,0,1,0,0,0
1718,0,0,0,0,0,0,0,0,0,0,0,0,0,0,0,0,0,0,0,0,0,0
1719,0,2,0,2,0,2,0,2,0,2,0,2,0,2,0,2,0,2,0,2,0,0
1720,0,1,0,1,0,2,0,1,0,2,0,2,0,0,0,2,0,2,0,2,0,1
1721,2,0,2,0,2,0,2,0,2,0,2,0,2,0,2,0,2,0,2,2,2,2
1722,2,2,2,2,2,2,2,2,2,2,0,0,2,2,2,2,2,2,2,2,2,2
1723,1,0,1,0,1,0,0,0,1,0,1,0,1,0,0,0,0,0,1,0,1,1
1724,1,1,1,1,1,1,0,1,1,1,0,0,1,1,0,1,0,0,1,1,1,0
1725,2,0,1,0,2,0,1,0,2,0,2,0,1,0,2,0,2,0,1,0,1,1
1726,0,0,0,0,0,0,0,0,1,0,0,0,0,0,0,0,0,0,0,2,0,0
1727,0,0,0,2,0,0,0,0,0,0,0,0,0,0,0,0,0,0,0,0,0,2
1728,0,0,0,0,0,0,0,0,1,0,1,0,1,0,0,0,1,0,0,0,1,0
1729,2,0,1,0,2,0,1,0,1,0,2,0,2,0,1,0,1,0,1,0,2,2
1730,0,0,1,1,1,1,1,0,1,1,1,1,1,1,0,1,1,1,1,1,1,0
1731,0,0,0,0,0,0,0,0,0,1,0,0,0,0,0,0,0,0,0,0,0,0
1732,1,1,1,1,1,1,1,1,1,1,1,1,1,1,1,1,1,1,1,1,1,2
1733,0,0,0,0,0,0,0,0,0,0,0,0,0,0,0,0,0,0,0,0,0,0
1734,1,2,1,2,1,2,1,2,1,2,1,2,1,2,1,2,1,2,1,2,1,2
1735,1,0,1,1,1,0,1,0,1,1,1,0,1,1,1,0,2,2,1,1,1,1
1736,0,0,0,0,0,0,0,0,0,0,0,0,0,0,0,0,0,0,0,0,0,0
1737,0,0,0,0,0,0,0,0,0,0,0,0,0,0,0,0,0,0,0,0,0,1
1738,0,0,0,0,0,0,0,0,0,0,0,0,0,0,0,0,0,0,0,0,0,0
1739,1,1,1,1,1,1,0,0,1,1,1,1,0,0,0,0,0,0,1,1,0,2
1740,1,2,1,2,1,2,1,2,1,2,1,2,1,2,1,2,1,2,1,2,1,1
1741,1,0,1,1,1,0,0,0,1,1,1,1,1,1,0,0,1,0,1,0,1,0
1742,0,2,0,0,1,1,0,0,0,0,0,0,0,0,0,0,0,0,0,0,0,0
1743,1,1,1,1,1,1,0,0,0,1,0,0,0,1,0,0,0,1,1,1,0,0
1744,0,0,0,0,1,0,0,0,1,0,1,0,1,0,0,0,1,0,0,0,1,0
1745,0,0,0,0,0,0,0,0,0,0,0,0,0,0,0,0,0,0,0,0,0,0
1746,2,1,0,1,1,1,0,1,1,1,0,2,0,1,0,2,0,1,0,1,0,1
1747,0,0,0,0,0,0,0,0,0,0,0,0,0,0,0,0,0,0,0,0,0,0
1748,0,0,0,0,0,0,0,0,0,0,0,0,0,0,0,0,0,0,0,1,0,1
1749,0,0,1,1,1,1,0,0,1,1,1,1,1,1,1,1,1,1,1,1,1,2
1750,1,2,1,1,1,2,1,1,1,1,1,2,1,1,1,2,1,2,1,1,1,1
1751,0,1,0,0,0,0,0,0,0,1,0,0,0,0,0,0,0,0,0,1,0,2
1752,0,0,0,0,0,0,0,0,1,0,0,0,0,0,0,0,0,0,1,0,0,0
1753,0,2,0,0,0,0,0,0,0,2,0,0,0,0,0,0,0,0,0,0,0,2
1754,1,1,1,1,1,1,0,0,1,1,0,0,1,1,0,0,1,0,0,0,1,0
1755,1,1,1,1,0,0,0,0,1,1,1,0,1,1,0,0,1,1,1,1,1,0
1756,1,1,1,1,1,1,1,1,1,1,1,2,1,2,1,2,1,1,1,1,1,0
1757,0,0,0,0,0,0,0,0,0,0,0,0,0,0,0,0,0,0,0,0,0,0
1758,1,1,1,1,1,1,1,1,1,1,2,1,1,1,1,0,1,0,1,1,1,2
1759,2,0,0,0,0,0,0,0,2,0,2,0,0,0,0,0,0,0,0,0,0,0
1760,0,0,0,0,0,0,0,0,0,0,0,0,0,0,0,0,0,0,0,0,0,0
1761,0,0,0,0,0,0,0,0,0,0,0,0,0,0,0,0,0,0,0,0,0,0
1762,0,0,0,0,0,0,0,0,0,0,0,0,0,0,0,0,0,0,0,0,0,0
1763,0,2,0,2,0,1,0,1,0,2,0,2,0,2,0,0,0,1,0,2,0,0
1764,0,0,0,0,0,0,0,0,0,0,0,0,0,0,0,0,0,0,0,0,0,0
1765,0,0,0,0,0,0,0,0,0,0,0,0,0,0,0,0,0,0,0,0,0,0
1766,0,1,0,1,0,1,0,1,0,1,0,1,0,1,0,1,0,1,0,1,0,1
1767,0,0,0,0,0,0,0,0,0,0,0,0,0,0,0,0,0,0,0,0,0,0
1768,0,0,0,0,0,0,0,0,0,0,0,0,0,0,0,0,0,0,2,0,0,2
1769,1,0,1,0,1,0,1,0,1,0,2,0,1,0,1,0,1,0,1,0,1,2
1770,0,0,0,0,0,0,0,0,0,0,0,0,0,0,0,0,0,0,0,0,0,0
1771,0,0,0,0,0,0,0,0,0,0,0,0,0,0,0,0,0,0,0,0,0,2
1772,2,1,2,1,2,1,2,1,2,1,2,1,2,1,2,1,2,1,2,1,2,2
1773,0,0,0,0,0,0,0,0,0,0,0,0,0,0,0,0,0,0,0,0,0,0
1774,1,1,1,1,1,1,1,1,1,1,0,1,1,1,0,1,1,1,1,1,1,1
1775,0,0,0,0,0,0,0,0,0,0,0,0,0,0,0,0,0,0,0,0,0,0
1776,0,1,0,1,0,0,0,0,0,0,0,0,0,0,0,0,0,0,0,1,0,2
1777,2,2,2,2,2,2,2,2,2,2,2,2,2,2,2,2,2,2,2,2,2,0
1778,1,0,0,0,0,0,0,0,1,0,0,0,0,0,0,0,0,0,0,0,0,0
1779,0,0,0,0,0,0,0,0,0,0,0,0,0,0,0,0,0,0,0,1,0,0
1780,1,1,1,1,1,1,1,1,2,2,1,1,2,2,1,1,1,1,1,1,2,2
1781,1,2,1,2,1,2,1,0,1,1,0,2,1,2,0,2,1,2,1,2,1,2
1782,2,0,2,0,2,0,2,0,2,1,2,0,2,0,2,0,2,0,2,2,2,0
1783,1,0,1,0,1,0,1,0,1,0,1,0,1,0,1,1,1,0,1,1,1,2
1784,2,1,2,1,1,1,2,1,2,1,2,2,0,1,2,0,2,2,2,2,0,0
1785,0,0,0,0,0,0,0,0,0,0,0,0,0,0,0,0,0,0,0,0,0,0
1786,2,1,1,0,2,2,1,0,1,0,2,0,1,0,0,0,2,0,2,2,1,0
1787,0,0,0,0,0,0,0,0,0,1,0,1,0,1,0,0,0,0,0,1,0,0
1788,0,0,0,0,0,0,0,0,0,0,0,0,0,0,0,0,0,0,0,0,0,0
1789,0,0,0,0,0,0,0,0,0,0,0,0,0,0,0,0,0,0,0,0,0,0
1790,0,0,0,0,0,0,0,0,0,0,0,0,0,0,0,0,0,0,0,0,0,0
1791,0,2,0,2,0,0,0,0,0,2,0,0,0,0,0,0,0,0,0,2,0,1
1792,0,0,0,0,0,0,0,0,0,0,0,0,0,0,0,0,0,0,0,0,0,0
1793,0,1,0,0,0,0,0,0,0,0,0,0,0,0,0,0,0,0,0,2,0,0
1794,0,0,1,0,0,0,0,0,0,0,1,0,0,0,0,0,1,0,0,0,0,0
1795,0,0,0,0,0,0,0,0,0,0,0,0,0,0,0,0,0,0,0,0,0,0
1796,0,0,0,0,0,0,0,0,1,1,0,0,0,0,0,0,0,0,0,0,0,0
1797,2,2,1,0,2,0,1,0,1,1,0,0,1,0,2,0,2,0,2,0,1,0
1798,0,0,0,0,0,0,0,0,0,0,0,0,0,0,0,0,0,0,0,0,0,0
1799,1,1,1,1,0,0,1,1,1,1,1,0,0,1,0,1,1,1,1,1,0,1
1800,1,0,1,0,1,0,1,0,1,0,1,0,1,0,1,0,1,0,1,0,1,0
1801,1,1,1,1,0,0,1,1,1,1,0,0,1,1,0,0,0,0,2,2,1,1
1802,0,1,0,1,0,1,0,0,0,1,0,1,0,1,0,1,0,1,0,1,0,1
1803,0,0,0,0,0,0,0,0,0,0,0,0,0,0,0,0,0,0,0,0,0,0
1804,0,0,0,0,0,0,0,0,0,0,0,0,0,0,0,0,0,0,0,0,0,0
1805,0,0,0,0,0,0,0,0,0,0,0,0,0,0,0,0,0,0,0,0,0,0
1806,0,2,1,2,1,2,0,2,1,2,0,2,0,0,0,2,0,2,1,2,0,1
1807,2,0,2,0,2,0,2,0,2,0,2,0,2,0,2,0,2,0,2,0,2,2
1808,0,0,0,0,0,0,0,0,0,0,0,0,0,0,0,0,0,0,0,0,0,2
1809,0,0,0,0,0,0,0,0,0,0,0,0,0,0,0,0,0,0,0,0,0,0
1810,1,1,1,1,0,1,0,1,1,1,1,1,1,1,0,0,1,1,1,1,1,0
1811,0,2,0,2,0,2,0,0,0,2,0,2,0,2,0,0,0,2,0,2,0,2
1812,0,0,1,1,0,0,0,0,1,0,0,0,1,0,0,0,1,0,1,1,1,2
1813,1,1,1,1,1,1,0,0,1,1,2,2,1,1,0,0,1,1,1,1,1,1
1814,0,0,0,0,0,0,0,0,0,0,0,0,0,0,0,0,0,0,0,0,0,0
1815,1,2,1,2,0,2,0,2,1,2,1,2,1,2,1,2,0,0,1,2,1,2
1816,0,0,0,0,0,0,0,0,0,0,0,0,0,0,0,0,0,0,0,0,0,0
1817,2,0,0,0,1,0,0,0,1,0,0,0,0,0,0,0,2,0,1,2,0,0
1818,0,2,0,0,0,0,0,0,0,2,0,0,0,0,0,0,0,2,0,2,0,0
1819,0,0,0,0,0,0,0,0,1,0,1,0,1,0,0,0,0,0,0,0,1,0
1820,0,0,1,0,0,0,0,0,1,0,0,0,0,0,0,0,0,0,0,0,0,0
1821,2,0,2,0,2,0,2,0,2,0,2,0,2,0,2,0,2,0,2,0,2,0
1822,1,1,1,1,0,1,0,1,1,1,1,1,1,1,0,0,0,0,1,1,1,0
1823,2,2,0,0,2,2,0,1,0,2,0,1,0,2,0,0,0,2,2,2,0,1
1824,1,0,1,0,1,1,0,0,1,2,1,0,1,0,1,0,1,0,0,0,1,2
1825,0,2,0,0,0,0,0,0,0,1,0,0,0,0,0,0,0,0,0,0,0,0
1826,1,0,1,0,1,1,1,0,1,2,1,0,1,0,0,0,1,1,1,1,1,0
1827,0,0,0,0,0,1,0,0,0,1,0,1,0,0,0,1,0,1,0,1,0,0
1828,0,0,0,0,0,0,0,0,0,0,0,0,0,0,0,0,0,0,0,0,0,1
1829,0,2,0,1,0,1,0,0,0,1,1,2,1,0,1,1,1,2,1,1,1,2
1830,1,0,1,0,0,0,0,0,1,0,0,0,0,0,0,0,0,0,0,0,0,0
1831,0,2,0,1,0,1,0,2,0,1,0,1,0,1,0,2,0,2,0,2,0,0
1832,0,0,0,0,0,0,0,0,0,1,0,0,0,0,0,0,0,0,0,1,0,1
1833,0,0,0,0,0,0,0,0,0,0,0,0,0,0,0,0,0,0,0,0,0,0
1834,0,0,0,0,0,0,0,0,0,0,0,0,0,0,0,0,0,0,0,0,0,2
1835,1,1,1,1,1,1,1,1,1,1,1,0,1,1,1,1,1,1,1,0,1,1
1836,0,0,0,0,0,0,0,0,0,0,0,0,0,0,0,0,0,0,0,0,0,0
1837,0,0,0,0,0,0,0,0,0,0,0,0,0,0,0,0,0,0,0,0,0,0
1838,0,1,0,0,0,0,0,0,0,0,0,0,0,0,0,0,0,0,0,0,0,0
1839,2,2,2,1,2,1,2,1,2,2,2,2,2,2,2,0,2,0,2,2,2,2
1840,1,0,1,0,0,0,0,0,0,0,0,0,0,0,0,0,0,0,1,0,0,0
1841,2,1,2,1,2,1,2,1,2,1,2,2,2,2,0,0,2,1,2,1,2,2
1842,1,0,1,0,0,0,0,0,0,0,1,0,1,0,0,0,1,0,1,0,1,1
1843,1,0,1,0,1,0,0,0,1,0,0,0,0,0,0,0,0,0,0,0,0,0
1844,1,0,1,0,1,0,1,0,1,0,1,0,1,0,0,0,1,0,1,0,1,0
1845,0,2,0,0,0,2,0,1,0,1,0,0,0,1,0,2,0,1,0,2,0,2
1846,0,2,1,2,1,2,0,2,1,2,0,0,0,1,0,2,0,2,0,2,0,2
1847,2,1,2,0,2,0,2,0,2,0,2,2,2,0,0,0,2,1,2,2,2,0
1848,2,2,2,2,2,2,2,2,2,2,2,2,2,2,2,2,2,2,2,2,2,0
1849,0,0,0,0,0,0,0,0,0,0,0,0,0,0,0,0,0,0,0,0,0,0
1850,0,0,0,0,0,0,0,0,0,0,0,0,0,0,0,0,0,0,0,0,0,0
1851,0,1,0,1,0,0,0,1,0,0,2,0,0,0,0,0,0,0,2,1,0,1
1852,2,2,2,2,2,2,2,2,2,2,0,2,2,2,2,2,2,2,2,2,2,2
1853,0,0,0,0,0,0,0,0,0,0,0,0,0,0,0,0,0,0,0,0,0,1
1854,1,0,0,0,0,0,0,0,1,0,0,0,0,0,0,0,0,0,0,0,0,0
1855,1,0,1,0,1,0,0,0,0,0,1,0,1,0,0,0,1,0,1,0,1,2
1856,0,0,0,0,0,0,0,0,0,0,0,0,0,0,0,0,0,0,0,0,0,0
1857,1,1,2,1,1,1,0,1,1,1,1,1,1,1,0,1,1,1,1,1,1,1
1858,2,2,1,1,2,2,1,1,0,0,0,0,0,0,0,0,0,0,0,0,0,0
1859,1,1,0,0,2,2,0,0,0,0,2,2,1,1,0,0,1,2,0,0,1,0
1860,0,0,0,0,0,0,0,0,0,0,0,0,0,0,0,0,0,0,0,0,0,0
1861,0,0,0,0,0,0,0,0,0,0,0,0,0,0,0,0,0,0,0,0,0,0
1862,1,0,1,0,1,0,0,0,1,1,1,0,0,0,1,0,1,0,1,0,0,0
1863,0,0,0,0,0,0,0,0,0,0,0,0,0,0,0,0,0,0,0,0,0,0
1864,1,1,1,1,1,1,1,1,1,1,1,0,1,1,1,0,1,1,1,2,1,0
1865,0,0,1,1,1,1,1,0,1,1,2,2,1,1,1,0,2,1,1,1,1,0
1866,2,2,2,2,2,2,2,2,2,2,2,2,2,2,2,2,2,2,2,2,2,2
1867,0,0,0,0,0,0,0,0,0,0,0,0,0,0,0,0,0,0,0,0,0,2
1868,1,1,1,1,1,1,1,1,1,1,1,1,1,1,1,1,1,1,1,1,1,2
1869,1,1,1,1,1,1,1,1,1,1,1,1,1,1,1,1,1,1,1,1,1,1
1870,1,1,1,1,1,1,0,0,1,1,0,0,0,0,0,0,0,0,1,1,0,0
1871,0,0,0,0,0,0,0,0,0,0,0,0,0,0,0,0,0,0,0,2,0,0
1872,0,0,0,0,0,0,0,0,0,0,0,0,0,0,0,0,0,0,0,0,0,0
1873,2,0,0,0,2,0,0,0,1,0,0,0,0,0,0,0,0,0,2,0,0,0
1874,0,0,0,0,0,0,0,0,0,0,0,0,0,0,0,0,0,0,0,0,0,0
1875,0,0,0,0,0,0,0,0,0,1,0,0,0,1,0,0,0,0,0,0,0,0
1876,0,0,0,0,0,0,0,0,0,0,1,0,0,0,0,0,0,0,1,0,0,0
1877,0,0,0,0,0,0,0,0,0,0,0,0,0,0,0,0,0,0,0,0,0,0
1878,1,1,1,1,1,1,1,1,2,1,1,2,1,1,1,1,2,1,1,1,1,2
1879,2,2,2,2,2,2,2,2,2,2,2,2,2,2,2,0,2,2,2,2,2,2
1880,2,0,2,0,2,1,2,0,2,1,2,0,2,1,2,1,2,1,2,1,2,1
1881,0,0,0,0,0,0,0,0,0,0,0,0,0,0,0,0,0,0,0,0,0,0
1882,0,0,0,0,0,0,0,0,0,0,0,0,0,1,0,0,0,0,1,0,0,1
1883,0,0,0,0,0,0,0,0,0,0,0,0,0,0,0,0,0,0,0,0,0,0
1884,0,0,0,0,0,0,0,0,0,0,0,0,1,0,0,0,0,0,0,0,1,0
1885,1,1,1,0,0,0,0,0,1,1,2,0,1,1,0,0,2,2,1,0,1,1
1886,0,0,0,0,0,0,0,0,0,0,0,0,0,0,0,0,0,0,0,0,0,0
1887,0,0,0,0,0,0,0,0,0,0,0,0,0,0,0,0,0,0,0,0,0,0
1888,1,1,1,1,1,1,1,1,1,1,1,2,1,1,1,1,1,1,1,1,1,2
1889,0,0,0,0,1,0,0,0,0,0,1,0,1,0,0,0,1,0,0,0,1,0
1890,2,0,2,0,2,0,2,0,2,0,2,0,2,0,2,0,2,0,2,1,2,0
1891,1,1,1,1,1,1,0,0,1,1,1,1,1,0,1,1,1,1,0,1,1,0
1892,0,0,0,0,0,0,0,0,0,0,0,0,0,0,0,0,0,0,0,0,0,0
1893,1,0,1,0,0,0,1,0,0,0,0,0,0,0,1,0,1,0,1,0,0,0
1894,0,0,0,0,0,0,0,0,0,0,0,0,0,0,0,0,0,0,0,0,0,1
1895,0,0,1,0,1,0,0,0,1,1,1,0,1,0,0,0,1,0,1,1,1,0
1896,0,0,0,0,0,0,0,0,0,0,0,0,0,0,0,0,0,0,0,0,0,1
1897,2,2,2,2,2,2,2,1,1,1,2,2,1,1,2,0,2,2,2,2,1,0
1898,0,0,1,0,0,0,0,0,0,0,0,0,0,0,0,0,0,0,0,0,0,0
1899,2,1,1,1,1,1,1,1,1,1,2,0,0,0,0,0,2,0,2,0,0,0
1900,2,2,2,2,2,2,2,2,2,2,2,2,2,2,2,2,2,2,2,2,2,2
1901,0,2,0,2,0,2,0,2,2,2,0,2,0,0,0,0,2,2,2,2,0,1
1902,0,0,1,0,0,0,0,0,0,0,1,1,1,1,0,0,1,1,1,1,1,2
1903,0,0,0,1,0,0,0,0,0,0,0,1,0,1,0,1,1,1,1,1,0,1
1904,0,1,0,0,0,0,0,0,0,0,0,0,0,0,0,0,0,0,0,0,0,0
1905,0,0,1,1,0,0,0,0,1,1,0,0,0,0,1,1,1,1,1,1,0,2
1906,0,0,0,0,0,0,0,0,1,1,0,0,0,0,0,0,1,0,0,0,0,2
1907,2,2,1,2,2,2,0,2,2,2,2,2,2,2,0,2,2,2,2,2,2,1
1908,0,0,0,0,0,0,0,0,0,0,0,0,0,0,0,0,0,0,0,0,0,0
1909,0,0,0,0,0,0,0,0,0,0,0,0,0,0,0,0,0,0,0,0,0,0
1910,0,0,0,0,0,0,0,0,0,0,0,0,0,0,0,0,0,0,0,0,0,0
1911,1,2,1,2,1,2,1,2,1,2,1,2,1,2,1,0,1,2,1,2,1,2
1912,2,2,2,2,2,2,2,2,2,2,2,2,2,2,2,2,2,2,2,2,2,2
1913,0,0,0,0,1,0,0,0,1,0,0,0,0,0,0,0,0,0,0,0,0,0
1914,1,1,1,1,1,1,0,1,1,1,1,1,1,1,0,1,1,1,1,1,1,1
1915,0,0,1,0,0,0,0,0,1,0,1,0,1,0,0,0,1,0,1,1,1,0
1916,1,1,1,1,1,1,0,0,0,0,0,1,1,1,1,1,1,1,1,1,1,1
1917,0,0,0,0,0,0,0,0,0,0,0,0,0,0,0,0,0,0,0,0,0,0
1918,2,0,2,0,2,1,1,0,2,1,2,0,2,0,2,0,1,0,2,0,2,2
1919,0,0,0,0,0,0,0,0,0,0,0,0,0,0,0,0,0,0,0,0,0,0
1920,0,0,0,1,0,1,0,0,0,1,0,0,0,1,0,0,0,1,0,1,0,1
1921,0,0,0,0,0,0,0,0,0,0,0,0,0,0,0,0,0,0,0,0,0,0
1922,2,0,2,0,2,0,2,0,2,0,0,0,0,0,0,0,0,0,2,0,0,0
1923,2,2,2,2,2,2,2,2,2,2,2,2,2,2,2,2,2,2,2,2,2,2
1924,0,0,0,0,0,0,0,0,0,0,0,0,0,0,0,0,0,0,0,0,0,0
1925,1,1,1,0,0,0,0,0,1,1,1,0,0,0,0,0,1,2,1,0,0,0
1926,0,0,0,1,0,1,0,0,0,0,0,0,0,0,0,0,0,2,0,0,0,0
1927,1,1,1,1,1,1,1,1,1,1,1,1,1,1,1,1,1,1,1,1,1,1
1928,0,0,0,0,0,0,0,0,0,0,0,0,0,0,0,0,0,0,0,0,0,0
1929,0,0,1,0,0,0,0,0,0,1,0,0,0,0,0,0,0,0,0,0,0,0
1930,0,0,0,0,0,0,0,0,0,0,0,0,0,0,0,0,0,0,0,0,0,0
1931,0,0,0,0,0,0,0,0,0,0,0,0,0,0,0,0,0,0,0,0,0,0
1932,0,0,0,0,0,0,0,0,0,0,0,0,1,0,0,0,0,0,1,1,1,0
1933,0,0,0,0,0,0,0,0,0,0,0,0,0,0,0,0,0,0,0,0,0,0
1934,1,0,1,0,1,0,1,0,1,0,1,0,1,0,1,0,1,0,1,0,1,0
1935,1,1,1,1,1,0,1,0,1,1,1,1,1,1,1,1,1,1,1,1,1,0
1936,0,0,0,0,0,0,0,0,0,0,0,2,0,0,0,0,0,0,0,0,0,2
1937,0,1,0,1,0,1,0,0,0,1,0,0,0,1,0,0,0,0,0,1,0,0
1938,0,0,0,0,0,0,0,0,0,0,0,0,0,0,0,0,0,0,0,0,0,0
1939,2,2,1,1,0,0,1,1,1,1,2,2,1,1,0,0,1,1,2,2,1,1
1940,1,1,1,1,1,1,1,0,1,1,1,0,1,0,1,0,1,1,1,1,1,0
1941,0,0,0,0,0,0,0,0,0,0,0,0,0,0,0,0,0,0,0,0,0,0
1942,0,0,0,0,0,0,0,0,0,0,0,0,0,0,0,0,0,0,0,0,0,0
1943,2,1,1,1,1,1,1,1,1,1,0,0,1,0,0,0,2,0,2,2,1,2
1944,0,1,0,1,0,1,0,1,0,1,0,1,0,1,0,1,0,1,0,1,0,1
1945,0,0,0,0,0,0,0,0,0,0,0,0,0,0,0,0,0,0,0,0,0,0
1946,0,0,0,0,0,0,0,0,0,0,0,0,0,0,0,0,0,0,0,0,0,0
1947,2,1,2,1,2,1,2,1,2,1,2,1,0,1,2,1,2,1,2,1,0,2
1948,0,0,0,0,0,0,0,0,0,0,0,0,0,0,0,0,0,0,0,0,0,0
1949,0,0,0,0,0,0,0,0,0,0,0,0,0,0,0,0,0,0,0,0,0,0
1950,0,0,0,0,0,0,0,0,0,0,2,0,0,0,0,0,1,0,2,0,0,2
1951,0,0,0,0,0,0,0,0,0,0,0,0,2,0,0,0,2,0,0,0,2,2
1952,0,0,1,0,0,0,0,0,1,0,1,0,1,0,0,0,1,0,0,0,1,2
1953,0,0,0,0,0,0,0,0,0,0,0,0,0,0,0,0,0,0,0,0,0,0
1954,2,2,2,2,2,2,2,2,2,2,2,2,2,2,2,2,2,2,2,2,2,0
1955,0,0,0,0,0,0,0,0,0,0,0,0,0,0,0,0,0,0,0,0,0,0
1956,1,1,1,1,0,1,2,1,1,1,2,2,1,1,2,0,2,1,1,1,1,0
1957,0,0,0,0,0,0,0,0,0,0,0,0,0,0,0,0,0,0,0,0,0,1
1958,2,0,2,0,2,0,2,0,2,0,0,0,2,0,2,0,2,0,2,2,2,0
1959,0,0,0,0,0,0,0,0,0,0,0,0,0,0,0,0,0,0,0,0,0,0
1960,0,0,1,0,0,0,0,0,0,0,0,0,0,0,0,0,0,0,1,0,0,0
1961,0,0,0,0,0,0,0,0,0,0,0,0,0,0,0,0,0,0,0,0,0,0
1962,1,1,1,1,1,1,1,1,1,1,0,0,1,1,0,0,1,1,1,1,1,0
1963,1,0,1,1,1,0,0,0,1,0,1,1,1,1,1,1,1,1,1,1,1,0
1964,0,0,0,0,0,0,0,0,0,0,0,0,0,0,0,0,0,0,0,0,0,1
1965,0,0,0,0,0,0,0,0,0,0,0,0,0,0,0,0,0,0,0,0,0,2
1966,0,0,0,0,0,0,0,1,0,1,0,0,0,0,0,0,0,0,2,1,0,0
1967,0,0,0,0,0,0,0,0,0,0,0,0,0,0,0,0,0,0,0,0,0,2
1968,2,2,2,2,2,2,2,2,2,2,2,2,2,2,2,2,2,2,2,2,2,2
1969,2,2,2,2,2,2,2,2,2,2,2,2,2,2,2,2,2,2,2,2,2,2
1970,0,0,0,0,0,1,0,1,0,1,0,0,0,0,0,0,0,0,0,1,0,2
1971,2,0,2,0,2,0,2,0,2,0,2,0,2,0,2,0,2,0,2,0,2,0
1972,0,0,0,0,0,0,0,0,0,0,0,0,0,0,0,0,0,0,0,0,1,1
1973,2,0,0,0,0,0,0,0,2,0,0,0,0,0,0,0,0,0,0,0,0,0
1974,0,0,0,0,0,0,0,0,0,0,0,0,0,0,0,0,0,0,0,0,0,0
1975,0,0,0,0,0,0,0,0,0,0,0,0,0,1,0,0,0,0,0,0,0,0
1976,0,0,0,0,0,0,0,0,0,0,0,0,0,0,0,0,0,0,0,0,0,0
1977,0,0,0,0,0,0,0,0,0,0,0,0,0,0,0,0,0,0,0,0,0,2
1978,0,0,0,0,0,0,0,0,0,0,0,0,0,0,0,0,0,0,0,0,0,0
1979,2,0,2,0,2,0,2,0,2,1,2,0,2,0,2,0,2,0,2,0,2,0
1980,0,0,0,0,0,0,0,0,0,0,0,0,0,0,0,0,0,0,0,0,0,0
1981,1,1,1,1,1,1,0,1,0,1,1,0,1,0,0,1,1,1,1,1,1,2
1982,2,2,2,2,2,2,2,2,2,2,2,2,2,1,2,0,2,2,2,2,2,0
1983,1,1,1,1,1,1,1,1,1,1,1,1,1,0,1,1,1,1,1,1,1,2
1984,0,0,0,0,0,0,0,0,0,0,0,0,0,0,0,0,0,0,0,0,0,0
1985,0,1,1,1,1,1,0,1,1,1,0,1,1,1,0,0,1,1,1,1,1,2
1986,2,1,1,0,0,1,0,1,1,1,2,2,1,2,0,1,1,2,1,2,1,0
1987,1,0,1,0,1,0,1,0,1,0,1,0,1,0,1,0,1,0,1,1,1,0
1988,1,1,0,1,0,1,0,1,0,1,0,1,1,1,0,0,0,1,0,0,1,2
1989,1,1,1,0,1,1,0,0,1,1,0,0,1,0,0,0,1,0,1,1,1,0
1990,2,0,2,0,2,0,2,0,2,0,2,0,2,1,2,0,2,0,2,0,2,0
1991,0,0,0,0,0,0,0,0,0,0,0,0,0,0,0,0,0,0,0,0,0,0
1992,0,0,0,0,0,0,0,0,0,0,0,0,0,0,0,0,0,0,0,0,0,0
1993,0,0,0,0,0,0,0,0,0,0,0,0,0,0,0,0,0,0,0,0,0,0
1994,2,0,2,0,2,0,1,0,2,0,2,0,2,0,2,0,2,0,2,0,2,2
1995,2,0,2,0,2,0,0,0,2,0,0,0,0,0,0,0,1,0,1,0,0,0
1996,0,0,0,0,0,0,0,0,0,1,0,0,0,1,0,0,0,1,0,0,0,0
1997,1,1,1,1,0,1,0,0,1,1,0,1,1,0,0,0,0,1,0,0,1,0
1998,1,2,1,2,1,2,2,2,2,2,2,2,2,2,2,2,2,2,1,2,2,0
1999,0,0,0,0,0,0,0,0,0,0,1,1,0,0,0,0,0,0,1,1,0,2
2000,0,0,1,1,0,0,0,0,1,1,1,1,1,1,0,0,1,1,0,1,1,2
2001,0,0,0,0,0,0,0,0,0,0,0,0,0,0,0,0,0,0,0,0,0,0
2002,0,2,0,1,0,0,0,0,0,1,0,2,0,1,0,0,0,1,0,1,0,0
2003,0,1,0,0,0,0,0,0,1,1,0,0,0,0,0,0,0,0,0,2,0,0
2004,2,1,2,2,2,2,2,1,2,2,2,2,2,2,2,2,2,2,2,2,2,2
2005,1,1,1,1,1,1,1,1,1,1,2,1,0,1,1,1,2,1,1,1,0,2
2006,0,1,1,1,0,1,0,1,1,1,0,1,0,1,0,0,0,0,0,1,0,0
2007,1,2,1,2,1,2,1,1,1,2,1,1,1,2,1,2,1,1,1,2,1,1
2008,2,1,1,0,2,1,1,0,2,1,2,0,2,0,2,0,2,0,1,1,2,2
2009,2,0,2,0,2,1,1,0,1,1,2,0,2,2,1,0,2,0,1,1,2,0
2010,0,0,0,0,0,0,0,0,0,1,0,0,0,0,0,0,0,0,0,0,0,2
2011,0,0,0,0,0,0,0,0,0,0,0,0,0,0,0,0,0,0,0,0,0,0
2012,0,0,0,1,0,0,0,0,0,1,0,0,0,1,0,0,0,0,0,0,0,0
2013,1,2,1,2,0,2,0,2,1,2,1,0,1,1,0,2,1,0,1,2,1,1
2014,0,0,0,0,0,0,0,0,0,0,0,0,0,0,0,0,0,0,0,0,0,0
2015,0,0,0,0,0,0,0,0,0,0,0,0,0,0,0,0,0,0,0,0,0,0
2016,1,1,1,1,1,1,1,1,1,1,1,1,1,0,1,1,1,1,1,1,1,0
2017,1,2,2,2,2,2,2,2,2,2,1,2,1,2,0,2,1,2,0,2,1,2
2018,0,0,0,0,0,0,0,0,0,0,0,0,0,0,0,0,0,0,0,0,0,0
2019,0,0,1,0,0,0,0,0,1,0,0,0,0,0,0,0,0,0,1,0,0,0
2020,0,0,0,0,0,0,0,0,0,0,0,0,0,0,0,0,0,0,0,0,0,0
2021,0,2,0,2,0,2,0,0,0,2,0,2,0,0,0,0,0,0,0,2,0,0
2022,1,0,0,0,0,0,0,0,0,0,0,0,0,0,0,0,0,0,2,0,0,2
2023,2,2,2,2,2,2,2,2,2,2,2,2,2,2,2,2,2,2,2,2,2,2
2024,0,0,1,0,0,0,0,0,1,0,0,0,0,0,0,0,0,0,0,0,0,0
2025,0,1,0,0,0,0,0,0,0,0,0,0,0,0,0,0,0,0,0,0,0,0
2026,2,2,1,2,2,2,1,2,2,2,2,2,1,1,2,2,2,2,2,2,1,0
2027,0,0,0,0,0,0,0,0,0,0,0,0,0,0,0,0,0,0,0,0,0,0
2028,0,0,0,0,0,0,0,0,0,0,0,0,0,0,0,0,0,0,2,0,0,2
2029,1,1,1,1,1,1,1,1,1,1,2,1,2,1,1,1,1,1,2,1,2,2
2030,2,0,0,0,0,0,0,0,0,0,0,0,0,0,0,0,0,0,0,0,0,0
2031,0,0,0,0,0,0,0,0,0,0,0,0,0,0,0,0,0,0,0,0,0,0
2032,0,0,0,0,0,0,0,0,0,0,0,0,0,0,0,0,0,0,0,0,0,0
2033,0,0,0,0,0,0,0,0,0,0,0,0,0,0,0,0,0,0,0,0,0,0
2034,1,2,1,2,1,2,0,0,1,1,1,2,1,1,0,2,2,2,1,1,1,2
2035,0,0,1,0,1,0,0,0,1,0,0,0,0,0,1,0,1,0,1,0,0,0
2036,1,1,1,1,2,2,1,1,2,2,1,1,1,1,1,1,1,1,1,1,1,0
2037,2,0,0,0,0,0,0,0,0,0,0,0,0,0,0,0,0,0,2,0,0,0
2038,0,0,0,0,0,0,0,0,0,0,0,0,0,0,0,0,0,0,0,0,0,0
2039,0,0,0,0,0,0,0,0,0,1,0,0,0,0,0,0,0,0,0,0,0,0
2040,2,1,1,0,1,0,1,0,1,1,2,0,1,0,1,0,2,0,1,1,1,0
2041,2,2,1,0,2,0,0,0,0,0,2,0,1,0,0,0,2,0,0,0,1,0
2042,0,0,0,0,0,0,0,0,0,0,0,0,0,0,0,0,0,0,0,0,0,0
2043,1,0,0,0,0,0,0,0,1,0,0,0,0,0,0,0,0,0,0,0,0,0
2044,1,2,1,1,1,1,1,2,1,1,1,2,1,1,1,2,1,2,1,2,1,1
2045,1,0,1,0,1,0,1,0,1,0,1,0,1,0,1,0,1,0,1,0,1,2
2046,0,0,0,0,0,0,0,0,0,0,0,0,0,0,0,0,0,0,0,0,0,0
2047,0,0,0,0,0,0,0,0,0,0,0,0,0,0,0,0,0,0,0,0,0,2
2048,2,0,2,0,2,0,2,0,2,1,2,2,2,2,0,0,2,0,2,2,2,0
2049,1,0,2,0,2,0,1,0,2,0,2,0,2,0,1,0,2,0,2,0,2,0
2050,0,0,0,0,0,0,0,0,0,0,0,0,0,0,0,0,0,0,0,0,0,0
2051,2,2,0,2,2,2,0,2,0,2,2,0,2,2,2,2,2,2,2,2,2,0
2052,2,1,1,1,2,2,2,1,2,1,2,2,2,1,2,2,2,2,2,2,2,2
2053,2,1,2,1,0,1,0,1,2,1,0,1,0,1,0,1,0,1,0,1,0,2
2054,0,1,0,0,0,0,0,0,0,1,0,0,0,0,0,0,0,0,0,1,0,0
2055,0,0,1,1,0,0,0,0,1,0,0,0,0,0,0,0,0,0,1,1,0,0
2056,0,0,0,0,0,0,0,0,0,0,0,0,0,0,0,0,0,0,0,0,0,0
2057,2,2,2,2,2,2,2,2,2,2,2,2,2,2,2,2,2,2,2,2,2,0
2058,0,0,0,0,0,0,0,0,0,0,0,0,0,0,0,0,0,0,0,0,0,0
2059,2,1,1,1,2,1,1,0,2,0,2,0,2,0,2,2,2,0,1,1,2,0
2060,1,0,1,0,1,0,1,0,1,0,1,0,1,0,1,0,1,0,1,1,1,1
2061,1,1,1,1,1,1,0,1,0,1,0,0,1,1,0,0,0,1,0,1,1,2
2062,0,0,0,0,0,0,0,0,2,2,0,0,0,0,0,0,0,0,1,2,0,2
2063,1,0,1,1,1,0,1,0,1,1,0,0,0,0,2,0,0,0,0,0,0,1
2064,0,0,0,0,0,0,0,0,0,0,0,0,0,0,0,0,0,0,0,0,1,1
2065,0,0,0,0,0,0,0,0,0,0,0,0,0,0,0,0,0,0,0,1,0,0
2066,0,0,2,0,1,0,0,0,1,0,1,0,1,0,0,0,1,0,1,0,1,0
2067,0,0,1,0,0,0,0,0,1,0,0,0,1,0,0,0,1,0,0,0,1,0
2068,1,2,0,0,0,0,0,0,0,1,0,0,0,0,0,0,0,0,0,0,0,1
2069,0,0,0,0,0,0,0,0,0,0,0,0,0,0,0,0,0,0,0,0,0,0
2070,1,1,1,1,1,1,1,1,1,1,1,1,1,1,1,1,1,1,1,1,1,0
2071,0,2,0,0,0,2,0,0,0,2,2,2,1,0,0,0,0,0,0,0,1,0
2072,2,1,0,0,0,0,0,0,1,1,2,0,2,0,0,0,0,0,0,0,2,1
2073,0,0,0,0,0,0,0,0,0,0,0,0,0,0,0,0,0,0,0,0,0,0
2074,0,0,0,0,0,0,0,0,0,0,0,0,0,0,0,0,0,0,0,0,0,0
2075,0,0,0,0,0,0,0,0,0,1,0,0,0,0,0,0,0,0,0,2,0,0
2076,0,0,0,0,0,1,0,0,0,0,0,0,0,0,0,0,0,0,0,0,0,0
2077,0,0,1,0,1,0,0,0,0,0,0,0,0,0,0,0,0,0,0,0,0,0
2078,0,0,0,0,0,0,0,0,0,1,0,0,0,0,0,0,0,0,0,0,0,2
2079,0,0,1,1,1,1,1,1,1,1,0,0,1,0,1,0,1,0,1,1,1,2
2080,0,0,0,0,0,0,0,0,0,1,0,0,0,0,0,0,0,0,0,0,0,0
2081,0,0,0,1,0,0,0,0,0,1,0,0,0,0,0,0,0,0,0,1,0,1
2082,2,0,2,0,1,0,2,0,1,0,2,0,1,0,0,0,0,0,1,0,1,0
2083,2,2,1,0,2,1,1,0,2,1,2,0,2,0,2,0,1,0,2,0,2,0
2084,0,0,0,0,0,0,0,0,0,0,0,0,0,0,0,0,0,0,0,1,0,0
2085,1,1,1,1,0,1,0,0,1,1,1,1,1,1,0,0,1,1,1,1,1,0
2086,2,0,2,0,2,0,2,0,2,0,2,0,2,0,2,0,2,0,2,0,2,1
2087,0,0,0,0,0,0,0,0,0,0,0,0,0,0,0,0,0,0,0,0,0,0
2088,2,0,2,0,2,2,2,0,2,0,2,0,2,2,2,2,2,2,2,2,2,2
2089,0,0,0,0,0,0,0,0,0,0,0,0,0,0,0,0,0,0,0,0,0,1
2090,2,2,2,2,2,2,2,2,2,2,2,2,2,2,2,2,2,2,2,2,2,2
2091,1,1,1,1,1,1,1,1,1,1,1,1,1,1,1,1,1,1,1,1,1,1
2092,2,2,2,2,2,2,2,1,2,2,2,2,2,2,2,1,2,0,2,2,2,2
2093,0,0,1,0,0,0,0,0,1,0,0,0,0,0,0,0,0,0,0,0,0,0
2094,1,1,1,0,0,0,0,0,0,1,0,0,1,0,0,0,0,0,0,0,1,0
2095,2,2,2,0,2,2,2,0,2,0,2,0,2,2,2,0,2,0,2,2,2,0
2096,1,1,1,1,1,1,0,0,1,1,1,1,1,1,1,1,1,1,1,1,1,0
2097,2,0,2,0,1,0,1,0,2,0,0,2,0,0,0,0,0,0,0,2,0,0
2098,0,1,1,1,0,1,0,0,1,1,1,1,1,1,1,1,1,1,1,1,1,1
2099,0,0,0,0,0,0,0,0,0,0,0,0,0,0,0,0,0,0,0,0,0,0
2100,2,1,2,0,2,0,0,0,2,0,2,0,2,0,2,0,1,0,1,0,2,1
2101,0,0,0,0,0,0,0,0,0,0,0,0,0,0,0,0,0,0,0,0,0,2
2102,2,1,2,1,2,1,2,2,2,2,2,1,2,1,2,1,2,2,2,1,2,2
2103,0,0,0,0,0,0,0,0,0,0,0,0,0,0,0,0,0,0,0,0,0,0
2104,0,0,0,0,0,0,0,0,0,0,0,0,0,0,0,0,0,0,0,0,0,0
2105,1,0,1,1,1,1,1,0,1,1,1,1,1,0,0,0,1,0,0,1,1,0
2106,0,0,0,0,0,0,0,0,1,1,1,0,1,0,0,0,0,0,1,0,1,0
2107,2,2,0,0,1,2,0,0,0,0,0,0,0,0,2,0,0,0,0,2,0,0
2108,0,0,0,0,0,0,0,0,0,0,0,0,0,0,0,0,0,0,0,0,0,0
2109,0,0,0,0,0,0,0,0,0,0,0,0,0,0,0,0,0,0,0,0,0,0
2110,0,0,0,0,0,0,0,0,0,0,0,0,0,0,0,0,1,0,0,0,0,0
2111,0,0,0,0,0,0,0,0,0,0,0,0,0,0,0,0,0,0,0,0,0,0
2112,0,0,1,1,0,0,0,0,0,1,1,0,1,1,1,0,0,0,1,0,1,0
2113,0,0,0,0,0,0,0,0,0,0,0,0,0,0,0,0,0,0,0,0,0,1
2114,2,2,2,2,2,2,2,2,2,2,0,0,2,2,0,0,0,0,2,2,2,2
2115,0,0,0,0,0,0,0,0,0,0,0,0,0,0,0,0,0,0,0,0,0,2
2116,2,2,2,2,2,2,2,2,2,2,2,2,2,2,2,2,2,2,2,2,2,0
2117,1,0,1,0,1,0,0,0,0,0,1,0,1,0,0,0,0,0,1,0,1,1
2118,0,0,0,0,0,0,0,0,0,0,0,0,0,0,0,0,0,0,0,0,0,0
2119,0,0,0,0,0,0,0,0,0,0,0,0,1,0,0,0,0,0,0,0,1,0
2120,0,0,0,1,0,1,1,0,0,0,1,0,0,0,0,0,0,0,0,0,0,2
2121,0,0,0,1,0,1,0,0,0,1,0,0,0,1,0,1,0,1,0,1,0,2
2122,0,1,0,1,0,1,0,1,0,1,0,1,0,1,0,1,0,1,0,1,0,2
2123,0,0,0,0,0,0,0,0,0,0,1,0,0,0,0,0,0,0,0,0,0,0
2124,0,0,0,0,0,0,0,0,0,0,0,0,0,0,0,0,0,0,0,0,0,0
2125,0,0,0,0,0,0,0,0,0,0,0,0,0,0,0,0,0,0,0,0,0,2
2126,1,1,1,1,1,1,0,0,1,1,1,1,1,1,0,0,1,1,1,1,1,0
2127,0,0,0,0,0,0,0,0,0,0,0,0,0,0,0,0,0,0,0,0,0,0
2128,0,0,0,0,0,0,0,0,0,0,0,0,0,0,0,0,0,0,0,0,0,0
2129,1,1,1,1,1,1,1,1,1,1,1,1,1,1,1,1,1,1,1,1,1,2
2130,2,2,1,1,2,2,2,2,2,2,1,2,1,2,1,1,1,2,1,2,1,2
2131,0,0,0,0,0,0,0,0,0,0,0,0,0,0,0,0,0,0,0,0,0,0
2132,0,0,0,0,0,0,0,0,0,0,0,0,0,0,0,0,0,0,0,0,0,1
2133,1,1,1,1,2,1,1,1,2,1,0,1,1,1,0,1,0,1,0,1,1,0
2134,2,2,2,2,2,2,2,2,2,2,2,2,2,2,2,2,2,2,2,2,2,2
2135,1,1,2,2,0,0,1,1,2,2,0,0,2,2,0,0,0,0,2,2,2,2
2136,0,0,0,0,0,0,0,0,0,0,0,0,0,0,0,0,0,0,0,0,0,0
2137,2,2,1,2,2,2,1,0,1,2,2,2,1,2,2,2,1,2,1,2,1,1
2138,0,0,0,0,0,0,0,0,0,0,0,0,0,0,0,0,0,0,0,0,0,1
2139,0,0,0,0,0,0,0,0,0,0,0,0,0,0,0,0,0,0,1,0,0,0
2140,2,2,0,2,0,0,0,0,1,1,0,2,1,0,0,0,1,0,0,0,1,0
2141,2,2,2,2,2,2,2,2,2,2,2,2,2,2,2,2,2,2,2,2,2,2
2142,1,0,1,1,1,0,1,0,1,1,1,0,1,1,1,0,1,1,1,1,1,2
2143,0,0,0,0,0,0,0,0,0,0,0,0,0,0,0,0,0,0,0,0,0,0
2144,0,0,0,0,0,0,0,0,0,0,0,0,0,0,0,0,0,0,0,0,0,2
2145,0,0,0,0,0,0,0,0,0,0,0,0,0,0,0,0,0,0,0,0,0,0
2146,2,2,2,2,2,2,2,2,2,2,2,2,2,2,2,2,2,2,2,2,2,1
2147,0,0,0,0,0,0,0,0,0,0,0,0,0,0,0,0,0,0,0,0,0,0
2148,0,0,0,0,0,0,0,0,0,0,0,0,0,0,0,0,0,0,0,0,0,0
2149,1,0,1,0,1,0,1,0,1,0,1,0,1,0,1,0,1,0,1,0,1,2
2150,1,2,1,2,2,2,1,2,2,2,2,2,1,2,2,2,2,2,2,2,1,2
2151,0,0,0,0,0,0,0,0,0,0,0,0,0,0,0,0,0,0,0,0,0,0
2152,2,0,2,0,2,0,2,0,2,0,2,0,2,0,0,0,2,0,2,0,2,2
2153,1,1,1,1,1,1,1,0,1,1,1,0,1,1,1,1,1,0,1,1,1,0
2154,0,0,1,0,0,0,0,0,0,1,1,1,0,1,1,0,0,0,1,1,0,1
2155,2,2,2,2,2,2,2,2,2,2,2,2,2,2,2,2,2,2,2,2,2,2
2156,0,0,0,0,0,0,0,0,0,0,0,0,0,0,0,0,0,0,0,0,0,0
2157,0,0,0,0,0,0,0,0,0,0,0,0,0,0,0,0,0,0,0,0,0,0
2158,2,2,2,1,2,2,2,2,2,1,2,2,2,2,2,2,2,2,2,2,2,1
2159,0,2,0,0,0,2,0,0,0,0,0,0,0,0,0,0,0,2,0,2,0,0
2160,1,1,1,1,1,1,2,0,2,1,2,0,1,0,2,0,2,0,1,1,1,2
2161,2,1,1,1,1,1,1,1,1,1,2,1,1,1,2,0,2,1,1,1,1,0
2162,1,1,1,1,1,1,0,0,1,1,1,1,1,1,0,0,1,1,1,1,1,0
2163,0,0,0,0,0,0,0,0,0,0,0,0,0,0,0,0,0,0,0,0,0,0
2164,2,0,1,0,2,0,2,0,1,0,1,0,1,0,1,0,2,0,2,0,1,1
2165,2,2,2,2,2,2,2,2,2,2,2,2,2,2,2,0,2,2,2,2,2,2
2166,2,2,2,1,2,2,2,0,2,2,2,0,2,0,2,0,2,0,2,0,2,0
2167,0,0,0,0,0,0,0,0,0,0,0,0,0,0,0,0,0,0,1,1,0,0
2168,0,0,0,0,0,0,0,0,0,0,0,0,0,0,0,0,0,0,0,0,0,0
2169,0,0,0,0,0,0,0,0,0,0,0,0,0,0,0,0,0,0,0,0,0,0
2170,0,0,0,0,0,0,0,0,0,0,1,0,0,0,0,0,0,0,0,0,0,0
2171,2,1,2,1,2,1,2,1,2,1,2,0,2,0,2,0,2,0,2,1,2,0
2172,1,0,1,0,1,0,0,0,1,0,0,0,0,0,1,0,0,0,1,0,0,0
2173,1,2,1,1,2,2,1,1,1,1,1,2,1,1,2,2,1,1,1,1,1,0
2174,0,0,0,0,0,0,0,0,0,0,0,0,0,0,0,0,0,0,1,0,0,0
2175,0,0,1,1,0,0,0,1,1,1,0,0,1,1,0,0,1,1,0,1,1,1
2176,0,0,0,0,0,0,0,0,0,0,0,0,0,0,0,0,0,0,0,0,0,0
2177,0,0,0,0,0,0,0,0,0,0,0,0,0,0,0,0,0,0,0,0,0,0
2178,0,0,0,0,0,0,0,0,0,0,0,0,0,0,0,0,0,0,0,0,0,0
2179,1,2,0,2,1,2,1,2,2,2,0,0,0,0,0,0,0,2,2,1,0,0
2180,0,0,0,0,0,0,0,0,0,0,0,0,0,0,0,0,0,0,0,0,0,0
2181,0,2,0,0,0,2,0,0,0,2,0,0,0,0,0,0,0,0,0,2,0,0
2182,1,1,1,1,0,0,0,0,0,1,1,2,1,1,0,0,0,0,1,1,1,2
2183,0,0,0,0,0,0,0,0,0,0,0,0,0,0,0,0,0,0,0,0,0,0
2184,1,1,1,1,1,2,1,1,1,2,1,1,1,2,1,2,1,2,1,2,1,2
2185,0,1,0,1,0,0,0,0,0,1,0,0,0,0,0,0,0,0,0,1,0,0
2186,2,2,2,2,2,2,2,2,2,2,2,2,2,2,2,2,2,2,2,2,2,0
2187,0,0,0,0,0,0,0,0,0,0,0,0,0,0,0,0,0,0,0,0,0,0
2188,1,1,1,1,1,1,1,1,1,1,1,1,1,1,1,1,0,0,1,1,0,0
2189,0,0,0,0,0,0,0,0,0,0,0,0,0,0,0,0,0,0,0,0,0,0
2190,0,2,0,2,0,2,0,2,0,2,0,0,0,0,0,0,0,0,0,2,0,2
2191,0,0,0,0,0,0,0,0,0,0,0,0,0,0,0,0,0,0,0,0,0,0
2192,0,0,0,0,0,0,0,0,0,0,0,0,0,0,0,0,0,0,0,0,0,0
2193,1,0,1,1,1,1,1,1,2,1,1,1,1,1,1,0,1,1,1,1,1,1
2194,2,2,2,2,2,2,2,2,2,2,2,2,2,2,2,2,2,2,2,2,2,0
2195,0,0,0,0,0,0,0,0,0,0,0,0,0,0,0,0,0,0,0,0,0,0
2196,1,1,1,1,1,1,1,1,1,1,0,0,0,0,0,0,0,0,1,0,0,2
2197,2,2,2,2,2,2,0,0,2,2,0,2,0,0,0,0,0,2,2,2,0,0
2198,0,1,0,2,0,2,0,0,0,2,0,0,0,0,0,0,0,0,0,2,0,0
2199,0,2,0,2,0,1,0,0,0,1,0,2,0,1,0,0,0,1,0,2,0,2
2200,1,1,1,1,1,1,1,1,1,1,1,1,1,1,1,0,1,1,1,1,1,0
2201,1,1,1,1,1,1,1,1,1,1,1,1,1,1,1,1,1,1,1,1,1,0
2202,0,0,0,0,0,1,0,0,0,1,0,0,0,0,0,0,0,0,1,0,0,2
2203,0,0,0,0,0,0,0,0,0,0,0,0,0,0,0,0,0,0,0,0,0,0
2204,0,0,0,1,0,0,0,0,0,1,0,0,0,0,0,0,0,1,0,0,0,2
2205,0,1,1,1,1,1,1,1,1,1,1,1,1,1,1,0,1,1,1,1,1,1
2206,0,0,0,0,0,1,0,0,0,0,0,0,0,0,0,0,0,1,0,1,0,1
2207,0,1,0,1,0,1,0,0,0,1,0,0,0,1,0,0,0,0,0,0,0,1
2208,0,0,0,0,0,0,0,0,0,0,0,0,0,0,0,0,0,0,0,0,0,0
2209,0,2,0,2,0,2,0,2,0,2,0,2,0,2,0,2,0,2,0,2,0,2
2210,0,0,0,0,0,0,0,0,0,0,0,0,0,0,0,0,0,0,0,0,0,0
2211,2,0,2,0,2,0,2,0,2,1,2,0,2,0,2,0,0,0,2,0,2,0
2212,0,0,1,0,1,0,0,0,0,0,1,0,1,0,0,0,0,0,0,0,1,0
2213,0,2,0,2,0,2,0,1,0,2,0,2,0,2,0,2,0,2,0,2,0,2
2214,0,0,0,0,0,0,0,0,0,0,0,0,0,0,0,0,0,0,0,0,0,0
2215,2,1,1,1,2,2,2,1,1,1,2,1,1,1,1,2,2,1,2,1,1,0
2216,2,2,2,2,2,2,2,2,2,2,2,2,2,2,2,2,2,2,2,2,2,2
2217,2,0,2,0,2,1,2,0,2,2,2,0,2,0,0,0,1,0,2,2,2,0
2218,0,0,0,0,0,0,0,0,0,0,0,0,0,0,0,0,0,0,0,0,0,0
2219,1,0,2,0,1,0,1,0,1,0,0,0,1,0,0,0,0,0,1,0,1,0
2220,0,2,0,0,0,0,0,0,1,0,0,0,0,0,0,0,0,0,0,0,0,0
2221,0,0,0,0,0,0,0,0,0,0,0,0,0,0,0,0,0,0,0,0,0,0
2222,2,2,2,2,2,2,0,0,2,2,2,0,0,2,0,0,2,0,2,2,0,2
2223,0,0,0,0,0,0,0,0,0,0,0,0,0,0,0,0,0,0,0,0,0,0
2224,1,2,1,2,2,2,1,0,2,2,0,0,1,0,0,0,1,2,2,2,1,0
2225,0,0,0,0,0,0,0,0,0,1,0,0,0,0,0,0,0,0,0,0,0,0
2226,0,0,0,0,0,0,0,0,0,0,0,0,0,0,0,0,0,0,0,0,0,0
2227,0,0,0,0,0,0,0,0,0,0,0,0,0,0,0,0,0,0,0,0,0,0
2228,0,0,0,0,0,0,0,0,0,0,0,0,0,0,0,0,0,0,0,0,0,0
2229,2,1,2,1,2,1,2,1,2,1,2,0,2,0,2,1,2,2,2,2,2,0
2230,0,1,0,1,0,1,0,1,0,1,2,1,2,1,2,1,0,1,2,1,2,0
2231,0,0,0,0,0,2,0,0,0,0,0,0,0,0,0,0,0,0,0,0,0,0
2232,0,0,0,0,0,0,0,0,0,0,0,0,0,0,0,0,0,0,0,0,0,0
2233,0,0,0,0,0,0,0,0,0,0,0,0,0,0,0,0,0,0,0,0,0,0
2234,0,1,1,0,1,1,0,1,1,2,1,1,1,1,1,1,1,1,0,1,1,0
2235,1,0,1,0,1,0,0,0,1,1,1,0,1,0,1,0,1,0,1,1,1,2
2236,0,0,1,0,1,1,1,1,1,0,0,0,1,0,0,0,1,1,1,1,1,0
2237,0,0,0,0,0,0,0,0,0,0,0,0,0,0,0,0,0,0,0,0,0,2
2238,0,0,0,0,0,0,0,0,0,0,0,0,0,0,0,0,0,0,0,0,0,0
2239,2,2,2,2,2,2,2,2,2,2,2,2,2,2,2,2,2,2,2,2,2,2
2240,0,0,0,0,0,0,0,0,0,0,0,0,0,0,0,0,0,0,0,0,0,0
2241,0,0,1,1,0,0,0,0,1,1,1,1,1,1,0,0,1,0,0,0,1,0
2242,0,0,0,0,0,0,0,0,0,0,0,0,0,0,0,0,0,0,0,0,0,0
2243,1,1,1,1,1,1,1,1,1,1,1,0,1,1,0,0,1,1,1,1,1,0
2244,0,0,0,0,0,0,0,0,0,0,0,0,0,0,0,0,0,0,0,0,0,0
2245,0,0,0,0,0,0,0,0,0,0,0,0,0,0,0,0,0,0,0,0,0,1
2246,2,2,2,2,2,2,0,2,2,2,0,2,2,2,0,2,2,2,0,2,2,0
2247,0,0,0,0,0,0,0,0,0,0,0,0,0,0,0,0,0,0,0,0,0,0
2248,0,0,0,0,0,0,0,0,1,0,0,0,1,1,0,0,1,0,0,0,1,1
2249,0,0,0,0,0,0,0,0,0,0,0,0,0,0,0,0,0,0,0,0,0,0
2250,0,1,0,1,0,1,0,1,0,1,0,2,0,1,0,0,0,2,0,2,0,2
2251,0,0,0,0,0,0,0,0,0,0,0,0,0,0,0,0,0,0,0,1,0,0
2252,1,1,0,0,1,1,0,0,0,0,2,1,1,1,0,0,0,0,0,0,1,0
2253,2,0,2,1,2,1,2,0,2,2,2,0,2,0,2,0,2,0,2,0,2,2
2254,1,0,1,0,0,0,0,0,1,1,0,0,0,1,0,0,0,0,1,1,0,1
2255,0,0,0,0,0,0,0,0,0,0,0,0,0,0,0,0,0,0,0,0,0,0
2256,1,1,1,1,1,1,1,1,1,1,1,2,1,0,1,1,1,1,1,1,1,1
2257,2,0,2,0,2,0,2,0,2,0,2,0,2,2,2,0,2,0,2,0,2,2
2258,1,1,1,0,1,0,0,0,1,1,1,0,1,1,0,0,1,0,1,0,1,0
2259,1,1,1,1,1,1,0,0,1,1,0,0,1,1,0,0,1,1,1,1,1,0
2260,2,2,1,1,1,1,1,0,1,1,2,2,1,1,0,0,1,1,2,2,1,2
2261,2,1,1,1,1,1,1,1,1,1,1,1,1,1,1,0,1,1,1,0,1,0
2262,2,0,2,0,2,0,0,0,2,0,0,0,0,0,0,0,0,0,2,0,0,2
2263,2,2,0,2,0,2,2,0,2,2,0,0,2,0,0,0,0,0,2,2,2,2
2264,0,0,0,0,0,0,0,0,0,0,0,0,0,0,0,0,0,0,0,0,0,0
2265,1,1,1,1,1,1,1,1,1,1,1,1,1,1,0,0,0,0,2,2,1,1
2266,0,0,0,0,0,0,0,0,0,0,0,0,0,0,0,0,0,0,0,0,0,1
2267,0,0,0,0,0,0,0,0,0,0,0,0,0,0,0,0,0,0,0,0,0,2
2268,0,0,1,1,0,0,0,0,0,0,0,0,0,0,0,0,0,0,1,0,0,0
2269,0,2,2,2,0,2,0,2,0,2,2,2,1,2,0,2,0,2,0,2,1,0
2270,0,2,1,2,0,1,0,0,1,1,1,0,0,0,0,0,0,2,0,0,0,2
2271,1,0,1,0,1,0,0,0,1,0,1,0,1,0,1,0,1,0,1,0,1,1
2272,2,2,2,2,2,2,2,2,2,2,2,2,2,2,2,2,2,2,2,2,2,2
2273,1,1,1,1,1,1,1,1,1,1,1,1,2,1,1,1,2,1,2,1,2,2
2274,0,0,0,0,0,0,0,0,0,0,0,0,0,1,0,0,0,0,0,0,0,0
2275,1,0,0,0,0,0,0,0,0,0,0,0,0,0,0,0,1,0,1,1,0,1
2276,0,0,0,0,0,0,0,0,0,0,0,0,0,0,0,0,0,0,0,0,0,2
2277,1,0,1,0,1,0,2,0,2,0,2,0,2,0,2,0,1,0,1,0,2,0
2278,1,0,1,0,1,0,1,0,1,0,0,0,1,0,1,0,1,0,1,0,1,0
2279,0,0,2,0,1,1,0,0,2,0,1,0,1,0,1,0,0,0,1,1,1,2
2280,0,0,0,0,0,0,0,0,1,0,0,0,0,0,0,0,0,0,0,2,0,0
2281,2,2,2,2,2,2,2,2,2,2,2,0,2,0,2,0,2,2,2,2,2,2
2282,2,0,2,0,2,0,2,0,1,0,2,0,2,0,0,0,2,0,2,0,2,1
2283,2,1,2,1,2,1,2,0,2,2,2,1,2,2,2,2,2,2,2,2,2,0
2284,0,1,0,0,0,0,0,0,0,0,0,0,0,2,0,0,0,2,0,2,0,2
2285,1,0,0,0,0,0,0,0,1,0,0,0,0,0,0,0,0,0,0,0,0,2
2286,0,0,0,0,0,0,0,0,0,0,0,0,0,0,0,0,0,0,0,0,0,1
2287,0,2,0,2,0,1,0,0,0,0,0,2,0,1,0,0,0,2,0,1,0,0
2288,1,1,1,1,1,1,1,1,1,1,1,1,1,1,1,1,1,1,1,1,1,1
2289,0,0,0,0,0,0,0,0,0,0,0,0,0,0,0,0,0,0,0,0,0,0
2290,2,2,2,2,2,2,1,1,2,2,2,2,2,2,2,2,2,2,1,1,2,2
2291,2,2,0,0,2,0,0,0,0,0,0,0,0,0,0,0,0,0,2,0,0,0
2292,1,1,1,0,1,1,1,1,1,1,1,1,0,0,0,1,0,1,0,1,0,2
2293,1,1,1,1,1,1,1,1,1,1,1,1,1,1,1,0,1,1,1,1,1,2
2294,0,0,0,0,0,0,0,0,0,1,0,0,0,0,0,0,0,0,0,0,0,1
2295,1,2,1,0,2,0,0,0,0,0,1,0,1,0,0,0,1,0,0,0,1,2
2296,2,2,2,2,2,2,2,2,2,2,0,2,0,1,0,0,0,1,2,2,0,0
2297,1,1,2,0,1,1,0,1,0,1,0,0,0,1,0,0,0,1,2,1,0,1
2298,1,0,1,1,1,0,0,0,1,0,0,0,1,0,0,0,0,0,0,0,1,0
2299,1,2,1,2,0,2,1,2,1,2,0,2,1,2,0,2,1,2,1,2,1,0
2300,0,0,0,0,0,0,0,0,0,0,0,0,0,0,0,0,0,0,0,0,0,0
2301,1,1,1,1,1,0,1,0,1,0,1,0,1,0,1,0,1,1,1,1,1,0
2302,1,1,1,2,1,1,1,0,1,2,1,1,1,1,1,1,1,1,1,2,1,0
2303,0,0,0,0,0,0,0,0,0,0,0,0,0,0,0,0,0,0,0,0,0,0
2304,1,2,1,1,1,1,1,1,1,2,1,2,1,2,1,2,1,2,1,2,1,0
2305,0,0,1,1,1,0,1,0,1,1,1,1,1,0,1,0,1,0,0,0,1,2
2306,1,0,1,1,1,1,0,0,1,1,1,1,1,1,0,0,1,1,1,0,1,0
2307,0,0,0,0,0,0,0,0,0,0,0,0,0,0,0,0,0,0,1,1,0,0
2308,1,1,0,1,0,0,0,0,1,1,0,0,0,0,0,0,0,0,0,0,0,0
2309,1,1,1,1,2,2,2,1,2,1,1,1,1,1,2,1,2,1,1,1,1,1
2310,0,0,0,0,0,0,0,0,0,0,0,0,0,0,0,0,0,0,0,0,0,0
2311,2,2,2,2,2,2,2,2,2,2,2,2,2,2,2,2,2,2,2,2,0,2
2312,1,1,1,1,1,1,1,1,1,1,1,1,1,1,0,0,2,2,1,1,1,2
2313,0,0,0,0,0,0,0,0,0,0,0,0,0,0,0,0,0,0,0,0,0,0
2314,0,0,1,0,1,0,0,0,1,0,0,0,1,0,0,0,0,0,1,0,1,0
2315,0,2,0,2,0,2,0,0,1,2,0,0,1,2,0,0,1,2,1,1,1,2
2316,0,0,0,0,0,0,0,0,0,0,0,0,0,0,0,0,0,0,0,0,0,0
2317,0,0,0,0,0,0,0,0,0,0,0,0,0,0,0,0,0,0,0,0,0,0
2318,0,0,0,0,0,0,0,0,0,0,0,0,0,0,0,0,0,0,0,0,0,0
2319,1,2,1,2,1,2,1,2,1,2,1,2,1,2,0,2,1,2,1,2,1,2
2320,0,1,1,1,1,1,0,1,1,1,1,1,1,1,1,1,1,1,1,1,1,1
2321,1,0,1,0,1,0,0,0,1,0,1,0,1,0,0,0,1,0,0,0,1,0
2322,1,1,2,0,2,0,2,0,1,1,2,0,2,0,2,0,2,0,1,1,2,2
2323,0,0,0,0,0,0,0,0,0,2,0,0,0,0,0,0,0,0,0,2,0,0
2324,0,0,0,1,0,1,0,0,0,1,0,0,0,1,0,1,0,0,0,1,0,0
2325,1,0,1,0,1,0,1,0,1,0,1,1,1,0,1,0,1,0,1,0,1,2
2326,1,0,1,0,1,0,1,0,2,0,1,0,1,0,2,0,1,0,1,0,1,2
2327,2,2,2,2,1,2,0,2,2,2,2,2,2,2,0,2,0,2,2,2,2,2
2328,2,2,2,0,2,0,2,0,2,0,2,0,2,0,2,0,2,0,2,0,2,0
2329,0,0,1,0,0,0,0,0,0,0,0,0,1,0,0,0,0,0,0,0,1,0
2330,1,0,1,1,1,1,0,0,1,0,1,0,0,0,0,0,0,0,1,0,0,0
2331,1,2,1,1,2,2,2,2,1,2,1,1,1,1,1,0,1,1,2,2,1,2
2332,1,1,1,1,1,1,1,0,1,1,1,1,1,1,0,0,1,1,1,1,1,0
2333,0,0,0,0,0,0,0,0,0,0,0,0,0,0,0,0,0,0,0,0,0,1
2334,2,2,0,0,2,0,1,0,0,0,0,0,0,0,0,0,0,0,2,2,0,0
2335,0,0,0,0,0,0,0,0,0,0,0,0,0,0,0,0,0,0,0,0,0,0
2336,1,0,1,1,1,1,1,1,1,1,2,0,1,1,1,1,1,1,1,1,1,2
2337,0,0,0,0,0,0,0,0,0,0,0,0,0,0,0,0,0,0,0,0,0,0
2338,0,2,0,1,0,1,0,0,0,1,0,0,0,0,0,0,0,0,0,0,0,2
2339,0,0,0,0,0,0,0,0,0,0,0,0,0,0,0,0,0,0,0,0,0,1
2340,2,2,2,2,2,2,2,2,2,2,2,2,2,2,2,2,2,2,2,2,2,2
2341,2,2,2,2,2,2,2,2,2,2,2,1,2,1,2,1,2,2,2,1,2,2
2342,2,1,2,1,2,1,0,0,2,1,0,0,0,0,0,0,0,0,1,0,0,1
2343,1,1,1,1,1,1,1,1,1,1,1,1,1,1,1,1,1,1,1,1,1,2
2344,0,0,0,0,1,0,0,0,1,0,0,0,0,0,0,0,0,0,0,0,0,0
2345,2,0,1,0,2,0,0,0,2,0,0,0,0,0,0,0,0,0,2,0,0,0
2346,0,0,0,0,0,0,0,0,1,1,0,0,0,0,0,0,0,0,0,0,0,0
2347,0,0,0,0,0,0,0,0,0,0,0,0,0,0,0,0,0,0,0,0,0,0
2348,0,0,0,0,0,0,0,0,0,0,0,0,0,0,0,0,0,0,0,0,0,0
2349,0,0,0,0,0,0,0,0,0,0,0,0,0,0,0,0,0,0,0,0,0,0
2350,0,0,0,0,0,0,0,0,0,0,0,0,0,0,0,0,0,0,0,0,0,2
2351,1,0,0,0,0,0,0,0,0,0,0,0,1,0,1,0,0,0,1,0,1,0
2352,2,1,2,1,2,0,2,1,2,1,2,1,2,1,2,0,2,1,1,0,2,1
2353,0,0,0,0,0,0,0,0,0,0,0,0,0,0,0,0,0,0,0,0,0,0
2354,0,1,0,1,0,1,0,1,0,1,0,2,0,2,0,0,0,2,0,1,0,2
2355,0,0,0,0,0,0,0,0,0,0,0,0,0,0,0,0,0,0,0,0,0,0
2356,0,0,0,0,0,0,0,0,0,0,0,0,0,0,0,0,0,0,0,0,0,0
2357,2,0,1,0,2,0,2,0,0,0,2,0,2,0,0,0,2,0,2,0,2,2
2358,0,0,0,0,0,0,0,0,0,0,0,0,0,0,0,0,0,0,0,0,0,0
2359,2,2,2,2,2,2,2,2,2,2,2,2,2,2,2,2,2,2,2,2,2,0
2360,0,0,0,0,0,0,0,0,0,0,0,0,0,0,0,0,0,0,0,0,0,2
2361,0,2,0,2,0,2,0,0,1,2,0,2,1,2,0,0,0,2,0,2,1,0
2362,0,0,0,0,0,0,0,0,0,0,0,0,0,0,0,0,0,0,0,0,0,0
2363,2,2,1,0,2,2,2,2,2,1,2,2,2,2,2,2,2,2,2,2,2,0
2364,1,0,1,0,1,0,1,0,1,0,0,0,1,0,1,0,0,0,1,0,1,0
2365,1,0,1,0,1,0,0,0,1,1,0,0,1,0,0,0,1,0,2,1,1,0
2366,0,0,0,0,0,0,0,0,0,0,0,0,0,0,0,0,0,0,0,0,0,0
2367,1,0,1,0,0,0,0,0,1,0,1,0,1,0,0,0,1,0,1,0,1,0
2368,0,1,1,0,1,1,1,0,1,1,0,2,0,0,0,0,0,1,0,1,0,0
2369,0,0,0,0,0,0,0,0,1,1,0,0,0,0,0,0,0,0,0,0,0,2
2370,2,2,2,2,0,2,0,2,0,2,0,2,2,2,0,2,2,2,0,2,2,0
2371,0,0,0,0,0,0,0,0,0,0,0,0,0,0,0,0,0,0,0,0,0,0
2372,1,0,0,0,1,0,0,0,1,0,1,0,0,0,0,0,0,0,1,0,0,1
2373,2,2,2,2,2,2,2,2,2,2,2,2,2,2,2,2,2,2,2,2,2,1
2374,0,0,0,0,0,0,0,0,0,1,0,0,0,0,0,0,0,0,0,0,0,0
2375,0,0,0,0,0,0,0,0,0,0,0,0,0,0,0,0,0,0,0,0,0,1
2376,0,0,0,0,0,0,0,0,0,0,0,0,0,0,0,0,1,0,1,0,0,0
2377,1,0,1,0,0,0,0,0,1,0,1,0,1,0,0,0,1,0,2,0,1,0
2378,0,0,0,0,0,0,0,0,1,0,0,0,0,0,0,0,1,0,1,0,0,1
2379,0,0,0,0,0,0,0,0,0,0,0,0,0,0,0,0,0,0,0,0,0,0
2380,0,0,0,0,0,0,0,0,0,0,0,0,0,0,0,0,0,0,0,0,0,0
2381,1,1,2,1,2,1,1,1,2,1,1,1,1,1,1,1,2,1,1,1,1,2
2382,1,0,1,0,1,0,1,0,1,0,1,0,1,0,0,0,1,0,1,0,1,0
2383,2,2,1,2,2,2,1,2,1,2,2,2,2,2,2,2,2,2,1,2,2,1
2384,1,1,1,1,1,0,0,0,1,1,1,1,1,1,0,0,1,1,1,2,1,0
2385,1,1,1,1,1,1,0,0,1,1,1,1,1,1,1,1,1,1,1,1,1,1
2386,0,0,0,0,0,0,0,0,0,0,0,0,0,0,0,0,0,0,0,0,0,0
2387,0,0,0,1,0,1,0,1,0,1,0,1,0,2,0,0,0,1,0,1,0,2
2388,1,1,1,0,1,1,0,0,1,1,0,0,0,0,0,0,0,0,0,0,0,0
2389,0,0,0,0,0,0,0,0,0,0,0,0,0,0,0,0,0,0,0,0,0,0
2390,1,2,1,0,1,2,1,2,1,2,0,0,0,0,0,0,0,0,0,0,0,0
2391,1,1,1,1,1,1,1,1,1,1,1,1,1,1,0,0,1,1,1,1,1,1
2392,0,0,0,0,0,0,0,0,0,1,0,0,0,0,0,0,0,0,0,0,0,1
2393,0,2,0,0,0,0,0,0,0,0,0,0,0,0,0,0,0,2,0,0,0,2
2394,0,0,0,0,0,0,0,0,0,0,0,0,0,0,0,0,0,0,0,0,0,0
2395,0,1,0,1,0,1,0,1,0,1,0,1,0,1,0,2,0,1,0,1,0,1
2396,1,0,1,0,1,0,0,0,1,0,1,0,1,0,0,0,1,0,1,0,1,1
2397,1,0,1,1,1,1,1,1,1,1,0,1,0,1,1,1,1,1,1,1,0,1
2398,0,0,0,0,0,0,0,0,0,0,0,0,0,0,0,0,0,0,1,1,0,0
2399,2,2,2,2,2,2,2,2,2,2,2,2,2,2,2,0,2,2,2,2,2,2
2400,0,0,0,0,0,0,0,0,0,0,0,0,0,0,0,0,0,0,0,0,0,0
2401,0,0,0,1,0,1,0,0,0,0,0,0,0,1,0,0,0,0,0,0,0,0
2402,1,1,1,1,1,1,1,1,1,1,1,0,1,1,0,0,1,1,1,2,1,0
2403,1,1,1,1,1,1,1,0,1,1,2,1,1,1,0,0,2,1,2,1,1,2
2404,0,0,0,0,0,0,0,0,0,0,0,0,0,0,0,0,0,0,0,0,0,2
2405,2,0,2,0,2,0,2,0,2,0,2,0,1,0,2,0,2,0,2,0,1,0
2406,0,0,0,0,0,0,0,0,0,0,0,0,0,0,0,0,0,0,0,0,0,0
2407,0,0,0,0,0,0,0,0,0,0,0,0,0,0,0,0,0,0,0,0,0,0
2408,1,1,1,1,1,1,1,1,1,1,1,1,1,1,1,1,1,1,0,1,1,1
2409,0,0,0,0,0,0,0,0,0,0,0,0,0,0,0,0,0,0,0,0,0,0
2410,0,2,0,2,2,2,0,2,2,2,0,2,0,2,0,2,0,2,1,2,0,2
2411,1,1,1,1,1,0,0,0,1,1,1,0,1,1,0,0,1,0,1,1,1,2
2412,1,1,1,1,1,1,0,0,1,1,2,0,1,1,1,0,0,1,1,1,1,0
2413,0,0,0,0,0,0,0,0,0,0,0,0,0,0,0,0,0,0,0,0,0,0
2414,1,2,0,0,0,0,0,0,0,0,0,0,0,0,0,0,0,0,0,2,0,0
2415,0,0,1,0,0,0,0,0,1,0,0,0,0,0,0,0,1,0,1,0,0,1
2416,1,1,1,1,1,1,1,0,1,1,2,1,1,1,1,0,2,1,1,1,1,1
2417,2,1,2,1,2,2,1,1,2,1,2,1,2,1,2,0,2,2,1,2,2,2
2418,0,0,0,0,0,0,0,0,0,0,0,0,0,0,0,0,0,0,0,0,0,0
2419,0,0,0,0,0,0,0,0,0,0,0,0,0,0,0,0,0,0,0,0,0,0
2420,0,1,1,1,1,1,1,1,1,1,1,1,1,1,1,0,1,1,1,1,1,2
2421,2,2,2,2,2,2,2,2,2,2,2,2,2,2,2,2,2,2,2,2,2,0
2422,0,0,0,0,0,0,0,0,0,0,0,0,0,0,0,0,0,0,0,0,0,1
2423,0,0,0,0,0,0,0,0,1,0,1,0,0,0,0,0,0,0,0,0,0,0
2424,2,2,2,2,2,2,1,1,2,2,2,2,2,2,2,2,2,2,2,2,2,2
2425,0,0,0,0,0,0,0,0,0,0,0,0,0,0,0,0,0,0,0,0,0,0
2426,0,0,0,0,2,0,0,0,0,0,0,0,2,0,0,0,2,0,0,0,2,0
2427,1,1,1,1,1,1,1,1,1,1,0,1,0,1,0,1,2,1,2,1,0,2
2428,0,0,0,0,0,0,0,0,0,0,0,0,0,0,0,0,0,0,0,0,0,0
2429,1,1,1,1,1,1,0,2,1,1,2,0,0,2,0,0,0,0,1,0,0,2
2430,2,2,2,0,2,2,2,0,2,2,2,0,2,0,2,0,2,0,2,2,2,0
2431,1,0,1,0,1,0,0,0,1,0,0,0,0,0,1,0,0,0,1,0,0,0
2432,1,1,1,1,1,1,1,1,1,1,1,1,1,1,1,1,1,2,1,1,1,1
2433,1,0,1,0,1,0,0,0,1,1,0,0,0,0,0,0,0,0,1,0,0,0
2434,0,0,0,0,0,0,0,0,0,0,0,0,0,0,0,0,0,0,0,0,0,0
2435,1,1,2,2,2,2,1,2,2,2,2,2,1,2,1,2,2,2,1,2,1,1
2436,0,0,0,0,0,0,0,0,1,1,0,0,0,0,0,0,0,0,0,1,0,2
2437,2,0,2,0,2,0,2,0,2,0,2,0,2,0,2,0,2,0,2,0,2,0
2438,0,0,0,0,0,0,0,0,0,0,0,0,0,0,0,0,0,0,0,0,0,0
2439,1,1,1,1,1,1,1,1,1,1,1,2,1,1,1,1,1,1,1,1,1,0
2440,0,0,1,0,0,0,0,0,1,0,1,0,0,0,0,0,0,0,1,0,0,0
2441,0,0,0,0,0,0,0,0,0,0,0,0,0,0,0,0,0,0,0,0,0,0
2442,2,2,2,2,2,2,2,2,2,2,2,2,0,1,0,2,2,2,0,2,0,0
2443,0,0,0,0,1,1,0,0,1,1,1,1,1,1,0,0,1,1,1,1,1,1
2444,0,2,0,0,0,0,0,0,1,0,0,0,1,0,0,0,0,0,1,0,1,2
2445,0,0,0,0,0,0,0,0,0,0,0,0,0,0,0,0,0,0,0,0,0,0
2446,0,0,0,0,0,0,0,0,0,0,0,0,0,0,0,0,0,0,0,0,0,0
2447,0,0,0,0,0,0,0,0,0,1,0,0,0,0,0,0,0,0,0,0,0,0
2448,0,0,0,0,0,0,0,0,0,0,0,0,0,0,0,0,0,0,0,0,0,0
2449,0,0,0,0,0,0,0,0,0,0,0,0,0,0,0,0,0,0,0,0,0,0
2450,0,0,0,0,0,0,0,0,0,0,0,0,0,0,0,0,0,0,0,0,0,0
2451,1,2,2,2,1,1,1,2,2,2,2,2,2,2,2,2,2,2,1,2,2,2
2452,0,0,0,0,0,0,0,0,0,0,0,0,0,0,0,0,0,0,0,0,0,0
2453,0,0,0,0,0,0,0,0,0,0,0,0,0,0,0,0,0,0,0,0,0,0
2454,2,2,2,2,2,2,2,2,2,2,2,2,2,2,2,2,2,2,1,2,2,1
2455,2,2,2,2,2,2,2,1,2,1,0,2,2,2,2,0,2,2,2,2,2,2
2456,2,2,2,2,2,2,2,2,2,2,2,2,2,2,2,2,2,2,2,2,2,2
2457,2,2,2,0,2,0,0,0,2,2,2,0,1,0,2,0,2,2,2,2,1,0
2458,1,1,1,0,1,1,1,0,1,1,1,1,1,1,0,0,1,1,1,1,1,0
2459,0,0,0,0,0,0,0,0,0,0,0,0,0,0,0,0,0,0,0,0,0,2
2460,0,0,2,0,1,0,2,0,2,0,2,0,1,0,2,0,2,0,1,0,1,1
2461,2,2,2,2,2,2,2,2,2,2,2,2,0,0,2,0,2,2,2,2,0,0
2462,2,0,2,1,2,0,1,0,1,1,2,0,2,0,2,0,2,0,1,0,2,0
2463,0,0,0,0,0,0,0,0,0,0,0,0,0,0,0,0,0,0,0,0,0,0
2464,0,0,0,0,0,0,0,0,0,0,0,0,0,0,0,0,0,0,0,0,0,0
2465,0,0,0,2,0,0,0,0,0,0,0,0,0,0,0,0,0,0,0,0,0,0
2466,0,0,0,0,0,0,0,0,0,0,0,0,0,0,0,0,0,0,0,0,0,0
2467,1,1,1,1,1,1,1,0,1,0,1,0,1,1,1,0,1,0,1,0,1,0
2468,0,0,0,0,0,0,0,0,0,0,0,0,0,0,0,0,0,0,0,1,0,0
2469,0,0,0,0,0,0,0,0,0,0,0,0,0,0,0,0,0,0,0,0,0,0
2470,1,0,1,0,1,0,1,0,1,0,1,0,1,0,1,0,1,0,1,0,1,2
2471,0,0,0,0,0,0,0,0,0,0,0,0,0,0,0,0,0,0,0,0,0,1
2472,1,0,0,0,0,0,0,0,1,0,0,0,0,0,0,0,0,0,0,0,0,0
2473,1,1,1,1,1,0,0,0,1,1,1,2,1,1,0,0,1,0,1,1,1,0
2474,0,0,0,0,0,0,0,0,0,0,1,0,1,0,1,0,0,0,0,0,1,0
2475,0,0,0,0,0,0,0,0,0,0,0,0,0,0,0,0,0,0,0,0,0,0
2476,1,0,1,0,2,1,2,0,1,1,2,0,1,0,2,0,2,1,1,1,1,0
2477,0,0,1,0,0,0,0,0,1,0,0,1,0,0,0,0,0,0,1,0,0,0
2478,0,0,0,1,0,1,0,1,0,1,0,1,0,0,0,0,0,0,0,0,0,0
2479,1,1,1,1,1,1,1,1,1,1,1,1,1,1,1,0,1,1,1,1,1,2
2480,0,1,0,1,0,1,0,1,0,1,0,1,0,1,0,1,0,1,0,1,0,1
2481,1,1,1,1,1,1,1,1,1,1,1,1,1,1,0,0,1,2,1,2,1,2
2482,0,0,0,0,0,1,0,0,0,1,0,1,1,1,0,1,0,1,0,1,1,1
2483,0,0,2,1,2,1,1,1,2,0,0,1,0,0,0,1,0,0,0,1,0,2
2484,0,1,0,1,0,1,0,1,0,2,0,2,0,2,0,0,0,2,0,1,0,2
2485,0,0,0,0,0,0,0,0,0,0,0,0,0,0,0,0,0,0,0,0,0,0
2486,0,1,0,0,0,0,0,0,0,0,0,0,0,0,0,0,0,0,0,0,0,1
2487,0,0,0,0,0,0,0,0,0,0,0,0,0,0,0,0,0,0,0,0,0,0
2488,1,1,1,1,0,0,1,1,1,1,1,1,1,1,0,0,0,0,2,2,1,1
2489,0,0,0,0,0,0,0,0,0,0,0,0,0,0,0,0,0,0,0,0,0,0
2490,1,2,0,0,0,0,0,0,1,1,0,0,0,0,0,0,0,0,2,2,0,0
2491,1,2,1,1,1,2,1,1,1,2,0,0,0,0,0,0,0,0,1,0,0,0
2492,2,2,1,1,2,2,2,2,2,2,2,2,1,1,2,2,2,2,2,2,1,2
2493,0,0,0,1,0,0,0,0,0,1,0,1,0,1,0,0,0,0,0,1,0,2
2494,2,1,2,2,2,1,2,1,2,2,2,2,2,0,2,0,2,2,2,1,2,2
2495,2,2,2,2,2,2,2,2,2,2,2,2,2,2,2,2,2,2,2,2,2,2
2496,2,2,2,2,2,2,2,2,2,2,2,2,2,2,2,2,2,2,2,2,2,2
2497,0,0,0,0,0,0,0,0,0,0,0,0,0,0,0,0,0,0,0,0,0,0
2498,0,1,0,1,0,1,0,1,0,1,0,1,0,1,0,1,0,1,0,1,0,0
2499,1,1,1,1,1,1,1,1,1,1,1,1,1,1,1,1,1,1,1,1,1,1
2500,0,0,0,1,0,0,0,1,0,1,0,0,0,0,0,0,0,0,0,0,0,0
2501,0,0,0,0,0,0,0,0,1,1,0,0,0,0,0,0,0,0,0,1,0,2
2502,0,2,2,2,0,2,0,2,0,2,0,2,0,2,0,2,0,2,0,2,0,1
2503,1,0,1,1,0,0,0,0,1,0,1,2,1,0,0,0,1,0,1,2,1,0
2504,0,0,0,0,0,0,0,0,0,0,0,0,1,0,0,0,0,0,0,0,1,0
2505,0,1,1,2,0,1,0,1,0,2,1,0,1,0,0,0,0,0,1,0,1,2
2506,2,1,1,0,2,0,0,0,2,2,0,0,0,0,0,0,0,0,2,2,0,0
2507,0,0,0,0,0,0,0,0,0,0,0,0,0,0,0,0,0,2,0,0,0,2
2508,2,2,2,2,2,2,2,1,2,2,0,0,1,0,2,0,2,0,2,2,1,0
2509,1,0,1,0,1,0,1,0,1,0,1,0,1,0,1,0,1,0,1,0,1,0
2510,1,1,1,1,1,1,1,1,1,1,1,1,1,1,1,1,1,1,1,1,1,0
2511,0,1,0,0,0,1,0,0,1,1,0,0,0,0,0,0,0,0,1,2,0,0
2512,0,0,1,0,0,0,0,0,0,0,2,0,0,0,0,0,0,0,0,0,0,0
2513,0,0,0,0,0,0,0,0,0,0,0,0,0,0,0,0,0,0,0,0,0,0
2514,0,0,0,0,0,0,0,0,0,0,0,0,0,0,0,0,0,0,0,0,0,0
2515,2,2,2,2,2,2,2,2,2,2,2,2,2,2,2,1,2,2,2,2,2,2
2516,0,0,0,0,0,0,0,0,0,0,0,0,0,0,0,0,0,0,0,1,0,0
2517,2,2,2,2,2,2,2,2,2,2,2,2,2,1,2,2,2,2,2,2,2,2
2518,0,0,0,0,0,0,0,0,0,0,0,0,0,0,0,0,0,0,0,0,0,0
2519,0,0,0,0,0,0,0,0,1,1,0,0,1,1,0,0,0,0,1,1,1,0
2520,1,0,1,0,1,0,1,0,1,0,1,0,1,0,1,0,2,0,1,0,1,0
2521,0,0,0,0,0,0,0,0,0,0,0,0,0,0,0,0,0,0,0,0,0,0
2522,2,0,2,0,2,0,2,0,2,2,2,2,2,0,2,0,2,0,2,1,2,1
2523,0,0,1,0,1,0,1,0,0,0,0,0,1,0,0,0,0,0,1,0,1,2
2524,1,1,1,1,1,1,1,1,1,1,1,1,1,1,0,0,0,1,1,1,1,1
2525,1,1,1,1,1,1,1,0,1,1,2,1,1,0,1,1,1,0,2,2,1,2
2526,0,1,0,1,0,1,0,0,0,1,0,0,0,1,0,0,0,0,0,1,0,0
2527,0,0,0,0,0,0,0,0,1,0,0,0,0,0,0,0,0,0,1,0,0,2
2528,0,0,0,0,0,0,0,0,0,0,0,0,0,0,0,0,0,0,0,0,0,0
2529,1,1,1,1,1,1,1,1,1,1,2,1,1,1,2,2,2,1,2,1,1,1
2530,0,0,0,0,0,0,0,0,0,0,0,0,0,0,0,0,0,0,0,0,0,0
2531,0,0,0,0,0,0,0,0,0,0,0,0,0,0,0,0,0,0,0,0,0,0
2532,0,0,0,1,0,0,0,1,0,0,0,0,0,0,0,0,0,0,0,2,0,0
2533,0,0,0,0,0,0,0,0,1,0,1,0,1,0,0,0,0,0,1,0,1,1
2534,0,0,0,0,1,0,0,0,1,0,0,0,0,0,0,0,0,0,0,0,0,0
2535,0,0,0,0,0,0,0,0,0,0,0,0,0,0,0,0,0,0,0,0,0,0
2536,0,1,0,1,0,1,0,1,0,1,0,1,0,1,0,0,0,1,0,1,0,0
2537,0,0,0,0,0,0,0,0,1,0,0,1,1,1,0,0,1,1,1,1,1,0
2538,2,2,2,2,2,2,2,2,2,2,2,2,2,2,2,2,2,2,2,2,2,2
2539,0,1,0,1,0,1,0,1,0,1,0,2,0,1,0,2,0,1,0,1,0,2
2540,1,0,1,0,1,0,1,0,1,0,1,0,1,0,1,0,1,0,1,0,1,0
2541,0,0,0,0,0,0,0,0,1,0,0,0,0,0,0,0,0,0,0,0,0,2
2542,0,0,0,0,0,0,0,0,0,0,0,0,0,0,0,0,0,0,0,0,0,0
2543,0,1,0,0,0,0,0,0,0,1,0,0,0,1,0,0,0,0,0,0,0,0
2544,1,1,1,1,1,1,0,0,0,0,1,0,1,0,0,0,0,0,1,0,1,0
2545,0,0,0,0,0,0,0,0,0,1,0,0,0,0,0,0,0,0,0,0,0,0
2546,1,1,1,1,1,1,1,0,1,1,0,0,0,0,0,0,0,0,0,0,0,0
2547,0,0,0,0,0,0,0,0,0,0,0,0,0,0,0,0,0,0,0,0,0,0
2548,2,0,2,0,2,0,0,0,2,0,2,0,2,0,0,0,2,2,2,2,2,0
2549,0,2,0,2,0,2,0,2,0,2,0,2,0,2,0,0,0,2,0,2,0,1
2550,2,2,2,2,2,2,2,2,2,2,2,2,2,2,2,2,2,2,2,2,2,2
2551,1,1,1,1,1,1,1,1,1,1,1,1,1,1,1,1,1,1,1,1,1,2
2552,0,1,0,0,0,1,0,0,0,2,0,0,0,1,0,0,0,0,0,1,0,2
2553,0,0,2,0,2,0,0,0,0,0,0,0,0,0,0,0,0,0,0,0,0,0
2554,0,0,1,0,1,0,0,0,0,0,0,0,0,0,0,0,0,0,1,0,0,0
2555,0,0,0,0,0,0,0,0,0,0,0,0,0,0,0,0,0,0,0,0,0,0
2556,0,0,0,0,0,0,0,0,0,0,0,0,0,0,0,0,0,0,0,0,0,2
2557,0,2,1,2,1,2,0,2,1,2,0,2,0,2,0,2,0,2,0,2,0,0
2558,1,1,1,1,1,0,1,0,1,1,1,1,2,1,2,0,1,1,2,1,2,2
2559,0,1,0,1,0,0,0,0,0,1,0,0,0,2,0,0,0,1,0,2,0,0
2560,0,0,0,0,0,0,0,0,1,0,1,0,2,0,0,0,2,0,1,0,2,0
2561,1,0,1,0,1,0,1,0,1,1,0,0,0,0,0,0,0,0,0,0,0,0
2562,1,2,1,2,1,2,0,0,1,2,1,2,1,2,1,0,1,2,1,2,1,0
2563,0,0,1,1,1,0,0,0,1,1,1,0,1,1,1,0,1,0,1,0,1,0
2564,2,2,1,1,2,2,1,0,2,2,0,0,1,0,1,0,1,0,1,0,1,2
2565,2,1,0,1,0,1,1,1,0,1,2,1,1,1,2,2,1,1,1,1,1,0
2566,0,2,1,2,0,2,1,2,1,2,1,2,2,2,1,2,0,2,0,2,2,2
2567,0,0,0,0,0,0,0,0,0,1,0,0,0,0,0,0,0,0,0,1,0,2
2568,0,0,0,0,0,0,0,0,0,0,0,0,0,0,0,0,0,0,0,0,0,0
2569,2,2,2,2,2,2,1,2,2,2,2,2,2,2,2,0,2,2,2,2,2,2
2570,1,0,1,0,1,0,1,0,1,0,0,0,0,0,0,0,0,0,0,0,0,0
2571,2,2,2,2,2,2,2,2,2,2,2,2,2,2,2,2,2,2,2,2,2,1
2572,0,0,0,0,0,0,0,0,0,0,0,0,0,0,0,0,0,0,0,0,0,2
2573,0,0,1,0,0,0,0,0,0,0,0,0,1,1,0,0,0,0,0,0,1,0
2574,0,0,0,0,0,0,0,0,0,1,0,0,0,0,0,0,0,0,0,0,0,2
2575,0,0,0,0,0,0,0,0,0,0,0,0,0,0,0,0,0,0,0,0,0,1
2576,0,0,0,0,0,0,0,0,0,0,0,0,0,0,0,0,0,0,0,0,0,0
2577,0,0,0,0,0,0,0,0,0,0,0,0,0,0,0,0,0,0,0,0,0,0
2578,2,1,2,2,2,0,2,0,2,1,0,0,0,0,0,0,0,0,0,0,0,0
2579,2,0,2,0,2,0,0,0,2,0,0,0,0,0,0,0,2,0,2,0,0,0
2580,0,1,0,1,1,1,0,1,0,1,0,1,0,1,0,1,1,1,1,1,0,1
2581,0,0,0,0,0,0,0,0,0,0,0,0,0,0,0,0,0,0,0,0,0,0
2582,1,1,1,1,1,1,0,0,1,0,0,0,1,0,0,0,0,0,2,2,1,0
2583,0,0,0,0,0,1,0,0,0,1,0,0,0,0,0,0,0,0,0,0,0,0
2584,0,0,0,0,0,0,0,0,0,0,0,0,0,0,0,0,0,0,0,0,0,0
2585,0,0,0,0,0,0,0,0,0,0,0,0,0,0,0,0,0,0,0,0,0,0
2586,0,1,0,1,0,1,0,1,0,1,0,1,0,0,0,1,0,1,0,1,0,1
2587,0,2,0,0,0,0,0,0,0,0,0,0,0,0,0,0,0,0,0,0,0,0
2588,0,0,0,0,0,0,0,0,0,0,0,0,0,0,0,0,0,0,0,0,0,0
2589,1,2,1,2,1,2,1,1,1,0,1,0,0,2,0,2,1,2,1,2,0,0
2590,0,1,0,1,0,1,0,0,0,1,0,0,0,1,0,0,0,0,0,1,0,0
2591,0,0,0,0,0,0,0,0,0,0,0,0,0,0,0,0,0,0,0,0,0,0
2592,0,0,0,0,1,1,0,0,0,0,0,0,0,0,0,0,0,0,0,1,0,0
2593,0,0,0,0,0,0,0,0,0,0,0,0,0,0,0,0,0,0,0,0,0,0
2594,0,2,0,0,0,0,0,0,0,1,0,0,0,0,0,0,0,0,0,1,0,0
2595,2,2,2,2,2,2,2,2,2,2,2,2,2,2,2,0,2,2,2,2,2,2
2596,2,2,2,2,2,2,0,0,1,1,2,2,1,2,0,0,2,2,2,2,1,1
2597,0,0,0,0,0,0,0,0,0,0,0,0,0,0,0,0,0,0,0,0,0,0
2598,2,1,2,1,2,1,1,1,1,1,2,2,1,1,1,1,2,2,2,2,1,1
2599,0,0,0,0,0,0,0,0,0,0,0,0,0,0,0,0,0,0,0,0,0,0
2600,1,0,0,1,0,1,0,0,0,1,0,1,1,1,0,0,0,1,1,1,1,0
2601,0,0,0,0,0,0,0,0,0,0,0,0,0,0,0,0,0,0,0,0,0,0
2602,1,0,1,0,1,0,1,0,1,0,0,0,1,0,0,0,0,0,2,0,1,0
2603,1,1,1,1,1,1,0,1,1,1,0,0,0,0,0,0,0,0,1,1,0,2
2604,0,0,0,0,0,0,0,0,0,0,0,0,0,0,0,0,1,0,0,0,0,0
2605,1,1,1,1,1,1,1,1,1,1,1,1,1,1,0,0,1,1,0,0,1,1
2606,0,0,0,0,0,0,0,0,0,0,0,0,0,0,0,0,0,0,0,0,0,0
2607,2,1,2,0,2,1,2,1,2,1,2,0,2,0,2,0,2,0,2,1,2,0
2608,0,1,0,0,0,0,0,0,0,1,0,0,0,0,0,0,0,0,1,0,0,1
2609,0,0,0,0,0,0,0,0,0,0,0,0,0,0,0,0,0,0,0,0,0,0
2610,1,0,1,0,2,0,1,0,1,0,1,0,2,0,2,0,2,0,2,0,2,0
2611,0,0,0,0,0,0,0,0,0,0,0,0,0,0,0,0,0,0,0,0,0,2
2612,1,1,1,1,1,1,1,1,1,1,1,1,1,1,1,1,1,1,0,0,1,2
2613,1,1,1,1,1,1,1,1,1,1,1,1,1,1,1,1,1,1,1,1,1,0
2614,0,1,1,1,1,1,0,1,1,1,0,1,1,1,0,0,1,1,1,1,1,2
2615,0,2,1,2,1,1,0,1,0,1,0,0,0,2,0,0,0,2,1,1,0,2
2616,0,1,0,0,0,0,0,0,0,1,0,1,0,0,0,0,0,0,0,0,0,0
2617,2,0,2,0,2,0,2,1,2,2,2,0,2,1,2,0,2,0,2,2,2,1
2618,1,2,1,2,1,1,1,2,1,2,1,2,1,2,1,2,1,2,1,2,1,0
2619,0,0,0,0,0,0,0,0,0,0,0,0,0,0,0,0,0,0,0,0,0,0
2620,0,0,0,0,0,0,0,0,0,0,0,0,0,0,0,0,0,0,0,2,0,0
2621,0,0,0,0,0,0,0,0,0,0,0,0,0,0,0,0,0,0,0,0,0,0
2622,2,0,2,0,2,0,2,0,2,0,2,0,2,0,2,0,2,0,2,0,2,2
2623,2,2,2,1,2,2,2,2,2,2,2,2,2,1,2,2,2,2,2,2,2,0
2624,0,0,0,0,0,0,0,0,0,0,0,0,0,0,0,0,0,0,0,0,0,0
2625,1,0,1,1,1,1,1,1,1,1,1,1,1,1,1,0,1,0,1,1,1,2
2626,0,0,0,0,0,0,0,0,0,0,0,0,0,0,0,0,0,0,0,0,0,0
2627,1,1,1,1,1,1,0,1,1,1,1,1,1,1,1,1,1,1,1,1,1,1
2628,0,0,0,0,0,0,0,0,0,0,0,0,0,0,0,0,0,0,0,0,0,1
2629,0,0,0,0,0,0,0,0,0,0,0,0,0,0,0,0,0,0,0,2,0,2
2630,1,2,1,1,1,2,0,2,1,2,1,2,0,1,0,2,0,2,1,2,0,0
2631,1,0,1,0,1,1,1,1,1,0,1,0,1,1,1,0,1,1,1,1,1,0
2632,0,0,0,0,0,0,0,0,1,1,0,0,0,0,0,0,0,0,0,0,0,0
2633,0,0,0,0,0,0,0,0,0,0,0,0,0,0,0,0,0,0,0,0,0,0
2634,0,0,0,0,0,0,0,0,0,0,0,0,0,0,0,0,0,0,0,0,0,0
2635,0,0,0,0,0,0,0,0,0,0,0,0,0,0,0,0,0,0,0,0,0,2
2636,1,1,1,1,1,1,1,1,1,1,1,1,1,1,1,1,1,1,1,1,1,0
2637,0,0,0,0,0,0,0,0,0,0,0,0,0,0,0,0,0,0,0,0,0,0
2638,0,0,0,0,0,0,0,0,0,0,0,0,0,0,0,0,0,0,0,0,0,0
2639,1,0,1,0,0,0,0,0,0,0,2,0,2,0,0,0,2,0,1,0,2,0
2640,2,1,2,1,2,1,2,1,2,1,2,1,2,1,2,1,2,1,2,1,2,2
2641,2,0,0,0,0,0,0,0,0,0,0,0,0,0,0,0,0,0,0,0,0,0
2642,2,0,1,0,2,0,2,0,2,0,0,0,2,0,2,0,0,0,2,0,2,0
2643,1,1,1,1,1,1,1,1,1,1,1,0,1,1,1,1,1,1,1,1,1,2
2644,0,0,0,0,0,0,0,0,0,0,0,0,0,0,0,0,0,0,0,0,0,0
2645,1,1,1,1,0,1,0,1,1,1,0,1,1,1,0,1,1,1,1,1,1,0
2646,0,0,0,0,0,0,0,0,0,0,0,0,0,0,0,0,0,0,0,0,0,0
2647,1,0,1,0,1,0,1,0,1,0,1,0,1,0,1,0,2,2,1,2,1,0
2648,0,0,0,0,0,0,0,0,0,0,0,0,0,0,0,0,0,0,0,0,0,0
2649,1,1,1,1,1,1,1,1,1,1,1,1,1,1,1,1,1,1,1,1,1,1
2650,1,1,1,1,1,1,1,0,1,1,1,1,1,1,1,1,1,1,1,1,1,1
2651,1,1,1,1,1,1,1,0,1,1,1,1,1,1,1,0,1,0,1,1,1,0
2652,1,0,1,0,0,0,0,0,1,0,1,0,1,0,0,0,1,0,1,0,1,0
2653,2,0,2,2,2,1,2,1,2,1,2,0,2,1,2,0,2,2,2,2,2,0
2654,0,0,0,0,0,0,0,0,0,0,0,0,0,0,0,0,0,2,0,0,0,0
2655,0,0,0,0,0,0,0,0,0,0,0,0,0,0,0,0,0,0,0,0,0,0
2656,2,0,2,0,2,0,1,0,2,0,1,0,1,0,1,0,1,0,1,0,1,0
2657,2,2,2,2,2,2,2,2,2,2,2,2,2,2,2,2,2,2,2,2,2,2
2658,1,2,1,1,1,2,0,0,1,1,1,0,1,0,1,0,1,1,2,2,1,0
2659,2,2,2,1,2,2,2,2,1,1,2,2,1,1,1,2,1,2,1,2,1,2
2660,1,0,1,0,1,0,0,0,1,0,1,0,1,2,0,0,0,0,1,0,1,2
2661,0,0,0,0,0,0,0,0,0,0,0,0,0,0,0,0,0,0,0,0,0,1
2662,2,0,2,0,2,0,0,0,2,0,0,0,0,0,0,0,2,0,2,0,0,0
2663,2,0,2,0,2,0,2,0,0,0,2,0,1,0,0,0,2,0,1,0,1,1
2664,1,0,1,0,1,2,1,0,1,0,0,0,1,0,0,0,0,0,1,0,1,2
2665,0,0,0,0,0,0,0,0,0,0,0,0,0,0,0,0,0,0,0,0,0,0
2666,0,0,0,0,0,0,0,0,0,0,0,0,0,0,0,0,0,0,0,0,0,0
2667,1,1,1,1,1,1,1,1,1,1,1,1,1,1,1,1,1,1,1,1,1,2
2668,0,0,0,0,0,0,0,0,0,0,0,0,0,0,0,0,0,0,0,0,0,0
2669,0,0,0,0,0,0,0,0,0,0,0,0,0,0,0,0,0,0,0,0,0,0
2670,2,1,2,2,2,1,1,1,1,2,2,2,2,1,1,1,2,2,1,1,2,2
2671,2,2,0,2,0,2,0,2,2,2,0,2,0,2,0,2,0,2,2,2,0,2
2672,1,1,1,1,1,0,1,1,1,1,1,1,1,1,0,0,1,1,1,1,1,1
2673,0,0,0,0,0,0,0,0,0,0,0,0,0,0,0,0,0,0,0,0,0,0
2674,1,0,1,0,0,0,0,0,1,0,1,0,1,0,1,0,1,0,0,0,1,2
2675,0,0,0,0,0,0,0,0,0,0,0,0,0,0,0,0,0,0,0,0,0,0
2676,1,1,1,1,1,1,2,2,1,1,2,2,1,1,1,1,2,2,2,2,1,2
2677,0,0,0,0,0,0,0,0,0,0,0,0,0,0,0,0,1,0,0,0,0,0
2678,0,0,0,0,0,0,0,0,0,0,0,0,0,0,0,0,0,0,0,0,0,2
2679,0,0,0,0,0,0,0,0,0,0,0,0,0,0,0,0,0,0,2,0,0,0
2680,0,0,1,1,0,0,0,0,1,1,1,0,0,0,0,0,1,0,0,0,0,0
2681,2,0,2,0,2,0,2,0,2,0,2,0,2,0,0,0,2,0,2,0,2,0
2682,0,0,0,0,0,0,0,0,0,0,0,0,0,0,0,0,0,0,0,0,0,0
2683,0,0,1,0,0,0,0,0,0,0,0,0,0,0,0,0,0,0,0,0,0,0
2684,0,0,0,0,0,0,0,0,0,0,0,0,0,0,0,0,0,0,0,0,0,0
2685,0,0,1,0,1,0,0,0,1,0,0,0,1,0,0,0,1,0,0,0,1,0
2686,2,2,2,1,2,1,2,1,2,2,2,1,2,1,2,2,2,2,2,2,2,1
2687,1,2,1,2,2,2,1,2,2,2,2,2,1,2,1,2,2,2,2,2,1,0
2688,0,0,0,0,0,0,0,0,0,0,0,0,1,0,0,0,0,0,1,0,1,0
2689,1,0,1,0,1,0,1,0,1,0,1,0,1,0,1,0,0,0,1,0,1,2
2690,0,0,0,0,0,0,0,0,0,0,0,0,0,0,0,0,0,0,0,0,0,0
2691,0,1,0,1,0,0,0,0,0,1,0,0,0,0,0,0,0,0,0,0,0,0
2692,1,1,1,1,1,1,1,1,1,1,1,0,1,1,1,1,1,1,1,0,1,1
2693,0,0,0,0,0,0,0,0,0,0,0,0,0,0,0,0,0,0,0,0,0,0
2694,2,2,2,2,2,2,2,2,2,2,0,2,2,2,0,2,2,2,2,2,2,2
2695,1,0,1,0,1,0,1,0,1,0,1,0,1,0,1,0,1,0,1,1,1,0
2696,0,0,0,0,0,0,0,2,0,0,0,0,0,0,0,0,0,0,0,2,0,2
2697,1,0,1,0,1,0,1,0,1,0,1,0,1,0,1,0,2,0,2,0,1,0
2698,1,0,1,0,1,0,1,0,1,0,0,0,0,0,0,0,0,0,1,1,0,1
2699,0,0,0,0,0,0,0,0,0,0,0,0,0,0,0,0,0,0,0,0,0,0
2700,0,0,0,0,0,0,0,0,0,0,0,0,0,0,0,0,0,1,0,0,0,2
2701,2,2,0,0,0,0,0,0,0,0,0,0,0,0,0,0,2,0,2,0,0,0
2702,0,2,1,2,0,2,0,2,0,2,0,2,0,2,0,2,0,2,0,2,0,2
2703,1,0,1,0,1,1,1,1,1,1,1,1,1,1,1,0,1,1,1,1,1,0
2704,0,0,0,0,0,0,0,0,0,0,0,0,0,0,0,0,0,0,0,0,0,0
2705,0,0,0,0,0,0,0,0,0,0,0,0,0,0,0,0,0,0,0,0,0,0
2706,2,2,2,2,2,2,2,2,2,2,2,2,2,2,2,2,2,2,2,2,2,2
2707,1,2,0,2,2,2,1,1,1,2,0,0,0,2,0,0,0,0,1,2,0,2
2708,0,0,0,0,0,0,0,0,0,0,0,0,0,0,0,0,0,0,1,0,0,0
2709,0,2,0,2,0,0,0,2,2,2,0,2,0,2,0,0,0,0,0,2,0,0
2710,2,0,2,0,2,0,1,0,1,0,2,0,2,0,0,0,2,0,2,0,2,2
2711,0,0,0,0,0,0,0,0,0,0,0,0,0,0,0,0,0,0,0,0,0,2
2712,1,0,1,0,1,0,1,0,1,0,1,0,1,0,0,0,0,0,1,0,1,1
2713,1,0,1,1,1,1,1,1,1,1,1,1,1,0,1,1,1,0,1,1,1,1
2714,0,0,0,0,0,0,0,0,0,0,0,0,0,0,0,0,0,0,0,0,0,1
2715,2,2,2,2,2,2,1,1,2,2,2,2,2,2,2,2,2,2,1,1,2,2
2716,1,0,1,0,1,0,1,0,1,1,1,1,1,0,0,0,1,1,1,1,1,0
2717,0,0,0,0,2,0,0,0,0,0,2,0,0,0,0,0,0,0,2,0,0,2
2718,1,1,1,1,2,1,1,0,1,1,2,0,1,1,2,0,1,0,1,0,1,0
2719,0,2,1,1,1,1,0,0,1,1,1,0,0,0,0,0,0,2,0,1,0,0
2720,0,1,0,1,0,0,0,1,1,1,0,1,0,1,0,1,0,1,0,1,0,0
2721,2,0,2,0,0,0,0,0,0,0,0,0,0,0,0,0,0,0,0,0,0,0
2722,0,0,0,0,0,0,0,0,0,0,0,0,0,0,0,0,0,0,0,0,0,0
2723,1,1,1,1,1,1,1,1,1,1,1,1,1,1,1,1,1,1,1,1,1,1
2724,0,0,0,0,0,0,0,0,0,0,0,0,0,0,0,0,0,0,0,0,0,0
2725,2,0,2,0,2,0,2,0,2,1,2,0,2,0,2,0,2,0,2,0,2,0
2726,2,2,2,2,2,2,2,2,2,1,2,2,2,1,2,2,2,2,2,2,2,1
2727,0,0,0,0,0,0,0,0,0,0,0,0,0,0,0,0,0,0,0,0,0,0
2728,0,0,0,0,0,0,0,0,0,2,0,0,0,0,0,0,0,0,2,2,0,0
2729,0,0,0,0,0,0,0,0,0,0,0,0,0,0,0,0,0,0,0,0,0,0
2730,0,0,0,0,0,0,0,0,0,0,0,0,0,0,0,0,0,0,0,0,0,0
2731,0,2,0,0,0,0,0,0,0,2,0,0,0,0,0,0,0,0,0,1,0,1
2732,2,0,2,0,2,0,2,0,2,0,2,2,2,0,2,0,2,0,2,0,2,1
2733,0,0,0,0,0,0,0,0,0,0,0,0,0,0,0,0,0,0,0,0,0,0
2734,2,1,2,1,2,1,2,1,2,2,2,2,2,2,2,1,2,1,2,1,2,2
2735,0,0,0,0,0,1,0,0,0,0,0,0,0,1,0,0,0,0,0,1,0,0
2736,1,1,1,1,1,1,1,0,1,2,1,2,1,0,1,0,1,0,1,1,1,0
2737,0,0,0,0,0,0,0,0,0,0,0,0,0,0,0,0,0,0,0,0,0,0
2738,0,0,0,0,0,0,0,0,0,0,0,0,0,0,0,0,0,0,0,0,0,2
2739,0,0,1,0,0,0,0,0,0,0,0,0,1,0,0,0,1,0,0,0,1,0
2740,0,1,0,2,0,1,0,1,0,1,0,2,1,1,0,1,0,2,1,1,1,1
2741,2,2,1,2,2,2,2,1,2,2,0,2,0,2,2,2,0,2,2,2,0,0
2742,1,1,1,1,0,1,1,1,1,1,2,1,1,1,0,0,1,1,1,1,1,0
2743,0,0,0,0,0,0,0,0,0,0,0,0,0,0,0,0,0,0,0,0,0,0
2744,1,0,1,0,1,0,1,0,1,0,1,0,1,0,1,0,1,0,1,0,1,0
2745,0,2,1,2,0,2,0,0,0,2,0,2,1,2,0,2,0,2,0,2,1,0
2746,2,2,2,0,2,0,2,2,2,0,0,0,2,2,2,0,2,0,2,2,2,0
2747,0,0,0,0,0,0,0,0,0,0,0,0,0,0,0,0,0,0,0,0,0,0
2748,1,0,1,0,2,0,1,0,1,0,2,1,2,0,2,1,2,1,2,1,2,2
2749,0,0,0,0,0,0,0,0,0,0,0,0,0,0,0,0,0,0,0,0,0,0
2750,1,0,1,0,1,0,0,0,1,0,1,0,1,0,0,0,1,0,1,0,1,1
2751,0,0,1,1,1,1,0,0,1,1,0,0,0,1,0,0,1,1,1,1,0,0
2752,2,0,2,0,2,0,2,0,2,0,2,0,2,0,2,0,2,0,2,0,2,1
2753,0,0,0,0,0,0,0,0,0,0,0,0,0,0,0,0,0,0,0,0,0,0
2754,0,0,0,0,0,0,0,0,0,0,0,0,0,0,0,0,0,0,0,0,0,0
2755,1,0,2,0,1,0,0,0,1,0,1,0,2,0,1,0,1,0,1,0,2,0
2756,2,2,1,2,2,2,1,2,2,2,2,2,2,0,2,2,2,2,2,2,2,1
2757,0,0,0,0,0,0,0,0,0,0,0,0,0,0,0,0,0,0,0,0,0,1
2758,1,2,1,2,1,2,1,2,1,2,1,0,1,0,0,2,1,2,1,2,1,0
2759,2,0,2,0,2,0,2,0,2,1,2,0,2,0,0,0,2,0,2,0,2,0
2760,1,1,1,1,1,1,0,0,2,2,0,0,0,0,2,2,2,2,2,2,0,1
2761,0,0,0,0,1,0,0,0,0,0,1,0,1,0,0,0,0,0,0,0,1,0
2762,0,0,0,0,0,0,0,0,2,0,0,1,0,0,0,0,2,0,1,1,0,0
2763,2,2,2,2,2,2,2,1,2,2,2,2,2,2,2,0,2,0,2,0,2,2
2764,0,0,0,0,0,0,0,0,0,0,0,0,0,0,0,0,0,0,0,0,0,0
2765,0,0,0,0,0,0,0,0,0,0,0,0,0,0,0,0,0,0,0,0,0,0
2766,0,0,0,0,0,0,0,0,0,0,0,0,0,0,0,0,0,0,0,0,0,0
2767,1,1,1,0,1,0,1,0,1,1,1,0,1,0,1,0,1,0,1,0,1,0
2768,0,0,0,0,0,0,0,0,0,0,0,0,0,0,0,0,0,0,0,0,0,0
2769,0,1,0,0,0,0,0,0,0,0,0,0,0,0,0,0,0,0,0,0,0,2
2770,0,0,0,0,0,0,0,0,0,0,2,0,0,0,0,0,0,0,0,0,0,0
2771,0,0,0,0,0,0,0,0,0,0,0,0,0,0,0,0,0,0,0,0,0,2
2772,0,0,0,0,0,0,0,0,0,0,0,0,0,0,0,0,0,0,0,0,0,2
2773,0,0,1,1,0,0,0,0,1,1,1,1,1,1,0,0,1,1,1,1,1,2
2774,2,2,0,0,2,2,0,0,1,1,0,0,0,0,0,0,0,0,0,0,0,0
2775,0,0,0,0,0,0,0,0,0,0,0,0,0,0,0,0,0,0,0,0,0,0
2776,2,2,0,1,2,2,0,2,2,2,2,2,2,2,0,2,2,2,2,2,2,2
2777,0,0,0,0,0,0,0,0,0,0,0,0,0,0,0,0,0,0,0,0,0,0
2778,0,0,0,0,0,0,0,0,0,1,0,0,0,0,0,0,0,0,0,0,0,0
2779,2,1,2,1,2,2,1,1,2,2,2,2,2,2,2,2,1,2,1,2,2,2
2780,0,0,0,0,0,0,0,0,0,0,0,0,0,0,0,0,0,0,0,0,0,0
2781,2,0,1,0,1,0,2,0,1,0,1,0,1,0,1,0,2,0,1,0,1,1
2782,0,0,0,0,0,0,0,0,0,0,0,0,0,0,0,0,0,0,0,0,0,0
2783,1,2,1,2,1,2,1,2,1,2,2,2,0,2,0,2,2,2,2,2,0,2
2784,0,0,0,0,0,0,0,0,0,0,0,0,0,0,0,0,0,0,0,0,0,2
2785,0,1,0,0,0,1,0,0,0,1,0,0,0,0,0,0,0,2,0,1,0,1
2786,1,1,2,1,1,1,1,0,1,1,1,1,1,1,1,1,1,1,1,1,1,2
2787,0,0,0,0,0,0,0,0,1,1,0,0,0,0,0,0,0,0,0,0,0,0
2788,0,0,0,0,0,0,0,0,0,0,0,0,0,0,0,0,0,0,0,0,0,0
2789,0,0,0,0,0,0,0,0,0,0,0,0,0,0,0,0,0,0,0,0,0,0
2790,2,2,2,2,2,2,2,2,2,2,2,2,2,2,2,2,2,2,2,2,2,0
2791,0,0,0,0,0,0,0,0,0,0,0,0,0,0,0,0,0,0,0,0,0,1
2792,1,1,1,1,1,1,1,1,1,1,0,0,1,0,0,1,1,0,0,1,1,0
2793,1,1,1,1,1,1,1,1,1,1,1,1,1,1,1,1,1,1,1,1,1,2
2794,0,0,0,0,0,0,0,0,0,0,0,0,0,0,0,0,0,0,0,0,0,0
2795,0,0,1,2,0,2,0,0,0,1,0,0,0,0,0,0,0,1,1,2,0,0
2796,0,0,0,0,0,0,0,0,0,0,0,0,0,0,0,0,0,0,0,0,0,0
2797,1,1,1,1,0,0,0,0,1,1,1,1,1,0,0,0,1,1,1,1,1,0
2798,0,0,0,0,0,0,0,0,0,0,0,0,0,0,0,0,0,0,0,0,0,0
2799,0,1,0,1,0,1,0,1,0,1,0,0,0,1,0,1,0,0,0,1,0,0
2800,0,0,0,0,0,0,0,0,0,0,0,0,0,0,0,0,0,0,0,0,0,0
2801,0,0,0,0,0,0,0,0,0,1,0,0,0,0,0,0,0,0,0,1,0,0
2802,0,0,0,0,0,2,0,0,0,1,0,0,0,0,0,0,0,0,0,0,0,0
2803,0,0,0,0,0,0,0,0,0,0,0,0,0,0,0,0,0,0,0,0,0,2
2804,0,1,1,1,0,2,0,1,1,1,0,0,0,0,0,0,0,0,0,1,0,0
2805,1,1,0,1,0,1,0,1,2,1,0,0,0,0,0,0,0,0,0,1,0,0
2806,0,0,0,0,0,0,0,0,0,0,0,0,0,0,0,0,0,0,0,0,0,1
2807,0,0,0,0,0,0,0,0,0,0,0,0,0,0,0,0,0,0,0,0,0,0
2808,1,0,1,0,1,0,0,0,1,1,1,0,1,0,0,0,1,1,1,0,1,1
2809,0,0,0,0,0,0,0,0,0,0,0,0,0,0,0,0,0,0,0,0,0,2
2810,0,0,0,0,0,0,0,0,0,0,0,0,0,0,0,0,0,0,0,0,0,1
2811,0,0,0,1,0,0,0,0,0,1,0,0,0,1,0,0,0,0,0,0,0,0
2812,0,0,0,0,0,0,0,0,0,0,0,1,0,0,0,0,0,1,0,1,0,0
2813,0,0,0,0,0,0,0,0,0,0,0,0,0,0,0,0,0,0,2,0,0,0
2814,1,1,1,1,1,0,0,0,1,1,1,0,1,0,0,0,1,1,1,2,1,0
2815,1,2,1,1,1,0,1,0,1,1,0,0,0,0,0,0,0,2,0,2,0,1
2816,0,0,0,0,0,0,0,0,0,0,0,0,0,0,0,0,0,0,0,0,0,0
2817,1,1,1,1,1,1,1,1,1,1,2,1,1,1,2,1,1,1,1,1,1,2
2818,2,2,2,2,2,2,2,2,2,2,2,2,2,2,2,2,2,2,2,2,2,0
2819,1,0,1,1,1,0,0,0,1,1,0,1,1,1,0,0,1,1,1,1,1,0
2820,0,0,0,1,0,1,0,0,0,1,0,0,0,0,0,0,0,0,0,0,0,1
2821,0,0,0,0,0,0,0,0,0,0,0,0,0,0,0,0,0,0,0,0,0,0
2822,0,1,0,2,0,2,0,2,0,1,0,2,0,2,0,2,0,2,0,2,0,0
2823,2,0,0,0,0,0,0,0,0,0,0,0,0,0,0,0,0,0,0,0,0,0
2824,0,0,0,0,0,0,0,0,0,0,0,0,0,0,0,0,0,0,0,0,0,0
2825,1,0,1,0,1,0,1,0,1,0,1,0,1,0,1,0,0,0,1,0,1,0
2826,0,0,0,0,0,0,0,0,0,1,0,0,0,0,0,0,0,0,0,0,0,0
2827,0,0,0,0,0,0,0,0,0,2,0,0,0,0,0,0,0,0,0,0,0,1
2828,0,0,0,0,0,0,0,0,0,0,0,0,0,0,0,0,0,0,0,0,0,0
2829,0,0,0,0,0,0,0,0,0,0,0,0,0,0,0,0,0,0,0,0,0,0
2830,0,0,1,0,1,0,0,0,1,0,0,0,1,0,0,0,1,0,0,0,1,0
2831,0,0,0,0,0,0,0,0,0,0,0,0,0,0,0,0,0,0,0,0,0,0
2832,1,1,1,1,1,1,1,1,1,1,1,1,1,1,1,1,1,0,1,1,1,2
2833,0,0,0,0,0,0,0,0,0,0,0,0,0,0,0,0,0,0,0,0,0,0
2834,2,0,2,0,2,0,2,0,2,1,2,0,2,0,2,0,2,0,2,0,2,0
2835,2,2,2,2,2,2,1,1,2,2,2,2,1,2,2,2,2,2,2,2,1,2
2836,2,0,2,0,2,0,2,0,2,0,2,0,2,0,2,0,2,0,2,2,2,0
2837,0,0,0,1,0,1,0,0,0,1,0,0,0,0,0,0,0,0,1,1,0,0
2838,1,0,1,0,1,0,1,0,1,0,0,0,0,0,0,0,0,0,1,0,0,0
2839,1,0,1,0,0,0,0,0,1,0,1,0,1,0,0,0,1,0,1,0,1,0
2840,0,0,1,0,0,1,0,1,0,1,1,1,0,1,0,1,0,1,1,1,0,0
2841,0,0,0,0,0,0,0,0,0,0,0,0,1,0,0,0,0,0,0,0,1,0
2842,1,0,1,0,1,0,0,0,1,0,0,0,1,0,0,0,0,0,1,0,1,0
2843,0,0,1,1,0,0,1,0,1,0,0,0,0,1,0,0,0,1,1,0,0,0
2844,1,1,1,1,1,1,1,1,1,1,1,1,1,1,1,1,1,1,1,1,1,0
2845,2,1,2,1,2,1,2,0,2,1,2,0,2,0,0,0,2,0,2,0,2,2
2846,0,0,0,0,0,0,0,0,0,0,0,0,0,0,0,0,0,0,0,0,0,0
2847,1,2,1,2,1,2,1,1,1,1,1,2,1,0,1,0,1,1,1,0,1,1
2848,1,1,1,0,1,1,1,0,1,2,1,0,1,0,1,0,1,0,1,1,1,2
2849,1,0,1,0,2,0,1,0,1,0,1,0,1,0,0,0,1,0,1,0,1,0
2850,0,0,1,1,0,0,0,0,0,0,0,0,0,0,0,0,0,0,0,0,0,1
2851,0,0,0,0,0,0,0,0,0,0,0,0,0,0,0,0,0,0,0,0,0,0
2852,2,2,2,0,2,0,2,2,2,2,2,2,2,2,2,0,2,2,2,2,2,2
2853,0,0,1,1,0,0,0,0,0,0,0,0,0,0,0,0,0,0,1,0,0,0
2854,1,0,0,0,0,0,0,0,0,0,0,0,0,0,0,0,0,0,0,0,0,0
2855,0,0,0,0,0,0,0,0,0,0,0,0,0,0,0,0,0,0,1,2,0,0
2856,0,0,0,0,0,0,0,0,0,0,0,0,0,0,0,0,0,0,0,0,0,0
2857,0,0,0,0,0,0,0,0,0,1,0,1,0,1,0,0,0,1,0,1,0,0
2858,2,2,2,1,2,1,2,2,2,2,2,2,2,2,2,2,2,2,2,2,2,2
2859,0,0,0,0,0,0,0,0,0,0,0,0,0,0,0,0,0,0,0,0,0,0
2860,0,0,0,0,0,0,0,0,0,0,0,0,0,0,0,0,0,0,0,0,0,0
2861,0,0,0,0,0,0,0,0,1,2,0,0,0,0,0,0,0,0,2,2,0,2
2862,1,0,1,0,1,0,1,0,1,0,1,0,1,0,1,0,1,0,1,0,1,2
2863,1,0,1,0,1,0,1,0,1,0,1,0,1,0,1,0,1,0,1,0,1,2
2864,0,0,0,0,0,0,0,0,0,0,0,0,0,0,0,0,0,0,1,0,0,0
2865,0,0,0,0,0,0,0,0,0,0,0,0,0,0,0,0,0,0,0,0,0,2
2866,0,0,0,0,0,0,0,0,0,0,0,0,0,0,0,0,0,0,0,1,0,2
2867,2,2,1,2,2,2,1,2,1,2,2,2,1,2,1,2,2,2,1,2,1,2
2868,1,0,0,0,0,0,0,0,1,1,0,0,0,0,0,0,0,0,2,0,0,0
2869,0,0,0,0,0,0,0,0,0,0,1,0,1,0,1,0,1,0,1,0,1,0
2870,1,1,1,1,1,0,1,0,1,1,1,1,1,1,0,0,1,1,1,1,1,2
2871,1,1,1,1,1,1,0,0,1,1,1,0,1,1,0,0,1,1,0,1,1,0
2872,0,2,0,2,0,2,0,2,0,2,0,2,0,2,0,2,0,2,0,2,0,2
2873,0,1,0,1,0,1,0,1,0,1,0,1,0,1,0,1,0,1,0,1,0,2
2874,0,0,0,0,0,0,0,0,0,0,0,0,0,0,0,0,0,0,0,0,0,2
2875,0,0,1,1,0,0,0,0,0,0,1,1,1,1,0,0,1,1,1,1,1,0
2876,0,0,0,0,0,0,0,0,0,0,0,0,0,0,0,0,0,0,0,0,0,0
2877,0,0,0,0,0,0,0,0,0,0,0,0,0,0,0,0,0,0,0,0,0,0
2878,0,0,0,0,0,0,0,0,0,0,0,0,0,0,0,0,0,0,0,0,0,0
2879,0,0,0,0,0,0,0,0,0,0,0,0,0,0,0,0,0,0,2,2,0,0
2880,1,1,1,1,1,1,1,2,1,1,1,2,1,1,0,2,1,1,1,1,1,2
2881,0,0,0,0,0,0,0,0,0,0,0,0,2,0,0,0,0,2,0,0,2,0
2882,1,1,1,1,1,1,1,1,1,1,1,1,1,1,1,1,1,1,1,1,1,0
2883,0,0,0,0,0,0,0,0,0,0,0,0,0,0,0,0,0,0,0,0,0,0
2884,0,0,0,0,0,0,0,0,0,0,0,0,0,0,0,0,0,0,0,0,0,0
2885,0,0,0,0,0,0,0,0,0,0,0,0,0,0,0,0,0,0,0,0,0,0
2886,0,0,0,0,0,0,0,0,0,0,0,0,0,0,0,0,0,0,0,0,0,0
2887,1,1,1,0,1,0,0,0,1,1,1,0,1,0,0,0,1,0,1,0,1,0
2888,0,0,0,0,0,0,0,0,0,0,0,0,0,0,0,0,0,2,2,2,0,0
2889,0,0,0,0,0,0,0,0,0,0,0,0,0,0,0,0,0,0,0,0,0,0
2890,1,2,1,2,1,2,2,2,1,2,1,2,1,2,1,2,2,2,1,2,1,2
2891,0,0,0,0,0,0,0,0,0,0,0,0,0,0,0,0,0,0,0,0,0,0
2892,0,0,0,0,0,0,0,0,1,1,0,0,0,1,0,0,0,0,0,2,0,2
2893,0,1,1,1,1,1,0,0,0,0,0,0,0,0,0,0,0,0,0,0,0,0
2894,0,0,0,0,0,0,0,0,0,0,0,0,0,0,0,0,0,0,0,0,0,0
2895,0,2,0,2,0,2,0,1,0,2,0,2,0,0,0,0,0,1,0,2,0,0
2896,0,1,0,1,0,1,0,1,0,1,0,1,0,1,0,1,0,1,0,1,0,1
2897,0,1,1,1,1,1,0,0,1,1,1,1,1,1,1,1,1,1,1,1,1,0
2898,2,2,2,2,2,2,2,2,2,2,2,2,1,2,2,2,2,2,2,2,1,2
2899,0,0,0,1,0,1,0,0,1,1,0,0,0,0,0,0,0,1,0,0,0,0
2900,0,1,0,1,0,1,0,0,0,1,0,0,0,0,0,0,0,0,0,0,0,0
2901,0,0,0,0,0,0,0,0,0,0,0,0,0,0,0,0,0,0,0,1,0,0
2902,1,1,1,1,1,1,1,0,1,1,1,1,1,1,1,0,1,1,1,0,1,0
2903,1,0,1,1,0,0,0,0,1,1,1,0,1,1,1,0,1,1,1,0,1,0
2904,0,0,1,0,0,0,0,0,0,0,0,0,1,0,0,0,1,0,1,1,1,0
2905,0,0,0,0,0,0,0,0,0,0,0,0,0,0,0,0,0,0,0,0,0,2
2906,1,0,1,0,1,0,1,0,1,0,0,0,1,0,0,0,1,0,1,0,1,2
2907,1,0,0,0,0,0,0,0,0,0,0,0,0,0,0,0,0,0,0,0,0,0
2908,0,0,0,0,0,0,0,0,0,1,0,0,0,0,0,0,0,0,1,0,0,2
2909,0,0,0,0,0,0,0,0,0,0,0,0,0,0,0,0,0,0,0,0,0,2
2910,0,0,0,0,0,0,0,0,0,0,0,0,0,0,0,0,0,0,0,0,0,0
2911,2,1,2,0,2,0,2,0,2,1,0,0,0,0,0,0,0,0,2,0,0,0
2912,0,0,0,0,0,0,0,0,0,0,0,0,0,0,0,0,0,0,0,0,0,0
2913,1,1,1,1,1,1,1,1,1,1,1,1,1,1,0,0,0,0,1,1,1,0
2914,1,1,1,1,1,1,1,1,1,1,1,1,1,1,1,1,1,1,1,1,1,1
2915,0,0,0,1,0,0,0,0,0,0,0,0,1,1,0,1,0,0,0,1,1,2
2916,0,0,0,0,0,0,0,0,0,0,0,0,0,0,0,0,0,0,0,0,0,0
2917,2,0,2,0,2,0,2,0,2,0,0,0,2,0,0,0,2,0,2,0,2,2
2918,1,1,1,1,1,0,0,0,1,1,1,1,1,1,0,1,1,1,1,1,1,2
2919,1,1,2,2,2,2,1,1,1,1,1,1,1,1,2,2,1,1,1,1,1,1
2920,2,0,2,0,2,0,1,0,2,0,2,0,2,0,2,0,2,0,2,0,2,2
2921,0,0,0,0,0,0,0,0,0,0,0,0,0,0,0,0,0,0,0,0,2,2
2922,0,0,0,0,0,0,0,0,0,0,0,0,0,0,0,0,0,0,0,0,0,0
2923,2,0,2,0,2,0,2,0,2,0,2,0,2,0,2,0,2,0,2,0,2,1
2924,0,0,0,0,1,1,0,0,1,1,0,0,0,0,0,0,0,0,1,1,0,1
2925,0,0,0,0,0,0,0,0,0,0,0,0,0,0,0,0,0,0,0,0,0,0
2926,0,0,0,0,0,0,0,0,0,0,0,0,0,0,0,0,0,0,0,0,0,0
2927,2,2,2,0,2,0,2,0,2,0,2,0,2,0,2,0,2,0,2,0,2,0
2928,1,0,1,0,1,0,1,0,0,0,2,0,1,0,0,0,1,0,1,1,1,1
2929,0,2,0,2,0,2,0,2,0,2,0,2,0,2,0,2,0,2,0,2,0,2
2930,0,0,1,0,1,0,0,0,1,1,0,0,1,1,0,0,0,0,1,1,1,2
2931,0,1,0,1,0,0,0,1,0,1,0,1,0,1,0,0,0,1,0,1,0,0
2932,2,2,2,2,0,2,0,0,2,2,0,2,0,0,0,0,0,2,2,2,0,0
2933,2,1,2,1,2,1,2,1,2,1,2,1,2,1,2,2,2,1,2,1,2,1
2934,2,2,2,2,2,2,1,2,2,2,2,2,2,0,2,0,2,0,2,2,2,2
2935,1,1,1,1,1,1,1,1,1,1,1,1,1,1,1,1,1,1,1,1,1,0
2936,0,1,0,1,0,1,0,1,0,1,0,1,0,1,0,1,0,1,0,1,0,1
2937,0,0,0,1,0,0,0,0,0,1,0,1,0,1,0,0,0,0,0,1,0,0
2938,2,2,2,1,2,2,2,0,2,2,2,1,2,0,2,1,2,1,2,2,2,1
2939,0,0,0,0,0,0,0,0,0,0,0,0,0,0,0,0,0,0,0,0,0,0
2940,1,1,1,1,1,1,1,1,1,1,1,1,1,1,1,1,1,2,1,2,1,0
2941,1,1,1,1,1,1,0,0,0,0,1,1,1,0,1,0,0,0,0,0,1,0
2942,2,0,2,0,1,0,2,0,2,0,2,0,2,0,2,0,2,0,2,0,2,0
2943,1,0,1,0,0,0,1,0,1,0,1,0,1,0,1,0,1,0,1,0,1,1
2944,2,2,2,2,1,1,2,2,1,1,2,2,1,1,1,1,1,1,1,1,1,0
2945,2,2,2,2,2,2,2,2,2,2,2,2,2,2,2,2,2,2,2,2,2,2
2946,2,0,2,0,2,0,2,0,2,0,2,2,2,0,2,0,2,2,2,0,2,0
2947,0,2,0,2,0,2,0,2,0,2,0,2,0,2,0,0,0,0,0,2,0,0
2948,0,0,1,1,0,0,0,0,0,0,0,0,1,1,1,0,1,0,1,1,1,0
2949,1,1,1,1,1,1,1,1,1,1,1,1,1,1,1,1,1,1,1,1,1,1
2950,0,0,0,0,0,0,0,0,0,0,0,0,0,0,0,0,0,0,0,0,0,0
2951,0,0,0,0,0,0,0,0,0,0,0,0,0,0,0,0,0,0,0,0,0,0
2952,2,2,2,2,2,2,2,2,2,2,2,2,1,1,1,1,2,2,1,1,1,2
2953,1,2,1,2,1,2,1,2,2,2,1,0,1,2,1,0,1,0,1,2,1,0
2954,0,1,1,1,0,0,0,0,0,0,1,1,1,1,0,0,0,0,1,1,1,1
2955,0,0,0,0,0,0,0,0,0,1,0,0,0,0,0,0,0,0,0,0,0,0
2956,1,0,1,0,1,1,1,0,1,1,1,0,1,1,0,0,1,0,1,0,1,1
2957,1,1,1,1,1,1,1,1,1,1,1,1,1,1,1,1,1,2,1,1,1,2
2958,2,0,2,0,2,0,2,0,2,0,2,0,2,0,0,0,1,0,2,0,2,2
2959,0,0,0,0,0,0,0,0,0,0,0,0,0,0,0,0,0,0,0,0,0,0
2960,0,0,0,1,0,0,0,0,0,1,0,1,0,1,0,0,0,1,1,0,0,2
2961,0,0,0,0,0,0,0,0,1,0,0,0,0,0,0,0,0,0,0,0,0,2
2962,0,0,0,0,0,0,0,0,0,0,0,0,0,0,0,0,0,0,0,0,0,2
2963,2,0,2,0,1,0,2,0,2,0,2,0,2,0,2,0,2,0,2,0,2,2
2964,0,0,0,0,0,0,0,0,0,0,0,0,0,0,0,0,0,0,0,0,0,0
2965,0,0,0,0,0,0,0,0,1,0,0,0,0,0,0,0,0,0,1,0,0,0
2966,0,0,0,0,0,0,0,0,0,0,0,0,0,0,0,0,0,0,0,0,0,0
2967,1,2,1,1,2,1,0,2,1,2,0,0,2,1,0,0,0,0,0,2,2,0
2968,0,0,1,1,1,2,1,0,1,1,1,0,1,0,1,0,0,0,1,1,1,0
2969,1,1,1,1,1,1,1,1,1,1,2,0,1,0,2,0,2,0,1,0,1,2
2970,0,0,0,0,0,0,0,0,0,0,0,0,0,0,0,0,0,0,0,0,0,0
2971,0,0,0,0,0,0,0,0,0,0,0,0,0,0,0,0,0,0,0,0,0,1
2972,0,0,0,0,0,0,0,0,0,0,0,0,0,0,0,0,0,0,0,0,0,0
2973,1,0,1,0,1,1,1,0,1,0,1,0,1,0,1,0,1,0,1,0,1,2
2974,0,0,0,0,0,0,0,0,0,0,0,0,0,0,0,0,0,0,0,0,0,1
2975,0,0,0,0,0,0,0,0,0,0,0,0,0,0,0,0,0,0,0,0,0,0
2976,1,1,2,1,2,1,0,0,2,1,2,1,1,1,1,0,2,1,1,1,1,0
2977,1,0,1,0,1,0,1,0,1,0,0,0,0,0,0,0,0,0,0,0,0,0
2978,0,2,0,0,0,2,0,2,0,2,0,2,0,0,0,0,0,2,0,2,0,0
2979,1,0,1,0,0,0,0,0,0,0,1,0,1,0,1,0,1,0,1,0,1,2
2980,1,1,1,1,1,1,1,1,2,1,2,1,1,1,1,1,1,1,1,1,1,0
2981,0,1,0,1,0,1,0,0,0,1,0,1,0,2,0,2,0,2,0,1,0,0
2982,0,2,0,2,0,2,0,0,0,2,0,2,0,0,0,0,0,0,0,2,0,2
2983,1,0,1,0,0,0,0,0,2,0,0,0,2,0,1,0,2,0,1,0,2,2
2984,2,2,0,0,2,0,0,0,2,2,2,0,0,0,0,0,2,2,2,2,0,2
2985,2,1,2,1,2,0,0,0,2,0,0,0,0,0,0,0,0,0,2,0,0,0
2986,1,0,1,0,1,0,0,0,1,1,1,0,1,0,0,0,1,0,1,0,1,1
2987,1,2,1,2,0,2,0,2,1,2,1,2,1,2,0,2,2,2,1,2,1,2
2988,2,0,1,0,0,0,0,0,1,0,2,0,0,0,0,0,1,0,1,0,0,0
2989,0,0,0,0,0,0,0,0,2,0,0,0,0,0,0,0,0,0,1,2,0,1
2990,2,1,2,1,2,2,1,1,1,1,2,1,1,0,1,0,1,0,1,1,1,0
2991,0,0,0,0,0,0,0,0,0,0,0,0,0,0,0,0,0,0,0,0,0,0
2992,2,2,2,2,2,2,2,2,2,2,2,2,2,2,2,2,2,2,2,2,2,2
2993,2,0,2,0,2,1,2,2,2,2,2,0,1,0,2,0,2,2,2,0,1,0
2994,0,0,0,0,0,0,0,0,1,0,1,2,0,0,0,0,1,0,1,1,0,0
2995,1,1,1,1,1,1,0,0,1,1,0,0,0,0,0,0,0,0,1,1,0,0
2996,1,0,1,2,1,1,1,1,1,2,1,1,1,0,1,1,1,1,1,1,1,0
2997,0,0,0,0,0,0,0,0,0,0,0,0,0,0,0,0,0,0,0,0,0,0
2998,0,0,0,0,0,0,0,0,0,0,0,0,0,0,0,2,0,0,0,0,0,0
2999,0,0,0,0,0,0,0,0,0,0,0,0,0,0,0,0,0,0,0,0,0,0
3000,0,0,0,0,0,0,0,0,0,0,0,0,0,0,0,0,0,0,0,0,0,0
3001,0,0,0,0,0,0,0,0,0,0,0,0,0,1,0,0,0,0,0,0,0,0
3002,1,1,1,1,2,1,1,0,1,1,1,1,1,1,2,1,2,1,2,1,1,2
3003,0,0,0,0,0,0,0,0,0,0,0,0,0,0,0,0,0,0,0,0,0,0
3004,1,1,2,0,0,0,1,1,2,1,1,0,1,0,0,0,0,0,1,0,1,0
3005,1,0,1,0,1,0,1,0,1,0,0,0,0,0,0,0,0,0,1,0,0,0
3006,0,2,0,2,0,2,0,0,0,2,0,2,0,2,0,0,0,2,0,2,0,2
3007,0,0,0,0,0,0,0,0,0,0,0,0,0,0,0,0,0,0,0,0,0,0
3008,1,1,1,1,1,1,1,1,2,2,2,2,1,1,1,1,2,2,1,1,1,1
3009,2,2,2,2,2,2,2,2,2,2,2,2,2,2,2,2,2,2,2,2,2,2
3010,0,0,0,0,0,0,0,0,0,0,0,0,0,0,0,0,0,0,0,0,0,0
3011,2,2,2,2,2,2,2,2,2,2,2,2,1,1,2,1,2,2,1,1,1,2
3012,0,0,0,0,0,0,0,0,0,0,0,0,0,0,0,0,0,0,0,0,0,0
3013,0,0,0,0,0,0,0,0,0,0,0,0,0,0,0,0,0,0,0,0,0,0
3014,1,1,1,1,1,1,1,1,1,1,1,1,1,1,1,2,1,2,1,2,1,1
3015,1,2,1,0,1,2,1,0,1,2,1,0,1,0,1,0,0,0,1,0,1,2
3016,2,2,2,2,2,2,2,2,2,2,2,0,2,2,0,0,0,0,2,2,2,0
3017,0,0,0,1,0,0,0,0,0,0,0,1,0,1,0,0,0,1,0,0,0,0
3018,1,0,1,0,1,0,0,0,0,0,1,0,1,0,0,0,1,0,0,0,1,0
3019,0,0,0,0,0,0,0,0,0,0,0,0,0,0,0,0,0,0,0,0,0,0
3020,0,0,0,0,0,0,0,0,0,0,0,0,0,0,0,0,0,0,0,0,0,0
3021,1,0,1,0,1,0,0,0,1,0,1,0,1,0,0,0,1,0,0,0,1,0
3022,1,1,1,1,1,1,0,0,1,1,1,1,1,1,1,0,1,1,1,1,1,0
3023,0,0,0,0,0,0,0,0,0,0,0,0,0,0,0,0,0,0,0,0,0,0
3024,2,2,2,2,2,2,2,2,2,2,2,2,2,2,2,2,2,2,2,2,2,2
3025,2,2,2,2,2,2,2,2,2,2,2,2,2,2,2,2,2,2,2,2,2,0
3026,0,2,0,2,0,2,0,2,0,2,0,2,0,2,0,2,0,2,0,2,0,2
3027,0,0,1,0,0,0,0,0,0,0,0,0,0,0,0,0,0,0,0,0,0,2
3028,2,2,2,2,1,1,1,1,1,1,1,1,1,1,0,0,0,0,1,1,0,2
3029,1,1,1,1,1,1,1,1,1,2,1,0,0,0,0,0,1,1,2,1,0,2
3030,0,0,2,0,1,1,0,0,0,1,2,0,1,0,0,0,1,0,1,0,1,2
3031,2,2,2,0,0,1,2,0,2,2,2,2,1,0,0,0,2,2,2,0,1,2
3032,2,1,1,1,0,2,0,0,0,0,0,0,0,1,0,0,1,0,1,1,0,0
3033,0,0,0,0,0,0,0,0,0,0,0,0,0,0,0,0,0,0,0,0,0,0
3034,0,2,0,0,0,0,0,0,1,2,0,0,0,0,0,0,0,0,0,2,0,0
3035,0,0,0,0,0,0,0,0,0,0,0,0,0,0,0,0,0,0,0,0,0,0
3036,0,0,0,0,0,0,0,0,0,1,0,0,0,0,0,0,0,0,0,0,0,0
3037,0,0,0,0,0,0,0,0,1,0,1,0,1,0,0,0,1,0,1,0,1,0
3038,0,0,0,0,0,0,0,0,0,0,0,0,0,0,0,0,0,0,0,0,0,0
3039,2,2,2,2,1,2,1,2,1,2,0,2,0,2,0,2,0,2,1,2,0,1
3040,1,1,1,1,1,1,1,1,1,1,1,1,1,1,1,1,1,1,1,1,1,2
3041,0,0,0,0,0,0,0,0,0,0,0,0,0,0,0,0,0,0,0,0,0,0
3042,2,0,2,0,2,0,2,0,2,0,2,0,2,0,2,0,2,0,2,0,2,0
3043,2,1,2,1,2,1,2,1,2,1,2,1,2,1,0,0,2,1,2,1,2,1
3044,0,0,0,0,0,0,0,0,0,1,0,0,0,0,0,0,0,0,0,0,0,2
3045,1,1,1,1,1,1,1,1,1,1,1,1,1,1,1,1,1,1,1,1,1,2
3046,1,0,1,1,1,1,0,0,1,1,1,0,1,1,0,0,0,0,1,1,1,1
3047,0,0,0,0,0,0,0,0,0,0,0,0,0,0,0,0,0,0,0,0,0,0
3048,0,0,0,0,0,0,0,0,0,0,0,0,0,0,0,0,0,0,0,0,0,0
3049,0,0,0,0,0,0,0,0,0,1,0,0,0,0,0,0,0,0,0,0,0,0
3050,0,0,0,0,0,0,0,0,0,0,0,0,0,0,0,0,0,0,0,0,0,0
3051,0,0,0,1,0,0,0,0,0,0,0,0,0,0,0,0,0,0,0,0,0,0
3052,2,2,0,1,1,1,0,1,2,1,2,0,0,2,0,0,0,0,0,2,0,0
3053,0,0,0,0,0,0,0,0,0,0,0,0,0,0,0,0,0,0,0,0,0,0
3054,1,1,1,1,1,1,1,0,0,1,1,1,2,1,1,1,1,1,1,1,2,2
3055,0,0,0,0,0,0,0,0,0,0,0,0,0,0,0,0,0,0,0,0,0,2
3056,1,1,1,1,1,1,0,0,0,0,1,0,1,0,0,0,0,0,0,0,1,0
3057,0,0,0,0,0,0,0,0,0,0,0,0,0,0,0,0,0,0,0,0,0,0
3058,1,1,2,1,2,1,1,1,1,1,1,1,2,0,1,1,1,1,1,1,2,2
3059,0,0,0,0,0,0,0,0,0,0,0,0,0,0,0,0,2,0,0,0,0,1
3060,1,1,1,1,1,1,1,0,1,1,1,1,1,1,0,0,1,1,1,1,1,0
3061,0,0,0,0,0,0,0,0,1,0,0,0,0,0,0,0,0,0,0,0,0,0
3062,0,0,0,0,0,0,0,0,0,0,0,0,0,0,0,0,0,0,0,0,0,0
3063,1,2,1,2,1,0,1,0,0,2,1,2,1,2,1,2,1,2,1,2,1,0
3064,1,1,1,1,1,1,1,1,1,1,1,1,1,1,1,1,0,1,1,1,1,0
3065,0,0,0,0,0,0,0,0,0,0,0,0,0,0,0,0,0,0,0,0,0,0
3066,0,0,0,0,0,0,0,0,0,0,0,0,0,0,0,0,0,0,0,0,0,1
3067,0,1,0,1,0,1,0,0,0,1,0,1,0,1,0,1,0,1,0,1,0,2
3068,0,0,0,0,0,0,0,0,0,0,0,0,0,0,0,0,0,0,0,0,0,0
3069,0,0,0,0,0,0,0,0,0,0,0,0,0,0,0,0,0,0,0,0,0,0
3070,2,1,2,1,2,1,1,1,2,1,2,1,2,1,2,1,2,1,2,1,2,1
3071,0,0,0,0,0,0,0,0,0,0,0,0,0,0,0,0,0,0,0,0,0,0
3072,1,1,0,1,1,1,1,1,2,1,0,1,0,1,0,1,0,1,0,1,0,0
3073,2,2,2,2,2,2,2,2,2,2,2,2,2,2,2,0,2,2,2,2,2,2
3074,1,0,1,1,1,0,0,0,1,0,1,0,1,0,1,0,1,0,1,2,1,2
3075,0,2,0,2,0,2,0,2,0,2,0,2,0,2,0,2,0,2,0,2,0,2
3076,0,0,0,0,0,0,0,0,0,0,0,0,0,0,0,0,0,0,0,0,0,0
3077,0,0,1,0,0,0,0,0,1,0,0,0,0,0,0,0,0,0,1,0,0,0
3078,0,1,1,1,1,1,0,1,1,1,1,1,1,1,1,1,1,1,1,1,1,1
3079,0,0,0,0,0,0,0,0,0,2,0,2,0,2,0,2,0,0,0,0,0,2
3080,0,0,0,0,0,0,0,0,0,0,0,0,0,0,0,0,0,0,0,0,0,0
3081,0,0,0,0,0,0,0,0,0,0,0,0,0,0,0,0,0,0,0,0,0,2
3082,1,0,1,0,0,0,0,0,1,0,1,0,1,0,1,0,1,0,1,0,1,2
3083,1,0,1,0,0,0,0,0,1,0,1,0,1,0,0,0,1,0,1,0,1,0
3084,2,2,1,0,2,2,1,2,2,2,0,0,0,0,0,0,1,2,2,2,0,0
3085,2,2,2,2,2,2,0,1,1,1,2,2,1,2,0,2,1,1,2,2,1,2
3086,0,0,0,0,0,0,0,0,0,0,0,0,0,0,0,0,0,0,0,0,0,2
3087,0,0,1,1,0,0,0,0,1,1,0,0,0,0,0,0,1,1,1,1,0,1
3088,2,2,2,2,2,2,2,2,2,2,2,2,2,2,2,2,2,2,2,2,2,2
3089,2,0,2,0,2,0,2,1,2,1,2,1,2,1,0,0,2,1,2,1,2,1
3090,1,0,2,1,1,0,1,0,2,1,1,0,2,0,1,0,2,0,1,0,2,0
3091,0,0,0,0,0,0,0,0,0,0,0,0,0,0,0,0,0,0,0,0,0,0
3092,2,2,2,2,2,2,2,2,2,2,2,0,2,2,2,2,2,2,2,2,2,2
3093,0,0,0,0,0,0,0,0,0,0,0,0,0,0,0,0,0,0,0,0,0,0
3094,2,2,2,2,2,2,2,2,2,2,2,2,2,2,2,2,2,2,2,2,2,0
3095,0,0,0,0,0,0,0,0,0,0,0,0,0,0,0,0,0,0,0,0,0,0
3096,0,2,0,2,0,2,0,0,0,2,0,2,0,0,0,0,0,2,0,2,0,0
3097,1,1,1,1,2,2,0,0,0,0,2,2,1,2,0,2,2,2,2,2,1,0
3098,0,0,0,0,0,0,0,0,0,0,0,0,0,0,0,0,0,0,0,0,0,0
3099,0,0,0,0,0,0,0,0,0,0,0,0,0,0,0,0,0,0,0,0,0,0
3100,2,2,2,2,2,2,0,2,0,2,2,2,2,2,0,0,2,2,1,1,2,0
3101,0,0,0,0,0,0,0,0,0,0,0,0,0,0,0,0,0,0,0,0,0,0
3102,0,0,1,0,0,0,0,0,1,0,1,0,1,0,0,0,0,0,1,0,1,0
3103,0,2,0,0,0,0,0,0,0,0,0,0,0,2,0,0,0,0,0,0,0,0
3104,2,2,2,2,2,2,0,0,2,2,2,0,0,0,0,0,0,0,2,0,0,0
3105,0,0,0,0,0,0,0,0,0,0,0,0,0,0,0,0,0,0,0,0,0,0
3106,2,2,0,0,0,0,0,0,2,2,0,0,0,0,0,0,0,0,1,1,0,2
3107,1,0,1,0,1,0,1,0,1,0,0,0,0,0,0,0,1,0,1,0,0,0
3108,0,0,0,0,0,0,0,0,0,0,0,0,0,0,0,0,1,0,0,0,0,0
3109,2,2,2,0,2,2,2,2,2,2,2,0,2,2,2,0,2,0,2,2,2,0
3110,2,2,2,1,2,1,2,1,2,1,2,2,2,1,2,2,2,2,2,2,2,0
3111,0,0,0,0,0,0,0,0,0,0,0,0,0,0,0,0,0,0,0,0,0,0
3112,0,0,0,0,0,0,0,0,0,0,0,0,0,0,0,0,0,0,0,0,0,1
3113,0,0,0,0,0,0,0,0,0,0,0,0,0,0,0,0,0,0,0,0,0,0
3114,1,1,1,1,2,2,2,1,1,1,2,2,2,1,2,2,2,2,2,2,2,0
3115,0,2,1,2,1,2,0,2,0,2,0,2,0,2,0,2,0,2,0,2,0,0
3116,2,2,1,2,1,2,1,2,1,2,1,2,1,2,1,2,1,2,1,2,1,0
3117,0,0,0,0,0,0,0,0,0,0,0,0,0,0,0,0,0,1,0,0,0,0
3118,2,2,0,0,2,2,0,0,0,2,0,0,0,0,0,0,0,0,2,0,0,0
3119,2,2,2,2,2,2,2,2,2,2,2,2,2,2,2,2,2,2,2,2,2,2
3120,1,2,1,0,1,0,0,0,1,0,1,0,0,0,0,0,0,0,1,2,0,0
3121,2,1,2,1,2,1,0,1,0,1,0,1,2,1,0,1,0,1,2,1,2,1
3122,1,1,1,1,1,1,1,1,1,1,1,0,1,0,1,0,1,1,1,1,1,1
3123,1,1,1,2,1,1,0,0,1,1,1,0,1,1,0,0,1,0,1,0,1,0
3124,1,0,1,0,0,0,0,0,1,0,0,0,0,0,0,0,0,0,0,0,0,0
3125,1,1,1,1,1,1,1,1,1,1,1,0,1,0,0,0,1,2,2,2,1,0
3126,1,1,1,1,1,1,0,0,1,1,0,0,1,1,0,0,0,0,0,0,1,0
3127,1,1,1,1,1,1,1,1,1,1,1,1,1,1,1,1,1,2,1,2,1,1
3128,0,0,1,1,0,1,0,1,0,1,1,1,0,1,0,0,0,1,1,1,0,0
3129,1,2,1,2,1,2,1,2,1,2,1,2,1,2,0,2,1,2,1,2,1,2
3130,1,0,1,0,0,0,0,0,1,0,0,0,1,0,0,0,0,0,1,0,1,0
3131,1,1,1,2,1,0,1,0,2,1,0,0,2,2,0,0,1,0,1,1,2,0
3132,1,1,1,1,0,1,0,1,1,1,1,0,1,1,1,2,1,1,1,0,1,2
3133,1,1,1,0,0,0,0,0,1,1,1,0,1,0,0,0,1,0,1,0,1,0
3134,1,2,1,2,1,2,0,1,1,2,0,2,1,1,1,1,0,2,0,2,1,0
3135,0,0,0,0,0,0,0,0,1,0,0,0,1,0,0,0,0,0,1,0,1,1
3136,2,2,2,2,2,2,2,2,2,2,2,2,2,2,2,2,2,2,2,2,2,2
3137,2,0,1,0,2,0,1,0,1,1,2,0,1,0,2,0,2,0,2,0,1,0
3138,0,0,0,0,0,0,0,0,0,0,0,0,0,0,0,0,0,0,0,0,0,0
3139,0,2,1,2,0,2,0,2,0,2,0,2,0,2,0,2,0,2,0,2,0,0
3140,0,0,0,0,0,0,0,1,1,1,0,0,0,0,0,0,1,0,1,1,0,1
3141,1,1,1,1,1,1,1,1,1,1,0,1,1,1,1,1,1,1,0,1,1,0
3142,0,0,0,0,0,0,0,0,0,0,0,0,0,0,0,0,0,0,0,0,0,2
3143,0,0,0,0,0,0,0,0,0,0,0,0,0,0,0,0,0,0,0,0,0,0
3144,1,2,1,2,1,2,1,0,1,2,0,0,0,0,1,0,0,0,1,2,0,2
3145,0,0,0,0,0,0,0,0,0,0,0,0,0,0,0,0,0,0,0,0,0,0
3146,0,1,1,1,0,1,0,0,1,1,0,0,0,1,0,0,0,1,1,1,0,0
3147,1,2,1,2,1,2,0,0,0,2,0,0,0,0,0,0,1,0,0,2,0,1
3148,0,0,0,0,0,0,0,0,0,0,0,0,0,0,0,0,0,0,0,0,0,0
3149,0,0,0,0,0,0,0,0,0,0,0,0,0,0,0,0,0,0,0,0,0,2
3150,0,1,0,1,0,1,0,1,0,1,0,0,0,1,0,0,0,1,0,1,0,0
3151,1,0,1,0,1,0,0,0,1,0,1,0,1,0,1,0,1,0,1,0,1,2
3152,0,0,0,0,0,0,0,0,0,0,0,0,0,0,0,0,0,0,0,0,0,0
3153,2,1,2,0,2,1,2,1,2,1,2,0,2,0,0,0,2,2,2,0,2,1
3154,0,2,0,0,0,1,0,0,0,1,0,2,0,1,0,0,0,0,0,1,0,1
3155,0,0,0,0,0,0,0,0,0,0,0,0,0,0,0,0,0,0,0,0,0,0
3156,0,0,2,0,2,0,0,0,2,0,2,0,0,0,0,0,0,0,2,0,0,2
3157,0,0,0,0,0,0,0,0,0,0,0,0,0,0,0,0,0,0,0,0,0,0
3158,0,0,0,0,0,0,0,0,0,0,0,0,0,0,0,0,0,0,0,0,0,0
3159,1,2,1,2,2,2,1,1,1,1,1,2,1,2,1,1,1,1,1,1,1,0
3160,1,0,1,0,0,0,0,0,0,0,1,0,1,1,0,0,1,1,0,0,1,0
3161,0,0,0,0,0,0,0,0,0,0,0,0,0,0,0,0,0,0,0,0,0,0
3162,2,0,0,0,1,0,0,0,1,0,0,0,1,0,0,0,0,0,1,0,1,2
3163,2,2,2,2,1,2,1,2,2,2,0,2,1,2,0,0,1,2,2,2,1,0
3164,0,2,0,0,0,1,0,0,0,0,0,1,0,0,0,0,0,0,0,0,0,0
3165,1,0,1,0,1,0,1,0,1,0,1,0,1,0,1,0,1,0,1,0,1,0
3166,0,0,0,0,0,0,0,0,0,0,0,0,0,0,0,0,0,0,0,0,0,0
3167,0,0,0,0,0,0,0,0,0,0,0,0,0,0,0,0,0,0,0,0,0,0
3168,2,2,2,2,2,2,2,2,2,2,1,1,0,0,0,0,0,0,1,1,0,0
3169,1,1,1,1,1,1,1,1,1,1,1,1,1,1,0,1,1,1,1,1,1,2
3170,2,2,2,2,2,2,2,2,2,2,2,2,2,2,2,2,2,2,2,2,2,0
3171,0,0,0,0,0,0,0,0,1,1,0,0,0,0,0,0,0,0,0,0,0,2
3172,2,2,2,2,2,2,2,2,2,2,2,2,2,2,2,2,2,2,2,2,1,1
3173,0,0,0,0,0,0,0,0,0,0,0,0,0,0,0,0,0,0,0,0,0,0
3174,0,0,0,0,0,0,0,0,1,0,2,0,0,0,0,0,0,0,2,0,0,0
3175,1,1,1,1,1,1,1,0,1,1,1,1,1,1,1,0,1,0,1,1,1,0
3176,1,1,1,1,2,1,1,1,1,1,1,1,2,1,1,0,1,1,1,1,2,0
3177,1,0,1,1,1,0,0,0,1,1,1,0,1,1,0,0,1,1,1,0,1,0
3178,1,2,1,2,2,1,2,2,2,2,1,1,2,2,0,1,1,2,2,1,2,2
3179,0,0,1,0,1,0,1,0,1,0,1,0,1,0,0,0,1,0,0,0,1,0
3180,0,0,0,0,0,0,0,0,0,0,0,0,0,0,0,0,0,0,0,0,0,0
3181,0,0,0,0,0,0,0,2,0,0,0,0,0,0,0,0,0,0,0,0,0,0
3182,0,0,0,0,0,0,0,0,0,0,0,1,0,0,0,0,0,0,0,0,0,0
3183,0,0,0,0,0,0,0,0,0,0,0,0,0,0,0,0,0,0,0,0,0,1
3184,2,1,2,1,2,1,2,0,2,0,2,1,0,1,0,0,2,1,2,2,0,0
3185,2,2,2,2,2,2,2,2,2,2,2,2,2,2,2,0,2,2,2,2,2,0
3186,0,0,0,0,0,0,0,0,0,0,0,0,1,0,0,0,0,0,0,0,1,0
3187,0,0,1,0,1,0,0,0,1,0,0,0,0,0,0,0,0,0,1,0,0,0
3188,0,0,0,0,0,0,0,0,0,0,0,0,0,0,0,0,0,0,0,0,0,0
3189,0,0,0,0,0,0,0,0,1,1,0,0,0,0,0,0,0,0,0,0,0,0
3190,2,0,2,0,2,0,2,0,2,0,2,0,2,0,2,0,2,0,2,0,2,0
3191,2,2,2,2,2,2,2,2,2,2,2,2,2,2,1,1,2,2,2,2,2,2
3192,0,0,0,0,0,0,0,0,0,0,0,0,0,0,0,0,0,0,0,0,2,2
3193,2,2,2,2,2,2,2,2,2,2,2,2,2,2,2,2,2,2,2,2,2,2
3194,0,1,0,0,0,1,0,1,0,1,0,0,0,0,0,0,0,0,0,1,0,0
3195,0,0,0,0,0,0,0,0,0,0,0,0,0,0,0,0,0,0,0,0,0,2
3196,0,1,1,1,0,1,0,1,1,1,1,1,0,1,0,0,1,1,0,1,0,0
3197,1,0,1,0,1,0,1,0,1,1,1,0,1,0,1,0,1,0,1,0,1,0
3198,0,0,0,0,0,0,0,0,0,0,0,0,0,0,0,0,0,0,0,0,0,0
3199,2,0,2,1,2,1,0,0,1,1,0,0,2,1,0,0,2,0,2,0,2,2
3200,1,2,0,0,1,0,0,0,1,1,2,0,1,0,1,2,1,2,1,1,1,0
3201,1,1,0,0,0,0,0,0,1,1,1,1,0,0,0,0,0,1,0,0,0,1
3202,0,1,1,1,1,1,0,0,1,1,0,0,1,1,1,0,1,1,1,1,1,1
3203,1,1,1,1,1,1,1,0,2,2,0,0,0,0,0,0,2,1,1,1,0,0
3204,0,0,0,0,0,0,0,0,0,0,0,0,0,0,0,0,0,0,0,0,0,0
3205,0,1,0,1,0,1,0,1,0,1,0,1,0,1,0,0,0,0,0,1,0,0
3206,0,0,0,0,0,0,0,0,0,0,0,0,0,0,0,0,0,0,0,0,0,0
3207,2,2,2,2,2,2,2,2,2,2,2,2,2,2,2,2,2,2,2,2,2,0
3208,0,0,1,1,0,0,0,0,0,1,0,0,0,1,0,0,0,0,1,1,0,1
3209,0,0,0,0,0,0,0,0,0,0,0,0,0,0,0,0,0,0,0,0,0,0
3210,0,0,0,0,0,0,0,0,0,1,0,0,0,0,0,0,2,0,0,0,0,2
3211,1,1,1,1,0,0,0,0,0,1,1,2,1,1,0,0,0,1,0,1,1,0
3212,0,0,0,0,0,0,0,0,0,1,0,0,0,0,0,0,0,0,0,1,0,2
3213,0,2,0,2,0,2,0,2,0,2,0,2,0,2,0,0,0,2,0,2,0,0
3214,2,2,1,2,2,2,2,0,1,2,2,2,2,2,0,2,2,2,2,2,2,2
3215,0,2,0,2,0,0,0,2,0,2,0,0,0,2,0,0,0,2,2,2,0,2
3216,0,1,0,0,0,0,0,0,0,0,0,0,0,0,0,0,0,0,0,2,0,0
3217,2,2,1,2,2,2,2,1,1,2,2,2,1,2,2,2,2,2,1,2,1,0
3218,0,0,0,0,0,0,0,0,0,0,0,0,0,0,0,0,0,0,0,0,0,0
3219,2,2,0,2,2,2,0,1,2,2,0,1,0,2,0,2,0,2,2,2,0,2
3220,2,2,2,1,2,1,2,2,2,2,2,1,2,2,2,2,2,2,2,2,2,1
3221,2,0,2,0,2,0,2,0,2,0,2,0,2,0,0,0,2,0,1,0,2,2
3222,1,1,1,1,1,1,0,0,1,1,1,1,1,1,1,1,0,0,1,1,1,0
3223,1,0,1,0,1,1,1,0,1,0,0,0,0,0,0,0,0,0,0,0,0,0
3224,2,2,2,2,2,2,2,2,2,2,2,2,2,2,2,2,2,2,2,2,2,2
3225,2,0,0,0,2,0,0,0,2,0,2,0,0,0,0,0,0,0,2,0,0,2
3226,0,0,0,0,0,0,0,0,0,0,0,0,0,0,0,0,0,0,0,0,0,0
3227,0,0,0,0,0,0,0,0,0,0,0,0,0,0,0,0,0,0,0,0,0,0
3228,0,0,1,1,0,0,0,0,1,1,0,0,1,0,0,0,0,0,1,0,1,2
3229,0,0,0,0,0,0,0,0,0,0,0,0,0,0,0,0,0,0,0,0,0,0
3230,2,2,2,2,2,2,2,2,2,2,2,2,2,2,2,0,2,2,2,1,2,0
3231,0,0,0,0,0,0,0,0,0,0,0,0,0,0,0,0,0,0,0,0,0,1
3232,0,0,0,0,0,0,0,0,0,0,0,0,0,0,0,0,0,0,0,0,0,0
3233,1,1,1,1,1,1,1,0,1,1,1,0,1,1,1,0,1,0,1,1,1,0
3234,0,0,0,0,0,0,0,0,0,0,0,0,0,0,0,0,0,0,0,0,0,0
3235,0,0,0,0,0,0,0,0,0,0,0,0,0,0,0,0,0,1,0,0,0,0
3236,0,0,0,0,0,0,0,0,0,0,0,0,0,0,0,0,0,0,0,0,0,0
3237,2,1,2,1,2,1,1,0,1,0,2,0,2,0,2,0,2,0,2,0,2,0
3238,0,0,0,0,0,0,0,0,2,0,0,0,0,0,0,0,0,0,2,0,0,2
3239,0,1,0,1,0,1,0,1,0,1,0,1,0,1,0,0,0,1,0,1,0,1
3240,1,1,1,1,1,1,1,1,1,1,1,1,1,1,1,1,1,1,1,1,1,1
3241,1,0,1,1,1,0,1,0,1,1,1,1,1,1,0,0,1,1,1,1,1,0
3242,2,2,2,2,2,2,2,2,1,1,2,2,0,0,0,0,1,1,1,1,0,0
3243,0,0,0,0,0,0,0,0,0,0,0,0,0,0,0,0,0,0,0,0,0,0
3244,1,1,1,1,1,1,0,1,1,1,1,1,1,2,0,2,1,1,1,1,1,2
3245,1,0,1,1,1,1,1,1,1,0,1,0,1,0,1,1,1,1,1,1,1,0
3246,0,2,1,2,1,2,0,2,0,2,1,2,1,2,0,2,0,2,0,2,1,2
3247,0,0,0,0,0,0,0,0,0,0,0,0,0,0,0,0,0,0,0,0,0,0
3248,0,1,0,1,0,1,0,1,0,1,0,1,1,1,0,0,1,1,0,1,1,2
3249,2,2,2,2,2,2,2,2,2,2,2,2,2,2,2,2,2,2,2,2,2,2
3250,0,0,0,0,0,0,0,0,0,0,0,0,0,0,0,0,0,0,0,0,0,0
3251,0,0,0,0,0,0,0,0,0,0,0,0,0,0,0,0,0,0,0,0,0,0
3252,0,0,0,0,0,0,0,0,0,0,0,0,0,0,0,0,0,0,0,0,0,0
3253,0,0,0,0,0,0,0,0,0,0,0,0,0,0,0,0,0,0,0,0,0,0
3254,0,2,0,0,0,0,0,0,0,1,0,0,0,0,0,0,0,0,0,0,0,0
3255,1,0,1,0,1,0,0,0,1,1,1,0,1,0,1,0,1,0,1,0,1,2
3256,0,0,0,0,0,0,0,0,0,0,0,0,0,0,0,0,0,0,0,0,0,0
3257,1,0,1,0,1,1,0,0,1,0,0,0,0,0,0,0,0,0,1,0,0,1
3258,0,0,0,0,0,0,0,0,0,0,0,0,0,0,0,0,0,0,0,0,0,2
3259,2,0,1,0,2,0,2,0,2,0,0,0,0,0,0,0,0,0,0,0,0,0
3260,1,1,1,0,1,0,1,1,1,1,1,0,1,0,1,0,1,1,1,1,1,1
3261,0,0,0,0,0,0,0,0,0,0,0,0,0,0,0,0,0,0,0,0,0,0
3262,0,0,0,0,0,0,0,0,0,0,0,0,0,0,0,0,0,0,0,0,0,0
3263,0,0,0,0,0,0,0,0,0,0,0,0,0,0,0,0,0,0,0,2,0,0
3264,0,0,0,0,0,0,0,0,0,0,0,0,0,0,0,0,1,0,1,0,0,0
3265,1,2,1,1,1,2,1,1,1,1,2,2,1,1,0,2,2,2,2,2,1,2
3266,2,0,2,0,2,0,2,0,2,0,2,0,2,0,0,0,2,0,0,0,2,0
3267,0,0,0,0,0,0,0,0,0,0,0,0,0,0,0,0,0,0,0,0,0,0
3268,0,1,1,1,0,1,0,0,1,1,1,1,0,0,0,0,0,1,1,1,0,1
3269,0,0,0,0,0,0,0,0,0,0,0,0,0,0,0,0,0,0,0,0,0,0
3270,1,1,1,1,1,1,1,0,1,1,1,1,1,1,1,0,1,0,1,1,1,0
3271,0,0,0,0,0,0,0,0,0,0,0,0,0,0,0,0,0,0,0,0,0,0
3272,0,0,0,0,0,0,0,0,0,0,0,0,0,0,0,0,0,0,0,0,0,0
3273,0,0,0,0,0,0,0,0,0,0,0,0,0,0,0,0,0,0,0,0,0,0
3274,0,0,0,0,0,0,0,0,0,0,0,0,0,0,0,0,0,0,0,0,0,2
3275,0,2,1,0,0,0,0,2,0,2,0,2,2,2,0,0,2,2,2,2,2,0
3276,1,0,1,0,1,0,0,0,1,0,0,0,1,0,0,0,1,0,1,0,1,0
3277,0,0,0,0,0,0,0,0,1,1,0,0,1,1,0,0,0,0,1,1,1,0
3278,0,0,0,0,0,0,0,0,0,0,0,0,0,0,0,0,0,0,0,0,0,1
3279,0,1,0,1,0,1,0,1,1,1,0,1,1,1,0,1,0,1,0,1,1,1
3280,0,0,0,0,0,0,0,0,0,0,0,0,0,0,0,0,0,0,0,0,0,0
3281,0,0,0,0,0,0,0,0,0,0,0,0,0,0,0,0,0,0,0,0,0,0
3282,0,0,0,0,0,0,0,0,0,0,0,0,0,0,0,0,0,0,0,0,0,1
3283,0,1,0,1,0,1,0,0,0,1,0,0,0,0,0,0,0,0,0,0,0,2
3284,0,2,0,0,0,0,0,0,0,2,0,0,0,0,0,0,0,0,0,2,0,2
3285,2,0,2,0,0,0,0,0,0,0,2,2,0,0,0,0,0,0,0,0,0,0
3286,0,0,0,0,0,0,0,0,0,0,0,0,0,0,0,0,0,0,0,0,0,0
3287,0,2,0,2,0,2,0,1,0,1,0,2,0,2,0,2,0,2,0,2,0,2
3288,0,0,0,0,0,0,0,0,0,0,0,0,0,0,0,0,0,0,0,0,0,0
3289,0,0,0,0,0,0,0,0,0,1,0,1,0,0,0,0,0,0,0,0,0,0
3290,0,0,1,0,0,0,0,0,1,0,1,1,1,0,0,0,1,0,0,0,1,1
3291,1,0,1,0,1,0,0,0,1,0,0,0,1,0,0,0,1,0,0,0,1,0
3292,0,0,0,0,0,0,0,0,0,0,0,0,0,0,0,0,0,0,0,0,0,2
3293,2,0,2,0,2,0,0,0,2,0,0,0,0,0,0,0,2,2,0,0,0,2
3294,0,2,0,0,1,0,0,0,1,2,0,0,0,0,0,0,0,2,0,2,0,0
3295,2,0,1,0,2,0,2,0,0,0,0,0,0,0,0,0,2,0,2,0,0,0
3296,0,0,0,0,0,0,0,0,0,0,0,0,0,0,0,0,0,0,0,0,0,0
3297,0,2,0,2,0,2,0,0,0,2,0,2,0,2,0,1,0,2,0,1,0,2
3298,2,2,2,0,2,2,2,0,2,2,2,0,2,0,0,0,2,0,2,2,2,0
3299,0,2,0,1,0,2,0,1,0,2,0,2,0,1,0,2,0,2,0,1,0,2
3300,2,1,2,1,2,1,2,1,2,1,2,1,2,1,2,1,2,2,2,1,2,0
3301,1,1,1,1,1,1,1,1,1,1,1,0,1,0,1,1,1,1,1,1,1,1
3302,1,1,1,1,1,1,1,0,2,0,1,2,1,1,1,1,1,2,1,1,1,2
3303,2,0,0,0,0,0,0,0,0,0,2,0,0,0,0,0,2,0,2,0,0,0
3304,1,0,1,1,1,1,1,0,1,1,0,0,0,0,0,0,0,0,0,0,0,0
3305,0,1,0,1,0,1,0,1,0,1,0,0,0,1,0,0,0,1,0,1,0,0
3306,0,0,0,0,0,0,0,0,0,0,0,0,0,0,0,0,0,0,0,0,0,0
3307,0,0,0,0,0,0,0,0,0,2,0,2,0,0,0,0,0,2,0,0,0,1
3308,0,0,0,0,0,0,0,0,0,0,0,0,0,0,0,0,0,0,0,0,0,0
3309,0,1,0,1,0,1,0,0,1,1,1,1,0,1,0,1,0,1,1,1,0,1
3310,0,0,1,1,0,0,0,0,0,0,0,0,1,1,0,0,0,0,0,0,1,0
3311,1,0,1,0,1,0,1,0,1,0,2,0,0,0,0,0,0,0,2,0,0,2
3312,0,0,0,0,0,0,0,0,0,0,0,0,0,0,0,0,0,0,0,0,0,0
3313,0,0,0,0,0,0,0,0,0,1,0,0,0,1,0,0,0,0,0,0,0,0
3314,2,2,1,1,2,1,2,1,2,1,2,2,2,2,2,0,2,2,2,2,2,0
3315,2,0,2,0,2,0,2,0,1,0,2,0,1,0,2,0,1,0,1,0,1,1
3316,0,0,0,0,0,0,0,0,0,0,0,0,0,0,0,0,0,0,0,0,0,0
3317,0,0,0,0,0,0,0,0,0,0,0,0,0,0,0,0,0,0,0,0,0,0
3318,2,2,1,1,2,2,0,1,2,1,2,0,1,1,0,0,1,1,1,0,1,0
3319,1,0,1,1,1,0,0,0,1,0,1,0,1,0,1,0,1,0,0,0,1,0
3320,1,0,1,0,0,0,0,0,1,0,0,0,0,0,0,0,1,0,0,0,0,0
3321,0,0,0,0,0,0,0,0,0,0,0,0,0,0,0,0,0,0,0,0,0,0
3322,0,0,0,0,0,0,0,0,0,0,0,0,0,0,0,0,0,0,0,0,0,2
3323,1,0,1,0,0,0,0,0,1,0,1,0,1,0,0,0,1,0,1,0,1,0
3324,0,0,0,0,0,0,0,0,0,0,0,0,0,0,0,0,0,0,0,0,0,0
3325,0,0,0,1,0,0,0,0,0,1,0,0,0,0,0,0,0,0,0,1,0,2
3326,0,0,0,0,0,0,0,0,0,0,0,0,0,0,0,0,0,0,0,0,0,0
3327,0,0,0,0,0,0,0,0,0,0,0,0,0,0,0,0,0,0,0,0,0,0
3328,0,0,1,0,1,0,0,0,1,1,0,0,1,0,0,0,1,0,0,0,1,0
3329,0,0,0,0,0,0,0,0,0,1,0,0,0,0,0,0,0,0,0,0,0,0
3330,0,0,1,0,0,0,0,0,0,0,0,0,1,0,0,0,1,0,1,1,1,1
3331,0,0,0,0,0,0,0,0,0,0,0,0,0,0,0,0,0,0,0,0,0,0
3332,0,2,0,0,0,0,0,0,0,2,0,2,0,2,0,0,0,2,0,2,0,1
3333,2,2,2,2,2,2,2,2,2,2,2,2,2,2,2,2,2,2,2,2,2,2
3334,0,0,0,0,0,0,0,0,0,0,0,0,0,0,0,0,0,0,0,0,0,0
3335,1,2,1,2,2,2,1,2,1,2,1,0,1,2,2,2,2,2,2,2,1,2
3336,1,1,1,1,1,1,1,1,1,1,1,1,1,1,0,1,1,1,1,1,1,1
3337,2,0,2,0,2,0,2,0,2,0,2,0,2,0,2,0,2,0,2,0,2,0
3338,0,1,0,1,0,0,0,0,1,1,0,1,0,1,0,0,0,0,0,1,0,0
3339,2,2,1,2,0,2,0,0,0,2,0,2,1,2,0,2,1,2,1,2,1,0
3340,0,0,0,0,0,0,0,0,0,0,0,0,0,0,0,0,0,0,0,0,0,0
3341,0,0,0,0,0,0,0,0,0,0,0,0,0,0,0,0,0,0,0,0,0,1
3342,0,0,0,0,0,0,0,0,0,0,0,0,0,0,0,0,0,0,0,0,0,0
3343,0,0,0,0,0,0,0,0,0,0,0,0,0,0,0,0,0,0,0,0,0,2
3344,2,2,2,2,2,2,2,2,2,2,2,2,2,2,2,2,2,2,2,2,2,2
3345,2,1,1,1,1,1,1,1,1,1,1,1,1,1,1,1,1,1,1,1,1,1
3346,1,1,1,1,1,1,1,1,1,1,1,1,1,1,1,1,1,1,1,1,1,0
3347,1,1,1,1,0,1,0,1,0,1,1,1,1,0,1,0,0,1,1,1,1,2
3348,0,0,0,0,0,0,0,0,0,0,0,0,0,0,0,0,0,0,0,0,0,0
3349,0,0,0,1,0,0,0,0,0,0,0,0,0,0,0,0,0,0,0,1,0,1
3350,0,0,0,0,0,0,0,0,0,0,0,0,0,0,0,0,0,0,0,0,0,0
3351,0,0,0,0,0,0,0,0,0,0,0,0,0,0,0,0,0,0,0,0,0,0
3352,2,2,2,1,2,1,2,1,2,2,2,0,2,0,2,2,2,2,2,2,2,0
3353,0,0,0,0,0,0,0,0,0,0,0,0,0,0,0,0,0,0,0,0,0,0
3354,0,0,0,0,0,0,0,0,1,1,0,0,0,1,0,0,0,0,0,0,0,0
3355,1,2,1,2,2,2,2,2,1,2,2,2,2,2,2,2,2,2,1,2,2,2
3356,0,1,1,1,1,1,0,1,1,1,0,1,1,1,1,1,1,1,0,1,1,0
3357,0,0,1,1,1,0,0,0,1,0,1,1,1,1,0,0,1,1,0,1,1,0
3358,1,0,1,0,1,0,0,0,1,0,0,0,1,0,0,0,1,0,0,0,1,0
3359,0,0,0,0,0,0,0,0,0,0,0,0,0,0,0,0,0,0,0,0,0,0
3360,1,1,1,1,1,1,0,0,1,1,1,0,1,0,0,0,1,0,0,0,1,0
3361,0,0,0,0,2,2,0,0,2,2,0,0,0,0,0,0,0,0,0,0,0,0
3362,0,0,0,0,1,0,1,0,1,1,1,0,0,0,0,0,2,0,1,1,0,1
3363,0,0,0,0,0,0,0,0,0,1,0,1,1,0,1,1,0,0,1,1,1,2
3364,1,1,1,1,2,1,1,1,1,1,0,1,1,1,0,1,0,1,0,1,1,0
3365,0,0,0,0,0,0,0,0,0,0,0,0,0,0,0,0,0,0,0,0,0,0
3366,0,0,0,0,0,0,0,0,0,0,0,0,0,0,0,0,0,0,0,0,0,0
3367,0,1,0,1,0,1,0,0,1,1,0,0,0,0,0,0,0,1,0,0,0,1
3368,2,2,1,1,1,1,1,1,1,1,1,1,1,1,1,1,1,1,1,1,1,2
3369,2,0,2,1,2,0,2,0,2,1,2,0,2,0,2,0,2,0,1,0,2,2
3370,0,0,0,1,0,0,0,0,0,1,0,1,0,1,0,0,0,1,0,1,0,1
3371,1,1,1,1,1,1,1,1,1,1,1,1,1,1,1,1,1,1,1,1,1,2
3372,0,0,0,0,0,0,0,0,0,0,0,0,0,0,0,0,0,0,0,0,0,0
3373,1,0,0,0,0,0,0,0,0,0,0,0,1,0,0,0,0,0,0,0,1,0
3374,0,0,0,0,0,0,0,0,0,0,0,0,0,0,0,0,0,0,0,0,0,0
3375,0,0,0,0,0,0,0,0,0,0,0,0,0,0,0,0,0,0,0,0,0,0
3376,1,1,1,1,1,1,0,1,1,1,2,1,0,1,0,0,0,1,2,1,0,1
3377,2,1,1,1,2,1,2,1,2,1,2,2,1,1,2,0,2,0,2,1,1,0
3378,0,2,0,0,0,0,0,0,0,0,2,2,1,2,0,0,2,2,1,2,1,0
3379,0,0,1,0,0,0,0,0,0,0,0,0,1,0,0,0,0,0,0,0,1,0
3380,1,0,1,0,0,0,0,0,1,0,0,0,0,0,0,0,0,0,1,0,0,0
3381,0,0,0,0,0,0,0,0,0,0,0,0,0,0,0,0,1,1,0,0,0,0
3382,0,0,0,0,0,0,0,0,0,0,0,0,0,0,0,0,0,0,0,0,0,0
3383,1,0,1,0,1,0,1,0,1,0,2,0,1,0,1,0,1,0,1,0,1,2
3384,0,0,0,0,0,0,0,0,0,0,0,0,0,0,0,0,0,0,0,0,0,0
3385,0,0,0,0,0,0,0,0,0,0,0,0,0,0,0,0,0,0,0,0,0,0
3386,0,0,0,0,0,0,0,0,2,0,0,0,0,0,0,0,0,0,2,0,0,0
3387,0,0,0,0,0,0,0,0,0,0,0,0,0,0,0,0,0,0,0,0,0,0
3388,2,0,2,0,2,0,0,0,2,0,2,0,2,0,0,0,2,0,2,0,2,0
3389,0,2,0,2,0,2,0,2,0,2,0,2,0,2,0,2,0,2,0,2,0,2
3390,0,0,0,0,0,0,0,0,0,0,0,0,0,0,0,0,0,0,0,0,0,2
3391,0,0,0,0,0,0,0,0,0,1,0,2,0,2,0,0,0,2,0,2,0,1
3392,0,0,0,0,0,0,0,0,0,0,0,0,0,0,0,0,0,0,0,0,0,0
3393,1,1,1,1,1,1,1,1,1,1,2,1,2,2,1,1,2,2,1,1,2,1
3394,0,0,0,0,0,0,0,0,0,0,0,0,0,0,0,0,0,0,0,0,0,0
3395,0,0,0,0,0,0,0,0,0,0,0,0,0,0,0,0,0,0,0,0,0,0
3396,0,0,0,0,0,0,0,0,0,0,0,0,0,0,0,0,0,0,0,0,0,0
3397,0,0,0,0,0,0,0,0,0,0,0,0,0,0,0,0,0,0,0,0,0,0
3398,0,0,1,1,1,1,0,0,1,1,0,0,0,0,0,0,0,0,0,0,2,2
3399,0,0,0,0,0,0,0,0,0,0,0,0,0,0,0,0,0,0,0,0,0,0
3400,0,0,0,0,0,0,0,0,0,0,0,0,0,0,0,0,0,0,0,0,0,0
3401,0,2,0,2,0,2,0,2,0,2,0,2,0,2,0,2,0,2,0,2,0,0
3402,0,0,0,0,0,0,0,0,0,0,0,0,0,0,0,0,0,0,0,0,0,0
3403,0,0,0,0,0,0,0,0,0,0,0,0,0,0,0,0,0,0,0,0,0,0
3404,2,0,0,1,0,0,0,0,0,0,0,0,0,0,0,0,0,0,2,0,0,2
3405,1,1,1,0,1,1,1,0,1,1,1,0,0,0,0,0,2,0,0,1,0,0
3406,2,2,2,2,2,2,0,0,2,1,2,2,2,2,2,2,1,2,2,2,2,0
3407,1,1,1,1,1,1,1,0,1,1,1,1,1,1,1,1,1,1,1,1,1,2
3408,0,0,0,1,0,1,0,0,0,0,0,0,0,0,0,0,0,0,0,0,0,0
3409,0,0,0,0,0,0,0,0,0,0,0,0,0,0,0,0,0,0,0,0,0,0
3410,0,0,0,0,1,1,0,0,0,0,0,1,0,0,0,0,0,0,0,0,0,0
3411,0,1,1,1,0,1,0,0,0,1,0,1,1,1,1,1,1,1,1,1,1,1
3412,1,0,1,0,1,0,0,0,1,0,0,0,0,0,0,0,1,0,1,0,0,2
3413,0,0,0,0,0,0,0,0,0,0,0,0,0,0,0,0,0,0,0,0,0,0
3414,0,2,0,2,0,2,0,2,0,2,0,2,0,2,0,2,0,2,0,2,0,0
3415,2,1,2,1,2,1,2,1,2,1,2,1,2,1,2,1,2,1,2,1,2,1
3416,0,0,1,1,0,0,0,0,1,1,0,0,1,1,0,0,1,1,0,0,1,0
3417,1,1,0,1,0,1,0,1,1,1,0,2,1,1,0,2,1,1,1,1,1,1
3418,0,1,0,1,0,1,0,0,0,1,0,0,0,1,0,0,0,0,0,0,0,0
3419,2,2,1,0,2,0,1,0,1,0,0,0,1,0,2,0,2,0,2,0,1,0
3420,0,0,1,1,2,2,0,0,0,0,0,0,1,1,0,0,1,1,0,0,1,0
3421,0,0,0,0,0,0,0,0,0,0,1,0,1,0,0,0,0,0,0,0,1,0
3422,1,0,1,0,1,0,1,0,1,0,1,0,1,0,1,0,1,0,1,0,1,0
3423,2,0,2,0,2,0,2,0,2,0,2,0,2,0,2,0,2,0,2,0,2,0
3424,0,0,0,0,0,0,0,0,0,0,0,0,0,0,0,0,0,0,0,0,0,0
3425,2,1,2,1,2,1,2,1,2,1,2,0,2,0,2,0,2,0,2,0,2,2
3426,0,0,0,0,0,0,0,0,0,1,0,0,0,0,0,0,0,0,0,0,0,0
3427,0,0,0,0,0,0,0,0,0,0,0,0,0,0,0,0,0,0,0,0,0,2
3428,1,1,1,1,1,1,1,1,1,1,1,1,1,1,2,1,1,1,1,1,1,1
3429,2,0,2,0,2,0,2,0,2,2,2,1,2,0,2,0,2,0,2,2,2,0
3430,0,0,0,0,0,0,0,0,0,0,0,0,0,0,0,0,0,0,0,0,0,0
3431,1,0,1,0,0,0,1,0,1,0,1,0,1,0,1,0,1,0,1,0,1,1
3432,1,2,1,1,1,1,1,0,1,1,1,0,1,1,0,2,1,2,1,2,1,0
3433,1,1,1,1,1,1,1,1,1,1,1,1,1,1,1,1,1,1,1,1,1,1
3434,2,2,2,2,2,2,2,2,2,2,2,2,2,2,2,2,2,2,2,2,2,2
3435,0,2,0,2,0,2,0,2,0,2,0,2,0,2,0,2,0,2,0,2,0,0
3436,0,2,0,0,0,2,0,0,0,2,0,0,0,0,0,0,0,0,0,2,0,0
3437,1,0,1,1,1,1,1,1,1,1,1,0,1,0,1,0,1,1,1,1,1,1
3438,2,0,0,0,0,0,0,0,0,0,2,0,0,0,0,0,2,0,0,0,0,0
3439,0,2,0,2,0,2,0,2,0,2,0,2,0,2,0,0,0,2,0,2,0,2
3440,0,2,0,0,0,0,0,0,0,0,0,0,0,0,0,0,0,0,0,0,0,0
3441,0,0,0,0,0,0,0,0,0,0,0,0,0,0,0,0,0,0,0,0,0,0
3442,0,1,1,1,0,1,0,0,0,1,1,1,0,1,0,1,0,1,1,1,0,1
3443,0,0,0,0,0,0,0,0,0,0,0,0,0,1,0,0,0,0,0,0,0,1
3444,0,0,0,0,0,0,0,0,0,0,0,0,0,0,0,0,0,0,0,0,0,0
3445,0,0,0,0,0,0,0,0,0,0,0,0,0,0,0,0,0,0,0,0,0,0
3446,0,2,0,2,0,2,0,2,0,2,0,0,0,0,0,0,0,2,0,2,0,2
3447,2,0,0,0,0,0,0,0,0,0,0,0,0,0,0,0,0,0,0,0,0,1
3448,0,0,0,0,0,0,0,0,0,0,0,0,0,0,0,0,0,0,0,0,0,0
3449,0,0,0,0,0,0,0,0,0,0,0,0,0,0,0,0,0,0,0,0,0,2
3450,0,0,0,0,0,0,0,0,1,1,0,0,0,0,0,0,1,0,1,1,0,0
3451,0,0,0,0,0,0,0,0,0,0,0,0,0,0,0,0,0,0,0,0,0,0
3452,0,0,0,0,0,0,0,0,0,0,0,0,0,0,0,0,0,0,0,0,0,0
3453,0,0,0,0,0,0,0,0,0,1,0,0,0,0,0,0,0,0,0,0,0,0
3454,0,0,0,0,0,0,0,0,0,0,0,0,0,0,0,0,0,0,0,0,0,0
3455,2,0,1,0,1,1,2,0,1,0,2,0,1,1,0,0,1,1,0,0,1,0
3456,0,2,2,2,1,2,2,2,2,2,2,2,0,2,0,2,0,2,2,2,0,1
3457,2,2,1,1,1,2,1,2,1,2,0,0,1,0,0,0,2,2,2,2,1,0
3458,0,0,0,0,0,0,0,0,0,0,0,0,0,0,0,0,0,0,0,0,0,0
3459,1,1,1,1,1,1,1,1,1,1,0,0,2,0,0,0,2,0,2,0,2,2
3460,0,0,0,0,0,0,0,0,0,0,0,0,0,0,0,0,0,0,0,0,0,0
3461,0,0,0,0,1,0,0,0,0,0,0,0,0,0,0,0,0,0,2,0,0,0
3462,2,0,2,0,2,0,2,0,2,0,2,0,2,0,1,0,1,0,2,0,2,2
3463,0,0,0,0,0,0,0,0,0,0,0,0,0,0,0,0,0,0,0,0,0,0
3464,2,2,2,1,2,2,0,0,1,1,2,2,1,0,0,2,0,0,2,2,1,0
3465,1,1,1,1,1,1,2,1,0,1,0,1,0,0,0,1,2,2,2,1,0,2
3466,2,2,2,2,2,2,2,2,2,2,2,2,2,2,2,2,2,2,2,2,2,2
3467,0,2,0,0,0,0,0,0,0,2,1,2,1,0,0,0,1,0,0,0,1,0
3468,0,0,0,0,0,0,0,0,0,0,0,0,0,0,0,0,0,0,0,0,0,0
3469,0,0,0,0,0,0,0,0,0,0,0,0,0,0,0,0,0,0,0,0,0,0
3470,0,0,0,0,0,0,0,0,1,0,0,0,0,0,0,0,0,0,0,0,0,2
3471,0,0,0,0,0,0,0,0,0,0,0,0,0,0,0,0,0,0,0,0,0,0
3472,2,1,2,1,2,1,2,1,2,1,2,0,2,0,0,0,2,0,2,2,2,2
3473,0,0,0,0,0,0,0,0,0,0,0,0,0,0,0,0,0,0,0,0,0,0
3474,1,1,1,1,1,1,0,0,0,0,1,1,0,0,1,1,1,1,1,1,0,0
3475,0,0,0,0,0,0,0,0,0,0,0,0,0,0,0,0,0,0,0,0,0,0
3476,2,0,2,0,2,0,2,0,2,0,2,0,2,0,2,0,2,0,2,0,2,0
3477,2,0,2,0,2,0,2,0,2,0,2,0,2,0,2,0,2,0,2,0,2,0
3478,0,0,0,0,0,0,0,0,0,0,0,0,0,0,0,0,0,0,0,0,0,2
3479,0,0,0,0,0,0,0,0,0,0,0,0,0,0,0,0,0,0,0,0,0,0
3480,1,1,1,1,1,1,1,1,1,1,1,1,1,1,0,1,1,1,1,1,1,1
3481,1,1,1,1,1,1,1,1,1,1,1,1,1,1,1,1,1,1,1,1,1,0
3482,0,0,0,0,0,0,0,0,0,0,0,0,0,0,0,0,0,0,0,0,0,0
3483,0,0,0,0,0,0,0,0,0,0,0,0,0,0,0,0,0,0,0,0,0,0
3484,1,1,1,0,1,2,1,0,1,2,0,2,0,0,0,0,0,0,0,2,0,2
3485,0,0,0,0,0,0,0,0,0,0,0,0,0,0,0,0,0,0,0,0,0,0
3486,1,0,0,0,1,1,0,0,0,0,0,0,0,0,0,0,0,0,0,0,0,0
3487,0,0,0,0,0,0,0,0,0,0,1,0,0,0,0,0,0,0,1,0,0,2
3488,1,1,1,1,1,1,1,1,1,1,1,1,1,1,1,1,1,1,1,1,1,1
3489,0,0,0,0,0,0,0,0,0,0,0,0,0,0,0,0,0,0,0,0,0,1
3490,2,2,2,2,2,2,2,2,2,2,2,2,2,2,2,2,2,2,2,2,2,0
3491,0,0,0,0,0,0,0,0,0,0,0,0,0,0,0,0,0,0,0,0,0,0
3492,1,1,0,1,1,1,0,0,1,1,0,0,0,0,0,0,0,0,2,2,0,0
3493,0,0,0,0,0,0,0,0,0,0,0,0,0,0,0,0,0,0,0,0,0,0
3494,0,0,0,0,0,0,0,0,0,0,0,0,0,0,0,0,0,0,0,0,0,0
3495,0,0,0,0,0,0,0,0,0,0,0,0,0,0,0,0,0,0,0,0,0,0
3496,1,1,1,1,1,1,0,0,1,1,1,1,1,1,1,0,1,1,1,1,1,0
3497,0,1,1,0,1,1,0,0,1,1,0,0,1,1,0,0,1,1,1,0,1,1
3498,0,0,0,0,0,0,0,0,0,0,0,0,0,0,0,0,0,0,0,0,0,0
3499,0,0,0,0,0,0,0,0,0,0,0,0,0,0,0,0,0,0,0,0,0,0
3500,1,1,1,1,0,0,1,0,1,1,1,1,1,1,0,0,1,0,1,1,1,0
3501,1,1,1,1,1,1,0,0,1,1,1,1,1,1,1,0,1,1,1,1,1,1
3502,1,0,1,0,1,0,2,0,1,0,2,0,0,0,0,0,2,0,2,0,0,0
3503,0,0,0,1,0,1,0,1,0,1,0,1,0,1,0,0,0,1,1,1,0,1
3504,1,1,1,1,1,1,1,1,1,1,1,1,1,1,1,1,1,1,1,1,1,1
3505,0,0,0,0,0,0,0,0,0,0,0,0,0,0,0,0,0,0,0,0,0,0
3506,0,0,0,0,1,0,0,0,0,0,0,0,0,0,0,0,0,0,0,0,0,2
3507,0,1,0,1,0,1,2,1,2,1,2,1,1,1,2,1,2,1,2,1,1,0
3508,0,1,0,0,1,1,0,0,1,1,0,0,0,0,0,0,0,0,2,0,0,0
3509,0,0,0,0,0,0,0,0,0,0,0,0,1,0,0,0,0,0,0,0,1,0
3510,0,0,0,0,0,0,0,0,0,0,0,0,0,0,0,0,0,0,0,0,0,0
3511,1,1,1,1,2,2,0,0,2,2,2,2,2,2,0,0,2,2,2,2,2,2
3512,0,0,0,0,0,0,0,0,0,0,0,0,0,0,0,0,0,0,0,0,0,0
3513,0,0,0,0,0,0,0,0,0,0,0,0,0,0,0,0,0,0,0,0,0,0
3514,1,1,2,1,2,1,2,1,2,1,2,0,2,1,2,0,2,0,2,1,2,2
3515,2,2,2,2,2,2,2,2,2,2,2,2,2,2,2,2,2,2,2,2,2,2
3516,1,1,2,2,1,2,1,1,1,2,1,2,1,2,2,2,2,2,1,2,1,0
3517,2,0,2,0,2,0,2,0,2,0,2,0,2,0,2,0,2,0,2,0,2,2
3518,0,0,0,0,0,0,0,0,0,0,0,0,0,0,0,0,0,0,0,0,0,0
3519,2,1,2,1,1,1,2,1,2,1,2,1,2,1,2,1,2,2,2,1,2,0
3520,0,0,0,0,0,0,0,0,0,0,0,0,0,0,0,0,0,0,0,0,0,0
3521,0,0,1,0,1,1,0,1,0,1,1,1,1,1,0,0,1,1,0,1,1,0
3522,1,1,1,1,1,1,1,1,1,1,1,1,1,1,1,1,1,1,1,1,1,0
3523,1,1,1,1,1,1,1,1,1,1,1,1,1,1,1,1,1,1,1,1,1,0
3524,0,0,0,1,0,0,0,0,1,0,0,0,0,0,0,0,0,0,0,0,0,2
3525,1,1,1,1,2,1,1,1,1,1,1,1,1,1,0,0,1,1,2,1,1,1
3526,0,0,0,0,0,0,0,0,0,0,0,0,0,0,0,0,0,0,0,0,0,0
3527,1,0,2,1,1,0,1,0,1,1,2,0,2,1,1,0,1,1,1,0,2,0
3528,0,0,1,1,0,0,0,0,0,0,0,0,1,1,0,0,0,0,1,1,1,2
3529,2,1,2,1,2,1,2,0,2,1,2,1,2,0,2,1,2,1,2,1,2,0
3530,0,2,0,0,0,0,0,0,0,1,0,0,0,0,0,0,0,0,0,0,0,0
3531,0,0,0,0,0,0,0,0,0,0,0,0,0,0,0,0,0,0,0,0,0,0
3532,0,0,0,0,0,0,0,0,0,0,0,0,0,0,0,0,0,0,0,0,0,0
3533,1,1,1,1,1,1,0,0,1,1,1,1,1,1,1,1,0,0,1,1,1,1
3534,1,1,1,1,2,1,1,1,1,1,0,0,0,1,0,0,1,1,1,1,0,0
3535,0,0,0,0,0,0,0,0,0,0,0,0,0,0,0,0,0,0,0,0,0,0
3536,0,2,0,1,0,1,0,1,0,1,0,0,0,0,0,0,0,0,0,0,0,0
3537,0,0,0,0,0,0,0,0,1,0,1,0,0,0,0,0,0,0,0,0,0,0
3538,0,1,0,1,0,1,0,0,0,2,0,0,0,0,0,0,0,1,0,1,0,0
3539,0,0,0,0,0,0,0,0,0,0,0,0,0,0,0,0,0,0,0,0,0,0
3540,1,0,0,0,0,0,0,0,1,1,0,0,1,0,0,0,1,0,1,1,1,0
3541,0,0,0,0,0,0,0,0,0,0,0,0,0,0,0,0,0,0,0,0,0,0
3542,0,0,0,0,0,0,0,0,0,0,0,0,0,0,0,0,0,0,0,0,0,0
3543,1,1,1,1,1,1,0,0,0,0,0,0,0,0,0,0,0,0,0,0,0,0
3544,2,2,2,2,2,2,1,2,2,2,2,0,2,2,2,0,2,2,2,2,2,0
3545,1,1,1,1,1,1,1,1,1,1,1,1,1,1,1,1,1,1,1,1,1,1
3546,1,1,1,1,1,1,1,1,1,1,1,1,1,1,1,1,1,1,1,1,1,2
3547,1,0,1,0,1,0,0,0,1,0,1,0,1,0,0,0,1,0,0,0,1,0
3548,0,0,1,1,1,1,0,0,0,1,1,1,1,1,1,1,1,1,1,1,1,0
3549,2,2,2,2,2,2,2,2,2,2,2,2,2,2,2,2,2,2,2,2,2,0
3550,0,0,0,0,0,0,0,0,0,0,0,0,0,0,0,0,0,0,0,0,0,0
3551,0,1,0,1,0,1,0,1,0,1,0,1,0,1,0,1,1,1,0,1,0,1
3552,1,2,1,1,2,1,1,1,1,1,1,0,1,1,0,0,1,0,2,2,1,0
3553,0,0,0,0,0,0,0,0,0,0,0,0,0,0,0,0,0,0,1,0,0,0
3554,0,0,0,0,0,0,0,0,0,0,0,0,0,0,0,0,0,0,0,0,0,0
3555,0,0,0,0,0,0,0,0,0,0,0,0,0,0,0,0,0,0,0,0,0,0
3556,0,0,0,0,0,0,0,0,0,0,0,0,0,0,0,0,0,0,0,0,0,0
3557,0,0,0,0,0,0,0,0,0,0,0,0,0,0,0,0,1,0,0,0,0,0
3558,0,0,0,0,0,0,0,0,0,0,0,0,0,0,0,0,0,0,0,0,0,0
3559,1,2,1,2,1,0,0,2,1,2,1,2,1,2,0,0,1,0,1,2,1,0
3560,0,0,0,0,0,0,0,0,0,0,0,0,0,0,0,0,0,0,0,0,0,0
3561,0,0,0,0,0,0,0,0,1,0,0,0,0,0,0,0,0,0,1,0,0,0
3562,0,0,0,0,0,0,0,0,0,1,0,0,0,0,0,0,0,0,0,0,0,0
3563,1,1,1,1,1,1,1,0,1,1,1,1,1,0,1,1,1,1,1,1,1,2
3564,2,2,2,2,2,2,2,2,2,2,2,2,2,2,2,2,2,2,2,2,2,2
3565,2,2,2,2,2,2,2,2,2,2,2,2,2,2,2,2,2,2,2,2,2,2
3566,0,0,0,0,0,0,0,0,0,0,0,0,0,0,0,0,0,0,0,0,0,0
3567,1,1,1,1,1,1,1,1,1,1,1,1,1,1,1,1,1,1,1,1,1,2
3568,0,2,0,1,0,2,0,0,0,1,0,0,0,0,0,1,0,0,0,2,0,0
3569,0,0,0,0,0,0,0,0,0,0,0,0,0,0,0,0,0,0,0,0,0,0
3570,2,0,2,0,2,0,2,0,1,1,2,0,2,0,2,0,2,0,0,0,2,0
3571,1,1,1,1,1,1,0,1,0,1,0,0,0,0,0,0,0,0,0,1,0,1
3572,2,2,0,0,0,0,0,0,1,0,2,0,0,0,0,0,0,0,2,0,0,2
3573,0,0,0,0,0,0,0,0,0,0,0,0,1,1,0,0,0,0,0,0,1,1
3574,2,1,1,1,1,1,1,1,1,1,1,1,1,1,2,1,1,1,1,1,1,2
3575,1,2,1,2,2,2,1,1,2,2,2,2,1,2,1,2,2,1,1,2,1,2
3576,2,0,1,0,1,0,0,0,1,0,1,0,1,0,0,0,2,0,1,0,1,0
3577,0,0,0,0,1,0,0,0,1,0,1,0,1,0,0,0,2,0,1,2,1,2
3578,1,1,1,1,1,1,1,1,1,1,2,1,1,1,1,1,1,1,1,1,1,2
3579,2,2,2,2,2,2,2,2,2,2,2,2,2,2,2,2,2,2,2,2,2,2
3580,0,0,0,0,0,0,0,0,0,0,0,0,0,0,0,0,0,0,0,0,0,2
3581,0,0,0,0,0,0,0,0,0,0,0,0,0,0,0,0,0,0,0,0,0,0
3582,2,0,1,0,2,0,1,0,2,2,1,0,1,0,1,0,2,0,1,0,1,2
3583,0,0,0,0,0,0,0,1,2,0,2,0,2,0,0,0,0,1,2,2,2,0
3584,2,2,2,2,2,2,2,2,1,2,2,2,2,2,1,2,2,2,2,2,2,2
3585,0,0,0,0,0,0,0,0,0,0,0,0,0,0,0,0,0,0,0,0,0,0
3586,2,2,2,0,2,0,2,0,2,0,0,0,1,0,0,0,2,0,2,2,1,0
3587,0,0,0,0,0,0,0,0,0,0,0,0,0,0,0,0,0,0,0,0,0,0
3588,0,0,1,1,0,0,0,0,0,0,1,0,1,1,0,0,0,1,1,0,1,0
3589,2,2,0,0,2,0,0,0,2,0,0,0,0,0,0,0,0,0,2,0,0,0
3590,0,0,0,0,0,0,0,0,1,1,0,0,0,0,0,0,0,0,0,0,0,1
3591,1,0,1,0,1,0,1,0,1,0,0,0,0,0,0,0,0,0,2,0,0,0
3592,2,2,2,2,2,2,2,2,2,2,2,2,2,2,2,2,2,2,2,2,2,1
3593,1,0,1,1,0,0,0,0,0,0,1,0,1,1,0,0,1,0,1,0,1,2
3594,1,1,1,1,1,1,1,1,1,1,1,0,1,1,1,0,1,1,1,1,1,1
3595,1,0,1,0,1,0,1,0,1,1,0,0,0,0,0,0,0,0,0,0,0,0
3596,0,0,1,0,0,0,0,0,0,0,1,0,0,0,0,0,0,0,2,0,0,0
3597,1,1,1,1,2,2,1,1,2,2,2,2,0,0,2,2,2,2,2,2,1,1
3598,2,2,2,2,2,2,2,2,2,2,2,2,2,2,2,2,2,2,2,2,2,2
3599,0,0,0,0,0,0,0,0,0,0,0,0,0,0,0,0,0,0,0,0,0,0
3600,0,1,0,0,0,0,0,0,0,0,0,0,0,0,0,0,0,2,0,2,0,0
3601,2,0,2,0,2,0,1,0,2,0,0,0,0,0,0,0,2,0,2,0,0,0
3602,1,2,1,1,1,2,1,1,1,2,0,0,0,0,0,0,0,2,1,0,0,2
3603,2,2,2,2,2,2,2,2,2,2,2,2,2,2,2,2,2,2,2,2,2,2
3604,1,0,1,0,1,0,0,0,1,0,1,0,1,0,1,0,1,0,1,0,1,2
3605,0,0,1,0,0,0,0,0,0,0,0,0,0,0,0,0,0,0,0,0,0,0
3606,1,0,0,0,1,0,0,0,1,1,0,0,2,0,0,0,1,0,1,1,2,0
3607,0,0,0,0,0,0,0,0,0,0,0,0,0,0,0,0,0,0,0,0,0,0
3608,0,0,0,2,0,0,0,0,0,0,0,2,0,0,0,0,0,0,1,1,0,1
3609,0,0,0,0,0,0,0,0,0,0,0,0,0,0,0,0,0,0,0,0,0,0
3610,0,0,0,0,0,0,0,0,0,0,0,0,0,0,0,0,0,0,0,0,0,0
3611,2,2,2,2,2,2,2,2,2,2,2,2,2,2,2,2,2,2,2,2,2,0
3612,2,2,2,2,2,2,2,2,2,2,2,2,2,2,2,2,2,2,2,2,2,2
3613,0,2,0,2,0,2,0,2,0,2,0,2,0,2,0,0,0,2,0,2,0,0
3614,0,0,0,0,0,0,0,0,0,0,0,0,0,0,0,0,0,0,0,0,0,0
3615,0,0,0,0,0,0,0,0,0,0,0,0,0,0,0,0,0,0,0,0,0,0
3616,1,0,1,0,0,0,0,0,0,0,1,0,0,0,0,0,1,0,1,0,0,1
3617,1,0,0,0,0,0,0,0,0,0,1,0,0,0,1,0,0,0,1,0,0,1
3618,1,2,1,2,1,2,1,2,1,2,1,2,1,2,1,2,1,2,1,2,1,1
3619,0,0,0,0,0,0,0,0,0,0,0,0,0,0,0,0,0,0,0,0,0,1
3620,0,0,0,0,0,0,0,0,0,0,0,0,0,0,0,0,0,0,0,0,0,0
3621,2,2,2,2,2,2,2,2,2,2,2,2,2,2,2,0,2,2,2,2,2,2
3622,0,0,0,0,0,0,0,0,0,0,0,0,0,0,0,0,0,0,0,0,0,0
3623,2,2,2,0,2,2,2,0,2,1,2,0,2,0,2,0,2,0,2,2,2,0
3624,2,2,2,2,2,2,2,2,2,2,2,2,2,2,2,2,2,2,2,2,2,2
3625,0,0,0,0,0,0,0,0,0,0,0,0,0,0,0,0,0,0,0,0,0,0
3626,1,1,1,1,1,1,1,1,1,1,1,0,1,1,0,0,1,1,1,1,1,0
3627,0,0,0,0,0,0,0,0,0,0,0,0,0,0,0,0,0,0,0,2,0,0
3628,0,0,0,1,0,0,0,0,0,2,0,2,0,0,0,2,0,2,0,2,0,0
3629,1,1,1,1,1,1,0,1,1,1,1,1,1,1,0,0,0,1,1,1,1,0
3630,0,0,0,0,0,0,0,0,0,0,0,0,0,0,0,0,0,0,0,0,0,0
3631,0,0,0,0,0,0,0,0,0,0,0,0,0,0,0,0,0,0,0,0,0,0
3632,0,0,0,0,0,0,0,0,0,0,0,0,0,0,0,0,0,0,0,0,0,0
3633,2,2,2,2,2,2,1,1,2,2,2,2,2,2,1,1,1,1,1,1,2,2
3634,2,2,2,2,2,2,2,2,2,2,2,2,2,2,2,2,2,2,2,2,2,2
3635,2,2,2,2,2,2,2,2,2,2,2,2,2,2,2,2,2,2,2,2,2,2
3636,2,0,2,0,2,0,2,0,0,0,2,0,2,0,0,0,2,2,2,2,2,0
3637,2,2,2,2,2,2,2,2,2,2,2,2,2,2,2,2,2,2,2,2,2,2
3638,1,1,1,1,1,2,1,1,2,2,2,2,1,1,2,1,2,2,1,2,1,1
3639,0,0,0,0,0,0,0,0,0,0,0,0,0,0,0,0,0,0,0,0,0,0
3640,1,1,1,1,1,1,1,1,1,1,1,1,1,1,1,1,1,1,1,1,1,1
3641,1,0,0,0,0,0,0,0,1,0,1,0,1,0,0,0,0,0,1,0,1,2
3642,0,2,0,0,0,2,0,2,0,2,0,0,0,0,0,0,0,0,0,2,0,0
3643,0,0,0,0,0,0,0,0,2,1,0,0,0,0,0,0,0,0,1,1,0,0
3644,2,2,2,2,2,2,2,2,2,2,2,2,2,2,2,2,2,2,2,2,2,2
3645,0,1,0,1,0,1,0,0,0,1,0,0,0,1,0,0,0,0,0,1,0,1
3646,1,1,1,1,1,1,1,1,1,1,1,1,0,1,1,1,1,1,1,1,0,0
3647,2,2,1,0,1,0,1,0,1,2,2,0,1,1,2,0,1,0,1,2,1,0
3648,1,2,1,1,2,2,0,0,0,0,1,2,1,2,0,0,2,2,2,0,1,2
3649,0,0,0,0,0,0,0,0,0,0,0,0,0,0,0,0,0,0,1,0,0,2
3650,0,0,0,0,1,0,0,0,1,0,0,0,0,0,0,0,1,0,1,2,0,1
3651,0,0,0,0,0,0,0,0,1,0,0,0,0,0,0,0,0,0,0,0,0,0
3652,2,2,2,2,2,2,2,2,2,2,2,2,2,2,2,2,2,2,2,2,2,2
3653,0,2,0,1,0,0,0,2,0,2,0,0,0,0,0,0,0,2,0,2,0,0
3654,0,1,1,2,0,2,0,0,0,1,0,0,0,0,0,0,0,0,0,2,0,2
3655,0,0,0,0,0,0,0,0,0,0,0,0,0,0,0,0,0,0,0,0,0,0
3656,0,0,0,0,0,0,0,0,0,0,0,0,0,0,0,0,0,0,0,0,0,0
3657,0,0,0,0,0,0,0,0,1,1,0,0,0,0,0,0,0,0,0,1,0,2
3658,2,1,1,1,1,1,2,1,1,1,2,0,2,1,1,1,2,1,1,1,2,0
3659,1,0,1,0,0,0,0,0,1,1,0,0,1,1,1,0,1,1,1,1,1,0
3660,0,0,0,0,0,0,0,0,0,0,0,0,0,0,0,0,0,0,0,0,0,0
3661,2,0,1,0,2,1,1,0,2,0,2,0,1,0,2,0,2,1,2,0,1,0
3662,0,0,0,0,0,0,0,0,0,0,0,0,0,0,0,0,0,0,0,0,0,0
3663,0,0,0,0,0,0,0,0,0,0,0,0,0,0,0,0,0,0,0,0,0,2
3664,2,0,2,0,2,0,2,0,2,0,2,0,2,0,1,0,2,0,2,0,2,1
3665,0,0,1,0,1,0,0,0,0,0,1,0,0,0,1,0,1,0,1,0,0,1
3666,0,0,0,0,0,0,0,0,0,0,0,0,0,0,0,0,0,0,0,0,0,0
3667,0,1,0,0,0,1,0,0,0,1,0,1,0,0,0,0,0,0,0,0,0,0
3668,0,0,0,0,0,0,0,0,0,0,0,0,0,0,0,0,0,0,0,0,0,0
3669,0,0,0,0,0,0,0,0,0,0,0,0,0,0,0,0,0,0,0,0,0,0
3670,2,2,1,1,1,1,1,1,1,1,2,2,1,1,1,1,1,1,1,1,1,2
3671,1,1,1,1,1,1,1,1,1,1,1,1,1,1,2,2,1,1,1,1,1,2
3672,1,0,1,0,0,0,1,0,1,1,1,0,1,0,0,0,1,0,1,0,1,0
3673,0,0,0,0,0,0,0,0,0,0,0,0,0,0,0,0,0,0,0,0,0,0
3674,0,2,0,0,0,0,0,0,0,1,0,0,0,0,0,0,0,0,0,2,0,2
3675,2,2,2,2,2,2,2,2,2,2,2,2,2,2,2,2,2,2,2,2,2,2
3676,0,0,0,0,0,0,0,0,0,0,0,1,1,1,0,0,0,1,0,0,1,0
3677,0,0,0,0,0,0,0,0,0,0,0,0,0,0,0,0,0,0,0,0,0,0
3678,1,2,1,2,1,2,1,2,1,2,1,2,2,2,1,2,1,2,1,2,2,0
3679,2,2,2,0,2,2,2,0,2,2,0,0,2,2,2,0,2,2,2,0,2,0
3680,0,0,0,0,2,1,0,0,0,0,0,0,0,0,0,0,0,0,1,0,0,2
3681,0,1,0,1,0,2,0,1,0,1,0,2,0,0,0,2,0,2,0,2,0,0
3682,0,0,0,0,0,0,0,0,0,0,0,0,0,0,0,0,0,0,0,0,0,0
3683,0,0,0,0,0,0,0,0,0,0,0,0,0,0,0,0,0,0,0,0,0,0
3684,0,0,0,0,0,0,0,0,0,0,0,0,0,0,0,0,0,0,0,0,0,0
3685,1,1,1,1,1,1,0,0,1,1,0,0,1,1,0,0,0,0,1,0,1,0
3686,0,0,0,0,0,0,0,0,0,0,0,0,0,0,0,0,0,0,0,0,0,0
3687,1,1,1,1,1,1,1,1,1,1,1,1,1,1,0,0,2,2,1,1,1,1
3688,1,1,1,1,1,1,1,1,1,1,1,1,1,1,1,1,1,1,1,1,1,0
3689,1,1,1,1,1,1,1,1,0,0,0,0,1,1,1,1,1,1,0,0,1,2
3690,0,0,0,0,0,0,0,0,0,0,0,0,0,0,0,0,0,0,0,0,0,0
3691,0,0,0,0,0,0,0,0,0,1,0,0,0,0,0,0,0,0,0,0,0,0
3692,2,0,1,1,1,1,0,0,1,1,0,0,1,0,0,0,0,0,1,0,1,0
3693,0,0,0,0,0,0,0,0,0,0,0,0,0,0,0,0,0,0,0,0,0,0
3694,0,0,0,0,0,0,0,0,0,0,0,0,0,0,0,0,0,0,0,0,0,1
3695,1,1,1,1,1,1,1,1,1,1,2,2,1,1,1,0,2,2,1,1,1,2
3696,0,0,0,0,0,0,0,0,0,0,0,0,0,0,0,0,0,0,0,0,0,0
3697,1,0,1,0,1,0,0,0,1,0,1,0,1,0,0,0,1,0,1,0,1,0
3698,2,2,2,2,2,2,1,1,2,2,2,2,2,2,1,1,2,2,2,2,2,2
3699,0,0,0,2,0,0,0,0,0,1,0,0,0,1,0,1,0,0,0,2,0,0
3700,0,0,0,0,0,0,0,0,0,0,0,0,0,0,0,0,0,0,0,0,0,0
3701,2,2,1,1,1,1,1,1,1,1,2,2,1,1,2,2,2,2,2,2,1,1
3702,1,1,1,1,1,1,1,1,1,1,0,0,0,1,1,1,0,0,1,1,0,0
3703,0,0,0,1,0,0,0,0,0,1,0,0,1,0,0,0,0,0,1,0,1,0
3704,0,0,0,0,0,0,0,0,0,0,0,0,0,0,0,0,0,0,0,0,0,0
3705,1,2,1,2,0,2,0,2,0,2,1,2,1,2,0,2,0,2,1,2,1,2
3706,0,0,0,0,0,0,1,1,0,0,0,0,0,0,0,0,0,0,0,0,1,1
3707,0,0,0,0,0,0,0,0,0,0,0,0,0,0,0,0,0,0,1,0,0,2
3708,0,0,0,0,0,0,0,0,0,0,0,0,0,0,0,0,0,0,0,0,0,0
3709,0,0,0,0,0,0,0,0,0,0,0,0,0,0,0,0,0,0,2,0,0,1
3710,2,2,2,2,2,2,2,2,2,2,2,2,2,0,2,0,2,0,2,2,2,0
3711,0,0,0,0,0,0,0,0,0,0,0,0,0,0,0,0,0,0,0,0,0,0
3712,0,1,0,1,0,1,0,0,1,1,0,0,0,0,0,0,0,0,0,0,0,0
3713,0,0,0,0,0,0,0,0,0,0,0,0,0,0,0,0,0,0,0,0,0,0
3714,1,2,1,2,2,2,2,2,2,2,2,2,2,2,2,2,2,2,1,1,2,0
3715,0,0,0,0,0,0,0,0,0,0,0,0,0,0,0,0,0,0,0,0,0,0
3716,2,0,2,0,2,0,1,0,2,0,2,0,0,0,0,0,0,0,2,0,0,0
3717,1,2,1,2,1,2,1,2,1,2,1,2,1,2,1,2,1,2,1,2,1,2
3718,0,0,0,0,0,0,0,0,0,0,0,0,0,0,0,0,0,0,0,0,0,0
3719,0,1,0,1,0,1,0,1,1,1,0,0,0,1,0,0,0,1,1,1,0,1
3720,2,2,2,2,2,2,2,2,2,2,2,2,2,2,2,2,2,2,2,2,2,1
3721,0,0,0,0,0,0,0,0,1,1,0,0,0,0,0,0,0,0,1,1,0,2
3722,0,2,0,2,0,0,0,2,1,2,0,2,0,2,0,0,0,2,2,2,0,0
3723,0,1,1,1,1,1,0,0,0,0,0,1,1,1,1,0,0,0,1,0,1,0
3724,1,1,1,1,1,1,1,1,1,1,1,1,1,1,0,0,1,1,1,1,1,0
3725,0,2,0,1,0,1,0,1,0,2,0,2,0,0,0,1,0,0,0,2,0,2
3726,0,2,0,2,2,2,0,2,0,2,0,2,2,2,0,0,0,2,0,2,2,0
3727,1,1,1,1,0,0,0,0,1,1,1,1,1,1,0,0,1,1,1,1,1,1
3728,1,1,1,1,1,0,1,1,1,1,1,0,0,1,1,1,1,1,1,2,0,1
3729,0,0,0,0,0,0,0,0,0,0,0,0,0,0,0,0,0,0,0,0,0,0
3730,0,0,0,2,0,2,0,2,0,2,1,2,0,2,0,0,0,0,0,2,0,0
3731,1,1,1,1,1,1,1,1,1,1,1,1,1,1,1,1,1,1,1,1,2,1
3732,0,0,1,1,0,0,0,0,0,0,0,0,1,0,0,0,0,0,1,0,1,1
3733,2,2,2,2,2,2,2,2,2,2,2,2,2,2,2,2,2,2,2,2,2,0
3734,2,2,0,0,0,0,0,0,1,1,0,0,0,0,0,0,0,0,2,2,0,0
3735,1,1,1,1,1,1,0,1,1,1,0,1,0,1,0,1,0,1,1,1,0,2
3736,0,0,1,0,1,0,0,0,1,0,0,0,1,0,0,0,0,0,1,0,1,0
3737,0,1,0,0,0,0,0,0,0,0,0,0,0,0,0,0,0,0,0,0,0,0
3738,0,0,1,1,0,1,1,1,1,1,0,1,1,1,1,1,1,1,1,1,1,2
3739,1,1,1,1,1,1,1,1,1,1,1,1,1,1,1,1,1,1,1,1,1,0
3740,2,0,0,0,0,1,0,0,0,1,0,0,1,0,0,0,2,0,1,0,1,0
3741,1,0,1,0,1,0,1,0,1,0,1,0,1,0,1,0,1,0,1,0,1,2
3742,0,0,0,0,0,0,0,0,0,0,0,0,0,0,0,0,0,0,0,0,0,0
3743,2,2,2,2,2,2,2,2,2,2,2,2,2,2,2,2,2,2,2,2,2,2
3744,0,0,1,0,1,0,0,0,1,0,0,0,0,0,0,0,1,0,1,0,0,0
3745,0,0,0,0,0,0,0,0,0,0,0,0,0,0,0,0,0,0,0,0,0,0
3746,1,2,1,2,1,2,2,2,1,2,2,2,1,2,2,2,2,2,1,2,1,0
3747,2,2,0,2,2,2,0,0,0,2,2,2,2,2,2,2,2,2,0,0,2,0
3748,0,0,0,0,0,0,0,0,0,0,0,0,0,0,0,0,0,0,0,0,0,2
3749,0,0,0,0,0,0,0,0,0,1,0,0,0,0,0,0,0,0,0,0,0,1
3750,2,2,2,0,2,0,2,0,2,0,0,0,2,0,0,0,2,0,2,0,2,0
3751,1,1,1,1,1,1,1,1,1,1,1,2,1,1,1,0,1,2,1,1,1,2
3752,2,1,1,1,2,1,1,1,2,1,2,2,1,1,2,1,2,1,2,1,1,0
3753,0,1,0,1,0,1,0,0,0,1,0,0,0,0,0,0,0,0,0,0,0,0
3754,0,0,0,0,0,0,0,0,0,0,0,0,0,0,0,0,0,0,0,0,1,1
3755,1,2,1,2,1,2,1,2,1,2,2,2,1,2,1,0,2,2,1,1,1,2
3756,0,2,1,1,0,1,0,0,1,1,0,2,0,0,0,0,0,2,0,2,0,0
3757,0,0,1,0,1,0,0,0,1,0,1,0,1,0,1,0,1,0,1,0,1,0
3758,1,1,1,1,0,0,1,1,1,1,0,0,1,1,0,0,0,0,2,2,1,1
3759,1,0,1,0,1,0,1,0,1,0,1,0,1,0,1,0,1,0,1,0,1,2
3760,0,2,0,2,0,2,0,2,2,2,0,2,0,2,0,2,0,2,0,2,0,2
3761,0,0,0,0,0,0,0,0,0,0,0,0,0,0,0,0,0,0,0,0,0,0
3762,1,0,1,0,0,0,0,0,1,0,0,0,1,0,0,0,0,0,1,0,1,0
3763,0,1,0,1,0,1,0,1,0,1,0,1,0,1,0,1,0,1,0,1,0,2
3764,1,2,0,0,0,0,0,0,0,1,0,0,0,0,0,0,0,0,1,0,0,0
3765,1,0,2,0,1,0,0,0,1,0,0,0,0,0,0,0,0,0,2,0,0,0
3766,1,1,1,1,1,1,0,0,1,1,1,1,1,1,0,0,0,0,1,1,1,2
3767,2,2,2,2,2,2,2,2,2,2,2,2,0,2,2,0,2,2,2,2,0,0
3768,2,1,2,1,2,1,2,1,2,1,2,2,2,1,2,1,2,1,2,1,2,0
3769,0,0,0,1,0,0,0,0,0,1,0,0,0,0,0,0,0,0,1,1,0,2
3770,0,0,0,0,0,0,0,0,0,0,0,0,0,0,0,0,0,0,0,0,0,0
3771,0,0,0,0,0,0,0,0,0,1,0,0,0,0,0,0,0,0,0,1,0,0
3772,1,0,1,0,0,0,0,0,1,0,0,0,0,0,0,0,0,0,0,0,0,0
3773,2,2,2,2,2,2,2,2,2,2,2,2,2,2,2,2,2,2,2,2,2,0
3774,0,0,0,0,0,0,0,0,0,0,0,0,0,0,0,0,0,0,0,0,0,0
3775,0,0,0,0,0,0,0,0,0,0,0,0,0,0,0,0,0,0,0,0,0,0
3776,1,1,1,1,1,1,1,1,1,1,1,1,1,1,1,1,1,1,1,1,1,1
3777,0,0,0,0,0,0,0,0,0,0,0,0,0,0,0,0,0,0,0,0,0,0
3778,0,0,1,0,0,0,0,0,0,0,0,0,0,0,0,0,0,0,1,0,0,0
3779,0,0,0,0,0,0,0,0,0,0,0,0,0,0,0,0,0,0,0,0,0,0
3780,0,1,1,1,0,1,0,1,1,1,0,1,1,1,0,1,0,1,1,1,1,2
3781,0,2,1,2,0,2,0,2,1,2,0,2,0,2,0,2,0,2,0,2,0,0
3782,0,0,0,0,0,0,0,0,1,0,0,0,1,0,0,0,0,0,0,0,1,0
3783,2,0,2,0,2,0,2,0,2,0,2,0,2,0,2,0,2,0,2,0,2,0
3784,0,0,0,0,0,0,0,0,0,0,0,0,0,0,0,0,0,0,0,0,0,0
3785,2,0,2,1,2,1,2,1,2,1,2,1,2,0,2,0,2,0,2,1,2,0
3786,2,1,2,1,2,1,2,0,2,1,2,0,2,0,2,0,2,1,2,1,2,0
3787,0,0,0,0,0,0,0,0,0,0,2,2,0,0,0,0,0,0,1,1,0,2
3788,0,0,0,0,0,0,0,0,0,0,0,0,0,0,0,0,0,0,0,0,0,0
3789,2,2,2,2,2,2,2,2,1,2,2,2,1,2,2,2,2,2,2,2,1,1
3790,2,2,1,2,0,2,0,2,1,2,2,2,1,2,0,2,0,2,2,2,1,2
3791,0,0,1,1,0,0,0,0,0,0,0,0,1,1,0,0,0,0,0,0,1,0
3792,1,1,1,0,0,0,0,0,1,1,1,0,1,1,0,0,1,1,1,1,1,0
3793,2,2,2,2,2,2,2,2,2,2,2,2,2,2,2,2,2,2,2,2,2,2
3794,1,1,1,1,0,0,0,0,2,1,0,0,1,1,0,0,0,0,1,1,1,1
3795,1,1,1,1,1,1,1,1,1,1,1,1,1,1,1,1,1,1,1,1,1,0
3796,0,0,0,0,0,0,0,0,0,0,0,0,0,0,0,0,0,0,0,0,0,0
3797,2,0,0,0,2,0,0,0,0,0,0,0,0,0,0,0,0,0,0,0,0,0
3798,0,0,0,0,0,0,0,0,0,0,0,0,0,0,0,0,0,0,0,0,0,0
3799,1,0,1,1,1,0,1,0,1,1,1,1,1,1,1,0,1,0,1,1,1,1
3800,1,1,1,2,1,1,1,2,1,2,2,2,2,2,1,2,1,2,1,2,2,2
3801,0,1,0,0,1,1,0,0,0,1,0,0,0,0,0,0,0,1,0,1,0,0
3802,1,0,1,0,1,0,1,0,1,1,1,0,1,0,0,0,0,0,0,0,1,0
3803,2,2,2,2,2,2,2,2,2,2,2,2,2,2,2,2,1,2,1,1,2,2
3804,2,2,2,1,2,1,2,1,1,1,2,2,2,1,2,1,2,2,2,1,2,1
3805,1,1,1,1,1,1,1,1,1,1,1,1,1,1,1,1,1,1,1,1,1,0
3806,0,0,0,1,0,0,0,0,0,1,0,2,0,0,0,0,0,0,0,1,0,1
3807,1,0,1,1,1,1,0,0,1,1,1,0,1,0,1,0,1,1,1,1,1,0
3808,0,0,0,0,0,0,0,0,0,0,0,0,0,0,0,0,0,0,0,0,0,0
3809,0,0,0,0,0,0,0,0,0,0,0,0,0,0,0,0,0,0,0,0,0,0
3810,1,1,1,1,1,1,0,0,1,1,1,1,1,0,1,0,1,0,1,1,1,0
3811,2,2,2,2,2,2,2,2,2,2,2,2,2,2,2,2,2,2,2,2,2,2
3812,1,0,1,0,2,0,0,0,1,0,2,0,1,0,0,0,1,0,1,0,1,0
3813,0,0,0,0,0,0,0,0,0,0,0,0,0,0,0,0,0,0,0,0,0,0
3814,0,1,0,1,0,1,0,1,0,1,0,1,0,1,0,1,0,1,0,1,0,0
3815,0,1,0,1,0,0,0,0,0,1,0,1,0,1,0,0,0,0,0,0,0,0
3816,2,2,1,0,2,2,0,0,1,0,0,0,0,0,0,0,0,0,2,2,0,0
3817,1,2,1,0,1,2,1,2,2,0,2,2,2,2,0,2,2,2,2,2,2,2
3818,0,0,0,0,0,0,0,0,0,0,0,0,0,0,0,0,0,0,0,0,0,2
3819,2,0,2,0,2,0,2,0,2,0,0,0,2,0,2,0,2,0,2,0,2,0
3820,1,1,1,1,1,1,0,1,1,1,1,1,1,1,0,0,0,1,1,1,1,1
3821,1,0,2,1,0,0,0,0,1,1,1,0,1,0,0,0,1,1,1,0,1,1
3822,0,2,0,2,0,1,0,2,0,2,0,2,0,1,0,0,0,0,0,0,0,0
3823,0,0,0,0,0,0,0,0,0,0,0,0,0,0,0,0,0,0,0,0,0,0
3824,0,2,0,2,0,2,0,2,2,2,0,2,0,2,0,2,0,2,0,2,0,0
3825,0,2,0,0,0,2,0,0,0,2,0,2,0,2,0,2,0,2,0,2,0,2
3826,0,0,0,0,0,0,0,0,0,0,0,0,0,0,0,0,0,0,0,0,0,0
3827,0,0,0,0,0,0,0,0,0,0,0,0,0,0,0,0,0,0,0,0,0,0
3828,0,0,0,1,0,0,0,0,0,0,0,1,0,0,0,0,0,0,0,0,0,0
3829,0,2,1,2,0,2,0,0,1,1,0,0,1,2,0,0,0,2,0,0,1,2
3830,1,1,1,1,1,1,1,1,1,1,1,1,0,0,1,1,1,1,1,1,0,0
3831,0,0,0,0,0,0,0,0,0,0,0,0,0,0,0,0,0,0,0,0,0,0
3832,0,0,0,0,0,0,0,0,0,0,0,0,0,0,0,0,0,0,0,0,0,0
3833,2,2,2,0,2,0,2,0,2,2,2,0,2,0,0,0,2,0,2,0,2,2
3834,2,2,2,2,2,2,2,2,2,2,2,2,2,2,2,0,2,2,2,2,2,2
3835,2,2,2,1,0,0,0,2,2,1,0,0,0,1,0,0,0,0,2,0,0,0
3836,2,1,1,1,2,1,1,1,2,1,2,1,1,1,2,1,2,1,2,1,1,0
3837,0,0,0,1,0,0,0,0,0,0,0,0,0,1,0,0,0,0,0,0,0,0
3838,2,1,2,2,2,2,1,1,2,2,2,1,2,1,2,1,2,1,2,1,2,1
3839,0,0,0,0,0,0,0,0,0,0,0,0,0,0,0,0,0,0,0,0,0,0
3840,0,0,0,0,0,0,0,0,0,0,0,0,0,0,0,0,0,0,0,0,0,0
3841,0,0,1,1,1,0,0,0,0,1,0,0,1,0,0,0,1,1,1,1,1,1
3842,0,0,0,0,0,0,0,0,0,0,0,0,0,0,0,0,0,0,0,0,0,0
3843,1,1,1,1,1,1,1,2,1,1,1,2,1,2,1,2,2,2,2,2,1,2
3844,0,0,0,0,0,0,0,0,0,0,0,0,0,0,0,0,0,0,0,0,0,0
3845,0,0,0,0,0,0,0,0,0,0,0,0,0,0,0,0,0,0,0,0,0,0
3846,2,0,2,1,2,0,2,0,2,1,2,0,2,1,2,0,2,1,2,0,2,2
3847,1,0,1,0,1,0,1,0,1,0,1,0,1,0,1,0,1,0,0,0,1,0
3848,1,1,1,1,1,1,1,1,1,1,1,1,0,0,0,0,0,0,1,1,0,2
3849,0,0,0,0,0,0,0,0,0,0,0,0,0,0,0,0,0,0,0,0,0,2
3850,0,1,0,1,0,0,0,0,0,1,0,0,0,0,0,0,0,0,0,2,0,2
3851,0,2,0,2,0,2,0,2,0,0,0,0,1,0,1,2,1,0,1,2,1,2
3852,2,2,2,2,2,2,2,0,2,2,2,0,2,0,2,0,2,0,1,0,2,1
3853,1,1,1,1,1,1,1,1,1,1,1,1,1,1,1,1,1,1,1,1,1,1
3854,1,2,1,2,1,1,1,1,1,2,1,2,1,2,1,2,1,2,1,1,1,1
3855,0,0,0,0,0,0,0,0,0,0,0,0,0,0,0,0,0,0,0,0,0,0
3856,0,0,0,0,0,0,0,0,0,0,0,0,0,0,0,0,0,0,0,0,0,0
3857,1,2,1,0,1,0,1,0,1,0,1,0,1,0,1,0,1,0,1,0,1,0
3858,2,0,2,0,2,0,0,0,0,0,2,0,1,0,2,0,0,0,2,0,1,2
3859,0,0,1,0,0,0,0,0,1,0,1,0,1,0,1,0,1,0,1,0,1,0
3860,1,0,1,0,1,0,1,0,1,0,0,0,0,0,0,0,0,0,0,0,0,0
3861,1,1,1,1,1,1,1,1,1,1,1,0,1,1,0,0,1,1,1,1,1,1
3862,1,1,1,1,1,1,1,1,1,1,1,1,1,1,1,1,1,1,1,1,1,2
3863,2,2,0,2,0,2,0,2,2,2,0,2,0,2,0,0,0,2,0,2,0,1
3864,0,0,1,0,0,0,0,0,0,0,0,0,2,0,0,0,0,0,1,0,2,2
3865,2,0,1,0,2,0,2,0,1,0,2,0,1,0,2,2,2,2,2,2,1,0
3866,0,0,0,0,0,0,0,0,0,0,0,0,0,0,0,0,0,0,0,0,0,0
3867,2,2,0,0,1,1,0,0,2,2,1,1,2,2,0,0,2,2,0,0,2,0
3868,0,0,0,0,0,0,0,0,0,0,0,0,0,0,0,0,0,0,0,0,0,0
3869,0,0,0,1,0,0,0,0,0,1,0,0,0,0,0,0,0,0,0,0,0,0
3870,0,1,0,1,0,1,0,1,0,1,0,1,0,1,0,1,0,1,0,1,0,0
3871,1,1,1,1,1,1,0,1,1,1,0,2,1,1,0,1,1,1,1,1,1,1
3872,0,0,0,0,0,0,0,0,0,0,0,0,0,0,0,0,0,0,0,0,0,0
3873,1,2,1,2,1,2,1,2,1,2,1,2,1,2,1,2,1,2,1,2,1,0
3874,0,0,0,0,0,0,0,0,0,0,0,0,0,0,0,0,0,0,0,0,0,0
3875,2,1,2,1,2,2,2,0,2,1,2,2,2,1,2,0,2,1,2,1,2,1
3876,1,1,1,1,0,0,0,0,1,1,0,0,1,1,1,1,1,1,1,1,1,1
3877,0,1,0,1,1,1,0,1,0,1,0,1,0,1,1,1,0,1,1,1,0,2
3878,0,0,0,0,0,0,0,0,0,0,0,0,0,0,0,0,0,0,0,0,0,0
3879,0,1,1,1,0,1,0,1,1,1,1,1,1,1,0,1,0,1,0,1,1,2
3880,2,2,2,0,2,0,2,0,2,2,2,2,0,2,0,0,2,2,2,2,0,0
3881,0,0,0,0,0,0,0,0,0,0,0,0,0,0,0,0,0,0,0,0,0,0
3882,0,0,1,0,1,0,0,0,1,0,1,0,1,0,0,0,1,0,2,0,1,2
3883,2,1,1,1,2,1,1,1,2,1,2,2,1,1,0,1,2,2,2,1,1,1
3884,1,2,1,2,0,2,0,2,1,2,0,2,1,2,0,0,0,2,0,2,1,0
3885,2,0,2,0,2,0,2,0,2,0,0,0,0,0,0,0,0,0,2,0,0,0
3886,0,2,0,1,1,2,1,2,1,2,0,0,0,0,0,2,1,2,1,2,0,1
3887,1,2,2,2,2,2,0,2,2,2,2,2,1,1,2,0,2,2,2,2,1,0
3888,2,2,1,1,0,2,0,0,1,2,0,0,0,0,0,0,0,0,2,2,0,0
3889,1,1,1,1,2,1,1,1,1,1,1,0,1,1,0,0,1,1,1,0,1,0
3890,0,0,0,0,0,0,0,0,0,0,0,0,0,0,0,0,0,0,0,0,0,2
3891,2,0,1,0,0,0,0,0,0,0,2,0,0,0,0,0,2,0,1,0,0,0
3892,2,0,2,0,2,0,2,0,2,0,2,0,2,0,2,0,2,0,2,0,2,0
3893,1,1,1,1,1,1,1,1,1,1,2,1,1,1,0,1,2,1,1,1,1,0
3894,0,0,0,0,0,0,0,0,0,0,0,0,0,0,0,0,0,0,0,0,0,2
3895,1,1,1,1,1,1,0,1,1,1,1,1,1,1,0,0,1,1,1,1,1,1
3896,0,0,0,0,0,0,0,0,0,0,0,0,0,0,0,0,0,0,0,0,0,2
3897,0,0,0,0,0,0,0,0,0,1,0,0,0,0,0,0,0,0,0,0,0,0
3898,0,0,0,0,0,0,0,0,0,0,0,0,0,0,0,0,0,0,0,0,0,0
3899,1,1,1,1,1,1,1,1,1,1,1,1,1,1,0,1,1,1,1,1,1,2
3900,0,0,0,0,0,0,0,0,0,0,0,0,0,0,0,0,0,0,1,0,0,1
3901,1,1,1,1,1,1,1,1,1,1,1,1,1,1,0,0,1,1,1,1,1,0
3902,0,2,0,1,0,2,0,2,0,2,0,2,0,2,0,2,0,2,0,2,0,2
3903,0,0,0,0,0,0,0,0,0,0,0,0,0,0,0,0,0,0,0,0,0,2
3904,0,0,0,0,0,0,0,0,1,0,0,0,0,0,0,0,0,0,2,0,0,0
3905,0,0,0,0,0,0,0,0,0,0,0,0,0,0,0,0,0,0,0,0,0,0
3906,1,0,1,0,1,0,1,0,1,0,1,0,1,0,1,0,1,0,1,0,1,2
3907,1,1,1,1,1,1,1,0,1,1,1,1,1,1,1,1,1,1,1,1,1,1
3908,0,0,0,0,0,0,0,0,0,0,0,0,0,0,0,0,0,0,0,0,0,0
3909,1,1,0,0,0,0,0,0,0,0,2,1,0,0,0,0,2,0,1,1,0,0
3910,0,0,0,0,0,0,0,0,0,0,0,0,0,0,0,0,0,0,0,0,0,0
3911,2,2,2,2,2,2,2,2,2,2,2,2,2,2,2,2,2,2,2,2,2,2
3912,1,0,1,0,1,0,1,0,1,0,1,0,1,0,1,0,1,0,1,0,1,0
3913,1,1,1,1,1,1,1,1,1,1,1,1,1,1,1,1,1,1,1,1,1,2
3914,0,0,0,0,0,0,0,0,0,0,0,0,0,0,0,0,0,0,0,0,0,0
3915,0,0,0,0,0,0,0,0,0,0,0,0,0,0,0,0,0,0,0,0,0,2
3916,2,0,2,0,2,0,2,0,2,0,2,0,2,0,2,0,2,0,2,0,2,2
3917,1,1,0,0,1,0,0,0,1,1,0,0,0,0,0,0,0,0,0,1,0,2
3918,0,0,1,0,0,0,0,0,0,0,0,0,0,0,0,0,0,0,0,0,0,0
3919,2,2,2,0,2,1,2,0,2,0,2,0,2,1,2,1,2,0,2,0,2,0
3920,1,0,1,0,1,0,0,0,1,1,1,0,1,0,1,0,1,0,1,0,1,2
3921,2,2,2,2,2,2,2,2,2,2,2,0,2,2,2,0,2,2,2,2,2,2
3922,0,0,0,0,0,0,0,0,0,0,0,0,0,0,0,0,0,0,0,0,0,2
3923,0,1,0,2,0,2,0,0,0,1,0,1,0,2,0,2,0,2,0,1,0,2
3924,0,0,0,0,0,0,0,0,0,0,0,0,0,0,0,0,0,0,0,0,0,0
3925,2,0,2,1,2,1,0,0,2,1,1,0,2,0,2,0,2,1,1,1,2,2
3926,1,1,1,1,1,1,0,0,1,1,0,1,1,1,0,0,0,0,1,1,1,0
3927,1,1,1,1,1,2,1,1,1,1,1,1,1,1,1,2,1,1,1,1,1,2
3928,0,0,0,0,0,0,0,0,0,0,0,0,0,0,0,0,0,0,0,0,0,0
3929,0,0,0,0,0,1,0,0,0,1,0,0,0,0,0,0,0,0,0,2,0,0
3930,1,1,1,1,1,1,1,1,1,1,1,1,1,1,1,1,1,1,1,1,1,1
3931,0,0,1,1,1,1,0,0,1,1,0,1,1,1,1,1,1,1,1,1,1,1
3932,1,1,1,1,1,1,0,0,1,1,1,1,1,1,1,0,1,1,1,1,1,2
3933,0,0,0,0,0,0,0,0,0,0,0,0,0,0,0,0,0,0,0,0,0,0
3934,1,0,1,1,1,1,0,0,1,1,1,1,1,1,1,0,1,0,1,1,1,2
3935,1,0,1,0,1,1,0,1,1,1,1,1,1,1,1,1,1,1,1,1,1,2
3936,0,0,0,0,0,0,0,0,0,0,0,0,0,0,0,0,0,2,0,0,0,2
3937,0,1,0,1,0,1,0,1,0,1,0,0,0,0,0,1,0,1,0,1,0,2
3938,0,0,0,0,0,0,0,0,0,0,0,0,0,0,0,0,0,0,0,0,0,0
3939,2,2,2,2,2,2,2,0,2,2,2,2,2,2,2,0,2,2,2,2,2,0
3940,1,1,0,0,0,0,0,0,0,1,1,0,0,0,0,0,0,0,0,0,0,0
3941,0,0,0,0,0,0,0,0,0,0,0,0,0,0,0,0,0,0,0,0,0,1
3942,0,2,0,2,0,2,0,2,0,2,0,2,0,2,0,2,0,2,2,2,0,2
3943,1,0,1,0,1,0,0,0,1,1,1,0,1,0,2,0,1,1,2,0,1,2
3944,0,0,0,0,0,0,0,0,0,0,0,0,0,0,0,0,0,0,0,0,0,0
3945,0,0,1,1,0,0,0,0,0,0,1,0,1,0,0,0,1,0,2,2,1,2
3946,0,0,0,0,0,0,0,0,0,0,0,0,0,0,0,0,0,0,0,0,0,0
3947,0,0,0,0,0,0,0,0,0,0,0,0,0,0,0,0,0,0,0,0,0,0
3948,0,0,0,0,0,0,0,0,1,0,0,0,0,0,0,0,0,0,2,1,0,2
3949,0,0,0,0,0,0,0,0,0,0,0,0,0,0,0,0,0,0,0,0,0,0
3950,0,0,1,0,0,0,0,0,0,0,0,0,0,0,0,0,0,0,0,0,0,0
3951,2,0,2,0,2,0,0,0,2,0,2,0,2,0,0,0,2,0,2,0,2,0
3952,2,1,2,2,1,1,1,2,1,2,2,0,1,0,2,2,1,2,1,0,1,0
3953,0,0,0,0,0,0,0,0,0,0,0,0,0,0,0,0,0,0,0,0,0,0
3954,2,2,2,2,2,2,2,2,2,2,2,2,2,2,2,2,2,2,2,2,2,0
3955,2,2,2,2,2,2,2,2,2,2,2,2,2,2,2,0,2,2,2,2,2,0
3956,0,1,0,2,0,2,0,1,0,1,0,1,0,1,0,0,0,0,0,0,0,1
3957,0,0,2,0,0,0,0,0,1,1,0,0,1,0,0,0,2,0,1,0,1,0
3958,2,0,2,0,1,0,2,0,2,0,2,0,2,0,0,0,2,1,2,0,2,2
3959,0,1,0,1,0,1,0,0,0,1,0,0,0,1,0,0,0,0,0,0,0,2
3960,1,1,1,1,1,1,1,1,1,1,1,0,1,0,0,0,1,1,1,0,1,0
3961,0,0,0,0,0,0,0,0,0,0,0,0,0,0,0,0,0,0,0,0,0,0
3962,0,0,0,0,0,0,0,0,0,0,0,0,0,0,0,0,0,0,0,0,0,0
3963,0,1,0,1,0,1,0,0,0,1,0,0,0,1,0,0,0,0,0,1,0,2
3964,0,0,0,0,0,0,0,0,0,0,0,0,0,0,0,0,0,0,0,0,0,0
3965,0,0,0,0,0,0,0,0,0,0,0,0,0,0,1,0,0,0,1,1,0,0
3966,1,1,1,1,1,1,1,1,1,1,1,1,1,1,2,2,1,1,2,1,1,2
3967,0,0,0,0,0,0,0,0,0,0,0,0,0,0,0,0,0,0,0,0,0,1
3968,0,0,0,0,0,0,0,0,0,0,0,0,0,0,0,0,0,0,0,0,0,0
3969,1,1,1,1,1,1,1,1,1,1,1,1,1,1,1,1,1,1,1,1,1,1
3970,0,0,0,0,0,0,0,0,0,0,0,0,0,0,0,0,0,0,0,0,0,0
3971,0,1,1,1,0,1,0,1,1,1,0,1,1,1,0,1,1,2,1,1,1,0
3972,0,0,0,0,0,0,0,0,0,0,0,0,0,0,0,0,0,0,0,0,0,0
3973,1,1,1,0,1,0,1,0,1,0,0,1,0,1,0,0,1,0,1,0,0,0
3974,0,1,0,0,0,0,0,1,0,2,0,2,0,2,0,0,0,0,0,2,0,2
3975,0,0,0,0,0,0,0,0,1,0,0,0,0,0,0,0,0,0,0,0,0,0
3976,0,0,0,0,0,0,0,0,0,0,0,0,0,0,0,0,0,0,0,0,0,0
3977,2,0,2,0,2,0,1,0,2,0,2,0,2,2,2,0,2,0,2,0,2,1
3978,0,0,0,0,0,0,0,0,0,0,0,0,0,0,0,0,0,0,0,0,0,1
3979,0,0,0,0,0,0,0,0,0,0,0,0,0,0,0,0,0,0,0,0,0,0
3980,2,2,2,2,2,2,2,2,2,2,2,2,2,2,2,2,2,2,2,2,2,2
3981,0,0,0,0,0,0,0,0,1,1,0,0,0,0,0,0,0,0,0,1,0,0
3982,2,2,2,2,2,2,2,0,2,2,2,0,0,0,0,0,0,0,1,2,0,0
3983,0,0,0,0,0,0,0,0,0,0,0,0,0,0,0,0,0,0,0,0,0,0
3984,1,1,1,1,1,1,1,1,1,1,1,1,1,1,1,0,1,1,1,1,1,1
3985,0,0,0,0,0,0,0,0,0,0,0,0,0,0,0,0,0,0,0,1,0,0
3986,0,0,0,0,0,0,0,0,0,0,0,0,0,0,0,0,0,0,0,0,0,2
3987,1,2,1,1,1,2,0,0,1,1,1,0,1,1,0,0,1,0,1,2,1,0
3988,0,1,0,2,0,1,0,1,0,1,0,1,0,2,0,0,0,2,0,2,0,2
3989,1,0,1,1,1,1,0,0,1,1,1,0,1,0,0,0,0,1,1,1,1,2
3990,0,0,1,1,1,1,0,0,1,1,0,0,1,0,0,0,1,0,2,1,1,0
3991,1,2,0,1,0,1,0,1,0,2,0,1,0,1,0,1,0,1,0,1,0,0
3992,0,0,0,0,0,0,0,0,0,0,0,0,0,0,0,0,0,0,0,0,0,1
3993,1,1,1,1,1,1,0,0,1,1,1,1,1,1,0,0,0,0,0,0,1,1
3994,1,1,1,1,1,1,1,1,1,1,1,2,1,0,1,0,1,2,1,2,1,0
3995,0,0,0,0,0,0,0,0,0,0,0,0,0,0,0,0,0,0,0,0,0,0
3996,2,0,0,0,0,0,2,0,0,1,0,0,0,0,0,0,2,0,0,0,0,1
3997,0,0,0,0,0,0,0,0,0,0,0,0,0,0,0,0,0,0,0,0,0,0
3998,0,0,0,0,0,0,0,0,0,0,0,0,0,0,0,0,0,0,0,0,0,0
3999,2,2,2,2,2,2,2,2,2,2,2,2,2,2,2,2,2,2,2,2,2,0
4000,0,0,0,2,0,2,0,0,0,1,0,1,0,1,0,1,0,1,0,0,0,0
4001,1,1,1,1,1,1,1,2,1,1,1,1,1,1,0,1,1,2,1,1,1,1
4002,0,0,0,0,0,0,0,0,0,1,0,0,0,0,0,0,0,0,1,1,0,0
4003,0,0,0,1,0,0,0,0,0,1,0,0,0,1,0,0,0,0,1,0,0,1
4004,1,0,1,0,1,0,1,0,1,0,1,0,1,0,0,0,1,0,1,0,1,0
4005,0,2,0,2,0,2,0,2,0,2,0,2,0,2,0,2,0,2,0,2,0,2
4006,1,1,1,1,1,1,0,0,1,1,1,0,1,1,1,0,1,1,1,1,1,2
4007,2,0,0,0,1,0,0,0,0,1,0,0,1,0,0,0,0,0,1,0,1,0
4008,2,2,2,2,2,2,2,2,2,2,2,2,1,1,2,2,2,2,2,2,1,2
4009,0,0,0,0,2,0,0,0,0,0,2,0,0,0,2,2,2,0,2,0,0,0
4010,0,0,0,0,0,0,1,1,1,1,0,0,0,0,0,0,1,0,1,1,0,0
4011,2,2,2,2,2,2,2,2,2,2,2,2,2,2,2,2,2,2,2,2,2,2
4012,0,1,0,1,0,1,0,1,0,1,0,0,0,1,0,1,0,0,0,1,0,0
4013,0,0,0,0,0,0,0,0,0,0,0,0,0,0,0,0,0,0,0,0,0,0
4014,2,0,1,0,1,0,2,0,1,0,2,0,1,0,0,0,1,0,2,0,1,2
4015,0,0,1,0,1,0,0,0,1,0,0,0,0,0,0,0,0,0,0,0,0,1
4016,0,0,0,0,0,0,0,0,0,0,0,0,0,0,0,0,0,0,0,0,0,0
4017,0,0,0,0,0,0,0,0,0,0,0,0,0,0,0,0,0,0,0,0,0,0
4018,0,0,0,0,0,0,0,0,0,0,0,0,0,0,0,0,0,0,0,0,0,0
4019,2,0,0,0,2,0,0,0,2,0,0,0,0,0,0,0,2,0,2,0,0,2
4020,0,0,0,0,0,0,0,0,0,0,0,0,0,0,0,0,0,0,0,0,0,1
4021,1,1,1,1,1,1,1,0,1,1,1,2,1,1,1,0,1,1,2,1,1,0
4022,0,0,0,0,0,0,0,0,0,1,0,0,0,0,0,0,0,0,0,0,0,0
4023,2,2,2,2,2,2,2,2,2,2,2,2,2,2,2,2,2,2,1,2,2,1
4024,1,2,1,2,1,2,0,1,1,1,1,2,1,2,1,2,1,2,1,2,1,2
4025,1,0,1,0,1,0,1,0,1,1,1,0,1,1,1,0,1,0,1,1,1,0
4026,0,0,0,0,0,0,0,0,2,0,0,0,0,0,0,0,0,0,0,0,0,2
4027,0,0,0,0,0,0,0,0,0,0,0,0,0,0,0,0,0,0,0,0,0,2
4028,2,2,2,2,2,2,2,1,2,2,2,2,2,2,2,0,2,2,2,2,2,2
4029,2,0,0,0,0,0,0,0,0,0,0,0,0,0,0,0,0,0,0,0,0,2
4030,0,0,0,0,0,0,0,0,0,0,0,0,0,0,0,0,0,0,0,0,0,0
4031,1,0,1,1,1,1,0,0,1,0,1,0,1,0,0,0,1,0,2,1,1,1
4032,1,0,1,0,1,0,0,0,1,0,0,0,0,0,0,0,0,0,2,0,0,0
4033,0,0,1,0,1,0,1,0,1,0,1,0,1,0,0,0,0,0,0,0,1,1
4034,1,0,1,0,1,0,0,0,0,0,0,0,1,1,0,0,0,0,0,0,1,0
4035,0,0,0,0,0,0,0,0,0,0,0,0,0,0,0,0,0,0,0,0,0,0
4036,0,0,0,0,0,0,0,0,0,0,0,0,0,0,0,0,0,0,1,0,0,2
4037,0,0,0,0,0,0,0,0,0,0,0,0,0,0,0,0,0,0,0,0,0,1
4038,1,1,1,1,1,1,1,1,1,1,1,1,1,1,1,1,1,1,1,1,1,2
4039,0,0,0,0,0,0,0,0,0,0,0,0,0,0,0,0,0,0,0,0,0,0
4040,2,2,2,2,2,2,2,0,2,2,2,2,2,0,2,2,2,2,2,2,2,0
4041,1,0,1,0,2,0,2,0,1,0,1,0,1,0,0,0,1,0,1,0,1,0
4042,2,2,2,2,2,2,2,2,2,1,2,2,2,2,2,2,2,2,2,1,2,2
4043,1,1,1,1,0,2,0,1,1,1,1,1,1,1,1,1,0,1,1,1,1,1
4044,0,0,0,0,0,0,0,0,0,0,0,0,0,0,0,0,0,0,0,0,0,0
4045,2,1,1,1,2,1,2,1,2,1,2,1,2,1,2,1,2,1,2,1,2,2
4046,0,0,0,0,0,0,0,0,1,0,0,0,0,0,0,0,0,0,0,0,0,1
4047,0,0,0,0,0,0,0,0,0,0,0,0,0,0,0,0,0,0,0,0,0,0
4048,2,0,2,1,2,1,2,1,2,1,2,1,2,1,2,1,2,1,2,1,2,2
4049,0,0,0,0,0,0,0,0,0,0,0,0,0,0,0,0,0,0,1,0,0,0
4050,0,0,0,0,0,0,0,0,0,0,0,0,0,0,0,0,0,0,0,1,0,0
4051,0,2,0,2,0,2,0,2,0,2,0,2,0,2,0,2,0,2,0,2,0,0
4052,0,0,0,0,0,0,0,0,0,0,0,0,0,0,0,0,0,0,0,0,0,0
4053,1,1,1,1,1,1,1,1,1,1,1,1,1,1,1,1,1,1,1,1,1,1
4054,0,0,0,0,0,0,0,0,0,0,0,0,0,0,0,0,0,0,0,0,0,0
4055,1,1,1,1,1,0,0,1,1,1,0,0,1,1,0,0,1,0,1,1,1,0
4056,0,2,0,2,0,2,0,2,0,2,0,2,0,2,0,2,0,2,0,2,0,0
4057,2,2,2,2,2,2,2,2,2,2,2,2,2,2,2,2,2,2,2,2,2,2
4058,2,2,2,2,2,2,2,2,2,2,2,2,2,2,2,2,2,2,2,2,2,2
4059,0,0,0,0,0,0,0,0,0,0,0,0,0,0,0,0,0,0,0,0,0,0
4060,0,0,0,0,0,0,0,0,0,0,0,0,0,0,0,0,0,0,0,0,2,2
4061,2,2,2,2,2,2,2,2,2,1,2,0,2,0,2,0,2,0,1,2,2,0
4062,2,2,2,2,2,2,1,2,2,2,2,2,2,1,2,2,2,2,2,1,2,1
4063,0,2,2,2,0,2,0,2,0,2,0,2,0,2,0,0,2,2,0,2,0,0
4064,0,1,0,0,0,0,0,0,0,2,0,0,0,0,0,0,0,0,0,0,0,0
4065,0,1,0,0,0,1,0,0,0,0,0,0,0,0,0,0,0,0,0,0,0,0
4066,2,2,2,2,2,2,2,2,2,2,2,2,2,2,2,2,2,2,2,2,2,1
4067,1,2,1,2,1,2,1,1,1,1,0,0,1,1,1,2,1,0,1,2,1,2
4068,0,0,0,1,0,0,0,0,0,1,0,0,0,0,0,0,0,0,0,0,0,2
4069,1,1,1,1,1,1,1,1,1,1,1,1,1,1,1,1,1,1,1,1,1,0
4070,2,2,2,0,0,2,0,0,1,0,0,0,0,0,0,0,0,0,0,2,0,0
4071,1,1,1,1,1,1,0,0,1,1,1,0,1,1,1,1,0,1,1,1,1,1
4072,0,0,0,0,0,0,0,0,0,0,0,0,0,0,0,0,0,0,0,0,0,0
4073,1,0,1,0,0,0,0,0,1,0,0,0,0,0,0,0,0,0,2,0,0,0
4074,1,1,1,1,1,1,1,1,1,1,1,1,1,1,1,1,1,1,1,1,1,2
4075,1,2,1,2,0,2,1,1,1,2,1,2,1,2,0,0,1,2,1,2,1,2
4076,1,0,1,0,0,0,0,0,1,0,0,0,0,0,0,0,0,0,1,0,0,0
4077,0,0,0,0,0,0,0,0,0,0,0,0,0,0,0,0,0,0,0,0,1,1
4078,1,0,1,0,1,0,1,0,1,0,0,0,1,0,0,0,0,0,0,0,1,0
4079,0,0,0,0,0,0,0,0,0,0,0,0,0,0,0,0,0,0,0,0,0,2
4080,1,2,1,1,1,1,0,1,1,1,0,1,0,1,0,1,0,1,1,1,0,2
4081,0,1,0,0,0,1,0,0,0,1,0,0,0,0,0,0,0,0,0,0,0,0
4082,0,0,0,0,0,0,0,0,0,0,0,0,0,0,0,0,0,0,0,0,0,0
4083,1,0,1,0,1,0,0,0,1,0,1,0,0,0,0,0,1,0,1,0,0,1
4084,0,1,0,1,0,0,0,0,0,1,0,0,0,0,0,0,0,0,0,0,0,0
4085,1,0,1,0,1,0,0,0,1,0,1,0,1,0,0,0,1,0,1,0,1,0
4086,2,2,2,2,2,2,2,2,2,2,2,0,2,2,2,0,2,2,2,2,2,2
4087,2,2,2,0,2,2,2,0,2,0,2,0,2,0,2,0,2,0,2,0,2,0
4088,0,0,0,0,0,0,0,0,0,0,0,0,0,0,0,0,1,0,0,0,0,0
4089,0,0,1,0,1,0,0,0,1,0,1,0,1,0,0,0,1,0,1,0,1,0
4090,0,0,0,0,0,0,0,0,0,1,0,0,0,1,0,0,0,0,0,0,0,0
4091,0,0,0,0,0,0,0,0,0,0,0,0,1,0,0,0,0,0,0,0,1,0
4092,0,0,0,0,0,0,0,0,0,0,0,0,0,0,0,0,0,0,0,0,0,0
4093,0,0,0,0,1,0,0,0,1,1,0,0,1,0,0,0,1,2,0,2,1,0
4094,0,0,0,0,0,0,0,0,0,0,0,0,0,0,0,0,0,0,0,0,0,0
4095,0,0,1,0,0,0,0,0,1,0,0,0,0,0,0,0,0,0,1,0,0,0
4096,0,0,0,0,0,0,0,0,0,0,0,0,0,0,0,0,0,0,0,0,0,0
4097,0,0,0,0,0,0,0,0,0,0,0,0,0,0,0,0,0,0,0,0,0,0
4098,2,0,0,0,0,0,0,0,1,0,0,0,0,0,0,0,0,0,0,0,0,0
4099,0,0,0,0,0,0,0,0,0,0,0,0,0,0,0,0,0,0,1,1,0,1
4100,0,0,0,0,0,0,0,0,0,0,0,0,0,0,0,0,0,0,0,0,0,0
4101,0,0,0,0,0,0,0,0,0,0,0,0,0,0,0,0,0,0,0,0,0,0
4102,0,0,0,0,0,0,0,0,0,0,0,0,0,0,0,0,0,0,0,0,0,0
4103,0,1,1,1,0,1,0,0,1,1,1,1,1,1,0,0,1,1,1,1,1,1
4104,0,0,1,1,1,1,0,1,1,1,1,1,1,0,1,1,1,1,1,1,1,0
4105,2,2,2,2,2,2,2,2,2,2,2,2,2,2,2,2,2,2,2,2,2,2
4106,0,0,0,0,0,0,0,0,0,0,0,0,0,0,0,0,0,0,0,1,0,0
4107,2,2,2,1,2,2,2,2,2,1,2,2,2,1,2,0,2,2,2,2,2,0
4108,0,2,0,2,0,0,0,0,0,0,0,0,0,0,0,0,0,0,0,0,0,0
4109,0,0,0,0,0,0,0,0,0,0,0,0,0,0,0,0,0,0,0,0,0,0
4110,2,2,2,2,2,2,0,0,0,0,2,2,2,2,0,0,0,0,2,2,2,0
4111,1,0,0,0,1,0,0,0,1,0,2,0,1,0,0,0,2,0,2,0,1,0
4112,0,0,0,0,0,0,0,0,0,0,0,0,0,0,0,0,0,0,0,0,0,1
4113,0,0,0,0,0,0,0,0,0,0,0,0,0,0,0,0,0,0,0,1,0,0
4114,0,1,0,1,0,1,0,1,0,0,0,0,0,1,0,0,0,1,0,0,0,2
4115,1,0,1,0,1,0,0,0,1,0,2,0,1,0,0,0,1,0,1,0,1,2
4116,0,0,0,0,0,0,0,0,0,1,2,1,0,0,0,0,0,0,0,0,0,2
4117,0,0,0,0,0,0,0,0,0,0,0,0,0,0,0,0,0,0,0,2,0,0
4118,0,0,0,0,0,0,0,0,0,0,0,0,0,0,0,0,0,0,0,0,0,0
4119,1,0,1,0,1,0,1,0,1,1,1,0,1,0,1,0,1,0,1,0,1,0
4120,2,2,2,2,2,2,2,1,2,2,2,0,2,2,2,1,2,2,2,1,2,2
4121,0,0,0,0,0,0,0,0,0,0,0,0,0,0,0,0,0,0,0,0,0,0
4122,2,0,0,0,0,0,0,0,1,0,0,0,0,0,0,0,0,0,0,0,0,0
4123,1,1,1,0,1,1,1,1,1,1,1,1,1,1,1,1,1,1,1,1,1,2
4124,1,1,1,1,0,1,0,1,1,1,0,1,0,1,0,0,0,1,1,1,0,2
4125,2,2,1,2,2,2,2,2,1,2,2,2,1,2,1,2,2,2,2,2,1,0
4126,2,0,2,0,2,0,2,0,2,0,2,0,2,0,0,0,2,0,2,0,2,0
4127,2,2,2,2,2,2,2,0,2,2,2,2,2,2,1,2,2,2,2,2,2,2
4128,2,2,2,2,2,0,0,0,2,1,2,0,0,1,2,0,0,1,2,1,0,0
4129,2,0,0,0,2,0,0,0,2,0,2,0,2,0,2,0,2,0,2,0,2,0
4130,0,2,0,2,0,2,0,2,0,2,0,2,0,2,0,2,0,2,0,2,0,0
4131,1,0,1,0,1,0,1,0,1,0,1,0,1,0,1,0,1,0,1,0,1,1
4132,0,0,0,2,0,0,0,0,0,0,0,0,0,2,0,0,0,0,0,0,0,2
4133,1,0,0,0,0,0,0,0,0,0,0,0,0,0,0,0,1,0,1,1,0,2
4134,1,0,1,1,1,0,0,0,1,1,1,0,1,0,0,0,1,0,2,0,1,2
4135,1,1,1,1,1,1,1,0,2,1,1,1,1,1,1,1,1,1,2,1,1,0
4136,0,0,0,0,0,0,0,0,0,0,2,2,0,0,0,0,0,0,0,0,0,0
4137,0,2,0,2,1,2,0,2,2,2,2,2,0,2,0,2,2,2,2,2,0,2
4138,0,0,0,0,0,0,0,0,0,0,0,0,0,0,0,0,0,0,0,0,0,0
4139,0,0,0,0,0,0,0,0,0,0,0,0,0,0,0,0,0,0,0,0,0,0
4140,1,0,1,0,1,2,1,0,1,2,1,0,1,0,2,0,1,0,1,2,1,0
4141,2,0,0,1,0,0,0,0,0,0,0,0,0,1,0,0,0,0,0,1,0,0
4142,2,0,2,0,2,0,2,0,2,0,2,0,2,0,2,0,2,0,2,0,2,1
4143,0,0,0,0,0,0,0,0,0,0,0,0,0,0,0,0,0,0,0,0,0,1
4144,0,0,0,0,0,0,0,0,0,0,0,0,0,0,0,0,0,0,0,1,0,1
4145,0,0,0,0,0,0,0,0,0,0,0,0,0,0,0,0,0,0,0,0,0,2
4146,0,0,0,0,0,0,0,0,0,0,0,0,0,0,0,0,0,0,0,0,0,0
4147,0,0,0,0,0,0,0,0,0,0,0,0,0,0,0,0,0,0,0,0,0,0
4148,0,0,0,0,0,0,0,0,0,0,0,0,0,0,0,0,0,0,0,0,0,0
4149,0,0,0,0,0,0,0,0,0,0,0,0,0,0,0,0,0,0,0,0,0,0
4150,1,1,1,1,1,1,1,0,1,1,1,1,1,1,1,0,1,1,1,1,1,0
4151,0,0,0,0,0,0,0,0,0,0,0,0,0,0,0,0,0,0,0,0,0,0
4152,0,0,0,0,0,0,0,0,0,0,0,0,0,0,0,0,0,0,0,1,0,0
4153,2,1,1,1,2,1,1,1,2,1,2,0,1,2,2,0,2,1,2,1,1,2
4154,1,1,1,1,1,1,1,1,1,1,1,0,1,0,0,0,1,0,1,2,1,0
4155,0,1,0,0,0,1,0,0,0,1,0,0,0,0,0,0,0,0,0,0,0,2
4156,0,0,0,0,0,0,0,0,0,0,0,0,0,0,0,0,0,0,0,0,0,0
4157,0,0,0,0,0,0,0,0,0,0,0,0,0,0,0,0,0,0,0,0,0,0
4158,1,1,1,0,1,1,1,0,1,1,1,0,1,0,1,0,1,0,0,0,1,0
4159,1,1,1,1,1,2,1,2,1,1,1,2,1,1,1,1,2,2,1,2,1,0
4160,0,0,0,0,0,0,0,0,0,0,0,0,0,0,0,0,0,0,0,0,0,0
4161,1,1,1,1,1,1,1,1,1,1,1,2,1,0,1,0,1,2,1,2,1,1
4162,0,0,0,0,0,0,0,0,0,1,0,0,0,0,0,0,0,0,0,0,0,0
4163,0,0,0,1,1,1,0,0,1,1,0,1,0,1,0,1,0,1,0,1,0,0
4164,0,0,0,0,0,0,0,0,0,0,0,0,0,0,0,0,0,0,0,0,0,0
4165,0,0,1,0,1,0,0,0,1,0,2,0,1,0,0,0,1,0,0,0,1,0
4166,0,0,0,0,0,0,0,0,0,0,0,0,0,0,0,0,0,0,0,0,0,0
4167,1,1,1,1,1,1,1,1,1,1,1,0,1,1,1,1,1,0,1,1,1,2
4168,2,2,2,0,2,0,2,0,2,2,2,0,2,0,0,0,2,0,2,0,2,0
4169,1,1,1,1,1,1,1,1,1,1,0,0,0,0,0,0,0,0,0,0,0,1
4170,0,0,0,0,0,0,0,0,0,0,0,0,0,0,0,0,0,0,0,0,0,0
4171,1,1,1,1,1,1,1,1,1,1,1,1,1,1,1,1,1,1,1,1,1,2
4172,0,0,0,0,0,0,0,0,0,0,0,0,0,0,0,0,0,0,0,0,0,0
4173,1,0,1,0,0,0,0,0,1,0,1,0,1,0,0,0,1,0,1,0,1,0
4174,0,0,0,0,0,0,0,0,1,0,0,0,0,0,0,0,0,0,0,0,0,0
4175,1,0,1,0,1,0,1,0,1,0,1,0,0,0,1,0,1,0,1,0,0,2
4176,0,0,0,0,0,0,0,0,0,0,1,0,0,0,0,0,1,0,0,1,0,0
4177,0,1,0,0,0,0,0,0,0,1,0,0,0,0,0,0,0,0,0,0,0,0
4178,0,0,0,0,0,0,0,0,0,0,0,0,0,0,0,0,0,0,0,0,0,0
4179,1,2,1,2,0,2,0,2,0,2,0,2,0,0,0,0,0,1,2,2,0,0
4180,0,2,0,0,0,0,0,0,0,0,0,0,0,0,0,0,0,0,0,2,0,0
4181,0,0,0,0,0,0,0,0,0,0,0,0,0,0,0,0,0,0,0,0,0,0
4182,0,0,0,0,0,0,0,0,0,0,0,0,0,0,0,0,0,0,0,0,0,0
4183,0,0,0,0,0,0,0,0,0,0,0,0,0,0,0,0,0,0,0,0,0,0
4184,0,1,0,1,0,0,0,0,0,1,0,0,0,0,0,1,0,1,0,1,0,0
4185,1,1,1,1,1,1,1,1,1,1,0,0,1,1,0,0,0,0,1,1,1,1
4186,0,0,0,0,0,0,0,0,1,1,1,0,0,0,0,0,1,1,0,0,0,0
4187,1,2,1,2,1,2,0,1,1,2,2,2,2,2,1,2,2,2,2,2,2,0
4188,0,0,0,0,0,0,0,0,0,0,0,0,0,0,0,0,0,0,0,0,0,0
4189,0,1,1,1,1,1,1,1,1,1,1,1,1,1,1,1,1,1,1,1,1,1
4190,0,1,0,0,0,0,0,1,0,1,0,0,0,1,0,0,0,0,0,1,0,0
4191,0,0,0,2,0,2,0,2,0,1,0,0,0,0,0,0,0,2,1,1,0,0
4192,0,1,1,1,0,1,0,1,1,1,0,1,0,1,0,1,1,1,0,1,0,0
4193,0,2,0,2,1,2,1,2,0,2,0,0,0,0,0,0,0,0,1,2,0,2
4194,0,0,0,0,0,0,0,0,0,0,0,0,0,0,0,0,0,0,0,0,0,0
4195,1,1,1,1,1,2,1,0,1,1,1,1,1,1,1,0,1,1,1,1,1,2
4196,0,1,0,1,0,1,0,1,0,1,0,1,0,1,0,1,0,1,0,1,0,1
4197,0,0,0,0,0,0,0,0,0,0,0,0,0,0,0,0,0,0,0,2,0,1
4198,0,0,0,0,0,0,0,0,0,0,0,0,0,0,0,0,0,0,0,0,0,0
4199,0,0,0,0,0,0,0,0,0,0,0,0,0,0,0,0,0,0,0,0,0,0
4200,1,1,1,1,0,1,1,1,1,1,1,1,1,1,1,1,1,1,1,1,1,2
4201,1,2,1,1,1,2,0,0,1,0,1,0,1,0,1,0,1,0,0,0,1,0
4202,0,0,1,0,0,0,0,0,1,0,1,0,1,0,0,0,0,0,1,0,1,0
4203,2,0,2,0,2,0,2,0,2,0,2,0,2,0,2,0,2,0,2,0,2,2
4204,0,0,1,1,0,0,0,0,1,0,1,1,1,1,0,0,1,1,1,0,1,0
4205,0,0,0,0,0,0,0,0,0,0,0,0,0,0,0,0,0,0,0,0,0,0
4206,0,2,0,2,0,0,0,0,0,0,0,2,0,0,0,2,0,2,0,2,0,1
4207,0,0,0,0,0,0,0,0,0,0,0,0,0,0,0,0,0,0,0,0,0,0
4208,2,2,2,2,0,2,0,2,2,2,0,2,0,2,0,2,0,2,2,2,0,0
4209,0,0,0,0,0,0,0,0,0,0,0,0,0,0,0,0,0,0,0,0,0,0
4210,1,0,2,0,2,0,1,0,1,0,2,0,2,0,1,0,2,0,1,0,2,0
4211,2,0,2,0,1,0,2,0,2,1,2,0,2,0,0,0,2,0,0,0,2,2
4212,0,0,0,0,0,0,0,0,0,0,0,0,0,0,0,0,0,0,0,0,0,0
4213,0,0,1,1,0,0,0,0,1,1,1,1,1,1,0,0,1,1,1,1,1,1
4214,0,0,0,0,0,0,0,0,0,0,0,0,0,0,0,0,0,0,0,0,0,0
4215,0,0,0,0,0,0,0,0,2,0,2,0,0,0,0,0,2,0,0,0,0,0
4216,1,0,1,0,1,0,1,0,2,1,1,0,1,0,1,0,1,0,1,0,1,0
4217,0,0,1,0,0,0,0,0,0,0,0,0,0,0,0,0,0,0,1,0,0,1
4218,1,0,1,0,1,0,1,0,1,0,0,0,1,0,0,0,0,0,0,0,1,0
4219,0,1,0,1,0,1,0,0,0,1,0,1,0,1,0,0,0,0,0,1,0,1
4220,0,0,0,0,0,0,0,0,0,0,0,0,0,0,0,0,0,0,0,0,0,0
4221,0,0,2,0,0,0,0,0,0,0,2,0,0,0,0,0,0,0,2,0,0,0
4222,0,0,0,0,0,0,0,0,0,0,0,0,0,0,0,0,0,0,0,0,0,2
4223,1,0,1,0,1,0,1,1,1,2,1,0,1,2,1,0,2,2,1,2,1,2
4224,1,1,1,1,1,1,0,0,1,1,0,0,0,0,0,0,1,1,0,0,0,0
4225,0,2,0,0,0,0,0,0,0,1,0,2,0,0,0,0,0,0,2,2,0,0
4226,0,0,0,0,0,0,0,0,0,2,0,0,0,2,0,0,0,2,0,0,0,2
4227,0,0,0,0,0,0,0,0,0,0,0,0,0,0,0,0,0,0,0,0,0,0
4228,0,1,0,1,0,0,0,1,0,1,0,1,0,0,0,0,0,0,0,1,0,2
4229,0,0,0,0,0,0,0,0,0,0,0,0,0,0,0,0,0,0,1,1,0,1
4230,1,1,1,1,1,1,1,1,2,1,1,2,2,2,1,1,2,2,1,1,2,1
4231,1,1,1,1,1,1,0,1,2,2,2,1,1,1,1,1,0,1,1,1,1,1
4232,1,1,1,1,1,1,0,0,1,1,1,1,2,1,0,0,2,1,1,1,2,0
4233,1,1,1,1,1,1,0,0,0,0,2,2,2,2,1,1,2,2,2,2,2,2
4234,1,1,1,1,1,1,1,1,1,1,1,1,1,1,1,1,1,1,1,1,1,2
4235,0,0,0,0,0,0,0,0,0,0,0,0,0,0,0,0,0,0,0,0,0,0
4236,0,0,0,0,0,0,0,0,0,0,0,0,0,0,0,0,0,0,0,0,0,0
4237,1,1,1,1,1,1,1,1,1,1,1,1,1,1,1,1,1,1,1,1,1,1
4238,0,0,0,0,0,0,0,0,0,0,0,0,0,0,0,0,0,0,0,0,0,0
4239,1,1,1,1,1,1,0,0,1,1,1,1,1,1,1,2,1,1,1,1,1,2
4240,1,1,1,1,1,1,1,1,1,1,1,1,1,1,0,0,0,0,2,2,1,1
4241,0,2,1,2,1,2,1,2,1,1,1,2,0,1,0,2,0,2,1,2,0,1
4242,2,2,1,1,1,1,2,2,1,1,2,2,1,2,0,0,2,2,2,2,1,0
4243,0,0,0,0,0,0,0,0,1,0,1,0,1,0,0,0,1,0,1,0,1,0
4244,0,0,0,0,0,0,0,0,0,0,0,0,0,0,0,0,0,0,0,0,0,0
4245,0,0,0,0,0,0,0,0,0,0,0,0,0,0,0,0,0,0,0,0,0,0
4246,0,0,0,0,0,0,0,0,0,0,0,0,0,0,0,0,0,0,0,0,0,0
4247,0,0,0,2,1,1,0,0,0,0,0,0,0,0,0,0,0,0,0,0,0,0
4248,0,0,0,0,0,0,0,0,0,0,0,0,0,0,0,0,0,0,0,0,0,0
4249,1,0,0,0,0,0,0,0,1,0,1,0,0,0,0,0,1,0,1,0,0,0
4250,0,0,0,0,0,0,0,0,0,0,0,0,0,0,0,0,0,0,0,0,0,0
4251,2,2,2,1,2,1,1,0,2,2,2,0,2,0,0,0,2,0,2,2,2,1
4252,1,1,1,1,1,1,0,0,1,1,1,0,1,1,0,0,1,0,1,0,1,0
4253,0,0,0,0,0,0,0,0,0,0,0,0,0,0,0,0,0,0,0,0,0,2
4254,1,1,1,0,1,1,0,0,0,0,2,0,1,0,0,0,1,0,1,0,1,0
4255,1,0,1,0,1,0,1,0,1,0,1,0,1,0,1,0,1,0,1,0,1,0
4256,0,0,0,0,0,0,0,0,0,0,0,0,0,0,0,0,0,0,0,0,0,0
4257,0,2,0,0,0,0,0,0,0,0,0,0,0,0,0,0,0,0,0,2,0,0
4258,1,1,1,1,1,1,1,1,1,1,1,1,1,1,1,1,1,1,1,1,1,2
4259,0,0,0,0,0,0,0,0,0,0,0,0,0,0,0,0,0,0,0,0,0,0
4260,2,2,1,2,0,0,0,0,1,0,0,0,2,0,0,0,2,2,0,0,2,0
4261,0,0,0,0,0,0,0,0,0,0,0,0,0,0,0,0,2,0,0,0,0,0
4262,0,0,0,0,0,0,0,0,0,0,1,2,1,1,1,2,1,2,1,2,1,0
4263,0,0,0,0,0,0,0,0,0,0,0,0,0,0,0,0,0,0,0,1,0,1
4264,2,2,0,2,1,2,0,2,2,2,2,2,0,2,0,2,0,2,2,2,0,1
4265,2,2,2,2,2,2,2,2,2,2,2,2,2,2,2,2,2,2,2,2,2,0
4266,0,0,0,0,0,0,0,0,0,0,0,0,0,0,0,0,0,0,0,0,0,0
4267,0,0,0,0,0,0,0,0,0,0,0,0,0,0,0,0,0,0,0,0,0,0
4268,0,2,1,2,1,1,0,1,1,2,1,2,1,2,0,1,1,1,1,2,1,1
4269,0,0,0,0,0,0,0,0,0,0,0,0,0,0,0,0,0,0,0,0,0,0
4270,1,2,1,1,1,2,1,1,1,1,1,1,1,1,1,1,1,2,1,2,1,1
4271,0,0,0,1,0,0,0,0,0,0,0,0,0,0,0,0,0,0,0,1,0,1
4272,2,2,2,2,2,2,2,2,2,2,2,2,2,2,0,0,2,2,2,2,2,0
4273,1,0,0,0,1,0,1,0,1,0,2,2,1,1,1,0,1,0,0,0,1,2
4274,0,0,0,0,0,0,0,0,0,0,0,0,0,0,0,0,0,0,0,0,0,0
4275,2,2,2,2,2,2,2,2,2,2,2,2,2,2,2,2,2,2,2,2,2,1
4276,0,0,0,0,0,0,0,0,0,0,0,0,0,0,0,0,0,0,0,0,0,0
4277,0,2,0,2,0,2,0,0,1,2,0,0,0,0,0,0,0,0,0,0,0,2
4278,1,0,1,0,1,0,1,0,1,0,0,0,1,0,1,0,1,0,1,0,1,0
4279,1,0,1,0,1,0,1,0,1,0,2,0,1,0,1,0,2,0,1,0,1,2
4280,2,0,2,0,2,0,2,0,2,0,2,0,2,0,0,0,2,0,0,0,2,0
4281,0,0,0,0,0,0,0,0,0,0,0,0,0,0,0,0,0,0,0,0,0,0
4282,2,0,0,0,0,0,0,0,0,0,0,0,0,0,0,0,0,0,0,0,0,0
4283,0,0,0,1,0,0,0,0,0,1,0,0,0,0,0,0,0,0,0,0,0,0
4284,0,0,0,0,0,0,0,0,0,0,0,0,0,0,0,0,0,0,0,0,0,0
4285,1,0,1,0,1,0,0,0,1,0,1,0,1,0,0,0,1,0,1,0,1,1
4286,0,1,0,1,0,1,0,1,0,1,0,1,0,1,0,1,0,1,0,1,0,0
4287,0,0,0,0,0,0,0,0,0,0,0,0,0,0,0,0,0,0,0,0,0,0
4288,0,0,0,0,0,0,0,0,0,0,0,0,0,0,0,0,0,0,0,0,0,0
4289,0,0,0,0,0,0,0,0,0,0,0,0,0,0,0,0,0,0,0,0,0,0
4290,0,0,0,0,1,0,0,0,0,0,0,0,0,0,0,0,0,0,1,0,0,0
4291,0,0,0,0,0,0,0,0,1,0,0,0,0,0,0,0,0,0,0,0,0,0
4292,1,1,1,1,1,1,1,2,1,1,1,1,1,1,1,0,1,1,1,1,1,2
4293,0,0,0,0,0,0,0,0,0,0,0,0,0,0,0,0,0,0,0,0,0,0
4294,0,0,0,0,0,0,0,0,0,0,0,0,0,0,0,0,0,0,0,0,0,0
4295,0,2,0,2,0,0,0,0,0,1,0,0,1,1,0,0,0,0,1,2,1,0
4296,1,0,1,0,1,0,0,0,0,0,1,0,1,0,0,0,0,0,1,0,1,0
4297,2,0,1,0,1,0,1,0,0,0,2,0,0,0,0,0,0,0,0,0,0,0
4298,1,1,1,1,1,1,1,1,2,2,1,1,1,1,1,1,1,1,1,1,1,0
4299,0,0,0,0,1,1,1,1,1,1,0,0,1,1,0,0,1,1,1,1,1,2
4300,1,1,1,1,1,1,1,1,1,1,1,1,1,1,0,0,2,1,1,1,1,0
4301,2,0,0,0,2,0,0,0,1,0,2,0,2,0,2,0,2,0,2,0,2,1
4302,0,0,0,0,0,0,0,0,0,1,0,0,0,0,0,0,0,0,0,0,0,0
4303,0,0,0,0,0,0,0,0,0,0,0,0,0,0,0,0,0,0,0,0,0,0
4304,1,0,1,0,2,1,2,2,2,2,2,0,2,0,2,0,2,2,2,2,2,0
4305,0,0,0,1,0,0,0,0,0,0,1,1,1,1,0,0,0,1,0,0,1,0
4306,0,0,0,0,0,0,0,0,0,0,0,0,0,0,0,0,0,0,0,0,0,2
4307,0,0,0,0,0,0,0,0,0,0,0,0,0,0,0,0,0,0,0,0,0,1
4308,1,2,1,2,1,2,1,2,1,2,1,0,0,0,0,0,1,2,1,2,0,0
4309,1,1,1,1,1,1,1,1,1,1,1,0,1,1,0,0,1,1,1,0,1,0
4310,0,0,0,0,0,0,0,0,0,0,0,0,0,0,0,0,0,0,0,0,0,0
4311,1,1,1,1,1,0,1,0,1,0,0,0,0,0,0,0,0,0,2,0,0,0
4312,1,0,1,1,1,1,2,1,2,1,1,1,1,1,1,1,1,2,1,1,1,2
4313,2,2,0,2,2,2,0,2,2,2,0,2,2,2,0,2,0,2,2,2,2,0
4314,0,0,0,0,0,0,0,0,0,0,0,0,0,0,0,0,0,0,0,0,0,0
4315,2,2,0,2,2,2,0,0,0,2,0,2,0,2,0,0,0,2,0,1,0,2
4316,2,2,2,2,2,2,2,2,2,2,2,2,2,2,2,2,2,2,2,2,2,2
4317,0,0,0,0,0,0,0,0,0,0,0,0,0,0,0,0,0,0,0,0,0,0
4318,2,2,2,2,2,2,2,2,2,2,2,2,2,2,0,0,2,2,2,2,2,2
4319,2,0,2,2,2,2,2,2,2,2,2,2,2,2,2,0,2,2,2,2,2,2
4320,0,0,0,1,0,0,0,0,0,1,0,0,0,0,0,0,0,0,0,0,0,2
4321,2,0,2,0,2,0,0,0,0,0,0,0,2,2,2,0,0,0,2,0,2,2
4322,0,0,0,0,0,0,0,0,0,0,0,0,0,0,0,0,0,0,0,0,0,0
4323,1,0,1,0,2,0,0,0,1,1,2,0,1,0,0,0,2,0,1,0,1,0
4324,0,0,0,0,0,0,0,0,0,0,0,0,0,0,0,0,0,0,0,0,0,0
4325,1,1,2,1,2,1,1,1,2,1,1,1,1,1,1,1,1,1,1,1,1,2
4326,2,1,2,1,1,0,1,0,0,1,0,0,0,0,0,0,0,0,2,1,0,1
4327,2,1,2,0,2,0,2,1,1,1,2,2,2,2,2,1,2,2,2,1,2,2
4328,1,1,1,1,1,1,0,0,1,1,1,1,1,1,1,1,1,1,1,1,1,1
4329,0,0,0,0,0,0,0,0,0,0,0,0,0,0,0,0,0,0,0,0,0,2
4330,1,1,1,1,1,1,1,1,1,1,1,1,1,1,1,0,1,1,1,1,1,1
4331,2,0,0,0,1,0,0,0,1,0,2,0,0,0,0,0,1,0,1,0,0,2
4332,0,0,1,0,0,0,0,0,0,0,1,0,0,0,0,0,1,0,0,0,0,0
4333,2,2,2,2,2,2,2,2,2,2,2,2,2,2,2,2,2,2,2,2,2,0
4334,2,2,2,2,0,2,2,2,0,0,2,2,2,2,0,0,2,2,0,2,2,1
4335,0,0,0,0,0,0,0,0,0,0,0,0,0,0,0,0,0,0,0,0,0,0
4336,0,0,0,0,0,0,0,0,0,0,0,0,0,0,0,0,0,0,0,0,0,0
4337,0,0,0,0,0,0,0,0,0,0,0,0,0,0,0,0,0,0,0,0,0,0
4338,0,1,0,1,0,1,0,1,1,1,0,1,0,1,0,1,0,2,0,1,0,2
4339,1,1,0,0,2,2,2,2,2,2,2,2,0,0,0,0,2,2,1,1,0,2
4340,0,1,0,1,0,1,0,1,0,1,0,1,0,1,0,1,0,1,0,1,0,1
4341,0,2,0,1,0,2,0,1,0,2,0,2,0,2,0,2,0,2,2,1,0,1
4342,2,1,0,1,1,1,0,1,1,1,2,0,2,1,2,1,0,0,2,1,2,2
4343,0,1,0,1,0,1,0,1,0,1,0,1,0,1,0,1,0,1,0,1,0,0
4344,0,0,0,0,0,0,0,0,0,0,0,0,0,0,0,0,0,0,0,0,0,0
4345,2,2,2,2,2,2,2,2,2,2,2,2,2,2,2,2,2,2,2,2,2,2
4346,0,0,0,0,0,0,0,0,0,0,0,0,0,0,0,0,0,0,0,0,0,2
4347,0,0,0,0,0,0,0,0,0,0,0,0,0,0,0,0,0,0,0,0,0,0
4348,1,1,1,1,1,1,1,1,1,1,1,1,1,1,1,1,1,1,1,1,1,2
4349,2,2,2,2,2,2,2,2,2,2,2,2,2,2,2,2,2,2,2,2,2,0
4350,1,1,1,1,1,1,0,1,1,1,1,0,1,1,1,1,1,1,1,1,1,2
4351,0,0,0,0,0,0,0,0,0,0,0,0,0,0,0,0,0,0,0,0,0,0
4352,0,0,0,0,0,0,0,0,1,1,0,0,0,0,0,0,0,0,0,0,0,2
4353,0,0,0,0,0,0,0,0,0,0,0,0,0,0,0,0,0,0,0,0,0,0
4354,0,0,0,0,0,0,0,0,0,0,0,0,0,0,0,0,0,0,0,0,0,0
4355,0,0,0,0,0,0,0,0,0,0,0,0,0,0,0,0,0,0,0,0,0,0
4356,0,0,0,0,0,0,0,0,0,0,0,0,0,0,0,0,0,0,0,1,0,0
4357,0,0,0,0,0,0,0,0,1,0,1,0,0,0,1,0,1,2,2,0,0,1
4358,1,1,0,0,0,0,0,0,0,1,0,0,1,0,0,0,0,0,0,0,1,0
4359,0,0,1,0,1,0,0,0,0,0,0,0,1,0,0,0,0,0,0,0,1,0
4360,0,0,0,0,0,0,0,0,0,0,0,0,0,0,0,0,0,0,0,1,0,0
4361,2,0,2,0,2,0,2,0,2,0,2,0,2,0,2,0,2,0,1,0,2,0
4362,0,1,0,1,0,1,0,0,0,1,0,0,0,0,0,0,0,0,0,0,0,0
4363,0,0,0,0,0,0,0,0,0,0,0,0,0,0,0,0,0,0,0,0,0,0
4364,0,2,1,2,1,2,1,1,1,1,1,2,1,2,1,2,1,2,1,1,1,0
4365,1,1,1,1,0,0,0,0,0,1,1,1,1,1,1,1,1,1,1,1,1,1
4366,0,0,0,0,0,0,0,0,0,0,0,0,0,0,0,0,0,0,0,0,0,0
4367,1,1,1,1,1,1,1,1,1,1,1,1,1,1,1,1,1,1,1,1,1,1
4368,0,0,1,1,0,0,0,0,0,0,0,0,0,0,0,0,0,0,0,0,0,1
4369,2,2,1,0,2,0,1,0,1,1,2,0,1,0,2,0,2,0,2,0,1,0
4370,0,0,0,0,0,0,0,0,0,0,0,0,0,0,0,0,0,0,0,0,0,0
4371,2,2,1,2,2,2,1,1,1,1,2,2,1,1,0,2,2,2,1,2,1,0
4372,0,0,0,0,0,0,0,0,0,0,0,0,0,0,0,0,0,0,0,0,0,0
4373,0,2,0,2,1,1,0,2,0,2,0,2,0,2,0,0,0,2,0,2,0,2
4374,0,0,0,0,0,0,0,0,0,0,0,0,0,0,0,0,0,0,0,0,0,0
4375,0,0,0,0,0,0,0,0,0,0,0,0,0,0,0,0,0,0,0,0,0,0
4376,0,0,0,0,0,0,0,0,0,0,0,0,0,0,0,0,0,0,0,0,0,0
4377,1,1,1,1,1,1,1,0,1,1,0,0,1,0,0,0,1,0,1,0,1,0
4378,0,2,1,2,1,0,0,0,0,2,0,2,0,0,0,2,0,0,0,2,0,0
4379,1,0,1,0,1,1,0,0,1,1,1,0,1,1,0,0,1,1,1,1,1,1
4380,0,0,0,0,0,0,0,0,0,0,0,0,0,0,0,0,0,0,0,0,0,0
4381,2,1,2,1,0,1,0,1,2,1,2,0,2,0,2,0,2,0,2,0,2,1
4382,0,2,2,2,2,2,2,2,2,2,0,2,2,2,0,2,2,2,2,2,2,2
4383,2,2,2,2,2,2,2,2,2,2,2,2,2,2,2,2,2,2,2,2,2,0
4384,0,0,0,0,0,0,0,0,0,0,0,0,0,0,0,0,0,0,0,0,0,1
4385,2,1,2,1,2,1,1,1,2,1,2,1,1,1,1,1,1,1,2,1,1,0
4386,0,0,0,0,0,0,0,0,0,0,0,0,0,0,0,0,0,0,0,0,0,0
4387,2,2,0,2,0,0,0,0,0,2,0,2,0,0,0,0,0,2,0,0,0,0
4388,2,2,0,0,0,0,0,0,0,2,0,0,0,0,0,0,0,0,2,2,0,0
4389,0,0,0,0,0,0,0,0,0,0,0,0,0,0,0,0,0,0,0,0,0,0
4390,2,0,2,0,1,0,2,0,1,0,1,0,1,0,2,0,2,0,2,0,1,0
4391,2,2,2,2,2,2,2,2,2,2,2,2,0,2,0,2,2,2,2,2,0,0
4392,1,2,1,1,1,1,1,2,1,2,1,1,1,1,2,2,1,1,2,2,1,1
4393,1,1,2,2,2,2,1,1,2,2,2,2,2,2,0,0,2,2,2,2,1,1
4394,1,2,1,2,1,2,1,1,1,2,1,2,1,2,1,2,1,2,1,2,1,2
4395,2,0,2,0,2,0,0,0,0,0,0,0,2,0,0,0,0,0,0,0,2,0
4396,0,0,0,0,0,0,0,0,0,0,0,0,0,0,0,0,0,0,0,0,0,0
4397,2,2,2,2,2,2,2,2,2,2,2,2,2,2,2,2,2,2,2,2,2,0
4398,0,0,0,0,0,0,0,0,0,0,0,0,0,0,0,0,1,1,0,0,0,0
4399,1,1,1,1,1,1,1,1,1,1,2,2,2,2,0,0,1,1,2,2,2,1
4400,2,1,2,1,2,1,1,1,2,1,2,1,1,1,2,0,2,1,2,1,1,0
4401,0,1,0,1,0,1,0,1,0,1,0,1,0,1,0,1,0,1,0,1,0,2
4402,1,1,1,0,1,0,0,0,1,1,1,0,1,1,1,0,0,0,1,1,1,0
4403,0,0,1,1,0,0,0,0,1,1,1,1,1,1,1,1,1,1,1,1,1,1
4404,1,0,1,0,1,0,0,0,1,0,0,0,0,0,0,0,0,0,2,0,0,0
4405,2,2,2,1,2,2,2,1,2,1,2,0,2,0,2,0,2,1,2,1,2,2
4406,1,1,1,1,1,1,1,1,2,2,1,1,1,1,1,1,2,2,2,2,1,1
4407,0,2,0,2,0,2,0,2,0,2,0,2,0,2,0,2,0,2,0,2,0,2
4408,0,0,0,0,0,0,0,0,0,0,0,0,0,0,0,0,0,0,0,0,0,0
4409,0,0,0,0,0,0,0,0,0,0,0,0,0,0,0,0,0,0,0,0,0,0
4410,1,2,1,2,1,2,2,2,2,2,2,2,2,2,1,2,2,2,2,2,2,0
4411,1,0,1,1,1,0,1,0,1,2,1,0,0,0,0,0,0,0,1,2,0,0
4412,1,1,1,1,0,1,0,1,1,1,1,1,1,1,1,1,1,1,1,1,1,2
4413,0,0,1,0,1,0,0,0,1,0,1,0,1,0,0,0,0,0,1,0,1,1
4414,1,2,0,1,0,2,0,2,1,1,0,2,0,2,0,0,0,2,0,2,0,0
4415,0,0,0,0,0,0,0,0,0,0,0,0,0,0,0,0,0,0,0,0,0,2
4416,0,0,0,0,0,0,0,0,0,0,0,0,0,0,0,0,0,0,0,0,0,0
4417,2,1,1,1,2,0,2,0,1,1,2,0,1,0,0,0,2,0,2,1,1,0
4418,0,0,0,0,0,0,0,0,0,0,0,0,0,0,0,0,0,0,0,0,0,0
4419,0,0,0,0,0,0,0,0,0,0,0,0,0,0,0,0,0,0,0,0,0,0
4420,1,0,1,0,1,0,0,0,1,0,0,0,1,0,0,0,1,0,1,1,1,0
4421,0,0,0,0,0,0,0,0,0,0,0,0,0,0,0,0,0,0,0,0,0,0
4422,0,0,0,0,0,0,0,0,0,0,0,0,0,0,0,0,0,0,0,0,0,0
4423,2,0,0,0,0,0,2,0,2,0,0,0,0,0,0,0,0,0,1,0,0,0
4424,2,2,2,2,2,2,2,0,2,1,2,2,2,2,2,2,2,2,2,2,2,2
4425,0,0,0,0,0,0,0,0,0,0,0,0,0,0,0,0,0,0,0,0,0,0
4426,0,0,0,0,0,0,0,0,0,0,0,0,0,0,0,0,0,0,0,0,0,0
4427,1,2,1,1,1,2,1,1,1,1,1,1,1,1,1,2,1,2,1,2,1,0
4428,2,1,1,1,2,2,1,1,1,1,2,2,1,1,1,1,2,2,2,2,1,2
4429,1,2,0,1,0,1,0,0,2,2,0,2,0,2,0,0,2,2,2,2,0,0
4430,0,0,0,0,0,0,0,0,0,0,0,0,0,0,0,0,0,0,0,0,0,0
4431,0,2,0,2,0,2,0,0,0,0,0,2,0,0,1,0,0,2,0,2,0,0
4432,1,0,1,0,1,0,1,0,1,0,1,0,1,1,1,0,1,0,1,0,1,0
4433,0,1,0,0,0,0,0,0,0,1,0,0,0,0,0,0,0,0,0,1,0,0
4434,0,2,0,2,0,2,0,2,1,2,0,2,0,2,0,2,0,2,0,2,0,0
4435,0,0,0,0,0,0,0,0,0,0,0,0,0,0,0,0,0,0,0,0,0,0
4436,1,1,1,1,1,0,0,0,1,1,1,0,1,0,1,0,0,0,1,0,1,1
4437,0,0,0,0,0,0,0,0,0,0,0,0,0,0,0,0,0,0,0,0,0,0
4438,2,2,0,0,1,0,0,0,1,0,1,0,1,0,0,0,0,0,1,0,1,2
4439,1,0,1,0,1,0,1,0,1,0,1,0,1,0,1,0,1,0,1,1,1,2
4440,1,0,1,0,0,0,0,0,1,1,0,0,1,1,1,0,1,0,1,1,1,0
4441,0,0,0,0,0,0,0,0,0,0,0,0,0,0,0,0,0,0,0,0,0,0
4442,0,0,0,0,0,1,0,0,0,0,0,1,0,0,0,0,0,0,0,1,0,0
4443,0,0,0,0,0,0,0,0,0,0,0,0,0,0,0,0,0,0,0,0,0,0
4444,0,2,0,0,0,2,0,2,0,0,0,0,0,0,0,0,0,0,0,2,0,0
4445,0,0,0,0,0,0,0,0,0,0,0,0,0,0,0,0,0,0,0,0,0,0
4446,2,2,2,2,2,2,2,2,2,2,2,2,2,2,2,2,2,2,2,2,2,2
4447,1,0,1,1,0,0,0,0,1,0,1,1,1,1,0,0,0,0,1,1,1,0
4448,0,0,0,0,0,0,0,0,0,0,0,0,0,0,0,0,0,0,0,0,0,0
4449,1,2,1,2,1,2,1,0,1,2,0,0,0,0,1,0,0,2,1,2,0,1
4450,0,0,1,0,1,0,0,0,1,1,0,0,1,0,0,0,1,1,1,1,1,0
4451,0,0,0,0,0,0,0,0,0,0,0,0,0,0,0,0,0,0,0,0,0,0
4452,0,2,0,2,0,0,0,0,0,2,0,2,0,0,0,0,0,0,0,0,0,0
4453,0,0,0,0,0,0,0,0,0,0,0,0,0,0,0,0,0,0,0,0,0,0
4454,0,0,0,0,0,0,0,0,0,0,0,0,0,0,0,0,0,0,0,0,0,1
4455,0,0,0,0,0,0,0,0,0,0,0,0,0,0,0,0,0,0,0,0,0,2
4456,1,0,1,0,1,1,1,0,1,1,2,0,1,1,1,0,1,0,1,0,1,2
4457,0,0,0,0,0,0,0,0,1,0,0,0,0,0,0,0,0,0,0,0,0,0
4458,0,0,2,0,2,0,0,0,0,0,2,0,2,0,0,0,2,0,0,0,2,2
4459,0,1,1,1,0,1,0,0,0,1,0,2,1,1,0,2,0,1,0,1,1,0
4460,0,0,0,0,0,0,0,0,0,0,0,0,0,0,0,0,0,0,0,0,0,2
4461,2,1,1,1,0,0,0,0,2,1,0,0,1,0,0,0,0,0,1,1,1,0
4462,0,0,1,1,1,1,0,0,1,1,2,2,1,1,0,0,1,1,1,1,1,1
4463,1,0,0,0,1,0,0,0,1,0,0,0,0,0,0,0,0,0,2,0,0,0
4464,0,0,0,0,0,0,0,0,0,0,0,0,0,0,0,0,0,0,0,0,0,0
4465,0,0,1,0,0,0,0,0,1,0,0,0,0,0,0,0,0,0,1,0,0,0
4466,2,0,2,0,2,0,2,0,2,0,2,0,2,1,2,0,2,0,2,0,2,0
4467,0,1,0,0,0,0,0,0,0,1,0,0,0,0,0,0,2,0,0,2,0,0
4468,2,2,2,2,2,2,1,1,2,2,2,2,2,2,2,2,2,2,2,2,2,0
4469,0,0,0,0,0,0,0,0,0,0,0,0,0,0,0,0,0,0,0,0,0,0
4470,2,0,0,0,0,0,0,0,0,0,0,0,0,0,0,0,0,0,2,0,0,0
4471,0,2,0,0,0,2,0,0,0,0,0,0,0,0,0,0,0,0,0,0,0,1
4472,1,1,1,1,1,1,1,1,1,1,1,1,1,1,1,1,1,1,1,1,1,1
4473,0,0,1,0,0,0,0,0,0,0,0,0,0,0,0,0,0,0,0,0,0,1
4474,0,0,0,0,0,0,0,0,0,0,0,0,0,0,0,0,0,0,0,0,0,2
4475,0,0,1,1,0,0,0,0,1,1,0,0,0,0,0,0,0,0,1,1,0,0
4476,2,2,2,2,2,2,2,2,2,2,2,1,2,2,2,0,2,0,2,2,2,0
4477,2,1,2,2,1,0,2,0,2,2,2,0,2,2,0,0,2,0,2,2,2,1
4478,2,2,2,2,2,2,2,2,2,2,2,2,2,2,2,2,2,2,2,2,2,2
4479,1,0,1,1,1,0,0,0,1,0,0,0,1,0,1,0,0,0,1,0,1,1
4480,1,1,1,1,1,1,1,1,1,1,2,1,1,1,2,1,2,1,1,1,1,2
4481,0,0,0,0,0,0,0,0,0,0,0,0,0,0,0,0,0,0,0,0,0,0
4482,0,0,0,0,0,0,0,0,0,0,0,0,0,0,0,0,0,0,0,0,0,0
4483,1,0,1,0,0,0,0,0,0,0,1,0,1,0,1,0,0,0,1,0,1,2
4484,0,0,1,1,0,1,0,0,0,1,0,1,0,1,0,0,0,1,0,1,0,0
4485,0,1,0,1,0,1,0,1,0,1,0,0,0,0,0,1,0,0,0,1,0,2
4486,0,0,0,0,0,0,0,0,0,0,0,0,0,0,0,0,0,0,0,0,0,0
4487,0,2,0,0,0,0,0,1,0,1,0,0,0,0,0,0,0,0,0,2,0,0
4488,0,0,1,0,0,0,0,0,0,0,0,0,0,0,0,0,0,0,0,0,0,0
4489,0,0,0,0,0,0,0,0,0,0,0,0,0,0,0,0,0,0,0,0,0,0
4490,1,1,1,1,1,1,1,1,1,1,1,1,1,1,1,1,1,1,1,1,1,1
4491,0,2,0,2,0,2,0,0,0,2,0,0,0,0,0,0,0,0,0,2,0,0
4492,0,1,1,1,0,0,0,0,1,1,0,0,1,1,0,0,0,0,1,1,1,0
4493,0,0,0,0,0,0,0,0,0,0,0,0,0,0,0,0,0,0,0,0,0,0
4494,0,0,0,0,0,0,0,0,0,0,0,0,0,0,0,0,0,0,0,0,0,0
4495,1,1,2,1,1,1,0,1,1,1,1,1,1,1,1,1,1,1,2,1,1,0
4496,0,0,0,0,0,0,0,0,0,0,0,0,0,0,0,0,0,0,0,0,0,1
4497,0,0,0,0,0,0,0,0,0,0,0,0,0,0,0,0,0,0,0,0,0,0
4498,1,0,1,0,1,0,0,0,1,0,1,0,1,0,1,0,1,0,1,0,1,1
4499,1,0,1,0,1,1,1,0,1,1,1,0,1,0,1,0,1,0,1,1,1,0
4500,1,1,1,1,2,2,1,2,1,2,1,2,1,2,1,1,1,2,1,1,1,2
4501,0,0,0,0,0,0,0,0,0,0,0,0,0,0,0,0,0,0,0,0,0,0
4502,2,2,2,2,2,2,2,0,2,2,2,2,2,2,0,0,2,0,2,0,2,2
4503,0,0,0,0,0,0,0,0,0,0,0,0,0,0,0,0,0,0,1,0,0,0
4504,2,0,2,0,2,0,2,0,2,0,2,0,2,0,2,0,2,0,2,0,2,0
4505,0,0,0,0,0,0,0,0,0,0,0,0,0,0,0,0,0,0,0,0,0,2
4506,0,1,0,1,0,2,0,1,1,2,0,1,0,1,0,1,0,2,0,1,0,1
4507,2,1,2,1,2,1,2,1,2,1,2,1,2,1,2,1,2,1,2,1,2,2
4508,0,0,0,0,0,0,0,0,0,0,0,0,0,0,0,0,0,0,0,0,0,0
4509,1,0,0,0,1,0,0,0,1,1,1,0,1,0,0,0,0,0,0,0,1,0
4510,0,0,0,0,0,0,0,0,0,0,0,0,0,0,0,0,0,0,0,0,0,0
4511,1,1,1,0,1,1,1,1,1,1,1,1,1,1,1,0,1,1,1,1,1,0
4512,0,0,0,0,0,0,0,0,0,0,0,0,0,0,0,0,0,0,0,0,0,0
4513,0,0,0,0,2,0,0,0,0,1,0,0,0,0,0,0,0,0,2,0,0,0
4514,0,0,0,0,0,0,0,0,0,0,0,0,0,0,0,0,0,0,0,0,0,2
4515,2,2,2,2,2,2,2,2,2,2,2,2,2,2,2,2,2,2,2,2,2,2
4516,0,0,0,0,0,0,0,0,0,0,0,0,0,0,0,0,0,0,0,0,0,0
4517,2,0,2,0,2,0,2,0,2,0,2,0,2,0,2,2,2,0,2,0,2,2
4518,2,2,2,2,0,2,0,2,2,2,0,2,0,0,0,0,2,2,2,2,0,0
4519,0,0,0,0,0,0,0,0,0,0,0,0,0,0,0,0,0,0,0,0,0,0
4520,0,0,0,0,0,0,0,0,0,0,0,0,0,0,0,0,0,0,0,0,0,0
4521,0,0,1,1,0,0,0,0,1,1,0,0,0,1,0,0,1,1,0,0,0,0
4522,0,0,0,0,1,0,0,0,1,0,0,0,0,0,0,0,0,0,1,0,0,0
4523,0,1,0,1,0,1,0,1,0,1,1,1,1,1,0,1,0,1,0,1,1,1
4524,0,0,0,0,0,0,0,0,0,0,0,0,0,0,0,0,0,0,0,2,0,2
4525,2,0,2,0,2,0,2,0,2,1,2,0,2,0,2,0,2,0,2,0,2,0
4526,1,0,1,0,1,0,0,0,1,0,2,0,1,0,0,0,1,0,2,0,1,0
4527,0,0,0,0,0,0,0,0,0,0,0,0,0,0,0,0,0,0,0,0,0,1
4528,0,2,0,2,0,2,0,1,0,2,0,2,0,2,0,2,0,2,0,2,0,1
4529,1,1,1,0,1,1,0,0,1,1,0,0,1,1,0,0,0,0,1,1,1,2
4530,0,0,0,0,0,0,0,0,0,1,0,0,0,0,0,0,0,0,0,0,0,2
4531,0,0,0,0,0,0,0,0,0,0,0,0,0,0,0,0,0,0,0,0,0,1
4532,0,2,1,0,0,0,0,0,0,0,0,0,0,0,0,0,0,0,0,0,0,0
4533,0,0,0,0,0,0,0,0,0,0,0,0,0,0,0,0,0,0,0,0,0,1
4534,1,1,1,1,1,1,0,0,1,1,1,1,1,1,0,0,1,1,1,1,1,0
4535,1,1,1,1,1,1,1,1,1,1,1,1,1,1,1,1,1,1,1,1,1,2
4536,0,0,0,0,0,0,0,0,0,0,0,0,0,0,0,0,0,0,0,0,0,0
4537,2,0,2,0,2,0,1,0,2,0,2,0,2,0,2,0,2,0,2,0,2,2
4538,1,0,1,0,0,0,0,0,0,0,0,0,0,0,0,0,1,0,0,0,0,0
4539,1,0,1,1,1,1,1,0,1,1,1,0,1,0,1,0,1,0,1,0,1,0
4540,1,2,1,2,1,2,1,2,1,2,1,2,1,2,1,2,1,2,1,2,1,0
4541,0,0,0,0,0,0,0,0,1,1,0,0,0,0,0,0,1,1,1,1,0,1
4542,0,0,0,0,0,0,0,0,0,0,0,0,0,0,0,0,0,0,0,0,0,0
4543,2,1,2,2,2,2,2,1,1,1,2,2,1,1,2,2,2,1,2,2,1,2
4544,2,2,2,2,2,2,2,2,2,2,2,2,2,2,2,2,2,2,2,2,2,1
4545,1,1,1,1,1,1,1,1,2,1,1,1,1,1,1,1,1,1,1,1,1,0
4546,0,2,0,2,0,2,0,0,1,2,0,2,0,0,0,2,0,2,0,2,0,2
4547,1,1,1,1,1,1,0,0,1,1,1,1,1,1,0,0,1,1,1,1,1,0
4548,2,0,0,0,0,0,0,0,0,0,0,0,0,0,0,0,0,0,0,0,0,0
4549,0,0,1,0,0,0,0,0,0,0,0,0,1,0,0,0,0,0,1,0,1,0
4550,2,1,1,1,1,1,1,1,2,1,2,1,1,1,1,1,2,1,1,1,1,2
4551,0,0,0,0,0,0,0,0,0,0,0,0,0,0,0,0,0,0,0,0,0,0
4552,0,0,0,0,0,0,0,0,0,0,0,0,0,0,0,0,0,0,0,0,0,2
4553,1,0,1,2,2,0,2,0,2,2,0,0,0,0,0,0,0,0,2,0,0,2
4554,0,2,0,0,0,0,0,0,0,0,0,0,0,0,0,0,0,0,0,0,0,0
4555,2,2,2,2,2,2,2,2,2,2,2,0,0,0,2,0,2,0,2,2,0,2
4556,1,1,2,1,1,1,2,1,1,1,1,1,1,1,1,1,1,1,1,1,1,1
4557,1,2,0,2,0,2,1,1,1,2,0,1,0,0,0,2,0,2,0,2,0,0
4558,0,0,0,0,0,0,0,0,0,0,0,0,0,0,0,0,0,0,0,0,0,0
4559,2,2,2,2,2,2,2,2,2,2,2,0,2,2,2,2,2,0,2,2,2,0
4560,2,2,2,2,2,2,2,2,2,2,2,2,2,2,2,2,2,2,2,2,2,2
4561,2,0,2,0,2,0,2,0,0,0,2,0,0,0,0,0,0,0,0,0,0,0
4562,0,0,0,0,1,0,0,0,1,0,0,0,0,0,0,0,0,0,0,0,0,0
4563,0,0,0,0,0,0,0,0,0,0,0,0,0,0,0,0,0,0,0,0,0,0
4564,0,0,0,0,0,0,0,0,0,0,0,0,0,0,0,0,0,0,0,0,0,0
4565,0,0,0,0,0,0,0,0,0,0,0,0,0,0,0,0,0,0,0,0,0,2
4566,1,1,1,1,1,1,1,1,1,1,1,1,1,1,0,0,1,1,1,1,1,0
4567,1,1,0,1,1,1,0,1,1,1,1,0,2,0,2,0,0,1,2,1,2,2
4568,0,0,0,0,0,0,0,0,0,0,0,0,0,0,0,0,0,0,0,0,0,0
4569,1,2,1,1,1,2,0,1,0,2,0,1,0,0,0,1,0,0,1,1,0,2
4570,2,2,2,2,2,2,0,0,2,2,2,2,2,2,0,0,2,2,2,2,2,0
4571,2,0,0,0,2,0,0,0,2,0,0,0,0,0,0,0,0,0,2,0,0,0
4572,0,0,1,0,0,0,0,0,1,1,0,0,0,0,0,0,1,0,1,1,0,0
4573,2,1,2,1,0,0,2,0,0,1,0,0,2,1,0,0,2,1,2,2,2,0
4574,1,0,1,1,1,1,1,0,1,1,0,0,1,1,1,0,1,1,1,1,1,0
4575,1,1,1,1,1,1,1,1,1,1,1,2,1,0,1,0,1,2,1,1,1,1
4576,1,1,1,1,0,0,0,0,0,0,0,0,1,1,0,0,1,1,0,0,1,0
4577,2,2,2,2,2,2,2,2,2,2,2,2,2,2,2,2,2,2,2,2,2,2
4578,0,0,0,0,0,0,0,0,1,0,0,0,1,0,0,0,1,0,0,0,1,0
4579,0,0,0,0,0,0,0,0,0,0,0,0,0,0,0,0,0,0,0,0,0,2
4580,1,0,1,0,1,0,1,0,1,0,1,0,1,0,0,0,1,0,1,0,1,2
4581,0,1,1,2,1,1,0,0,1,2,1,0,1,0,0,0,0,0,1,0,1,1
4582,1,1,1,1,1,1,1,1,1,1,2,1,2,1,0,1,0,1,2,1,2,2
4583,1,0,1,0,1,0,0,0,1,0,2,0,0,0,0,0,1,0,1,0,0,0
4584,2,1,2,1,2,1,2,1,2,1,2,2,2,2,2,1,2,2,2,2,2,2
4585,0,1,1,1,1,1,0,1,1,1,0,1,0,1,1,1,1,2,1,1,0,2
4586,0,0,0,0,0,0,0,0,0,0,0,0,0,0,0,0,0,0,0,0,0,1
4587,0,2,0,2,0,2,0,2,0,2,0,0,0,0,0,0,0,0,0,2,0,0
4588,0,0,0,0,0,0,0,0,0,0,0,0,0,0,0,0,0,0,0,0,0,0
4589,0,1,0,1,0,1,0,1,0,1,0,2,0,0,0,1,0,1,0,1,0,2
4590,1,2,1,1,1,1,1,1,1,1,1,2,1,1,1,1,1,1,1,1,1,1
4591,0,0,0,0,0,0,0,0,0,0,0,0,0,0,0,0,0,0,0,0,0,0
4592,0,1,0,1,0,1,0,1,0,1,0,0,0,1,0,0,0,1,0,1,0,0
4593,0,0,0,0,0,0,0,0,0,0,0,0,0,0,0,0,0,0,0,0,0,0
4594,1,2,1,2,0,0,0,0,0,0,0,0,0,0,0,0,0,0,0,2,0,2
4595,0,1,0,1,0,1,0,0,0,0,0,1,0,1,0,0,0,0,0,0,0,0
4596,1,1,1,1,0,0,0,0,0,1,0,0,0,0,0,0,0,0,0,0,0,0
4597,0,0,0,0,0,0,0,0,0,0,0,0,0,0,0,0,0,0,0,0,0,0
4598,2,1,2,0,2,0,2,1,2,1,2,0,2,0,0,0,2,0,1,0,2,2
4599,0,0,0,0,0,0,0,0,0,0,0,0,0,0,0,0,0,0,0,0,0,0
4600,0,0,0,0,0,0,0,0,0,0,0,0,1,0,0,0,0,0,0,0,1,0
4601,1,1,1,1,1,1,2,1,2,2,2,1,1,1,1,1,1,1,2,1,1,1
4602,0,0,0,0,0,0,0,0,0,0,0,0,0,0,0,0,0,0,0,0,0,0
4603,0,0,0,0,0,0,0,0,0,0,0,0,0,0,0,0,0,0,0,0,0,2
4604,0,0,0,0,0,0,0,0,0,0,0,0,2,0,0,0,0,0,0,0,2,0
4605,1,1,1,1,2,1,1,1,1,1,1,1,1,1,1,1,1,1,1,1,1,0
4606,0,0,0,0,0,0,0,0,0,0,0,0,0,0,0,0,0,0,0,0,0,0
4607,2,2,2,2,2,2,2,2,2,2,2,2,2,2,2,2,2,2,2,2,2,2
4608,2,2,2,2,2,2,2,2,2,2,2,0,2,2,0,0,2,0,2,2,2,0
4609,0,0,1,0,1,0,0,0,1,0,1,0,1,0,0,0,1,0,0,1,1,2
4610,1,0,0,0,0,0,0,0,1,0,1,2,0,0,1,1,1,2,1,1,0,2
4611,1,2,1,0,1,2,0,2,1,2,1,2,0,0,0,0,1,2,1,2,0,2
4612,0,1,0,1,0,1,0,0,0,1,0,1,0,1,0,1,0,1,1,1,0,0
4613,0,0,0,0,0,0,0,0,0,0,0,0,0,0,0,0,0,0,0,0,0,0
4614,0,0,0,0,0,0,0,0,0,0,0,0,0,0,0,0,0,0,0,0,0,0
4615,2,2,2,0,2,2,2,0,2,1,2,2,2,2,2,0,2,2,2,2,2,0
4616,0,0,0,0,0,0,0,0,0,0,0,0,0,0,0,0,0,0,0,0,0,0
4617,0,0,0,0,0,0,0,0,0,0,0,0,0,0,0,0,0,0,0,0,0,0
4618,0,0,1,0,0,0,0,0,1,1,1,0,1,0,0,0,0,0,1,1,1,0
4619,0,1,0,1,0,1,0,1,0,1,0,1,0,1,0,1,0,1,0,1,0,0
4620,0,0,0,1,0,1,0,0,0,1,0,0,0,0,0,0,0,0,0,0,0,0
4621,2,2,2,2,2,2,2,2,2,2,2,2,2,0,2,2,2,2,2,2,2,0
4622,1,1,1,1,1,1,1,1,1,1,1,1,1,1,1,1,1,1,1,1,1,1
4623,1,1,1,1,1,1,0,0,1,1,0,0,1,1,1,0,0,0,1,0,1,0
4624,2,2,2,1,2,1,2,1,2,1,2,2,2,1,2,2,2,2,2,2,2,0
4625,0,1,0,1,0,1,0,0,0,1,0,0,0,0,0,0,0,0,0,0,0,0
4626,0,0,0,0,0,0,0,0,0,0,0,0,0,0,0,0,0,0,0,0,0,0
4627,2,0,2,0,2,2,2,0,2,1,2,0,2,0,1,0,2,0,2,0,2,2
4628,0,0,0,0,0,0,0,0,0,0,0,0,0,0,0,0,0,0,0,0,0,0
4629,0,0,0,0,0,0,0,0,0,0,0,2,0,1,0,0,0,0,0,0,0,0
4630,1,0,1,0,1,0,0,0,1,1,1,0,0,0,0,0,1,0,0,0,0,0
4631,0,1,0,1,0,0,0,1,0,1,0,1,0,1,0,0,0,1,0,1,0,0
4632,0,2,0,0,0,0,0,0,0,2,0,0,0,0,0,0,2,0,0,2,0,1
4633,0,0,0,0,0,0,0,0,0,0,0,0,0,0,0,0,0,0,0,0,0,0
4634,1,1,1,1,1,1,1,0,1,1,1,1,1,1,1,1,1,1,1,1,1,2
4635,1,1,1,1,1,1,1,1,1,1,1,1,1,1,0,1,2,1,2,1,1,1
4636,0,0,0,0,0,0,0,0,0,0,0,0,0,0,0,0,0,0,0,0,0,0
4637,0,0,0,0,0,0,0,0,0,0,0,0,0,0,0,0,0,0,0,0,0,0
4638,1,1,1,1,1,1,0,0,1,1,0,0,1,1,0,0,0,0,0,1,1,0
4639,1,2,1,1,2,2,1,2,1,2,1,2,1,2,0,2,1,2,1,2,1,0
4640,1,0,1,0,0,0,0,0,1,0,0,0,1,0,0,0,1,0,1,0,1,0
4641,2,1,2,1,2,1,2,1,2,1,2,0,1,1,2,0,2,2,2,2,1,0
4642,0,0,0,0,0,0,0,0,0,0,0,0,0,0,0,0,0,0,0,0,0,0
4643,0,0,0,0,0,0,0,0,0,0,0,0,0,0,0,0,0,0,0,0,0,0
4644,2,2,2,2,2,2,2,2,2,2,0,2,0,2,0,0,2,2,0,2,0,0
4645,0,1,1,1,1,1,0,0,1,1,0,0,0,0,0,0,0,0,1,1,0,0
4646,2,0,2,0,1,0,1,0,1,0,1,0,1,0,1,0,1,0,1,0,1,0
4647,0,0,0,0,0,0,0,0,0,0,0,0,0,0,0,0,0,0,0,0,0,0
4648,0,0,0,0,0,0,0,0,0,0,0,0,0,0,0,0,0,0,0,0,0,0
4649,0,0,0,0,0,0,0,0,0,0,0,0,0,0,0,0,0,0,0,0,0,0
4650,0,0,0,0,0,0,0,0,0,0,0,0,0,0,0,0,0,0,0,0,0,0
4651,1,1,1,1,1,1,1,1,1,1,0,1,1,1,0,1,1,1,1,1,1,2
4652,2,1,1,1,2,1,1,1,2,1,2,0,2,0,0,0,2,0,2,1,2,2
4653,0,0,0,0,0,0,0,0,0,0,0,0,0,0,0,0,0,0,0,0,0,0
4654,0,0,0,0,0,0,0,0,0,0,0,0,0,0,0,0,0,0,0,0,0,0
4655,1,1,1,1,1,1,1,1,1,1,1,1,1,1,1,1,1,1,1,1,1,1
4656,1,0,1,0,1,1,1,0,1,1,1,1,1,1,1,1,1,1,1,1,1,1
4657,0,1,0,1,0,1,0,1,0,1,0,1,0,1,0,1,0,1,0,1,0,2
4658,0,0,0,0,0,0,0,0,0,0,0,0,0,0,0,0,0,0,0,0,0,0
4659,1,1,1,1,1,1,1,1,2,1,2,1,1,1,1,1,1,1,2,1,1,2
4660,0,0,0,0,0,0,0,0,0,0,0,0,0,0,0,0,0,0,0,0,0,0
4661,0,0,0,0,0,0,0,0,0,0,0,0,0,0,0,0,0,0,0,0,0,0
4662,0,0,0,0,0,0,0,0,0,0,0,0,0,0,0,0,0,0,0,0,0,0
4663,2,2,1,2,2,2,2,0,2,2,2,2,1,2,2,2,2,2,2,2,1,0
4664,1,0,1,1,1,0,0,0,1,1,0,0,1,0,1,0,1,0,1,0,1,0
4665,0,0,0,0,0,0,0,0,0,0,0,0,0,0,0,0,0,0,0,0,0,0
4666,2,2,2,2,2,2,2,2,2,2,2,2,2,2,2,2,2,2,2,2,2,2
4667,0,0,0,1,0,1,0,0,0,1,0,0,0,1,0,0,0,1,0,1,0,0
4668,0,0,0,0,0,0,0,0,0,0,0,0,0,0,0,0,0,0,0,0,0,0
4669,1,0,1,1,1,1,1,1,1,1,1,1,1,1,1,1,1,1,1,1,1,0
4670,0,0,0,0,0,0,0,0,0,0,0,0,0,0,0,0,0,0,0,0,0,0
4671,2,0,2,0,0,0,0,0,1,0,2,0,0,0,0,0,0,0,2,0,0,0
4672,0,1,1,1,0,1,0,1,1,1,0,1,1,1,0,1,1,1,1,1,1,0
4673,1,0,1,0,1,0,0,0,1,0,1,0,1,0,0,0,0,0,1,0,1,0
4674,0,0,0,0,0,0,0,0,0,0,0,1,0,0,0,0,0,0,0,2,0,0
4675,2,0,2,0,2,0,2,0,2,0,2,0,2,0,0,0,2,0,2,0,2,0
4676,0,0,0,0,0,0,0,0,0,1,0,0,0,0,0,0,0,0,0,0,0,0
4677,1,1,1,1,1,1,0,0,1,1,1,0,1,1,0,0,1,1,1,2,1,0
4678,0,0,0,0,0,0,0,0,0,0,0,0,0,0,0,0,0,0,0,0,0,2
4679,1,2,1,2,1,1,1,2,1,2,1,2,1,2,1,2,1,1,1,1,1,2
4680,0,0,0,0,0,0,0,0,0,0,0,0,0,0,0,0,0,0,0,0,0,0
4681,1,2,1,2,1,2,1,0,1,2,1,2,1,0,0,0,1,0,1,2,1,0
4682,0,0,0,0,0,0,0,0,0,0,0,0,0,0,0,0,0,0,0,0,0,0
4683,1,2,0,2,0,1,2,0,2,2,0,0,0,0,0,0,0,0,1,2,0,0
4684,2,2,2,2,2,2,1,2,2,2,2,2,1,2,2,0,1,2,1,2,1,0
4685,1,0,1,0,1,0,1,0,1,0,1,0,1,0,1,0,1,0,1,0,1,1
4686,1,1,1,1,1,1,0,0,1,1,1,1,1,1,1,0,1,1,1,1,1,0
4687,0,0,1,0,1,0,1,0,1,0,0,0,1,0,0,0,1,0,0,0,1,0
4688,0,0,0,0,0,0,0,0,0,0,0,0,0,0,0,0,0,0,0,0,0,0
4689,2,2,2,2,2,2,2,2,2,2,2,2,2,2,2,2,2,2,2,2,2,0
4690,2,0,0,0,2,2,0,0,0,0,0,0,0,0,0,0,0,0,0,0,0,0
4691,0,0,0,0,0,0,0,0,0,0,0,0,0,0,0,0,2,0,0,0,0,0
4692,0,0,0,0,0,0,0,0,0,0,0,0,0,0,0,0,0,0,0,0,0,0
4693,2,2,2,2,2,2,2,0,2,0,0,0,2,0,0,0,2,0,2,0,2,2
4694,1,1,1,1,1,1,1,0,1,0,1,1,1,1,1,0,1,1,1,1,1,2
4695,0,2,0,2,0,2,1,2,2,2,0,0,2,0,0,0,1,2,2,0,2,2
4696,1,0,1,0,1,0,1,0,1,0,1,0,1,0,1,0,1,0,1,0,1,0
4697,0,0,0,0,0,0,0,0,0,0,0,0,0,0,0,0,0,0,0,0,0,0
4698,0,0,0,0,0,0,0,0,0,0,0,0,0,0,0,0,0,0,0,0,0,0
4699,0,0,0,0,0,0,0,0,1,0,0,0,0,0,0,0,0,0,1,0,0,0
4700,1,1,1,0,1,0,0,0,1,1,1,0,1,0,0,0,1,0,1,0,1,0
4701,1,0,1,0,1,0,2,0,1,0,2,0,1,0,1,0,1,0,1,0,1,1
4702,0,0,0,1,0,0,0,0,1,0,1,0,0,0,0,0,0,0,0,0,0,0
4703,0,0,0,0,0,0,0,0,0,0,0,0,0,0,0,0,0,0,0,0,0,0
4704,0,0,1,1,1,0,0,0,1,0,0,0,1,0,0,0,0,0,1,0,1,0
4705,1,1,1,1,1,1,1,1,1,1,1,1,1,1,1,1,1,1,1,1,1,0
4706,1,2,1,2,1,0,0,2,0,0,2,2,1,2,1,0,1,2,2,2,1,0
4707,1,0,1,0,0,0,0,0,0,0,0,0,0,0,0,0,2,0,0,0,0,0
4708,0,0,0,0,0,0,0,0,0,1,0,0,0,0,0,0,0,0,0,0,0,0
4709,1,1,1,1,1,1,1,1,1,1,1,1,1,1,1,1,1,1,1,1,1,0
4710,1,1,1,1,1,1,1,1,1,1,1,1,1,1,1,0,1,1,1,1,1,1
4711,0,0,0,0,0,0,0,0,0,0,0,0,0,0,0,0,0,0,0,0,0,0
4712,2,2,1,2,1,1,2,2,1,2,2,2,1,1,1,2,1,2,2,2,1,0
4713,2,0,2,0,2,0,2,0,2,0,2,0,2,0,2,0,2,0,2,0,2,0
4714,2,0,2,2,2,2,2,0,2,0,2,0,2,0,2,0,2,0,2,0,2,0
4715,0,0,1,0,0,0,1,0,1,0,0,0,0,0,0,0,1,0,0,0,0,0
4716,0,0,1,0,0,0,0,0,0,0,0,0,0,0,0,0,0,0,0,0,0,0
4717,1,0,1,0,0,0,0,0,0,0,0,0,0,0,0,0,0,0,0,0,0,0
4718,2,2,2,2,2,2,2,2,2,2,2,2,2,2,2,2,2,2,2,2,2,2
4719,0,0,0,0,0,0,0,0,0,0,0,0,0,0,0,0,0,0,0,0,0,0
4720,0,0,0,0,0,0,0,0,0,0,0,0,0,0,0,0,0,0,0,0,0,0
4721,0,0,0,0,0,0,0,0,0,0,0,0,0,0,0,0,0,0,0,0,0,0
4722,0,0,2,0,0,0,0,0,0,0,0,0,0,0,0,0,0,0,0,0,0,0
4723,0,0,0,0,0,0,0,0,0,0,0,0,0,0,0,0,0,0,0,0,0,0
4724,2,2,2,2,2,2,2,1,2,2,2,0,0,0,2,2,2,2,2,2,0,2
4725,2,1,2,1,2,1,2,1,2,1,0,1,1,1,0,0,2,0,2,1,1,2
4726,0,0,0,1,0,0,0,0,0,1,0,0,1,0,0,0,0,1,1,1,1,0
4727,0,0,1,1,1,1,0,0,1,1,0,0,0,0,0,0,0,0,0,0,0,1
4728,0,1,0,0,0,1,0,1,1,1,0,0,1,0,0,0,0,0,0,0,1,0
4729,1,0,1,0,1,0,0,0,1,0,1,0,1,0,1,0,1,0,1,0,1,2
4730,1,1,1,1,1,1,1,0,1,1,1,2,1,1,1,1,1,1,1,1,1,0
4731,0,0,0,0,0,0,0,0,0,0,0,0,0,0,0,0,0,0,0,0,0,0
4732,0,0,1,0,0,0,0,0,0,0,0,0,0,0,0,0,0,0,1,0,0,0
4733,0,0,0,0,0,0,0,0,0,0,0,0,0,0,0,0,0,0,0,0,0,0
4734,2,2,2,2,2,2,2,2,2,2,2,2,2,2,2,2,2,2,2,0,2,2
4735,0,0,0,0,0,0,0,0,0,0,0,0,0,0,0,0,0,0,0,0,0,1
4736,0,1,0,1,0,1,0,1,0,1,1,1,0,1,0,1,0,1,1,1,0,0
4737,0,0,1,0,1,0,0,0,1,0,0,0,0,0,0,0,1,0,1,0,0,0
4738,0,0,1,1,0,0,0,0,1,0,0,0,0,0,0,0,0,0,1,0,0,0
4739,0,0,0,0,0,0,0,0,0,0,0,0,0,0,0,0,0,0,0,0,0,1
4740,0,0,0,0,0,0,0,0,0,1,0,0,0,0,0,0,0,0,0,0,0,2
4741,1,1,1,1,1,1,2,1,1,1,1,0,1,0,0,0,2,0,1,1,1,0
4742,0,1,0,1,0,1,0,1,0,1,0,1,0,0,0,1,0,1,0,1,0,0
4743,2,2,2,2,2,2,2,2,2,2,2,2,2,2,2,2,2,2,2,2,2,2
4744,2,0,2,0,2,0,2,0,2,0,2,0,2,0,2,0,2,0,2,0,2,0
4745,2,2,2,2,2,2,2,2,2,2,2,2,2,2,2,2,2,2,2,2,2,0
4746,0,0,0,0,0,0,0,0,0,0,0,0,0,0,0,0,0,0,0,1,0,2
4747,1,0,1,0,1,0,0,0,1,0,1,0,1,0,0,0,0,0,1,0,1,1
4748,0,0,0,0,0,0,0,0,0,0,0,0,0,0,0,0,0,0,0,0,0,0
4749,0,0,0,0,0,0,0,0,0,0,0,0,0,0,0,0,1,0,0,0,0,0
4750,0,0,1,0,0,0,0,0,0,0,2,0,2,0,0,0,0,0,0,0,2,0
4751,2,2,0,0,0,0,2,2,2,2,0,0,0,0,0,0,0,0,0,0,0,2
4752,1,2,2,2,2,2,2,0,1,2,2,2,1,0,1,1,2,2,1,2,1,2
4753,2,2,2,2,2,2,2,2,2,2,2,2,2,2,2,2,2,2,2,2,2,2
4754,2,0,2,1,2,1,2,1,2,1,2,1,2,1,2,0,2,1,2,1,2,1
4755,0,0,1,1,0,0,0,0,1,1,0,0,1,1,0,0,1,0,0,1,1,0
4756,1,0,1,0,1,0,0,0,1,1,0,0,0,0,0,0,1,0,1,0,0,1
4757,2,0,2,0,2,0,2,0,2,0,0,0,0,0,0,0,0,0,2,0,0,0
4758,1,0,1,0,1,0,0,0,1,0,0,0,1,0,0,0,0,0,1,1,1,0
4759,1,1,1,0,0,0,0,0,1,1,1,0,1,1,0,0,1,1,1,0,1,0
4760,0,0,1,1,0,0,0,0,1,0,0,0,1,0,0,0,0,0,0,0,1,1
4761,0,0,0,1,0,0,0,1,0,0,0,2,0,1,0,2,0,1,0,2,0,2
4762,1,1,2,1,1,1,2,1,1,1,2,0,2,0,2,0,2,1,1,1,2,2
4763,0,0,0,0,0,0,0,0,0,0,1,0,1,0,0,0,0,0,0,0,1,0
4764,0,0,0,0,0,0,0,0,0,1,0,0,0,0,0,0,0,0,0,0,0,1
4765,0,1,0,2,0,0,0,0,0,2,1,1,0,2,0,1,0,1,1,1,0,2
4766,0,0,0,0,0,0,0,0,0,0,0,0,0,0,0,0,0,0,0,0,0,0
4767,0,0,0,0,0,0,0,0,0,0,0,0,0,0,0,0,0,0,0,0,0,0
4768,0,0,0,0,0,0,0,0,0,0,0,0,0,0,0,0,0,0,0,0,0,0
4769,0,2,0,2,0,2,0,2,0,2,0,2,0,2,0,2,0,2,2,2,0,2
4770,0,0,0,0,0,0,0,0,0,0,0,0,0,0,0,0,0,0,0,0,0,0
4771,0,0,0,0,0,0,0,0,0,0,0,0,0,0,0,0,0,0,0,0,0,2
4772,2,2,2,2,1,2,2,2,1,2,1,2,1,1,1,2,2,2,1,2,1,1
4773,0,0,0,0,0,0,0,0,0,0,0,0,0,0,0,0,0,0,0,0,0,0
4774,0,1,0,1,0,1,0,1,0,1,0,1,0,1,0,1,0,1,0,1,0,2
4775,0,0,0,0,0,0,0,0,0,0,0,0,0,0,0,0,0,0,0,0,0,0
4776,0,0,0,0,0,0,0,0,0,0,0,0,0,0,0,0,0,0,0,0,0,0
4777,2,2,2,2,2,2,2,2,2,2,2,2,2,2,2,2,2,2,2,2,2,0
4778,2,0,0,0,0,0,0,0,0,0,0,0,0,0,0,0,0,0,2,0,0,0
4779,0,2,0,2,0,2,0,1,0,2,0,2,0,2,0,2,0,2,2,2,0,1
4780,0,2,0,2,0,2,0,0,0,1,0,2,0,1,0,2,0,1,0,1,0,2
4781,0,0,0,0,0,0,0,0,0,0,0,0,0,0,0,0,0,0,0,0,0,0
4782,2,0,0,0,2,0,2,0,2,0,0,0,0,0,0,0,0,0,0,0,0,0
4783,0,0,0,1,0,1,0,0,0,1,1,0,0,1,1,0,0,0,0,0,0,0
4784,0,0,0,0,0,0,0,0,0,0,0,0,0,0,0,0,0,0,0,0,0,0
4785,0,0,0,0,0,0,0,0,0,0,0,0,0,0,0,0,0,0,0,0,0,1
4786,1,1,1,1,1,1,1,1,2,2,0,0,1,0,1,0,2,0,1,0,1,2
4787,1,1,1,1,1,1,0,1,2,1,2,1,1,1,1,1,1,1,2,1,1,1
4788,2,2,2,2,2,2,1,2,2,2,2,2,2,2,2,2,1,2,1,2,2,2
4789,0,0,0,0,0,0,0,0,0,0,0,0,0,0,0,0,0,0,0,0,0,0
4790,2,2,2,2,2,2,2,2,2,2,2,2,2,2,2,2,2,2,2,2,2,2
4791,0,0,0,0,0,0,0,0,0,0,0,0,0,0,0,0,0,0,0,0,0,0
4792,0,0,0,0,0,0,0,0,0,0,0,0,0,0,0,0,0,0,0,0,0,2
4793,0,1,0,1,0,1,0,1,0,1,0,0,0,1,0,1,0,0,0,1,0,0
4794,2,2,2,2,2,1,1,2,2,2,2,2,2,2,0,2,2,2,1,2,2,2
4795,2,2,2,0,2,0,2,0,2,0,2,0,2,0,2,0,2,0,2,0,2,0
4796,2,2,2,2,2,2,2,1,2,2,2,2,2,2,2,2,2,2,2,2,2,0
4797,1,0,1,0,1,0,1,0,1,0,1,0,1,0,1,0,1,0,1,0,1,0
4798,1,1,1,1,1,1,1,1,1,1,1,1,1,1,1,1,1,1,1,1,1,2
4799,0,0,0,0,0,0,0,0,0,0,0,0,0,0,0,0,0,0,0,0,0,0
4800,0,0,0,0,0,0,0,0,0,0,0,0,0,0,0,0,0,0,0,0,0,0
4801,0,0,0,0,0,1,0,0,0,0,0,0,0,0,0,0,0,0,0,0,0,0
4802,1,2,1,2,1,2,1,2,1,2,1,2,1,2,1,2,1,2,1,2,1,0
4803,0,2,0,0,0,0,0,0,0,1,0,0,0,0,0,0,0,0,0,0,0,0
4804,0,0,0,0,0,0,0,0,0,0,0,0,0,0,0,0,0,0,0,0,0,0
4805,2,0,0,0,2,0,0,0,0,0,0,0,0,0,0,0,0,0,2,0,0,0
4806,2,0,2,0,2,0,2,0,2,0,2,0,2,0,2,0,2,0,2,0,2,0
4807,2,0,0,0,0,0,0,0,0,0,0,0,0,0,0,0,0,0,0,0,0,0
4808,2,0,1,0,1,0,1,0,1,0,2,0,1,0,0,0,1,0,2,0,1,0
4809,0,0,0,0,0,0,0,0,0,0,0,0,0,0,0,0,0,0,0,0,0,0
4810,0,0,0,0,0,0,0,0,0,0,0,0,0,0,0,0,0,0,0,0,0,0
4811,0,1,0,1,0,1,0,1,1,1,0,1,0,1,0,1,0,1,1,1,0,2
4812,2,2,2,2,2,2,2,2,2,2,2,2,2,2,2,2,2,2,2,2,2,2
4813,0,0,0,0,0,0,0,0,0,0,0,0,0,0,0,0,0,0,0,0,0,0
4814,0,0,0,0,0,0,0,0,0,0,0,0,0,0,0,0,0,0,0,0,0,0
4815,1,1,1,1,1,1,1,1,1,1,1,1,1,1,1,1,1,1,1,1,1,0
4816,0,0,0,0,0,0,0,0,0,0,0,0,0,0,0,0,0,0,0,0,0,0
4817,2,2,2,2,2,2,2,2,2,2,2,0,2,2,2,2,2,2,2,2,2,0
4818,2,0,0,0,2,0,0,0,2,0,0,0,0,0,0,0,0,0,2,0,0,0
4819,2,2,2,2,2,2,2,2,2,2,2,2,2,2,2,2,2,2,2,2,2,0
4820,1,2,1,2,1,1,1,2,1,1,1,0,1,1,1,0,1,1,0,2,1,2
4821,0,0,0,0,0,0,0,0,0,0,0,0,0,0,0,0,0,0,0,0,0,0
4822,2,0,1,0,1,0,2,0,2,0,2,0,1,0,0,0,2,0,2,0,1,2
4823,1,0,1,0,1,0,1,0,1,2,1,0,1,0,1,0,1,0,1,2,1,2
4824,1,0,1,0,1,0,1,0,1,0,0,0,0,0,1,0,1,0,1,0,0,0
4825,1,2,2,2,1,2,2,2,1,1,0,2,0,2,1,2,0,2,2,2,0,1
4826,0,0,0,0,0,0,0,0,0,0,0,0,0,0,0,0,0,0,0,0,0,0
4827,1,0,1,0,1,0,1,0,1,0,0,0,1,1,1,0,0,0,1,1,1,1
4828,1,1,1,2,2,2,2,2,1,2,2,2,2,0,0,0,2,2,2,2,2,0
4829,2,2,2,2,2,2,2,1,2,2,2,1,2,2,2,2,2,2,2,2,2,0
4830,1,0,1,0,1,0,1,0,1,1,1,0,1,1,1,0,1,1,1,0,1,1
4831,1,1,1,0,1,0,0,0,1,0,1,0,1,0,1,0,1,0,1,0,1,0
4832,0,0,0,0,0,0,0,0,0,0,0,0,0,0,0,0,0,0,0,0,0,0
4833,1,1,1,1,1,1,1,1,1,1,1,1,1,1,1,1,1,1,1,1,1,2
4834,1,0,0,0,0,0,0,0,1,1,0,0,0,0,0,0,0,0,0,0,0,0
4835,0,0,0,0,0,0,0,0,0,0,0,0,0,0,0,0,0,0,0,0,0,0
4836,1,1,1,1,2,0,1,0,1,1,2,1,1,1,1,0,2,1,1,1,1,0
4837,0,0,0,0,0,0,0,0,0,0,0,0,0,0,0,0,0,0,0,0,0,2
4838,2,0,2,0,2,0,2,0,2,0,2,0,2,0,1,0,2,0,2,0,2,0
4839,0,0,0,0,0,0,0,0,0,0,0,0,0,0,0,0,0,0,0,0,0,2
4840,0,1,0,1,0,1,0,0,0,1,0,0,0,2,0,0,0,0,0,1,0,1
4841,0,0,0,0,0,0,0,0,0,0,0,0,0,0,0,0,0,0,1,0,0,0
4842,1,1,1,1,1,1,0,1,1,1,1,1,1,1,1,1,1,1,1,1,1,0
4843,0,2,0,0,0,0,0,0,0,1,0,0,0,0,0,0,0,0,0,2,0,0
4844,0,0,0,0,0,0,0,0,1,0,1,0,1,0,0,0,1,0,1,0,1,0
4845,1,1,1,1,1,1,1,1,1,1,1,0,1,1,1,0,1,1,1,0,1,2
4846,2,2,2,2,2,2,2,2,2,2,2,2,2,2,0,0,2,2,2,2,2,0
4847,0,0,0,0,0,0,0,0,0,0,0,0,0,0,0,0,0,0,0,0,0,0
4848,0,0,0,0,0,0,0,0,0,0,0,0,0,0,0,0,0,0,0,0,0,0
4849,2,2,2,2,2,2,2,2,2,2,2,2,2,2,2,2,2,2,2,2,2,0
4850,1,1,1,1,1,1,1,1,1,1,0,0,1,1,0,0,1,1,1,1,1,0
4851,0,0,2,0,0,0,0,0,0,0,0,0,0,0,0,0,0,0,0,0,0,1
4852,0,0,0,0,0,0,0,0,0,0,0,0,0,0,0,0,0,0,0,0,0,0
4853,1,1,1,1,1,1,1,1,1,1,1,1,1,1,1,1,1,1,1,1,1,1
4854,1,1,1,1,1,1,1,0,1,1,1,0,1,1,0,0,1,0,1,1,1,1
4855,1,2,1,2,1,1,1,1,2,2,1,2,0,1,1,1,2,2,2,2,0,0
4856,0,0,0,0,0,0,0,0,0,0,0,0,0,0,0,0,0,0,0,0,0,0
4857,0,2,0,0,0,2,0,2,0,2,0,0,0,0,0,0,0,0,0,0,0,2
4858,2,2,2,2,2,2,2,2,2,2,2,2,2,2,0,2,2,2,2,2,2,2
4859,0,1,0,0,0,0,0,0,0,2,0,0,0,0,0,0,0,0,0,0,0,0
4860,0,0,1,1,0,0,0,0,0,0,0,0,0,0,1,1,0,0,1,1,0,1
4861,0,0,0,0,0,0,0,0,0,0,0,0,0,0,0,0,0,0,0,0,0,0
4862,0,0,0,0,0,0,0,0,0,0,0,0,0,0,0,0,0,0,0,0,0,0
4863,0,0,0,0,0,0,0,0,0,0,0,0,0,0,0,0,0,1,0,2,0,0
4864,1,2,1,1,1,2,1,0,1,1,1,0,1,0,1,0,1,0,1,0,1,0
4865,0,2,0,1,1,2,0,1,0,1,0,2,1,1,1,0,0,1,0,2,1,0
4866,0,0,0,0,0,0,0,0,0,0,0,0,0,0,0,0,0,0,0,0,0,2
4867,2,2,1,1,1,2,1,0,1,2,1,0,1,0,1,0,2,0,2,2,1,0
4868,0,0,0,0,0,0,0,0,0,0,0,0,0,0,0,0,0,0,0,0,0,2
4869,1,1,1,1,1,1,1,1,1,1,1,1,1,1,1,1,1,1,1,1,1,1
4870,0,1,0,1,0,1,0,1,0,1,0,1,0,1,0,0,0,1,0,1,0,2
4871,0,0,0,0,0,0,0,0,0,0,0,0,0,0,0,0,0,0,0,0,0,0
4872,0,0,0,0,0,0,0,0,0,0,0,0,0,0,0,0,0,0,0,0,0,0
4873,0,0,0,0,0,0,0,0,0,0,0,0,0,0,0,0,0,0,0,0,0,0
4874,1,1,1,1,1,1,0,0,1,1,1,1,1,1,1,0,1,1,0,0,1,0
4875,0,0,0,0,2,0,0,0,0,0,0,0,0,0,0,0,0,0,0,0,0,0
4876,0,0,1,1,0,0,0,0,1,1,1,1,1,1,0,0,0,0,0,0,1,0
4877,0,0,1,1,0,1,0,0,1,1,1,0,1,1,0,0,1,0,0,0,1,0
4878,2,2,2,1,2,2,2,1,2,1,2,2,2,2,0,0,2,2,2,2,2,0
4879,0,1,0,1,0,0,0,0,1,1,1,2,0,0,0,0,0,0,0,2,0,0
4880,1,1,1,1,1,1,0,1,1,1,1,1,1,1,1,1,1,1,1,1,1,1
4881,0,0,0,0,0,0,0,0,0,0,0,0,0,0,0,0,0,0,0,0,0,0
4882,1,1,1,1,0,0,1,1,1,1,0,0,1,1,0,0,0,0,0,0,1,0
4883,0,0,0,0,0,0,0,0,0,0,0,0,0,0,0,0,0,0,0,0,0,0
4884,1,0,1,1,0,0,0,0,0,0,0,0,1,1,0,0,0,0,1,0,1,0
4885,0,0,0,0,0,0,0,0,0,0,0,0,1,0,0,0,0,0,2,2,1,0
4886,1,0,0,0,0,0,0,0,0,0,0,0,0,0,0,0,0,0,0,0,0,0
4887,0,0,0,0,0,0,0,0,0,0,0,0,0,0,0,0,0,0,1,0,0,0
4888,1,1,1,1,1,1,1,1,1,1,0,0,0,0,0,0,0,0,0,0,0,0
4889,0,0,0,0,0,0,0,0,2,0,0,0,0,0,0,0,0,0,0,0,0,0
4890,2,0,1,0,1,0,0,0,1,0,1,0,1,0,0,0,1,0,0,0,1,2
4891,2,0,2,0,2,0,2,0,2,0,2,0,2,0,2,0,2,0,2,0,2,0
4892,1,1,1,1,1,0,1,0,1,1,1,2,1,1,0,0,1,2,1,1,1,0
4893,0,0,0,0,0,0,0,0,0,0,0,0,0,0,0,0,0,0,0,0,0,0
4894,0,0,0,0,0,0,0,0,0,0,0,0,1,0,0,0,0,0,1,0,1,0
4895,1,0,0,0,0,0,0,1,1,0,1,1,1,1,0,0,1,0,1,1,1,0
4896,0,0,0,0,0,0,0,0,0,0,0,0,0,0,0,0,0,0,0,0,0,0
4897,0,0,0,0,0,0,0,0,0,0,0,0,0,0,0,0,0,0,0,0,0,1
4898,0,0,0,0,0,0,0,0,0,0,0,0,0,0,0,0,0,0,0,0,0,0
4899,2,0,1,0,2,0,1,0,2,0,1,0,2,1,1,0,2,0,1,1,2,0
4900,2,2,2,2,2,2,2,2,2,2,2,2,2,2,2,0,2,2,2,2,2,1
4901,2,2,2,2,2,2,2,2,2,2,2,2,2,2,2,2,2,2,2,2,2,2
4902,0,0,0,0,0,0,0,0,0,0,0,0,0,0,0,0,0,0,0,0,2,2
4903,0,0,0,0,0,0,0,0,0,0,0,0,0,0,0,0,0,0,0,0,0,0
4904,1,0,1,0,1,0,1,0,1,0,0,0,0,0,0,0,0,0,1,0,0,0
4905,2,0,0,0,2,0,0,0,0,0,0,0,0,0,0,0,0,0,0,0,0,0
4906,0,0,0,0,0,0,0,0,0,0,0,0,0,0,0,0,0,0,0,0,0,0
4907,2,0,2,0,2,0,2,1,2,0,2,0,2,0,2,0,2,0,2,0,2,1
4908,2,2,2,2,1,1,0,2,2,2,2,2,2,2,2,2,2,2,2,2,2,2
4909,0,0,0,0,0,0,0,0,0,0,0,0,0,0,0,0,0,0,0,0,0,0
4910,1,1,1,1,0,0,1,1,1,1,0,0,0,1,0,0,0,1,0,1,0,0
4911,2,2,2,2,2,2,2,2,2,2,2,2,2,2,2,2,2,2,2,2,2,2
4912,0,0,0,0,0,0,0,0,0,0,0,0,0,0,0,0,0,0,0,0,0,0
4913,0,0,0,0,0,0,0,0,0,0,0,0,0,0,0,0,0,0,0,0,0,0
4914,0,0,0,0,0,0,0,0,0,0,0,0,0,0,0,0,0,0,0,0,0,0
4915,0,0,0,0,0,0,0,0,0,0,0,0,0,0,0,0,0,0,0,0,0,0
4916,1,1,1,0,1,0,0,0,1,1,1,1,1,0,0,0,1,0,1,0,1,0
4917,1,1,1,0,1,0,0,0,1,1,1,0,1,0,0,0,1,0,1,0,1,0
4918,0,0,0,0,0,0,0,0,0,0,0,0,0,0,0,0,0,0,0,2,0,0
4919,2,2,2,2,2,2,2,2,2,2,2,2,1,2,2,0,2,2,2,2,1,1
4920,0,0,0,0,0,0,0,0,1,0,0,0,1,0,0,0,0,0,1,0,1,1
4921,1,2,0,2,1,2,0,2,0,2,0,2,1,1,1,1,0,2,1,2,1,1
4922,1,1,1,1,1,1,0,0,1,1,0,0,0,0,0,0,0,0,1,1,0,0
4923,0,0,0,0,0,0,0,0,0,0,0,0,0,0,0,0,0,0,0,0,0,0
4924,0,0,0,0,0,0,0,0,0,0,0,0,0,0,0,0,0,0,0,0,0,0
4925,1,1,1,1,1,1,0,0,1,1,1,1,1,0,0,0,0,1,1,1,1,1
4926,1,0,1,0,1,0,1,0,1,1,1,0,1,0,1,0,1,0,1,0,1,0
4927,0,0,0,0,0,0,0,0,0,0,0,0,0,0,0,0,0,0,0,0,0,0
4928,0,0,0,0,0,0,0,0,0,0,0,0,0,0,0,0,1,0,0,0,0,0
4929,0,0,1,1,1,1,0,0,0,0,0,0,1,1,1,1,0,0,0,0,1,0
4930,0,0,0,0,0,0,0,0,0,0,0,0,0,0,0,0,0,0,0,0,0,0
4931,2,2,2,2,2,2,2,2,2,2,2,2,2,2,2,2,2,2,2,2,2,2
4932,0,0,0,0,0,0,0,0,0,0,0,0,0,0,0,0,0,0,0,0,0,0
4933,0,0,0,0,0,0,0,0,0,0,0,0,0,0,0,0,0,0,0,0,0,0
4934,2,1,1,0,2,0,2,1,2,1,2,2,2,0,2,0,2,2,2,1,2,2
4935,0,0,0,0,0,0,0,0,0,0,0,0,0,0,0,0,0,0,0,0,0,1
4936,0,0,0,0,0,0,0,0,0,0,0,0,0,0,0,0,0,0,0,0,0,0
4937,2,2,2,2,2,2,2,2,2,2,2,2,2,2,2,2,2,2,2,2,2,2
4938,0,0,1,0,0,0,0,0,1,0,1,0,1,0,0,0,0,0,1,0,1,0
4939,2,2,2,2,1,2,1,2,1,2,2,2,1,2,2,2,2,2,2,2,1,1
4940,0,0,0,0,0,0,0,0,0,0,0,0,0,0,0,0,0,0,0,0,0,2
4941,0,0,0,0,0,0,0,0,0,0,0,0,0,0,0,0,0,0,0,0,0,0
4942,0,2,0,2,0,2,0,2,0,2,0,2,0,2,0,2,0,2,0,2,0,0
4943,2,2,1,1,2,2,2,2,1,2,2,1,1,2,2,2,1,1,2,2,1,0
4944,1,1,1,1,1,1,0,0,0,0,0,0,0,0,0,0,0,0,0,0,0,0
4945,0,0,0,0,0,0,0,0,0,1,0,0,0,0,0,0,0,0,0,0,0,0
4946,0,1,1,1,0,1,0,2,0,1,0,1,0,2,0,0,0,2,1,1,0,0
4947,0,1,0,1,1,1,0,1,0,1,0,0,0,1,0,1,0,1,1,1,0,2
4948,0,1,0,0,0,1,0,0,0,0,0,1,0,0,0,0,0,0,0,1,0,2
4949,1,0,1,0,1,0,1,0,1,0,1,0,0,2,2,0,2,0,2,0,0,2
4950,1,0,1,0,1,1,1,0,1,0,1,0,1,0,1,0,1,0,1,0,1,0
4951,0,1,0,1,1,1,0,0,1,1,1,1,1,1,0,0,1,1,1,1,1,0
4952,1,1,1,1,0,1,1,1,1,1,1,0,1,0,1,0,1,1,1,1,1,1
4953,0,0,1,0,1,0,0,0,1,0,1,0,0,0,0,0,0,0,0,0,0,0
4954,0,0,0,0,0,0,0,0,0,0,0,0,0,0,0,0,0,0,0,0,0,0
4955,0,0,0,0,0,0,0,0,0,0,0,0,0,0,2,0,2,0,0,0,0,0
4956,0,2,0,2,0,2,0,2,0,2,0,2,0,2,0,0,0,2,0,2,0,0
4957,0,0,0,0,0,0,0,0,0,0,0,0,0,0,0,0,0,0,0,0,0,0
4958,0,0,0,0,0,0,0,0,0,0,0,0,0,0,0,0,0,0,0,0,0,0
4959,1,0,1,0,1,0,0,0,1,0,1,1,1,0,0,0,1,0,1,1,1,1
4960,1,1,1,1,1,2,0,2,1,1,1,2,0,0,0,2,0,2,1,2,0,0
4961,1,1,1,1,1,1,1,1,1,1,1,1,1,1,1,1,1,1,1,1,1,0
4962,2,1,2,1,2,1,1,1,2,1,2,2,1,1,1,1,2,2,2,1,1,1
4963,2,0,2,0,2,1,2,0,2,0,2,0,2,0,2,0,2,0,2,0,2,0
4964,0,0,0,0,0,0,0,0,2,2,2,2,0,0,0,0,2,2,2,2,0,2
4965,1,1,1,1,1,1,1,1,2,1,1,1,1,1,2,0,1,1,1,0,1,1
4966,0,0,1,1,0,1,0,0,1,1,0,0,1,1,0,0,1,1,0,0,1,0
4967,0,0,0,0,0,0,0,0,0,0,0,0,0,0,0,0,0,0,0,0,0,0
4968,0,0,0,0,0,0,0,0,0,0,0,0,0,0,0,0,0,0,0,0,0,0
4969,0,0,0,0,0,0,0,0,0,0,0,0,0,0,0,0,0,0,0,0,0,0
4970,2,0,2,0,2,0,2,0,2,0,2,0,2,0,0,0,2,0,1,0,2,0
4971,2,0,0,0,0,0,2,0,0,1,0,0,0,0,0,0,2,0,2,0,0,0
4972,0,0,0,0,0,0,0,0,0,0,0,0,0,0,0,0,0,0,0,0,0,0
4973,0,0,0,0,0,0,0,0,0,0,0,0,0,0,0,0,0,0,0,0,0,0
4974,2,2,2,0,2,2,2,2,2,2,2,2,2,2,2,2,2,2,2,2,2,0
4975,0,0,0,0,0,0,0,0,0,0,0,0,0,0,0,0,0,0,0,0,0,2
4976,2,2,2,2,2,2,0,0,2,2,2,0,2,2,2,2,2,2,2,2,2,0
4977,0,0,0,0,0,0,0,0,0,0,0,0,1,0,0,0,0,0,0,0,1,2
4978,2,0,2,0,2,0,0,0,1,0,0,0,1,0,0,0,0,0,0,0,1,0
4979,2,2,0,1,2,2,1,1,2,1,2,1,2,1,2,1,2,2,2,1,2,2
4980,0,0,0,0,0,0,0,0,1,0,0,0,1,0,0,0,0,0,1,1,1,0
4981,0,1,0,0,0,0,0,0,0,1,0,0,0,1,0,0,0,1,0,0,0,0
4982,0,0,0,0,0,0,0,0,0,0,0,0,1,0,0,0,0,0,0,0,1,0
4983,0,0,0,0,0,0,0,0,0,0,0,0,0,0,0,0,0,0,0,0,0,0
4984,0,0,1,0,0,0,0,0,0,0,0,0,0,0,0,0,1,0,0,0,0,0
4985,2,2,2,2,2,2,2,2,2,2,0,0,0,0,0,0,0,0,2,2,0,0
4986,0,0,0,0,0,0,0,0,0,1,0,0,0,0,0,0,0,0,0,0,0,0
4987,0,0,0,0,0,0,0,0,0,0,0,0,0,0,0,0,0,0,0,0,0,0
4988,2,2,2,0,2,2,2,0,2,2,2,2,2,2,2,0,2,2,2,2,2,2
4989,2,0,2,0,2,0,2,0,2,0,2,0,2,0,2,0,2,0,2,0,2,1
4990,2,0,2,0,2,0,2,0,2,0,0,0,2,0,0,0,1,0,2,0,2,0
4991,2,2,2,2,2,2,2,2,2,2,2,2,2,2,2,2,2,2,2,2,2,0
4992,0,0,0,0,0,0,0,0,0,0,0,0,0,0,0,0,0,0,0,0,0,0
4993,1,1,0,0,1,1,0,0,0,0,0,0,0,0,0,0,0,0,0,0,0,0
4994,0,0,0,0,0,0,0,0,0,0,0,0,0,0,0,0,0,0,0,0,0,0
4995,0,0,1,1,1,0,0,0,1,1,1,0,0,0,1,1,1,1,1,1,0,2
4996,1,1,1,1,0,1,1,1,1,1,1,1,1,1,0,0,1,1,2,2,1,1
4997,2,2,2,2,2,2,2,2,2,2,2,2,2,2,2,2,2,2,2,2,2,0
4998,0,0,0,0,0,0,0,0,0,0,0,0,0,0,0,0,0,0,0,0,0,0
4999,0,0,0,0,0,0,0,0,0,0,0,0,0,0,0,0,0,0,0,0,0,0
5000,1,2,0,2,1,2,0,2,1,2,0,2,0,2,0,2,0,2,2,2,0,0
5001,0,0,1,0,0,0,2,0,0,0,0,0,1,0,0,0,0,0,2,0,1,0
5002,0,0,0,0,0,0,0,0,0,0,0,0,0,0,0,0,0,2,0,2,0,0
5003,0,0,0,0,0,0,0,0,0,0,0,0,0,0,0,0,0,0,0,0,0,0
5004,1,0,1,0,1,1,1,0,1,0,1,1,1,0,1,1,1,0,1,0,1,0
5005,1,1,2,2,2,2,2,2,2,2,2,2,2,2,1,1,2,1,1,1,2,1
5006,0,0,0,0,0,0,0,0,0,0,0,0,0,0,0,0,0,0,0,0,0,0
5007,1,0,2,0,2,2,2,0,2,0,2,2,2,2,2,2,2,2,1,1,2,0
5008,0,2,0,2,0,2,0,2,0,2,0,2,0,2,0,2,0,2,0,2,0,2
5009,0,1,1,1,1,1,1,0,0,1,0,1,1,1,0,1,1,1,1,1,1,0
5010,0,0,0,1,0,0,0,0,1,1,0,0,0,1,0,0,0,0,0,0,0,0
5011,1,0,1,0,1,0,1,0,1,0,1,0,1,0,1,0,1,0,1,0,1,1
5012,2,2,2,2,2,2,2,2,2,2,2,2,2,2,2,2,2,2,2,2,2,0
5013,2,0,2,0,2,0,2,0,2,0,2,0,2,0,2,0,2,0,2,0,2,0
5014,0,0,0,0,0,0,0,0,0,0,0,0,0,0,0,0,0,0,0,0,0,0
5015,0,0,0,0,0,0,0,0,0,0,0,0,0,0,0,0,0,0,0,0,0,0
5016,0,2,0,1,1,2,0,1,0,2,0,0,0,0,0,0,0,1,0,0,0,2
5017,2,2,2,2,2,2,2,2,2,2,2,2,2,2,0,2,2,2,2,2,2,0
5018,1,0,2,0,1,0,1,0,1,0,2,0,1,0,1,0,1,0,1,0,1,0
5019,0,1,0,1,0,1,0,1,0,2,0,2,0,1,0,2,0,2,0,2,0,2
5020,0,2,0,2,0,2,0,2,0,2,0,2,0,2,0,2,0,2,0,2,0,0
5021,1,1,1,1,1,1,1,1,1,1,1,1,1,1,1,1,1,1,1,1,1,2
5022,0,0,0,0,0,0,0,0,0,0,0,0,0,0,0,0,0,0,0,0,0,0
5023,0,0,0,0,0,0,0,0,0,0,0,0,0,0,0,0,0,0,0,0,0,2
5024,2,2,2,2,2,2,2,2,2,2,2,2,2,2,2,2,2,2,2,2,2,2
5025,0,0,0,0,0,0,0,0,0,1,0,0,0,0,0,0,0,0,0,0,0,0
5026,0,0,0,0,0,0,0,0,0,0,0,0,0,0,0,0,0,0,0,0,0,2
5027,0,0,0,0,0,0,0,0,0,0,0,0,0,0,0,0,0,0,0,0,0,0
5028,0,0,0,0,0,0,0,0,0,1,0,0,0,0,0,0,0,0,0,0,0,0
5029,0,0,0,0,0,0,0,0,0,0,0,0,0,0,0,0,0,0,0,0,0,0
5030,0,0,0,0,0,0,0,0,0,0,0,0,0,0,0,0,0,0,0,0,0,0
5031,1,1,1,1,1,1,0,0,1,1,1,1,1,1,0,0,1,1,1,1,1,2
5032,2,2,1,2,1,2,1,1,2,2,2,2,1,2,2,2,2,2,1,1,1,0
5033,2,2,1,1,1,0,1,0,1,2,2,2,1,1,2,0,1,2,1,1,1,2
5034,0,0,0,0,0,0,0,0,0,0,0,0,0,0,0,0,0,0,0,0,0,2
5035,0,0,0,0,0,0,0,0,0,0,0,0,0,0,0,0,0,0,0,0,0,2
5036,1,2,0,1,0,1,0,1,1,1,1,1,0,1,0,0,0,0,2,1,0,0
5037,0,1,1,1,0,1,0,1,0,1,0,1,0,1,0,1,0,1,0,1,0,1
5038,0,0,1,1,0,0,0,0,0,0,0,0,1,1,1,1,0,0,1,1,1,0
5039,2,2,2,2,2,2,2,2,2,2,2,2,2,2,2,2,2,2,2,2,2,0
5040,0,0,0,0,0,0,0,0,0,0,0,0,0,0,0,0,0,0,0,0,0,0
5041,1,1,0,1,1,1,0,1,1,2,0,1,0,1,0,2,0,2,1,1,0,1
5042,0,0,1,0,0,0,0,0,1,1,0,0,1,0,0,0,0,0,1,0,1,0
5043,2,2,2,0,0,2,0,0,2,0,2,0,2,0,2,0,2,0,2,2,2,0
5044,0,0,0,0,0,0,0,0,0,0,0,0,0,0,0,0,0,0,0,0,0,2
5045,2,2,2,2,2,2,2,2,2,2,2,2,2,2,2,2,2,2,2,2,2,2
5046,1,0,1,0,1,1,1,0,1,1,1,0,1,2,1,0,1,0,1,1,1,2
5047,1,1,1,1,1,1,0,1,1,1,0,0,0,0,0,0,1,0,1,0,0,1
5048,2,1,1,1,2,1,2,1,2,1,2,1,1,1,1,1,2,1,2,1,1,0
5049,0,0,0,0,0,0,0,0,0,0,0,0,1,0,0,0,0,0,0,0,1,0
5050,2,2,2,2,2,2,2,2,2,2,2,2,2,2,2,2,2,2,2,2,2,2
5051,2,2,2,2,2,2,2,1,2,1,2,2,2,2,0,0,2,2,2,2,2,2
5052,0,0,0,0,0,0,0,0,0,0,0,0,0,0,0,0,0,0,0,0,0,0
5053,1,1,1,1,1,1,1,1,1,1,1,1,1,1,0,0,1,1,1,1,1,1
5054,1,1,1,1,1,1,1,1,1,1,1,1,1,1,0,1,1,1,1,1,1,0
5055,0,0,0,0,0,0,0,0,1,0,0,0,0,0,0,0,0,0,1,0,0,0
5056,0,0,0,0,0,0,0,0,0,0,0,0,0,0,0,0,0,0,0,0,0,0
5057,0,0,0,0,0,0,0,0,0,0,0,0,0,0,0,0,0,0,0,0,0,0
5058,0,0,0,0,0,0,0,0,0,0,0,0,0,0,0,0,0,0,0,1,0,1
5059,0,1,1,1,0,1,0,1,1,1,1,1,1,1,0,0,2,2,1,1,1,2
5060,1,1,1,1,2,1,0,1,2,1,2,1,1,1,1,1,1,1,1,1,1,1
5061,0,0,0,0,0,0,0,0,0,0,0,0,0,0,0,0,0,0,0,0,0,0
5062,1,0,1,0,1,0,2,0,1,0,1,0,1,0,2,0,1,0,1,0,1,0
5063,0,0,0,0,0,0,0,0,0,0,0,0,0,0,0,0,0,0,0,0,0,1
5064,0,0,0,0,0,0,0,0,1,1,0,0,0,0,0,0,0,0,0,0,0,0
5065,2,2,2,2,2,2,2,2,2,2,2,2,2,2,2,2,2,2,2,2,2,2
5066,1,0,1,0,1,0,1,0,1,0,1,0,1,0,1,0,1,0,1,0,1,0
5067,0,0,0,0,0,0,0,0,0,0,0,0,0,0,0,0,0,0,0,0,0,0
5068,0,0,0,0,0,0,0,0,0,0,0,0,0,0,0,0,0,0,0,0,0,0
5069,0,0,0,0,0,0,0,0,0,1,0,0,0,0,0,0,0,0,0,0,0,0
5070,1,1,0,1,1,1,1,0,1,1,0,0,0,0,0,0,0,0,0,0,0,1
5071,0,0,0,0,0,0,0,0,0,0,0,0,0,0,0,0,0,0,0,0,0,2
5072,0,0,0,0,0,0,0,0,0,0,0,0,0,0,0,0,0,0,0,0,0,0
5073,1,0,1,0,1,0,1,0,1,0,1,0,1,0,1,0,1,0,1,0,1,0
5074,0,0,0,0,0,0,0,0,0,0,0,0,0,0,0,0,0,0,0,0,0,0
5075,1,1,1,1,1,0,1,0,1,1,1,1,1,1,1,0,1,1,1,1,1,0
5076,0,0,1,1,2,0,0,0,1,0,0,0,0,0,0,0,0,0,1,0,0,0
5077,0,0,0,0,0,0,0,0,0,0,0,0,0,0,0,0,0,0,0,0,0,1
5078,0,0,0,0,0,0,0,0,1,0,1,1,1,1,0,0,0,1,1,1,1,1
5079,1,1,1,1,1,1,1,1,1,1,1,1,1,1,1,1,1,1,1,1,1,1
5080,2,2,2,2,2,1,2,1,2,1,2,1,2,2,0,1,2,2,2,2,2,0
5081,0,0,0,0,0,1,0,0,0,1,0,1,0,0,0,0,0,0,0,0,0,0
5082,1,2,0,0,1,2,0,0,2,2,2,0,0,0,0,0,2,0,2,2,0,0
5083,2,2,2,1,2,1,2,1,2,1,2,2,2,1,0,0,2,2,2,2,2,0
5084,0,0,0,0,0,0,0,0,0,0,0,0,0,0,0,0,0,0,0,0,0,0
5085,1,1,1,1,1,1,0,0,0,0,0,0,1,1,0,0,0,0,0,0,1,2
5086,0,0,0,0,0,0,0,0,0,0,0,0,0,0,0,0,0,0,0,0,0,0
5087,0,0,0,0,0,0,0,0,1,0,0,0,0,0,0,0,0,0,0,0,0,2
5088,0,0,0,0,0,0,0,0,0,0,0,0,0,0,0,0,0,0,0,0,0,0
5089,1,1,1,1,1,1,1,1,1,1,0,1,1,1,1,1,1,1,1,1,1,0
5090,2,2,2,2,1,1,2,2,2,2,2,1,2,2,0,0,2,2,2,1,2,0
5091,2,2,2,2,2,2,2,2,2,2,2,0,2,2,2,1,2,1,1,0,2,0
5092,2,2,1,2,2,2,0,0,0,2,2,2,0,2,2,2,0,2,2,2,0,0
5093,0,0,0,0,0,0,0,0,0,0,0,0,0,0,0,0,0,0,0,0,0,1
5094,0,0,0,0,0,0,0,0,0,0,0,0,0,0,0,0,0,0,0,0,0,2
5095,0,2,0,2,0,0,0,0,0,0,0,0,0,0,0,0,0,0,0,0,0,0
5096,0,0,0,0,0,0,0,0,0,0,0,0,0,0,0,0,0,0,0,0,0,2
5097,0,0,0,1,0,0,0,0,1,1,1,1,0,1,0,0,1,1,1,1,0,2
5098,1,1,1,1,1,1,1,1,1,1,1,1,1,1,1,1,1,1,1,1,1,1
5099,1,1,1,1,1,1,0,0,1,1,1,1,1,1,0,1,1,1,1,1,1,1
5100,0,0,0,0,0,1,0,0,0,1,0,0,0,0,0,0,0,0,1,0,0,0
5101,1,1,1,1,1,1,0,0,0,0,1,1,1,1,0,0,1,1,0,0,1,0
5102,1,2,0,1,1,2,1,1,1,2,0,2,0,2,0,2,0,2,0,2,0,2
5103,0,0,0,0,0,0,0,0,0,0,0,0,0,0,0,0,0,0,0,0,0,0
5104,1,0,1,1,1,1,1,0,1,1,1,1,1,0,1,1,1,1,1,0,1,0
5105,0,0,0,0,0,0,0,0,0,1,0,0,0,0,0,0,0,0,1,1,0,0
5106,0,1,1,1,1,1,0,1,1,1,1,1,1,1,1,1,0,1,1,1,1,0
5107,1,1,1,1,1,1,1,1,1,1,1,1,1,1,1,0,1,1,1,1,1,0
5108,1,0,1,1,1,0,1,0,1,1,1,0,1,1,1,1,1,1,1,1,1,2
5109,0,0,0,0,0,0,0,0,0,0,0,0,0,0,0,0,0,0,0,0,0,0
5110,2,1,1,1,1,1,0,1,1,1,1,1,1,1,1,1,1,1,1,1,1,0
5111,1,1,1,1,1,1,1,1,1,1,1,1,1,1,1,1,1,2,1,2,1,2
5112,0,0,0,0,0,0,0,0,0,0,0,0,0,0,0,0,0,0,0,0,0,0
5113,1,1,1,1,1,1,1,1,1,1,1,1,1,1,1,0,1,1,1,1,1,2
5114,1,1,1,0,0,1,0,0,1,0,0,0,1,0,0,0,0,0,1,1,1,0
5115,0,1,1,1,1,1,0,1,0,1,1,2,1,1,1,0,1,1,0,1,1,2
5116,0,0,0,0,0,0,0,0,0,0,0,0,0,0,0,0,0,0,0,0,0,1
5117,1,1,0,1,0,0,0,1,0,1,0,1,1,1,0,1,0,1,1,1,1,1
5118,0,0,0,0,0,0,0,0,0,0,0,0,0,0,0,0,0,0,0,0,0,0
5119,2,0,2,0,2,0,2,0,2,0,2,0,2,0,2,0,2,0,2,0,2,2
5120,1,1,1,1,1,1,0,1,1,1,0,0,1,1,0,0,0,0,1,1,1,0
5121,0,1,0,2,0,2,0,1,2,2,0,0,0,0,0,2,2,2,0,0,0,0
5122,2,2,2,2,2,2,2,2,2,2,2,2,2,2,2,2,2,2,2,2,2,0
5123,1,2,1,0,1,1,0,0,1,1,0,0,0,0,0,0,0,0,1,0,0,0
5124,1,0,1,1,1,0,1,0,1,1,1,0,1,1,1,0,1,1,1,1,1,2
5125,2,0,2,1,2,1,2,2,2,1,2,0,2,1,2,0,2,1,2,2,2,0
5126,0,0,0,0,0,0,0,0,0,0,0,0,0,0,0,0,0,0,0,0,0,0
5127,0,0,0,0,0,0,0,0,0,0,0,0,0,0,0,0,0,0,0,0,0,0
5128,0,1,0,0,0,0,0,0,0,0,0,0,0,1,0,0,0,1,0,1,0,0
5129,0,0,0,0,0,0,0,0,0,0,0,0,0,0,0,0,0,0,0,0,0,2
5130,1,1,1,0,1,1,0,0,1,1,0,0,1,0,0,0,0,0,1,0,1,0
5131,0,0,1,0,0,0,0,0,0,0,0,0,1,0,0,0,0,0,0,0,1,1
5132,1,1,0,0,0,0,0,0,1,1,1,1,1,1,1,1,1,1,1,1,1,0
5133,0,0,0,0,0,0,0,0,0,0,0,0,0,0,0,0,0,0,0,0,0,2
5134,0,1,0,1,0,1,0,1,0,1,0,0,0,1,0,0,0,2,1,1,0,0
5135,0,0,0,0,0,0,0,0,0,0,0,0,0,0,0,0,0,0,0,0,0,0
5136,0,2,0,0,0,0,0,0,0,0,0,2,0,0,0,0,0,0,2,2,0,2
5137,0,0,0,0,0,0,0,0,0,0,0,0,0,0,0,0,0,0,0,0,0,2
5138,0,2,0,0,2,2,1,1,2,2,0,2,2,2,0,0,0,2,2,2,2,2
5139,0,0,0,0,0,0,0,0,0,0,0,0,0,0,0,0,0,0,0,0,0,0
5140,1,1,1,1,1,1,0,0,1,1,1,1,1,1,0,1,1,1,1,1,1,1
5141,2,2,2,2,2,2,2,2,2,2,2,0,2,2,2,0,2,2,2,2,2,0
5142,0,0,0,0,0,0,0,0,0,0,0,0,0,0,0,0,0,0,0,0,0,0
5143,0,0,0,0,0,0,0,0,0,0,0,0,0,0,0,0,0,0,0,0,0,0
5144,0,0,0,0,0,0,0,0,0,0,0,0,0,0,0,0,0,0,0,2,0,0
5145,0,0,0,0,0,0,0,0,0,0,0,0,0,0,0,0,0,0,0,0,0,0
5146,0,2,0,0,0,0,0,0,0,0,0,0,0,0,0,0,0,0,0,0,0,0
5147,2,2,2,2,2,2,2,2,2,2,2,2,2,2,2,2,2,2,2,2,2,2
5148,0,0,0,0,0,0,0,0,0,0,0,0,0,0,0,0,0,0,0,0,0,1
5149,1,2,0,0,0,2,0,0,1,2,0,0,0,0,0,0,0,0,1,0,0,2
5150,0,0,0,0,0,0,0,0,0,0,0,0,0,0,0,0,0,0,0,0,0,0
5151,0,0,1,0,0,0,0,0,0,0,0,0,1,0,0,0,1,0,1,0,1,0
5152,1,0,1,0,1,0,1,0,1,0,1,0,1,0,1,0,1,0,0,0,1,2
5153,1,1,1,1,1,1,1,1,1,1,1,1,1,1,1,1,1,1,1,1,1,1
5154,1,1,1,1,1,1,1,1,1,1,0,1,0,1,1,1,1,1,1,1,0,2
5155,2,2,2,2,2,2,0,2,2,2,2,2,2,2,0,0,2,2,2,2,2,0
5156,1,0,1,1,1,0,1,0,1,0,1,0,1,1,1,0,1,1,1,1,1,1
5157,0,0,1,1,1,1,0,0,1,1,1,1,1,1,0,0,1,1,1,1,1,0
5158,0,1,1,1,0,0,0,0,1,1,1,1,0,1,0,0,1,1,1,1,0,1
5159,0,0,1,1,0,0,0,0,0,0,0,0,1,0,0,0,0,0,0,0,1,0
5160,2,2,2,2,2,2,2,2,2,2,2,2,2,2,2,2,2,2,2,2,2,2
5161,0,1,0,1,0,1,0,0,0,1,0,0,1,1,0,1,0,1,0,1,1,1
5162,0,0,0,0,0,0,0,0,0,0,0,1,0,0,0,0,0,0,0,0,0,2
5163,1,1,1,1,1,1,1,1,1,1,2,1,0,0,0,1,2,2,1,1,0,2
5164,0,2,0,1,0,1,0,1,0,1,0,1,0,2,0,1,0,2,1,2,0,1
5165,1,1,1,1,1,1,0,1,1,1,1,1,1,1,0,0,1,1,0,0,1,0
5166,0,2,0,2,0,2,0,2,0,2,0,2,0,2,0,0,0,2,2,2,0,2
5167,0,0,0,0,0,0,0,0,0,0,0,0,0,0,0,0,0,0,0,0,0,0
5168,1,1,2,1,2,1,1,1,2,1,2,1,2,1,2,1,2,2,2,0,2,0
5169,2,2,2,2,2,2,2,2,2,2,2,2,2,2,2,2,2,2,2,2,2,2
5170,0,0,0,0,1,0,0,0,0,0,0,0,0,0,0,0,0,0,1,0,0,2
5171,1,1,1,1,1,1,1,0,2,0,2,1,0,1,1,1,1,1,1,1,0,2
5172,2,2,2,2,2,2,2,2,2,2,2,2,2,2,2,2,2,2,2,2,2,2
5173,0,0,0,0,0,0,0,0,0,0,0,0,0,0,0,0,0,0,0,0,0,0
5174,2,1,1,0,2,1,1,0,2,1,0,0,0,0,0,0,0,0,2,0,0,0
5175,0,0,0,0,0,0,0,0,0,0,0,0,0,0,0,0,0,0,0,0,0,2
5176,0,0,1,1,2,0,0,0,1,0,0,0,0,0,0,0,0,0,2,0,0,0
5177,2,2,0,0,0,0,2,0,1,0,0,0,0,0,0,0,1,0,2,0,0,2
5178,1,1,1,1,1,1,1,1,1,1,0,0,0,0,0,0,0,0,0,0,0,0
5179,0,0,2,2,2,2,2,2,2,2,2,2,2,2,0,0,2,2,0,0,2,0
5180,2,0,2,1,2,0,2,0,2,2,2,0,2,0,2,0,2,0,2,1,2,1
5181,0,0,0,1,0,1,0,0,1,0,1,1,1,1,0,0,1,1,1,1,1,0
5182,0,0,0,0,0,0,0,0,1,0,0,0,0,0,0,0,0,0,0,0,0,0
5183,0,0,0,0,0,0,0,0,0,0,0,0,1,0,0,0,0,0,0,0,1,0
5184,2,2,2,2,2,2,2,0,2,2,0,0,0,2,0,2,0,0,0,2,0,2
5185,0,0,1,1,0,0,0,0,0,0,0,2,0,2,0,2,0,0,0,2,0,2
5186,1,2,1,2,1,2,1,2,1,2,1,0,1,0,1,0,1,2,1,2,1,2
5187,0,2,0,1,0,2,0,1,0,1,0,2,0,2,0,2,0,2,0,2,0,0
5188,0,1,0,1,0,1,0,1,0,1,2,1,0,0,0,0,0,0,1,1,0,2
5189,1,0,1,1,1,1,0,0,1,1,1,1,1,1,1,0,1,1,1,1,1,0
5190,2,2,2,2,1,2,2,2,1,2,2,2,1,2,0,2,1,2,1,2,1,2
5191,0,0,1,1,0,0,0,0,0,0,0,0,0,0,0,0,0,0,1,1,0,2
5192,2,2,2,0,2,2,2,0,2,0,2,0,2,0,2,0,2,0,2,0,2,2
5193,0,0,0,0,0,0,0,0,0,0,0,0,0,0,0,0,0,0,0,0,0,0
5194,1,2,1,2,1,0,0,2,1,2,0,2,1,2,0,0,0,2,2,2,1,0
5195,0,1,0,1,0,1,0,1,0,1,0,1,0,1,0,1,0,0,0,0,0,0
5196,1,1,1,1,1,1,1,1,1,1,1,1,1,1,1,1,1,1,1,1,1,1
5197,1,1,1,0,1,1,1,1,1,0,1,0,0,0,1,0,1,0,1,0,0,0
5198,0,0,0,0,0,0,0,0,0,0,0,0,0,0,0,0,0,0,0,0,0,0
5199,0,0,0,0,0,0,0,0,0,1,0,0,0,0,0,0,0,0,0,0,0,0
5200,0,0,0,0,0,0,0,0,0,0,0,0,0,0,0,0,0,0,0,0,0,0
5201,0,0,0,0,0,0,0,0,0,0,0,0,0,0,0,0,0,0,0,0,0,0
5202,0,1,1,1,1,0,0,0,1,1,1,1,1,1,1,0,1,1,1,1,1,2
5203,0,0,0,0,0,0,0,0,0,0,0,0,0,0,0,0,0,0,0,0,0,0
5204,0,0,0,0,0,0,0,0,0,0,0,0,0,0,0,0,0,0,0,0,0,0
5205,2,2,2,2,1,2,1,2,1,2,1,2,2,2,1,2,2,2,1,2,2,2
5206,0,0,0,0,0,0,0,0,1,0,0,0,1,0,0,0,0,0,0,0,1,0
5207,0,1,1,1,0,1,1,1,0,1,0,1,1,1,1,1,1,1,1,1,1,0
5208,0,0,0,0,0,0,0,0,0,0,0,0,0,0,0,0,0,0,0,0,0,2
5209,0,0,0,0,0,0,0,0,0,0,0,0,0,0,0,0,0,0,0,0,0,0
5210,1,0,1,0,1,0,0,0,1,1,1,0,1,0,0,0,1,0,1,0,1,1
5211,0,2,0,0,0,0,0,0,0,0,0,0,0,0,0,0,0,0,0,0,0,0
5212,0,0,0,0,0,1,0,0,0,1,0,0,0,0,0,0,0,0,0,1,0,1
5213,0,0,0,0,0,0,0,0,0,0,0,0,0,0,0,0,0,0,0,0,0,2
5214,1,1,1,1,2,1,1,1,2,2,1,1,1,1,2,1,2,1,2,1,1,1
5215,0,1,0,1,0,1,0,1,0,1,0,0,0,0,0,0,0,2,0,1,0,0
5216,0,0,0,0,0,0,0,0,0,0,0,0,0,0,0,0,0,0,0,0,0,0
5217,0,2,0,1,0,1,0,2,0,1,0,2,0,1,0,0,0,2,0,2,0,2
5218,2,0,2,0,2,0,1,0,1,1,2,0,2,0,2,0,2,0,2,0,2,0
5219,1,0,1,0,1,0,0,0,1,0,1,0,1,0,0,0,0,0,1,0,1,1
5220,0,0,0,0,0,0,0,0,0,0,0,0,0,0,0,0,0,0,0,0,0,0
5221,0,0,0,0,0,0,0,0,0,0,0,0,0,0,0,0,0,0,0,0,0,0
5222,0,0,0,0,0,0,0,0,0,0,0,0,0,0,0,0,0,0,0,0,0,0
5223,0,0,0,0,0,0,0,0,1,0,1,0,1,0,0,0,1,0,1,0,1,0
5224,0,0,0,0,0,1,0,0,0,1,0,1,0,1,0,0,0,1,0,1,0,0
5225,1,0,1,0,1,0,0,0,1,0,1,0,1,1,1,0,1,0,1,0,1,0
5226,0,2,0,2,0,2,0,1,0,1,0,1,0,2,0,1,0,1,0,1,0,0
5227,0,2,0,2,0,2,0,2,0,2,0,2,0,2,0,2,0,2,0,2,0,0
5228,1,1,1,1,0,0,1,1,1,1,0,1,0,0,0,0,0,0,2,2,1,1
5229,0,0,0,0,0,0,0,0,0,0,0,0,0,0,0,0,0,0,0,0,0,0
5230,0,0,0,0,0,0,0,0,0,0,0,0,0,0,0,0,0,0,0,1,0,2
5231,2,2,1,0,2,0,0,0,2,0,0,0,0,0,0,0,0,0,2,2,0,0
5232,1,0,0,0,0,0,0,0,0,0,0,0,0,0,0,0,0,0,0,0,0,0
5233,0,0,0,0,0,0,0,0,0,0,0,0,0,0,0,0,0,0,0,0,0,2
5234,2,0,0,0,0,0,0,0,2,0,0,0,0,0,0,0,0,0,2,2,0,0
5235,0,0,0,0,0,0,0,0,0,0,0,0,0,0,0,0,0,0,0,0,0,0
5236,0,0,0,0,0,0,0,0,0,0,0,0,0,0,0,0,0,0,0,0,0,0
5237,0,0,1,0,0,0,0,0,0,0,0,0,0,0,0,0,0,0,0,0,0,2
5238,2,2,2,2,2,2,2,2,1,1,2,2,2,2,2,2,2,2,1,1,2,2
5239,0,0,0,0,0,0,0,0,0,0,0,0,0,0,0,0,0,0,0,0,0,0
5240,2,0,2,0,2,0,2,0,1,0,2,0,2,0,2,0,1,0,1,0,2,0
5241,1,1,1,1,1,1,1,1,1,1,1,0,1,0,1,0,1,0,1,1,1,2
5242,1,0,1,0,1,0,1,0,1,1,1,0,1,0,0,0,0,0,0,0,1,0
5243,2,1,2,1,2,1,0,1,1,1,2,0,1,1,0,0,0,1,2,1,1,0
5244,0,0,0,0,0,0,0,0,0,0,0,0,0,0,0,0,0,0,0,0,0,0
5245,0,2,0,2,0,2,0,2,0,2,0,2,0,2,0,2,0,0,0,2,0,2
5246,0,0,0,0,0,0,0,0,0,0,0,0,0,0,0,0,0,0,0,0,0,0
5247,0,0,0,0,0,0,0,0,0,0,0,0,0,0,0,0,0,0,0,0,0,0
5248,0,0,0,0,0,0,0,0,0,0,0,0,0,0,0,0,0,0,0,2,0,2
5249,0,0,1,1,1,1,1,1,1,1,1,1,1,1,0,0,2,2,1,1,1,1
5250,2,0,2,0,2,0,2,0,2,0,0,0,2,0,0,0,2,0,2,0,2,0
5251,0,0,0,0,0,0,0,0,0,0,0,0,0,0,0,0,0,0,0,0,0,1
5252,0,0,0,0,0,0,0,0,0,1,0,0,0,0,0,0,0,0,0,0,0,0
5253,2,0,2,0,2,1,0,0,2,1,2,1,2,1,2,0,2,0,2,1,2,1
5254,2,2,2,1,2,2,1,1,2,1,0,2,0,2,0,0,2,2,2,2,0,2
5255,0,0,0,0,0,0,0,0,1,0,0,0,0,0,0,0,0,0,1,0,0,1
5256,0,0,0,0,1,0,0,0,0,0,0,0,0,0,0,0,0,0,0,0,0,1
5257,0,0,0,0,0,0,0,0,0,0,0,0,0,0,0,0,0,0,0,0,0,0
5258,2,2,2,2,2,2,2,2,2,2,2,2,2,2,2,2,2,2,2,2,2,2
5259,2,0,2,0,2,0,2,0,2,0,2,0,2,0,2,0,2,0,2,0,2,2
5260,1,1,1,1,1,1,1,1,1,1,1,1,1,1,1,1,1,1,1,1,1,0
5261,0,0,0,0,0,0,0,0,0,0,0,0,0,0,0,0,0,0,1,0,0,2
5262,0,0,0,0,0,0,0,0,0,0,0,0,0,0,0,0,0,0,0,0,0,1
5263,0,0,0,0,0,0,0,0,0,0,0,0,0,0,0,0,0,0,0,0,0,2
5264,1,2,1,2,1,2,0,2,1,2,1,2,1,2,0,0,1,2,1,2,1,0
5265,0,2,0,2,0,0,0,0,0,0,0,0,0,2,0,0,0,0,0,2,0,2
5266,0,0,0,0,0,0,0,0,0,0,2,0,0,0,0,0,0,0,0,0,0,1
5267,0,1,0,0,0,0,0,0,0,1,0,0,0,0,0,0,0,0,0,1,0,2
5268,0,0,0,0,0,0,0,0,0,0,0,0,0,0,0,0,0,0,0,0,0,0
5269,1,0,1,1,1,0,1,0,1,1,1,1,1,1,0,0,1,1,1,0,1,0
5270,0,0,0,0,0,0,0,0,0,0,0,0,0,0,0,0,0,0,0,0,0,0
5271,0,0,0,0,0,0,0,0,0,1,0,0,0,0,0,0,0,0,0,1,0,2
5272,0,0,0,0,0,0,0,0,0,0,0,0,0,0,0,0,0,0,0,0,0,2
5273,0,1,1,1,0,0,0,0,1,1,0,0,0,0,0,1,0,1,0,0,0,0
5274,2,2,2,2,2,2,2,2,2,2,2,2,2,2,2,2,2,2,2,2,2,2
5275,0,1,0,1,0,1,0,1,1,1,0,1,0,1,0,1,2,1,0,1,0,1
5276,0,0,0,0,0,0,0,0,0,0,0,0,1,0,0,0,0,0,0,0,1,0
5277,0,0,0,0,0,0,0,0,0,0,0,0,0,0,0,0,0,0,0,0,0,0
5278,2,2,2,2,2,2,2,2,2,2,2,2,2,2,2,2,2,2,2,2,2,2
5279,1,2,1,2,1,2,1,2,1,2,1,2,1,2,1,2,1,2,1,2,1,0
5280,1,0,1,0,1,1,1,0,1,1,2,0,1,0,1,0,1,0,2,0,1,0
5281,1,0,1,0,1,0,0,0,1,1,1,0,1,1,0,0,1,1,1,1,1,1
5282,0,0,0,0,0,0,0,0,0,0,0,0,0,0,0,0,0,0,0,0,0,0
5283,0,0,0,0,0,0,0,0,0,0,0,0,0,0,0,0,0,0,0,0,0,0
5284,0,0,0,1,0,0,0,0,1,1,0,0,1,1,0,0,1,1,0,1,1,2
5285,0,0,0,0,0,0,0,0,0,0,0,0,0,0,0,0,0,0,0,0,0,0
5286,0,0,1,1,0,0,0,0,1,1,1,0,1,1,0,0,0,0,0,0,1,0
5287,0,2,0,2,0,2,0,2,0,1,0,2,0,0,0,2,0,2,0,2,0,2
5288,1,1,1,1,1,1,1,1,1,1,0,0,0,0,1,0,1,0,1,1,0,2
5289,0,1,0,1,2,1,0,2,0,2,0,2,0,2,0,2,0,2,0,2,0,2
5290,1,0,1,0,1,0,1,0,1,0,2,0,1,0,0,0,2,0,2,0,1,0
5291,0,0,0,0,0,0,0,0,0,0,0,0,1,0,0,0,0,0,0,0,1,0
5292,1,1,1,1,1,1,1,0,1,1,1,0,1,1,1,1,1,1,1,1,1,0
5293,2,2,2,2,2,2,2,2,2,2,2,2,2,2,2,2,2,2,2,2,2,0
5294,2,2,1,2,2,2,1,1,1,2,1,0,1,0,0,2,0,2,1,2,1,0
5295,0,2,0,0,0,1,0,0,2,1,0,0,0,0,0,0,0,0,2,2,0,0
5296,1,1,1,1,1,1,1,1,1,1,1,1,1,1,1,1,1,1,1,1,1,1
5297,0,1,0,1,0,0,0,1,0,1,0,1,0,2,0,0,0,2,0,1,0,0
5298,0,0,1,0,0,0,0,0,0,0,0,0,1,1,0,0,0,0,0,0,1,0
5299,0,0,0,0,0,0,0,0,0,0,0,0,0,0,0,0,0,0,0,0,0,0
5300,0,2,0,2,0,2,0,1,0,2,0,2,0,2,0,2,0,2,0,2,0,2
5301,0,0,1,0,0,0,0,0,0,0,0,0,1,0,0,0,0,0,0,0,1,0
5302,2,0,2,0,1,1,2,0,2,1,2,0,2,0,2,0,2,0,1,0,2,2
5303,0,0,0,0,0,0,0,0,0,0,0,0,0,0,0,0,0,0,0,0,0,1
5304,2,2,2,2,2,2,2,2,2,2,2,2,2,2,0,2,2,2,0,2,2,0
5305,0,0,0,0,0,0,0,0,1,0,0,0,0,0,0,0,0,0,1,0,0,1
5306,0,0,0,0,0,0,0,0,0,0,0,0,0,0,0,0,0,0,0,0,0,1
5307,1,1,1,1,1,1,1,1,1,1,1,1,1,1,0,0,1,1,1,1,1,1
5308,1,0,1,0,1,0,0,0,1,1,1,0,1,0,1,1,1,0,1,1,1,0
5309,1,1,1,0,1,1,1,0,1,1,0,0,0,0,0,0,0,0,0,0,0,0
5310,0,0,0,0,0,0,0,0,0,0,0,0,0,0,0,0,0,0,0,0,0,0
5311,2,2,2,2,2,2,2,2,2,2,2,2,2,2,2,2,2,2,2,2,2,0
5312,0,0,1,0,0,0,0,0,0,0,0,0,0,0,1,0,0,0,1,0,0,0
5313,2,0,2,0,2,0,2,0,2,1,2,0,2,0,2,0,2,0,2,1,2,0
5314,0,0,0,0,0,0,0,0,0,0,0,0,0,0,0,0,0,0,0,0,0,0
5315,0,0,0,0,0,0,0,0,0,0,0,0,0,0,0,0,0,0,0,0,0,0
5316,2,2,1,1,2,2,1,1,2,2,0,0,0,1,0,0,2,2,2,1,1,1
5317,1,1,1,1,1,0,1,1,1,1,1,0,1,0,0,0,0,0,1,1,1,0
5318,1,1,1,1,1,1,1,0,1,1,1,1,1,1,1,1,1,1,1,1,1,0
5319,2,2,2,2,2,2,2,2,2,2,2,2,2,2,0,2,2,2,2,2,2,0
5320,0,0,0,0,1,0,0,0,0,0,0,0,0,0,0,0,0,0,0,0,0,0
5321,2,0,2,0,2,1,2,1,2,0,2,0,2,0,2,0,2,0,2,2,2,1
5322,2,2,2,2,2,2,0,1,2,2,2,2,2,2,0,1,2,2,1,2,2,0
5323,2,2,2,2,2,2,2,2,2,2,2,2,2,2,2,2,2,2,2,2,2,0
5324,2,1,2,1,2,1,0,1,1,1,2,0,0,1,0,1,1,1,1,1,0,2
5325,1,1,1,0,0,0,1,0,1,1,0,0,0,0,0,0,0,0,2,2,0,0
5326,1,1,1,0,0,1,0,0,1,1,0,0,1,0,0,0,1,0,2,0,1,2
5327,2,2,2,2,2,2,2,2,2,2,2,2,2,2,2,2,2,2,2,2,2,2
5328,0,0,0,0,0,0,0,0,0,0,0,0,0,0,0,0,0,0,0,0,0,2
5329,0,0,0,0,0,0,0,0,0,1,0,0,0,0,0,0,0,0,0,0,0,0
5330,0,0,0,0,0,0,0,0,0,0,0,0,0,0,0,0,0,0,0,0,0,0
5331,0,0,0,0,0,0,0,0,0,1,0,0,0,1,0,0,0,0,0,0,0,0
5332,0,0,0,0,0,0,0,0,0,0,0,0,0,0,0,0,0,0,0,0,0,0
5333,2,2,2,0,2,0,2,0,2,1,2,0,2,0,2,0,2,0,2,2,2,0
5334,0,0,0,0,0,0,0,0,0,0,0,0,0,0,0,0,0,0,0,0,0,1
5335,0,1,0,0,0,1,0,0,0,1,0,0,0,0,0,0,0,0,0,0,0,0
5336,0,2,0,2,0,2,0,2,1,2,0,2,0,2,0,2,0,2,0,2,0,0
5337,2,0,1,1,2,0,2,0,2,1,2,0,2,0,1,0,2,0,2,0,2,2
5338,1,1,1,1,1,1,1,1,1,1,1,1,1,1,0,0,1,1,1,1,1,2
5339,1,1,1,1,1,1,0,0,1,1,0,0,0,0,0,0,1,1,1,1,0,2
5340,1,0,1,0,1,0,1,0,1,0,1,0,1,0,0,0,1,0,1,0,1,0
5341,0,2,0,2,0,1,0,2,0,2,0,2,0,1,0,2,0,2,0,2,0,2
5342,0,0,0,1,0,1,0,1,1,1,0,1,1,1,0,1,1,1,0,1,1,1
5343,0,0,0,0,0,0,0,0,0,0,0,0,0,0,0,0,0,0,0,0,0,0
5344,1,1,1,1,1,0,1,2,1,1,1,0,1,0,1,0,1,0,1,0,1,0
5345,0,0,0,0,0,0,0,0,0,0,0,0,0,0,0,0,0,0,0,0,0,2
5346,0,0,0,0,0,0,0,0,0,0,0,0,0,0,0,0,0,0,0,0,0,2
5347,1,1,1,0,1,1,1,0,1,1,1,0,1,0,0,0,1,0,1,0,1,0
5348,0,1,0,1,0,1,0,1,0,1,0,2,0,0,0,0,0,0,0,1,0,2
5349,0,0,0,0,0,0,0,0,0,0,0,0,1,0,0,0,0,0,0,0,1,0
5350,0,1,0,1,0,1,0,1,0,1,0,2,0,1,0,2,0,2,0,2,0,0
5351,0,0,0,0,0,0,0,0,0,0,0,0,0,0,0,0,0,0,0,0,0,0
5352,0,0,0,0,0,0,0,0,0,0,0,0,0,0,0,0,0,0,0,0,0,0
5353,2,2,2,0,2,2,2,0,2,2,2,0,2,0,2,0,2,0,2,2,2,0
5354,1,1,1,1,1,1,1,1,1,1,1,2,1,0,0,0,2,2,2,2,1,0
5355,0,0,0,0,0,0,0,0,0,0,0,0,0,0,0,0,0,0,0,0,0,0
5356,0,0,0,0,0,0,0,0,0,0,0,0,0,0,0,0,0,0,0,0,0,2
5357,2,2,2,2,2,2,2,2,2,2,2,2,2,2,2,2,2,2,2,2,2,2
5358,0,0,0,0,0,0,0,0,0,0,0,0,0,0,0,0,0,0,0,0,0,2
5359,1,0,0,0,0,0,0,0,0,0,0,0,0,0,0,0,0,0,0,0,0,0
5360,0,0,0,0,0,0,0,0,0,0,0,0,0,0,0,0,0,0,0,0,0,0
5361,0,2,0,2,0,2,0,0,0,2,0,0,0,2,0,0,0,2,2,2,0,0
5362,0,0,0,0,0,0,0,0,0,0,0,0,0,0,0,0,0,0,0,0,0,0
5363,0,0,0,1,0,0,0,1,0,1,0,1,0,1,0,0,0,1,0,1,0,0
5364,1,1,1,1,1,1,1,1,1,1,1,1,1,1,1,1,1,1,1,1,1,2
5365,0,1,0,1,0,1,0,1,0,1,0,1,0,1,0,1,0,1,0,1,0,0
5366,0,0,0,0,0,0,0,0,0,0,0,0,0,0,0,0,0,0,0,0,0,0
5367,2,1,1,1,2,0,1,0,1,1,1,0,1,0,0,0,2,0,2,2,1,2
5368,2,2,2,2,2,2,2,2,2,2,2,2,2,2,2,2,2,2,2,2,2,0
5369,1,1,1,1,1,1,0,0,1,1,1,0,1,1,0,0,1,1,1,2,1,0
5370,0,0,0,0,0,0,0,0,0,0,0,0,0,0,0,0,0,0,0,0,0,0
5371,0,0,0,0,0,0,0,0,0,0,0,0,0,0,0,0,0,0,0,0,0,0
5372,1,0,1,0,1,0,1,0,1,1,2,0,1,0,1,0,1,0,1,0,1,0
5373,1,1,1,1,1,1,1,0,1,0,1,1,1,1,1,1,1,0,1,1,1,0
5374,0,0,0,0,0,0,0,0,0,0,0,0,0,0,0,0,0,0,0,0,0,0
5375,0,0,0,0,0,0,0,0,0,0,0,0,0,0,0,0,0,0,0,0,0,0
5376,2,2,2,2,2,2,2,2,2,2,2,2,2,2,2,2,2,2,2,2,2,0
5377,1,1,0,0,1,1,0,1,1,1,0,0,0,0,0,0,0,0,2,2,0,2
5378,0,0,0,0,0,0,0,0,0,0,0,0,0,0,0,0,0,0,0,0,0,0
5379,1,0,1,0,1,0,1,0,1,1,1,2,2,2,1,0,1,2,1,2,2,2
5380,2,2,2,2,2,2,2,2,2,2,2,0,2,2,2,2,2,0,2,2,2,0
5381,0,0,0,0,0,0,0,0,0,0,0,0,0,0,0,0,0,0,0,0,0,0
5382,0,0,0,0,0,0,0,0,0,0,0,0,0,0,0,0,0,0,0,2,0,0
5383,1,0,1,0,0,0,0,0,0,1,0,0,0,0,0,0,0,0,1,0,0,0
5384,0,0,1,0,1,1,0,0,1,1,2,0,2,0,1,0,2,1,1,2,2,2
5385,0,0,0,0,0,0,0,0,0,0,0,0,0,0,0,0,0,0,0,0,0,0
5386,0,0,0,0,0,0,0,0,0,0,0,0,0,0,0,0,0,0,0,2,0,0
5387,0,0,0,0,0,0,0,0,1,0,0,0,0,0,0,0,0,0,0,0,0,0
5388,1,1,1,0,1,1,0,0,1,1,0,0,1,0,0,0,1,0,0,0,1,0
5389,0,0,0,0,0,0,0,0,0,0,0,0,0,0,0,0,0,0,0,0,0,2
5390,2,1,2,0,2,0,0,0,0,0,0,0,0,0,0,0,0,0,2,0,0,0
5391,0,0,0,0,0,0,0,0,0,0,0,0,0,0,0,0,0,0,0,0,0,0
5392,1,0,0,0,0,0,0,0,1,0,0,0,0,0,0,0,0,0,0,0,0,0
5393,1,2,1,2,1,1,1,2,1,0,1,0,1,2,1,2,1,2,1,0,1,1
5394,0,0,0,0,0,0,0,0,0,0,0,0,0,0,0,0,0,0,1,1,0,0
5395,2,2,2,2,2,2,2,2,2,2,2,2,2,2,2,2,2,2,2,2,2,1
5396,2,2,2,1,2,2,1,0,2,2,0,1,1,0,0,0,1,1,1,1,1,0
5397,2,2,2,2,2,2,0,0,0,2,2,0,2,2,0,0,2,0,2,2,2,0
5398,2,2,2,2,2,2,2,2,2,2,2,2,2,1,2,0,2,1,1,1,2,0
5399,0,0,0,0,0,0,0,0,0,0,0,0,0,0,0,0,0,0,0,0,0,0
5400,0,0,1,0,0,0,0,0,1,0,0,0,0,0,0,0,1,0,0,0,0,0
5401,2,2,2,2,2,2,2,2,2,2,2,2,2,2,2,2,2,2,2,2,2,0
5402,1,0,1,0,1,0,1,0,1,0,1,0,1,0,1,0,1,0,1,0,1,0
5403,2,0,2,0,2,0,0,0,2,0,2,0,2,2,1,0,2,0,1,2,2,0
5404,1,2,1,2,1,2,1,2,1,1,1,1,1,1,1,2,2,2,1,1,1,1
5405,2,2,0,0,0,0,0,0,1,1,0,0,0,0,0,0,1,1,1,1,0,0
5406,1,1,0,0,1,0,0,0,1,1,2,0,2,1,0,0,2,1,2,2,2,1
5407,1,1,1,1,1,1,1,1,1,1,1,0,1,1,0,0,1,0,1,1,1,1
5408,0,0,0,1,0,0,0,0,1,0,0,0,0,0,0,0,0,0,0,0,0,0
5409,0,0,0,0,0,0,0,0,0,0,0,0,0,0,0,0,0,0,0,0,0,0
5410,2,0,2,2,2,2,2,2,2,1,2,2,2,2,2,0,2,2,2,2,2,0
5411,2,0,2,0,2,0,2,0,2,0,2,0,2,0,0,0,2,0,1,0,2,0
5412,0,0,0,0,0,0,0,0,0,0,0,0,0,0,0,0,0,0,0,0,0,0
5413,2,2,2,2,2,2,2,2,2,2,2,2,2,2,2,2,2,2,2,2,2,2
5414,0,0,0,1,0,1,2,1,0,0,0,0,2,0,0,0,2,1,2,0,2,0
5415,1,1,1,0,0,0,0,0,1,1,1,0,1,0,0,0,1,1,1,0,1,0
5416,0,0,0,0,0,0,0,0,0,0,0,0,0,0,0,0,0,0,0,0,0,2
5417,1,0,1,1,1,0,1,1,1,1,1,0,1,0,1,0,1,0,1,1,1,2
5418,1,0,0,0,0,0,0,0,0,0,0,0,0,0,0,0,0,1,1,0,0,2
5419,1,0,1,0,0,0,0,0,0,0,0,0,1,0,0,0,1,0,0,0,1,0
5420,1,0,1,0,1,0,0,0,0,0,0,0,0,0,0,0,0,0,0,0,0,0
5421,0,0,0,0,0,0,0,0,0,0,0,0,0,0,0,0,0,0,0,0,0,0
5422,2,2,1,1,2,2,2,0,2,1,2,0,2,1,2,0,2,1,2,2,2,0
5423,0,0,0,0,2,0,0,0,0,0,0,0,0,0,0,0,0,0,0,0,0,0
5424,0,0,0,0,0,0,0,0,0,0,0,0,0,0,0,0,0,0,0,0,0,0
5425,2,0,0,0,0,0,0,0,1,0,0,0,0,0,0,0,0,0,0,0,0,0
5426,1,2,1,2,1,2,1,2,1,2,1,0,1,2,1,2,1,2,1,2,1,2
5427,0,0,0,0,0,0,0,0,0,0,0,0,0,0,0,0,0,0,0,0,0,0
5428,2,1,1,1,2,1,2,1,2,1,1,1,1,1,2,1,2,1,2,1,1,2
5429,2,1,2,1,2,2,2,2,2,2,2,2,1,2,2,2,2,2,2,2,1,1
5430,0,2,1,2,1,2,0,2,1,2,2,2,1,2,0,2,0,2,1,2,1,2
5431,0,0,0,0,1,0,0,0,1,0,0,0,1,0,0,0,0,0,1,0,1,0
5432,0,1,0,2,0,2,0,1,0,2,0,1,0,2,0,2,0,2,0,1,0,2
5433,0,0,0,0,0,0,0,0,0,0,0,0,0,0,0,0,0,0,0,0,0,0
5434,0,0,0,0,0,0,0,0,0,0,0,0,0,0,0,0,0,0,0,0,0,0
5435,0,0,0,0,0,0,0,0,0,0,0,0,0,0,0,0,0,0,0,0,0,0
5436,0,0,0,2,0,0,0,0,0,2,0,2,0,2,0,2,0,2,0,2,0,2
5437,1,0,1,0,1,0,1,0,1,0,1,0,1,0,1,0,1,0,1,0,1,0
5438,1,1,1,1,1,0,1,1,1,1,1,1,1,1,1,0,1,1,1,1,1,1
5439,2,0,2,0,2,0,2,0,1,0,1,0,1,0,0,0,2,0,2,0,1,0
5440,1,1,1,1,1,1,1,1,1,1,2,1,1,1,0,0,1,1,1,1,1,0
5441,0,0,0,0,0,0,0,0,0,0,0,0,0,0,0,0,0,0,0,0,0,2
5442,1,1,1,1,1,1,0,1,2,1,1,2,2,2,2,1,2,2,2,1,2,2
5443,0,0,0,0,0,0,0,0,0,0,0,0,0,0,0,0,0,0,0,0,0,0
5444,0,0,1,1,0,0,0,0,0,0,0,0,1,1,0,0,1,1,0,0,1,0
5445,1,0,1,0,1,0,0,0,1,0,0,0,0,0,0,0,0,0,0,0,0,0
5446,1,1,1,1,1,1,0,1,1,1,1,1,1,1,1,0,1,1,1,1,1,0
5447,0,0,0,0,0,0,0,0,0,0,0,0,0,0,0,0,0,0,0,0,0,0
5448,2,2,2,2,2,2,2,2,2,2,2,2,2,2,2,2,2,2,2,2,2,2
5449,1,0,1,0,1,0,0,0,1,1,0,0,0,0,0,0,1,0,1,0,0,0
5450,0,1,0,1,1,1,0,1,0,1,0,2,0,1,0,0,1,2,0,2,0,0
5451,2,0,0,0,2,0,0,1,2,1,0,0,0,2,0,0,0,2,2,2,0,0
5452,1,1,1,1,1,1,0,1,1,1,0,1,1,1,0,1,1,2,1,2,1,0
5453,2,2,0,2,2,2,2,2,2,2,0,0,0,2,2,2,0,0,2,2,0,2
5454,2,2,2,2,2,2,0,2,2,2,2,2,1,2,0,2,2,2,0,2,1,2
5455,1,2,1,1,1,0,0,0,1,1,0,0,1,0,0,0,0,0,0,0,1,0
5456,1,1,1,1,1,1,1,1,1,1,1,1,1,1,1,1,1,1,1,1,1,1
5457,0,0,0,0,0,0,0,0,0,0,0,0,0,0,0,0,0,0,1,1,0,0
5458,0,0,0,0,0,0,0,0,0,0,0,0,0,0,0,0,0,0,0,0,0,0
5459,2,0,2,0,2,0,2,0,2,0,0,0,2,0,2,0,2,0,0,0,2,0
5460,0,1,0,1,0,1,0,1,0,1,0,1,0,0,0,1,0,1,0,1,0,2
5461,1,0,1,0,1,0,0,0,1,1,1,0,1,1,1,0,1,0,1,1,1,0
5462,0,0,0,0,0,0,0,0,0,0,0,0,0,0,0,0,0,0,0,0,0,0
5463,0,0,0,0,0,0,0,0,0,0,0,0,0,0,0,0,0,0,0,0,0,0
5464,1,0,1,0,1,0,1,1,1,0,1,0,1,0,1,0,1,1,1,1,1,1
5465,0,0,0,0,0,0,0,0,0,0,0,0,0,0,0,0,0,0,0,0,0,0
5466,1,1,1,1,0,0,1,1,1,1,0,0,1,1,0,0,0,0,1,1,1,1
5467,0,0,0,0,0,0,0,0,0,0,0,0,0,0,0,0,0,0,0,0,0,0
5468,2,0,2,0,1,0,0,0,2,0,2,0,2,0,0,0,0,0,2,0,2,0
5469,1,0,1,0,1,0,1,0,1,0,1,0,1,0,1,0,1,0,1,0,1,0
5470,1,1,1,1,1,1,0,0,1,1,1,1,1,1,1,1,1,1,1,1,1,0
5471,1,0,1,0,0,0,0,0,1,0,1,0,1,0,0,0,0,0,0,0,1,0
5472,2,2,2,2,2,2,2,1,2,2,2,2,2,2,2,2,2,2,2,2,2,2
5473,0,1,0,1,0,1,0,1,0,1,0,1,0,1,0,1,0,1,0,1,0,0
5474,2,2,2,2,0,2,2,2,1,2,0,2,2,2,0,2,2,2,2,2,2,0
5475,1,0,0,0,1,0,1,0,1,0,2,0,0,0,0,0,0,0,2,0,0,0
5476,0,0,0,0,0,0,0,0,0,0,0,0,0,0,0,0,0,0,0,0,0,2
5477,0,2,0,0,0,0,0,1,0,2,0,0,0,0,0,0,0,2,0,2,0,1
5478,0,0,0,0,0,0,0,0,0,0,0,0,0,0,0,0,0,0,0,1,0,0
5479,2,0,1,1,0,1,0,0,1,1,0,0,0,1,2,0,0,0,0,1,0,2
5480,0,0,1,0,1,0,1,0,1,0,1,0,1,0,0,0,1,0,1,0,1,0
5481,2,2,2,2,2,1,2,2,2,2,2,2,2,2,0,0,2,2,2,2,2,2
5482,2,0,2,1,2,0,2,0,2,1,2,0,2,0,2,1,2,1,1,1,2,2
5483,1,0,0,0,0,0,0,0,1,1,0,0,0,0,0,0,0,0,2,0,0,0
5484,0,0,0,0,0,0,0,0,0,0,0,0,0,0,0,0,0,0,0,0,0,0
5485,1,0,1,0,1,0,1,0,1,1,1,0,1,0,1,0,1,0,1,1,1,2
5486,0,1,0,1,0,1,0,1,0,1,0,1,0,1,0,0,0,0,0,1,0,2
5487,0,0,0,0,0,0,0,0,0,0,0,0,0,0,0,0,0,0,0,0,0,0
5488,0,0,0,0,0,0,0,0,0,0,0,0,0,0,0,0,0,0,0,0,1,2
5489,2,2,2,2,2,2,1,2,2,2,0,2,0,2,0,2,0,2,2,2,0,2
5490,0,0,0,0,0,0,0,0,0,0,0,0,0,0,0,0,0,0,0,0,0,0
5491,1,1,1,1,1,1,1,1,1,1,1,1,1,1,1,1,1,1,1,1,1,1
5492,1,2,1,2,1,2,1,2,1,2,1,2,1,2,1,2,1,2,1,2,1,2
5493,0,0,0,0,0,0,0,0,0,0,0,0,0,0,0,0,0,0,0,2,0,0
5494,0,1,0,1,0,1,0,1,0,1,0,1,0,1,0,1,0,1,0,1,0,0
5495,0,2,0,0,0,0,0,0,0,0,2,2,0,0,0,0,2,2,0,0,0,0
5496,0,0,0,0,0,0,0,0,2,0,0,0,0,0,0,0,0,0,0,0,0,0
5497,0,1,0,1,1,1,0,0,1,0,0,1,1,0,0,0,0,1,0,1,1,0
5498,0,0,1,1,0,0,0,0,0,0,0,0,1,1,0,0,1,1,1,0,1,0
5499,0,0,0,0,0,0,0,0,0,0,0,0,0,0,0,0,0,0,0,0,0,0
5500,0,0,0,0,0,0,0,0,0,0,0,0,0,0,0,0,0,0,0,0,0,2
5501,0,2,0,2,0,2,0,2,0,2,0,2,0,2,0,0,0,2,0,2,0,2
5502,0,0,0,0,0,0,0,0,0,0,0,0,0,0,0,0,0,0,1,1,0,1
5503,0,0,0,0,0,1,0,0,0,1,0,0,0,0,0,0,0,0,0,1,0,1
5504,0,2,2,2,0,2,0,2,2,2,0,2,0,2,0,2,0,2,0,2,0,2
5505,0,0,0,0,0,0,0,0,0,0,0,0,0,0,0,0,0,0,0,0,0,0
5506,2,2,2,2,2,2,2,2,2,2,2,2,2,2,2,2,2,2,2,2,2,0
5507,0,0,0,0,0,0,0,0,0,1,0,0,0,0,0,0,0,0,2,0,0,2
5508,0,1,0,1,0,1,0,0,0,1,0,1,0,1,0,1,0,0,0,1,0,1
5509,0,0,0,0,0,0,0,0,0,0,0,0,0,0,0,0,0,0,2,0,0,2
5510,0,0,0,0,0,0,0,0,0,0,0,0,0,0,0,0,0,0,0,0,0,2
5511,0,0,0,0,0,0,0,0,0,1,0,0,0,0,0,0,0,0,0,0,0,1
5512,0,0,0,0,0,0,0,0,0,0,0,0,0,0,0,0,0,0,0,0,0,0
5513,0,2,0,0,0,2,0,2,0,2,0,2,0,0,0,0,0,2,0,2,0,0
5514,0,0,0,0,0,0,0,0,0,0,0,0,0,0,0,0,0,0,0,0,0,0
5515,0,0,0,0,0,0,0,0,0,1,0,0,0,0,0,0,0,0,0,0,0,2
5516,1,1,1,1,1,1,0,0,1,1,1,0,1,1,1,1,1,1,1,1,1,1
5517,0,0,0,0,0,0,0,0,0,0,0,0,0,0,0,0,0,0,0,0,0,0
5518,0,0,0,0,0,0,0,0,0,0,0,0,0,0,0,0,0,0,0,0,0,0
5519,0,0,1,0,1,0,1,0,1,1,0,0,1,1,1,1,1,1,0,1,1,0
5520,1,0,1,0,1,0,0,0,1,0,0,0,1,0,0,0,0,0,1,0,1,1
5521,0,0,0,0,0,0,0,0,0,0,0,0,0,0,0,0,0,0,0,0,0,0
5522,0,0,0,0,0,0,0,0,0,0,0,0,0,0,0,0,0,0,0,0,0,0
5523,0,0,0,0,0,0,0,0,0,0,0,0,0,0,0,0,0,0,0,0,0,2
5524,2,2,2,2,2,2,2,2,2,2,2,2,2,2,2,2,2,2,2,2,2,0
5525,0,0,0,0,0,0,0,1,0,0,0,0,0,0,0,0,2,0,0,0,0,0
5526,1,1,1,1,0,1,0,1,1,1,0,1,0,1,0,0,0,1,1,1,0,0
5527,2,2,2,2,2,2,2,2,2,2,2,2,2,2,0,2,2,2,2,2,2,0
5528,0,0,0,0,0,0,0,0,0,1,0,0,0,0,0,0,0,0,0,0,0,0
5529,0,0,0,1,0,1,0,0,0,1,0,1,0,1,0,1,0,1,1,1,0,0
5530,1,1,1,1,1,1,1,1,1,1,1,1,1,0,1,0,1,0,1,1,1,1
5531,0,0,0,0,0,0,0,0,0,0,0,0,0,0,0,0,0,0,0,0,0,0
5532,2,2,2,2,2,2,2,2,2,2,2,2,2,2,2,2,2,2,2,2,2,2
5533,1,0,1,0,0,0,0,0,1,0,0,0,0,0,0,0,0,0,0,0,0,0
5534,0,0,0,0,0,0,0,0,0,0,0,0,0,0,0,0,0,0,0,0,0,0
5535,1,1,1,1,1,1,1,1,1,1,1,1,1,1,1,1,1,1,1,1,1,1
5536,2,2,2,2,2,2,2,2,2,2,2,2,2,2,2,2,2,2,2,2,2,2
5537,1,1,1,1,1,1,1,1,1,1,1,1,1,1,1,1,1,1,1,1,1,2
5538,1,0,1,0,1,0,1,0,1,0,0,0,0,0,0,0,0,0,1,1,0,2
5539,2,2,2,2,2,2,2,0,2,1,2,0,1,0,0,0,2,0,2,0,1,0
5540,1,0,1,1,1,1,1,0,1,1,1,2,1,0,1,0,1,0,1,1,1,2
5541,0,0,0,0,0,0,0,0,0,0,0,0,0,0,0,0,0,0,0,0,0,0
5542,2,2,2,2,2,2,2,2,2,2,0,0,2,0,2,0,0,0,2,2,2,0
5543,0,2,0,1,0,1,0,1,0,1,0,2,0,2,0,0,0,0,0,2,0,2
5544,1,0,1,0,0,0,0,0,2,0,1,0,1,0,0,0,1,0,1,0,1,0
5545,0,0,0,0,0,0,0,0,1,0,0,0,0,0,0,0,0,0,0,0,0,0
5546,1,1,1,1,1,1,1,0,1,1,1,1,1,1,1,1,1,1,1,1,1,1
5547,0,0,0,0,0,0,0,0,0,0,0,0,0,0,0,0,0,0,0,0,0,0
5548,2,2,2,2,2,2,2,2,2,1,2,2,2,1,2,0,2,1,2,2,2,0
5549,1,1,1,1,0,0,0,0,1,0,1,1,1,1,1,0,1,0,1,1,1,0
5550,1,1,1,1,0,1,0,1,1,1,1,1,1,1,0,0,1,1,1,1,1,0
5551,1,0,1,0,1,0,1,0,1,0,1,0,1,0,1,0,1,0,1,0,1,1
5552,0,0,1,0,0,0,0,0,0,0,0,0,1,1,0,0,1,1,1,0,1,0
5553,0,0,0,0,0,0,0,0,0,0,0,0,0,0,0,0,0,0,0,0,0,0
5554,2,2,2,2,2,2,2,2,2,2,2,2,2,2,2,0,2,0,2,2,2,2
5555,1,0,1,0,2,0,0,0,1,0,1,0,1,0,1,0,1,0,1,1,1,1
5556,2,2,2,0,2,2,0,0,2,2,2,0,2,0,0,0,2,2,2,0,2,0
5557,0,1,0,0,0,0,0,0,1,1,1,1,0,0,0,0,1,0,1,1,0,0
5558,2,2,2,0,2,2,2,0,2,1,2,0,2,0,2,0,2,2,2,2,2,0
5559,0,0,0,0,0,0,0,0,0,0,0,0,0,0,0,0,0,0,0,0,0,0
5560,2,0,1,0,2,0,1,0,1,0,2,0,1,0,2,0,1,0,1,0,1,2
5561,0,1,1,1,1,1,1,0,1,1,1,1,1,0,0,0,1,1,1,1,1,1
5562,1,0,1,0,2,0,1,0,1,0,2,0,0,0,0,0,1,0,1,0,0,2
5563,1,0,1,1,0,0,0,0,1,1,1,0,1,1,0,0,1,1,1,1,1,0
5564,0,0,0,0,0,0,0,0,0,0,0,0,0,0,0,0,0,0,0,0,0,0
5565,0,1,0,1,0,1,0,0,0,0,0,0,0,0,0,0,0,0,0,0,0,0
5566,0,1,0,0,0,0,0,0,0,1,0,1,0,1,0,0,0,1,0,1,0,1
5567,2,2,2,1,2,2,2,1,2,2,0,2,0,1,0,2,2,2,2,2,0,2
5568,0,0,0,0,0,0,0,0,0,0,0,0,0,0,0,0,0,0,0,0,0,0
5569,0,0,0,0,0,0,0,0,0,0,0,0,0,0,0,0,0,0,0,0,0,0
5570,0,0,1,1,1,1,1,1,1,1,1,1,1,1,1,0,1,1,1,1,1,0
5571,1,0,1,0,1,1,0,0,1,1,0,0,0,0,0,0,0,0,0,0,0,2
5572,1,1,1,1,1,1,0,0,0,0,0,0,0,0,0,0,0,2,2,2,0,0
5573,0,0,0,0,0,0,0,0,0,0,0,0,0,0,0,0,0,0,0,0,0,0
5574,1,0,1,0,0,0,0,0,1,0,1,0,1,0,0,0,1,0,0,0,1,0
5575,2,2,2,2,2,2,2,2,2,2,2,2,2,2,2,2,2,2,2,2,2,2
5576,1,1,1,1,1,1,1,1,1,2,1,2,1,0,1,0,1,2,1,2,1,0
5577,0,1,0,1,0,1,0,0,0,1,0,0,0,1,0,0,0,1,0,1,0,0
5578,1,1,1,1,1,1,1,1,1,1,1,1,1,1,1,1,1,1,1,1,1,0
5579,0,0,0,0,0,0,0,0,0,0,0,0,0,0,0,0,0,0,0,0,0,0
5580,0,0,0,0,0,0,0,0,0,0,0,0,0,0,0,0,0,0,0,0,0,0
5581,0,0,0,0,0,0,0,0,0,0,0,0,0,0,0,0,0,0,0,0,0,0
5582,0,0,0,0,0,0,0,0,0,0,0,0,0,0,0,0,0,0,0,0,0,0
5583,2,0,2,1,2,2,2,1,2,1,2,0,1,0,2,0,2,0,2,0,1,1
5584,1,2,0,2,0,2,0,2,2,2,0,1,1,2,0,2,0,2,2,1,1,2
5585,0,0,0,1,0,1,0,0,0,0,0,0,1,1,0,0,0,0,0,0,1,0
5586,1,1,1,1,1,1,1,1,1,1,1,1,1,1,1,1,1,1,1,1,1,2
5587,0,0,0,0,0,0,0,0,0,0,0,0,0,0,0,0,0,0,0,0,0,0
5588,1,0,1,1,1,0,0,0,0,0,2,0,1,0,0,0,2,0,1,1,1,1
5589,1,1,1,0,0,0,0,0,1,0,0,0,1,0,0,0,1,1,1,0,1,0
5590,1,1,1,1,1,1,1,1,1,1,1,1,1,1,1,1,1,1,1,1,1,1
5591,1,1,1,1,1,1,2,1,1,1,0,0,1,0,0,0,2,0,2,0,1,2
5592,0,0,0,0,0,0,0,0,0,0,0,0,0,0,0,0,0,0,0,0,0,0
5593,1,0,1,1,1,0,1,0,1,0,1,0,1,0,0,0,1,0,1,1,1,1
5594,0,0,0,0,0,0,0,0,0,0,0,0,0,0,0,0,0,0,0,0,0,0
5595,2,1,2,0,2,1,0,0,2,1,2,1,1,0,0,0,2,0,1,2,1,1
5596,0,0,0,0,0,0,0,0,0,0,0,0,0,0,0,0,0,0,0,0,0,0
5597,0,0,0,0,0,0,0,0,0,0,0,0,0,0,0,0,0,0,0,0,0,0
5598,1,0,1,0,0,0,0,0,1,0,1,0,1,0,0,0,1,0,1,0,1,0
5599,1,1,1,0,1,1,0,0,0,1,0,0,0,0,0,0,0,0,0,0,0,0
5600,0,0,0,0,0,0,0,0,0,1,0,0,0,0,0,0,0,0,0,0,0,2
5601,1,1,1,1,0,0,0,0,1,1,1,1,0,0,0,0,0,0,1,1,0,2
5602,0,0,0,0,0,0,0,0,0,0,0,0,0,0,0,0,0,0,0,0,0,1
5603,0,0,0,0,0,0,0,0,0,0,0,0,0,0,0,0,0,0,0,0,0,0
5604,2,0,2,0,2,0,2,0,2,0,2,0,1,0,1,0,2,0,1,0,1,2
5605,0,0,1,0,0,0,0,0,0,0,1,0,0,0,0,0,0,0,0,0,0,1
5606,1,2,1,2,1,2,0,1,1,1,0,2,1,2,0,0,1,2,1,2,1,0
5607,2,2,2,1,2,2,2,1,2,1,2,0,2,1,2,0,2,1,2,0,2,2
5608,2,2,2,2,2,2,2,2,2,2,0,2,2,2,0,2,2,2,2,2,2,1
5609,0,0,0,0,0,0,0,0,0,0,0,0,0,0,0,0,0,0,0,0,0,2
5610,0,0,0,0,0,0,0,0,0,0,0,0,0,0,0,0,0,0,0,0,0,1
5611,2,2,2,2,2,2,2,1,2,2,2,2,2,2,2,2,2,2,2,2,2,0
5612,2,1,1,1,2,1,1,1,1,1,2,1,1,1,2,1,1,1,2,1,1,1
5613,1,1,1,1,1,1,1,1,1,1,1,1,1,1,1,1,1,1,1,1,1,1
5614,1,1,1,1,1,1,1,1,1,1,0,1,1,1,1,1,1,1,1,1,1,1
5615,1,1,1,1,0,1,0,0,1,1,1,1,1,1,0,0,1,1,1,1,1,0
5616,2,2,2,2,2,2,2,2,2,2,2,2,2,2,2,2,2,2,2,2,2,0
5617,0,0,0,1,0,0,0,1,0,1,0,0,0,0,0,0,0,2,0,1,0,2
5618,0,0,0,0,0,0,0,0,0,0,0,0,0,0,0,0,0,0,1,1,0,2
5619,0,0,0,0,0,0,0,0,0,0,0,0,0,0,0,0,0,0,0,0,0,0
5620,0,0,0,0,0,0,0,0,0,0,0,0,0,0,0,0,0,0,0,0,0,0
5621,0,0,1,0,1,0,0,0,1,0,0,0,0,0,0,0,0,0,1,1,0,2
5622,0,0,0,0,0,0,0,0,0,0,0,0,0,0,0,0,0,0,0,0,0,0
5623,1,1,1,1,1,1,1,0,1,1,1,1,1,1,1,1,1,1,1,1,1,1
5624,0,2,0,2,0,2,0,2,0,2,0,2,0,2,0,2,0,2,0,2,0,2
5625,1,1,1,1,1,1,1,1,1,1,1,1,1,1,1,1,1,1,1,1,1,1
5626,0,0,0,0,0,0,0,0,0,0,0,0,0,0,0,0,0,0,0,0,0,0
5627,0,0,0,0,0,0,0,0,0,0,0,0,0,0,0,0,0,0,0,0,0,0
5628,0,0,0,0,0,0,0,0,0,0,0,0,0,0,0,0,0,0,0,0,0,0
5629,2,1,2,1,2,1,2,1,2,1,2,1,2,1,0,1,2,1,2,1,2,0
5630,0,0,0,0,0,0,0,0,0,1,0,0,0,0,0,0,0,0,0,0,0,0
5631,2,1,2,1,2,1,1,0,2,1,2,1,1,1,2,1,2,1,2,1,1,0
5632,0,0,0,0,0,0,0,0,0,0,0,0,0,0,0,0,0,0,0,0,0,0
5633,0,1,1,1,1,1,0,1,1,1,1,1,0,1,0,1,0,1,1,1,0,0
5634,2,2,1,1,1,1,1,1,1,1,2,2,1,1,1,1,1,1,2,2,1,1
5635,1,0,1,0,1,0,1,0,1,0,1,0,1,0,1,0,1,0,1,0,1,1
5636,0,1,1,1,0,1,0,0,1,1,0,0,1,1,0,0,1,1,0,2,1,0
5637,1,1,1,1,0,1,1,1,1,1,0,1,0,1,0,1,0,1,1,1,0,1
5638,2,2,0,2,2,2,0,2,2,2,2,2,2,2,0,2,2,2,2,2,2,2
5639,0,0,1,0,0,0,0,0,1,1,0,0,1,0,0,0,0,0,0,0,1,0
5640,0,0,0,0,0,0,0,0,0,1,0,0,0,0,0,0,0,0,0,1,0,0
5641,2,2,2,2,2,2,1,1,2,2,1,1,2,2,2,2,2,2,1,1,2,2
5642,2,2,2,2,2,2,2,2,2,2,2,2,2,2,2,2,2,2,2,2,2,2
5643,1,1,1,1,1,1,1,1,1,1,1,1,1,1,1,1,1,1,1,1,1,1
5644,1,1,1,1,1,1,1,1,1,1,1,1,1,1,1,1,1,1,1,1,1,2
5645,1,1,1,1,1,1,0,0,1,1,1,1,1,1,2,2,1,1,1,1,1,0
5646,0,2,0,0,1,1,0,1,0,2,1,0,0,1,0,0,0,2,1,1,0,1
5647,1,1,1,2,1,0,1,0,1,2,1,2,1,2,1,2,1,2,1,2,1,1
5648,0,0,1,1,1,1,0,0,1,1,0,0,1,1,0,0,0,1,0,0,1,0
5649,0,0,0,0,0,0,0,0,0,0,0,0,0,0,0,0,0,0,0,0,1,1
5650,0,0,0,0,0,0,0,0,0,0,0,0,0,0,0,0,0,0,0,0,0,0
5651,1,1,1,1,1,1,1,1,1,1,1,0,1,0,1,0,1,0,1,2,1,0
5652,0,0,1,0,1,0,0,0,1,0,0,0,1,0,1,0,1,0,1,0,1,0
5653,1,1,1,1,1,1,1,1,1,1,1,1,1,1,1,1,1,1,1,1,1,1
5654,0,1,0,1,0,1,0,1,0,2,0,0,2,0,0,0,0,2,2,2,2,0
5655,0,0,0,0,0,0,0,0,0,0,0,0,0,0,0,0,0,0,0,0,0,0
5656,0,0,0,0,0,0,0,0,0,0,0,0,0,0,0,0,0,0,0,0,0,0
5657,2,0,1,0,1,0,1,0,2,0,0,0,0,0,0,0,0,0,1,0,0,1
5658,0,0,0,0,0,0,0,0,0,0,0,0,0,0,0,0,0,0,0,0,0,0
5659,1,0,1,1,0,0,0,0,1,0,1,0,0,0,1,0,1,0,1,0,0,0
5660,2,2,2,0,2,2,2,0,2,2,2,0,2,0,2,2,2,0,2,2,2,0
5661,2,2,2,1,2,2,2,2,2,2,2,2,2,2,2,2,2,2,2,2,2,2
5662,2,1,2,1,2,1,2,1,2,1,2,0,2,1,2,0,2,2,2,1,2,0
5663,1,0,1,1,1,0,1,0,1,1,1,0,1,0,0,0,1,0,1,0,1,0
5664,1,1,1,1,1,1,1,1,1,1,1,1,1,1,1,1,1,0,1,1,1,0
5665,0,2,2,0,2,2,0,0,2,2,2,2,2,2,2,0,2,2,0,0,2,0
5666,1,1,1,1,0,0,1,1,1,1,0,0,0,0,0,0,0,0,0,0,0,2
5667,0,0,0,0,0,0,0,0,0,1,0,0,0,0,0,0,0,0,0,0,0,0
5668,0,0,0,0,0,0,0,0,0,0,0,0,0,0,0,0,0,0,0,0,0,0
5669,0,0,0,0,0,0,0,0,0,0,0,0,0,0,0,0,0,0,0,0,0,0
5670,1,1,0,1,0,1,0,1,0,1,0,0,0,0,0,0,0,0,2,2,0,1
5671,0,0,0,0,0,0,0,0,0,0,0,0,0,0,0,0,0,1,1,1,0,1
5672,1,1,0,1,1,1,0,0,1,1,0,0,0,0,0,0,0,0,2,2,0,0
5673,2,2,0,2,2,2,0,2,2,2,2,0,0,0,0,0,2,0,2,2,0,0
5674,0,0,1,0,1,0,0,0,1,0,0,0,0,0,0,0,0,0,0,0,0,2
5675,0,0,0,0,0,0,0,0,0,0,0,0,0,0,0,0,0,0,0,0,0,0
5676,0,1,0,1,0,1,0,0,0,0,0,1,0,1,0,1,0,1,0,1,0,0
5677,1,1,1,1,1,1,1,1,1,1,1,1,1,1,1,1,1,1,1,1,1,0
5678,1,0,1,0,1,0,0,0,1,1,0,0,0,0,0,0,1,0,0,0,0,0
5679,0,0,0,0,0,0,0,0,0,0,0,0,0,0,0,0,0,0,0,0,0,0
5680,0,1,1,1,0,1,0,1,1,1,2,2,0,1,0,1,0,1,1,1,0,1
5681,0,0,0,0,0,0,0,0,0,0,0,0,0,0,0,0,0,0,0,0,0,0
5682,1,0,1,0,1,0,1,0,1,0,1,0,1,0,0,0,1,0,1,0,1,0
5683,0,0,1,0,0,0,0,0,0,0,0,0,1,1,0,0,0,1,1,1,1,0
5684,0,0,0,0,0,0,0,0,0,0,0,0,0,0,0,0,0,0,0,0,0,0
5685,0,0,0,0,0,0,0,0,0,1,0,0,0,0,0,0,0,0,0,0,0,0
5686,0,0,0,0,0,0,0,0,0,1,0,0,0,0,0,0,0,0,0,1,0,2
5687,0,0,0,0,0,0,0,0,0,0,0,0,0,0,0,0,0,0,0,0,0,1
5688,0,0,0,0,0,0,0,0,0,0,0,0,0,0,0,0,0,0,0,0,0,0
5689,0,0,0,0,0,0,0,0,0,0,0,0,0,0,0,0,0,0,0,0,0,1
5690,1,1,1,1,1,0,0,1,1,1,0,0,0,0,0,0,0,2,2,2,0,0
5691,0,0,0,0,0,0,0,0,0,0,0,0,0,0,0,0,0,0,0,0,0,0
5692,0,0,0,0,0,0,0,0,0,0,0,0,0,0,0,0,0,0,0,0,0,0
5693,2,0,2,0,2,0,2,0,2,0,2,0,2,0,2,0,2,0,2,2,2,2
5694,1,0,1,0,2,0,0,0,0,0,2,0,1,0,2,0,0,0,2,0,1,0
5695,1,2,1,1,1,1,1,2,1,2,1,2,1,1,1,1,1,2,1,1,1,2
5696,0,0,0,0,0,0,0,0,0,0,0,0,0,0,0,0,0,0,0,0,0,0
5697,1,0,1,0,1,1,1,0,1,1,0,0,0,0,0,0,0,0,0,0,0,0
5698,2,2,2,2,2,2,2,2,2,2,2,2,2,2,2,2,2,2,2,2,2,0
5699,2,2,2,2,2,2,2,2,2,2,2,2,2,2,2,2,2,2,2,2,2,2
5700,1,1,1,1,1,1,1,1,1,1,1,1,1,1,1,1,1,1,1,1,1,1
5701,2,2,2,2,2,2,2,2,2,2,2,2,2,2,2,2,2,2,2,2,2,0
5702,2,2,2,2,2,2,2,2,2,2,2,2,2,2,2,2,2,2,2,2,2,2
5703,0,0,0,0,0,0,0,0,0,0,0,0,0,0,0,0,0,0,0,0,0,0
5704,2,0,2,1,2,0,2,1,2,1,2,0,2,0,0,0,2,0,2,0,2,0
5705,0,0,0,0,0,0,0,0,0,0,0,0,0,0,0,0,0,0,0,0,0,0
5706,1,1,1,1,1,1,1,1,1,1,2,2,0,1,0,1,0,1,1,1,0,0
5707,2,2,2,2,2,2,0,0,2,2,0,0,0,0,0,0,0,0,0,0,2,0
5708,0,1,0,1,0,1,0,1,0,1,0,1,0,1,0,1,0,1,0,1,0,1
5709,0,0,0,0,0,0,0,0,0,0,0,0,0,0,0,0,0,0,0,0,0,0
5710,0,0,0,0,0,0,0,0,0,0,0,0,0,0,0,0,0,0,0,0,0,0
5711,0,0,0,0,0,0,0,0,0,0,0,0,0,0,0,0,0,0,0,0,0,0
5712,2,2,2,2,2,2,1,1,2,2,2,2,1,1,1,1,2,2,1,1,1,0
5713,0,0,1,0,1,0,1,0,1,0,1,0,0,0,0,0,1,0,1,0,0,1
5714,0,0,0,0,0,0,0,0,0,0,0,0,0,0,0,0,0,0,0,0,0,0
5715,0,0,0,0,0,0,0,0,0,0,0,0,0,0,0,0,1,0,0,2,0,2
5716,1,2,1,1,1,2,1,2,1,2,1,2,1,2,1,2,1,2,1,2,1,1
5717,0,0,0,0,0,0,0,0,0,0,0,0,0,0,0,0,0,0,0,0,0,2
5718,1,1,0,1,0,1,0,0,1,1,0,0,0,0,0,0,0,0,1,1,0,0
5719,0,0,0,0,0,0,0,0,0,0,0,0,0,0,0,0,0,0,0,0,0,0
5720,2,1,2,1,2,1,1,1,2,1,2,2,2,1,2,1,2,2,2,2,2,1
5721,0,0,0,0,0,0,0,0,0,0,0,0,0,0,0,0,0,0,0,0,0,2
5722,1,1,2,0,1,0,2,1,2,1,2,0,2,1,2,1,2,0,2,1,2,2
5723,0,0,0,0,0,0,0,0,0,0,0,0,0,0,0,0,0,0,0,0,0,0
5724,0,2,0,2,0,2,0,2,0,2,0,2,0,2,1,2,0,2,0,2,0,0
5725,2,1,1,0,1,0,1,1,2,0,2,0,1,0,1,0,2,0,2,0,1,0
5726,2,0,2,0,2,0,2,0,2,0,2,0,2,0,2,0,2,0,2,0,2,2
5727,0,1,0,0,0,1,0,0,1,1,1,0,1,1,0,0,1,1,0,0,1,0
5728,1,1,1,1,0,0,0,0,1,1,2,2,1,1,0,0,1,1,1,2,1,0
5729,1,0,1,0,1,0,1,0,1,1,2,0,0,0,0,0,2,0,2,0,0,0
5730,0,0,0,0,0,0,0,0,0,0,0,0,0,0,0,0,0,0,0,0,0,0
5731,2,0,0,0,0,0,0,0,0,0,0,0,0,0,0,0,0,0,2,0,0,2
5732,2,0,2,0,2,0,2,0,2,0,0,0,0,0,0,0,2,0,2,0,0,2
5733,1,2,1,2,1,2,1,2,1,2,1,2,1,2,0,0,1,1,1,2,1,2
5734,1,0,0,0,0,0,0,0,0,0,1,0,0,0,0,0,1,0,0,0,0,0
5735,0,0,0,1,0,0,0,0,0,1,0,0,0,1,0,0,0,1,0,1,0,0
5736,2,2,2,2,2,2,2,2,2,2,2,2,2,2,2,2,2,2,2,2,2,2
5737,1,1,1,1,1,1,1,1,0,1,0,1,0,1,0,1,1,1,1,1,0,2
5738,2,0,1,0,0,0,0,0,1,0,0,0,0,0,0,0,0,0,0,0,0,0
5739,0,0,0,0,0,0,0,0,0,0,0,0,0,0,0,0,0,0,0,0,0,0
5740,2,2,2,1,2,1,2,1,2,2,2,2,2,2,2,1,2,1,2,2,2,2
5741,2,2,2,2,2,2,0,2,2,2,2,2,2,2,2,2,2,2,2,2,2,2
5742,2,2,1,0,0,0,0,0,2,0,0,0,0,0,0,0,0,0,2,0,0,0
5743,0,0,0,0,0,0,0,0,0,0,0,0,0,0,0,0,0,0,0,0,0,2
5744,2,2,2,2,2,2,2,0,2,2,0,0,2,2,2,2,2,2,2,2,2,0
5745,0,0,0,0,1,1,0,0,0,0,0,0,0,0,0,0,0,0,1,1,0,0
5746,0,0,1,0,0,0,0,0,1,1,0,0,1,0,0,0,0,0,0,2,1,2
5747,0,0,0,0,0,0,0,0,0,0,0,0,0,0,0,0,0,0,0,0,0,0
5748,2,2,2,1,2,2,2,2,2,2,2,2,2,2,2,2,2,2,2,2,2,1
5749,0,1,0,1,0,0,0,0,0,2,0,0,0,0,0,0,0,0,0,0,0,0
5750,0,0,0,0,0,0,0,0,0,1,0,0,0,0,0,0,0,0,0,1,0,1
5751,1,1,1,1,1,1,1,1,1,1,1,1,1,1,1,1,1,1,1,1,1,1
5752,0,0,0,0,0,0,0,0,0,0,0,0,0,0,0,0,0,0,0,1,0,2
5753,2,0,0,0,0,0,0,0,0,0,0,0,0,0,0,0,0,0,0,0,0,0
5754,1,1,1,1,1,1,1,1,1,1,1,1,0,1,1,1,2,1,2,1,0,1
5755,0,0,0,0,0,0,0,0,0,0,0,0,0,0,0,0,0,0,0,0,0,0
5756,2,2,1,0,0,1,0,0,1,2,0,0,0,0,0,0,0,0,0,1,0,0
5757,1,1,2,1,1,0,1,1,1,1,1,1,2,1,1,0,1,1,1,1,2,1
5758,0,2,0,1,0,2,0,2,0,2,2,2,0,2,0,2,0,2,2,2,0,0
5759,2,2,2,2,2,2,2,2,2,2,2,2,2,2,2,2,2,2,2,2,2,2
5760,0,1,0,0,0,0,0,0,0,1,0,0,0,0,0,0,0,0,0,0,0,0
5761,1,0,1,1,0,0,0,0,1,1,1,0,1,1,0,0,1,1,0,1,1,0
5762,0,0,0,0,0,0,0,0,0,0,0,0,0,0,0,0,0,0,0,0,0,0
5763,0,0,0,1,0,0,0,0,0,0,0,0,0,0,0,0,0,0,0,0,0,0
5764,2,2,1,2,1,2,1,2,1,2,0,0,1,0,2,0,1,2,2,2,1,0
5765,0,0,0,0,0,0,0,0,0,0,0,0,0,0,0,0,0,0,0,0,0,0
5766,0,0,0,0,0,0,0,0,0,0,0,0,0,0,0,0,0,0,0,0,0,0
5767,0,0,2,0,0,0,0,0,0,0,2,0,0,0,0,0,2,0,0,0,0,0
5768,2,0,2,0,2,0,2,0,2,0,2,0,2,0,0,0,2,0,2,0,2,0
5769,0,0,0,0,0,0,0,0,0,0,0,0,0,0,0,0,0,0,0,0,0,0
5770,0,1,0,1,0,0,0,0,0,1,0,1,0,1,0,0,0,0,0,1,0,0
5771,1,1,1,1,1,1,1,1,1,1,1,1,1,1,1,1,1,1,1,1,1,0
5772,0,2,0,2,0,2,0,2,0,2,0,2,0,2,0,2,0,2,0,2,0,2
5773,0,0,0,0,0,0,0,0,0,0,0,0,0,0,0,0,0,0,1,0,0,0
5774,1,2,0,2,0,2,0,2,0,2,0,2,0,2,0,2,0,2,0,2,0,1
5775,0,0,0,0,0,0,0,0,0,0,0,0,0,0,0,0,0,0,0,0,0,0
5776,0,0,0,0,0,0,0,0,0,0,0,0,0,0,0,0,0,0,0,0,0,2
5777,1,2,1,0,1,0,1,0,1,2,1,0,1,0,1,0,1,0,1,1,1,0
5778,0,0,0,0,0,0,0,0,0,0,0,0,0,0,0,0,0,0,0,0,0,0
5779,0,0,0,0,0,0,0,0,0,0,0,0,0,0,0,0,0,0,0,0,0,1
5780,2,2,1,0,2,0,0,0,0,0,0,0,0,0,0,0,0,0,0,0,0,0
5781,0,0,0,0,0,0,0,0,0,0,0,0,0,0,0,0,0,0,0,0,0,0
5782,0,0,0,0,0,0,0,0,0,0,0,0,0,0,0,0,0,0,0,0,0,0
5783,1,0,1,0,1,1,1,0,1,1,2,0,1,0,0,0,2,0,1,0,1,0
5784,1,0,1,0,1,0,1,0,1,0,1,0,1,0,1,0,1,0,1,0,1,2
5785,1,2,1,2,1,2,1,2,2,2,0,2,0,2,0,2,0,2,0,2,0,0
5786,2,2,2,2,2,2,2,2,2,2,2,2,2,2,2,2,2,2,2,2,2,0
5787,1,0,1,0,1,1,1,0,1,0,1,0,1,0,1,0,1,0,1,1,1,1
5788,1,1,1,1,1,1,1,1,1,1,1,1,1,1,1,1,1,1,1,1,1,2
5789,1,1,1,2,1,2,1,1,1,1,1,2,1,2,2,2,1,1,2,2,1,2
5790,0,2,0,2,0,2,0,2,0,2,0,2,0,2,0,2,0,2,0,2,0,2
5791,0,1,0,1,0,1,0,1,0,1,0,1,0,1,0,1,2,1,2,1,0,1
5792,2,2,2,2,2,1,2,2,2,2,2,2,2,2,2,2,2,2,2,2,2,0
5793,0,1,1,0,0,0,0,0,1,1,0,1,1,1,1,1,1,1,1,1,1,1
5794,0,1,0,1,0,1,0,1,0,1,0,1,0,1,0,1,0,1,0,1,0,0
5795,0,0,0,0,0,0,0,0,0,0,0,0,0,0,0,0,0,0,0,0,0,0
5796,0,0,0,0,0,0,0,0,0,0,0,0,0,0,0,0,0,0,0,0,0,0
5797,1,1,1,1,1,1,1,1,1,1,1,1,1,1,1,1,1,1,1,1,1,2
5798,0,0,0,0,0,0,0,0,0,0,1,0,0,0,0,0,0,0,0,0,0,2
5799,0,2,0,2,0,2,0,2,2,2,2,2,0,2,0,2,2,2,2,2,0,0
5800,0,0,0,0,0,0,0,0,0,0,0,0,0,0,0,0,0,0,0,0,0,0
5801,2,0,1,0,1,0,1,0,1,1,0,0,1,0,0,0,0,0,0,0,1,0
5802,0,1,0,1,0,1,0,1,0,1,0,0,0,0,0,1,0,0,0,1,0,0
5803,1,0,2,1,1,0,0,0,1,1,2,1,1,1,1,1,1,1,1,0,1,1
5804,0,2,2,2,2,2,0,2,2,2,2,0,2,0,0,0,0,0,1,2,2,0
5805,0,0,0,0,0,0,0,0,0,0,0,0,0,0,0,0,0,0,0,0,0,0
5806,0,0,0,0,0,0,0,0,0,0,0,0,0,0,0,0,0,0,0,0,0,0
5807,0,0,1,1,1,1,0,0,1,1,0,0,1,1,0,0,0,0,1,1,1,1
5808,2,2,2,2,2,2,2,0,2,2,2,0,2,2,0,0,2,0,2,2,2,0
5809,0,0,0,0,0,0,0,0,0,0,0,0,0,0,0,0,0,0,0,0,0,0
5810,0,0,0,0,0,0,0,0,0,0,0,0,0,0,0,0,0,0,0,0,0,2
5811,0,0,0,0,0,0,0,0,0,0,0,0,0,0,0,0,0,0,0,0,0,2
5812,1,1,1,1,1,1,0,1,1,1,2,1,2,1,1,1,2,1,1,1,2,2
5813,1,0,1,0,0,0,0,0,1,1,0,0,1,0,0,0,1,0,0,0,1,0
5814,0,0,0,0,0,0,0,0,0,0,0,0,0,0,0,0,0,0,0,0,0,0
5815,1,1,1,1,1,1,1,1,1,1,1,0,1,1,1,0,1,1,1,1,1,0
5816,1,1,1,1,1,1,0,0,0,1,0,0,1,0,0,0,1,0,0,0,1,0
5817,0,0,0,0,0,0,0,0,0,0,0,0,0,0,0,0,0,0,0,2,0,0
5818,0,0,0,0,0,0,0,0,0,0,0,0,0,0,0,0,0,0,0,0,0,0
5819,0,0,0,0,0,0,0,0,0,0,0,0,0,0,0,0,0,0,0,0,0,0
5820,0,0,1,1,0,0,0,0,1,1,0,0,1,1,0,0,1,1,1,1,1,0
5821,2,2,2,1,2,2,0,0,1,1,2,2,2,1,0,0,2,0,2,2,2,0
5822,0,0,0,0,0,0,0,0,0,0,0,0,0,0,0,0,0,0,0,0,0,0
5823,1,1,2,1,2,1,1,1,2,1,2,1,2,1,1,1,2,1,1,1,2,1
5824,0,0,0,1,0,0,0,0,0,1,0,0,0,1,0,0,0,0,0,1,0,0
5825,0,1,1,0,0,0,0,0,0,0,0,0,0,0,0,0,0,0,0,0,0,0
5826,0,0,0,0,0,0,0,0,0,0,0,0,0,0,0,0,0,0,0,0,0,0
5827,0,0,0,0,0,0,0,0,0,0,0,0,0,0,0,0,0,0,0,0,0,0
5828,0,0,0,0,0,0,0,0,0,0,0,0,0,0,0,0,0,0,2,0,0,0
5829,1,0,0,0,1,0,0,0,1,1,0,0,0,0,0,0,0,0,1,0,0,0
5830,0,0,0,0,0,0,0,0,0,0,0,0,0,0,0,0,0,0,0,0,0,2
5831,2,2,2,2,2,2,2,2,2,2,2,2,2,2,2,2,2,2,2,2,2,1
5832,0,0,0,0,0,0,0,0,0,0,0,0,0,0,0,0,0,0,1,1,0,1
5833,0,0,0,0,0,1,0,0,0,1,0,2,0,2,0,0,0,0,0,2,0,2
5834,0,0,0,0,0,0,0,0,0,0,0,0,1,0,0,0,0,0,0,0,1,0
5835,0,2,0,1,0,0,0,0,0,1,0,0,0,0,0,0,0,0,0,2,0,0
5836,1,1,1,1,0,1,1,1,1,1,1,1,1,1,0,0,1,1,1,1,1,0
5837,1,0,1,0,1,0,0,0,1,1,0,0,0,0,0,0,0,0,0,0,0,0
5838,0,0,0,0,0,0,0,0,0,0,0,0,0,0,0,0,0,0,0,0,0,0
5839,2,2,2,2,2,0,2,2,2,2,2,2,2,2,2,2,2,2,2,2,2,0
5840,2,0,2,0,2,0,1,0,2,0,2,0,2,0,0,0,2,0,2,0,2,1
5841,2,0,1,2,2,2,0,0,1,1,2,0,1,1,2,0,1,1,1,0,1,2
5842,0,0,0,0,0,0,0,0,0,0,0,0,0,0,0,0,0,0,0,0,0,0
5843,0,0,0,0,0,0,0,0,0,0,0,0,0,0,0,0,0,0,0,0,0,0
5844,0,0,0,0,0,0,0,0,0,0,0,0,0,0,0,0,0,0,0,0,0,1
5845,1,1,1,1,1,1,1,1,1,1,2,2,2,2,0,0,2,2,2,2,2,2
5846,0,0,1,0,0,0,1,0,1,0,1,0,0,0,0,0,1,0,1,0,0,2
5847,0,0,0,0,0,0,0,0,0,1,0,0,0,0,0,0,0,0,0,0,0,0
5848,2,0,0,0,0,0,0,0,0,0,2,0,2,0,0,0,0,0,0,0,2,0
5849,1,0,1,0,0,0,1,0,1,0,1,0,1,0,0,0,1,0,1,0,1,0
5850,0,0,0,0,0,0,0,0,0,0,0,0,0,0,0,0,0,0,0,0,0,0
5851,1,0,1,0,1,0,1,0,1,0,1,0,1,0,1,0,1,0,1,0,1,1
5852,1,1,1,1,1,1,1,1,1,1,2,1,1,1,1,1,1,1,2,1,1,2
5853,0,0,0,0,0,0,0,0,0,0,0,0,0,0,0,0,0,0,0,0,0,0
5854,0,0,0,0,0,0,0,0,0,0,0,0,0,0,0,0,0,0,0,0,0,0
5855,0,0,0,0,0,0,0,0,0,0,0,0,0,0,0,0,0,0,0,0,0,1
5856,1,1,1,1,0,0,0,0,0,2,0,0,0,0,0,0,2,0,2,0,0,0
5857,1,2,1,2,1,2,1,2,1,2,1,2,1,2,1,2,1,2,1,2,1,2
5858,2,2,2,2,2,2,2,2,0,2,0,2,0,2,0,0,2,2,0,0,0,1
5859,0,0,0,0,0,0,0,0,0,0,0,0,0,0,0,0,0,0,0,0,0,0
5860,1,0,1,0,1,0,1,0,1,1,1,0,1,0,1,0,1,0,1,0,1,0
5861,1,0,1,0,2,0,2,0,1,1,2,0,1,0,2,0,2,0,2,0,1,0
5862,0,0,0,0,0,0,0,0,0,0,0,0,0,0,0,0,0,0,0,0,0,0
5863,0,0,0,0,0,1,0,0,0,0,0,0,0,0,0,0,0,0,0,0,0,0
5864,0,1,0,1,0,1,0,0,0,1,0,0,0,0,0,0,0,0,0,0,0,0
5865,0,0,0,0,0,0,0,0,0,0,0,0,0,0,0,0,0,0,0,0,0,0
5866,0,1,0,1,0,1,0,0,0,1,0,0,0,1,0,0,0,1,0,1,0,1
5867,2,0,1,0,2,0,1,0,2,0,2,0,2,0,2,0,1,0,1,0,2,0
5868,0,1,0,1,0,1,0,0,0,1,0,0,0,1,0,0,0,0,0,1,0,0
5869,0,0,0,0,0,0,0,0,0,0,0,0,0,0,0,0,0,0,0,0,0,0
5870,2,0,2,0,2,0,2,0,2,0,2,0,2,0,2,0,2,0,2,0,2,1
5871,0,0,0,0,0,0,0,0,0,0,0,0,0,0,0,0,0,0,0,0,0,0
5872,1,1,1,1,1,1,1,1,1,1,1,1,1,1,1,0,1,1,1,1,1,2
5873,2,2,2,2,2,2,2,2,2,2,2,2,2,2,2,2,2,2,2,2,2,2
5874,1,1,1,1,1,1,1,1,1,1,1,2,1,1,1,2,1,1,1,2,1,2
5875,0,0,0,0,0,0,0,0,0,0,0,0,0,0,0,0,0,0,0,0,0,1
5876,0,0,0,0,0,0,0,0,0,0,0,0,0,0,0,0,0,0,0,0,0,0
5877,2,1,1,1,2,1,1,1,2,1,2,1,1,1,0,1,2,1,1,1,1,2
5878,0,1,0,1,0,1,0,1,0,1,0,2,0,2,0,1,0,1,0,1,0,1
5879,1,1,1,1,2,1,0,0,1,1,2,2,2,1,2,0,0,0,1,1,2,0
5880,0,0,0,0,0,0,0,0,0,0,0,0,0,0,0,0,0,0,0,0,0,0
5881,1,1,1,1,1,1,1,1,1,1,1,1,1,1,1,1,1,1,1,1,1,1
5882,1,1,2,1,2,0,2,0,1,1,0,1,1,1,0,0,0,0,1,0,1,0
5883,2,2,2,2,2,2,0,2,2,2,0,2,0,2,0,0,0,2,0,2,0,0
5884,0,0,0,1,0,0,0,0,0,0,0,0,1,1,0,0,0,0,0,0,1,0
5885,2,2,2,2,2,2,2,2,2,2,2,2,2,2,2,2,2,2,2,2,2,0
5886,0,0,0,0,0,0,0,0,0,0,0,0,0,0,0,0,0,0,0,0,0,0
5887,0,0,0,0,0,0,0,0,0,0,0,0,0,0,0,0,0,0,0,0,0,1
5888,0,2,0,1,0,2,0,1,0,1,0,2,0,0,0,0,0,2,0,2,0,2
5889,0,0,0,0,0,0,0,0,0,0,0,0,0,0,0,0,0,0,0,0,0,0
5890,0,0,0,0,0,0,0,0,0,0,0,0,0,1,0,0,0,0,1,0,0,2
5891,2,2,2,2,2,2,1,2,2,2,2,2,1,2,2,2,2,2,1,2,1,2
5892,2,0,2,0,2,0,2,0,2,0,2,0,2,0,2,0,2,0,2,0,2,2
5893,2,2,2,2,2,2,2,2,2,0,2,2,2,2,2,2,2,2,2,2,2,2
5894,0,2,0,2,1,2,0,1,2,2,1,2,0,2,0,0,0,2,0,2,0,2
5895,0,0,0,0,0,0,0,0,1,0,0,0,1,0,0,0,0,0,1,0,1,0
5896,1,1,1,1,1,1,1,1,1,1,1,1,1,1,1,1,1,1,1,1,1,1
5897,0,0,0,0,0,0,0,0,0,0,0,0,0,0,0,0,0,0,0,0,0,0
5898,1,1,1,0,0,0,0,0,1,0,1,0,1,1,0,0,1,0,1,0,1,1
5899,0,0,1,1,1,1,0,0,1,1,1,1,1,1,0,0,1,1,0,0,1,0
5900,0,0,0,0,0,0,0,0,0,0,0,0,0,0,0,0,0,0,0,0,0,2
5901,1,0,1,1,1,0,0,0,1,0,1,0,1,0,0,0,0,0,1,0,1,0
5902,0,0,0,0,0,0,0,0,0,0,0,0,0,0,0,0,0,0,0,0,0,0
5903,1,2,1,2,1,2,0,2,1,2,1,2,1,2,0,0,1,2,1,2,1,1
5904,0,1,0,1,1,1,0,1,1,1,0,2,1,2,0,0,2,1,2,1,1,1
5905,1,0,1,0,1,0,1,0,1,0,1,0,1,0,1,0,1,0,1,0,1,0
5906,1,1,1,1,1,1,1,1,1,1,1,1,1,1,1,1,1,1,1,1,1,2
5907,0,0,0,0,0,0,0,0,0,0,0,0,0,0,0,0,0,0,0,0,0,0
5908,0,0,0,0,0,0,0,0,0,0,0,0,0,0,0,0,0,0,0,0,0,0
5909,0,1,1,1,1,1,0,1,1,1,0,1,0,1,0,1,0,1,1,1,0,0
5910,0,0,0,0,0,0,0,0,0,0,0,0,0,0,0,0,0,0,0,0,0,0
5911,0,0,0,0,0,0,0,0,0,0,0,0,0,0,0,0,0,0,0,0,0,0
5912,0,0,0,0,0,0,0,0,0,0,0,0,0,0,0,0,0,0,0,0,0,0
5913,0,0,0,0,0,0,0,0,0,0,0,0,0,0,0,0,0,0,0,0,0,0
5914,0,0,0,0,0,0,0,0,0,0,0,0,0,0,0,0,0,0,0,0,0,0
5915,0,0,1,1,0,0,0,1,0,1,1,0,1,0,1,0,1,0,0,1,1,0
5916,0,2,0,0,0,0,0,0,0,1,0,0,0,0,0,0,0,0,0,2,0,0
5917,2,2,2,2,2,2,2,2,2,2,2,2,2,2,2,2,2,2,2,2,2,1
5918,0,0,0,0,0,0,0,0,0,0,0,0,0,0,0,0,0,0,0,0,0,0
5919,0,0,0,0,0,0,0,0,0,0,0,0,0,0,0,0,0,0,0,0,0,0
5920,0,0,0,0,0,0,0,0,0,0,0,0,0,0,0,0,0,0,0,0,0,2
5921,0,0,0,0,0,0,0,0,0,0,0,0,0,0,0,0,0,0,1,0,0,1
5922,0,0,0,0,0,0,0,0,0,0,0,0,0,0,0,0,0,0,0,0,0,0
5923,1,1,1,1,0,1,0,0,1,1,1,1,1,1,0,0,1,1,1,1,1,2
5924,1,1,1,1,1,1,1,1,1,1,1,1,1,1,1,1,2,2,1,1,1,2
5925,0,0,0,0,0,0,0,0,1,1,0,0,0,0,0,0,0,0,0,1,0,0
5926,2,2,2,2,2,2,1,1,2,2,2,2,2,2,2,2,2,2,2,2,2,1
5927,0,0,0,0,0,0,0,0,0,0,0,0,0,0,0,0,0,0,0,1,0,0
5928,0,1,0,1,1,1,0,1,0,1,1,1,0,1,0,1,0,1,0,1,0,2
5929,0,1,0,1,0,1,0,1,0,1,0,1,0,1,0,1,0,1,0,1,0,1
5930,2,2,1,2,2,2,1,2,2,2,1,2,1,2,1,2,2,2,2,2,1,2
5931,0,0,0,0,0,0,0,0,0,0,0,0,0,0,0,0,0,0,0,0,0,0
5932,0,0,0,0,0,0,0,0,0,0,0,0,0,0,0,0,0,0,0,0,0,1
5933,0,0,0,0,0,2,0,2,0,0,0,0,0,0,0,0,0,0,0,0,0,0
5934,0,0,0,0,0,0,0,0,0,0,0,0,0,0,0,0,0,0,0,0,0,0
5935,0,0,0,0,0,0,0,0,0,0,0,0,0,0,0,0,0,0,0,0,0,0
5936,2,1,2,1,2,1,2,1,2,1,2,0,2,1,2,1,2,1,2,1,2,1
5937,0,0,0,0,0,0,0,0,0,0,0,0,0,0,0,0,0,0,0,0,0,0
5938,0,0,1,0,0,0,0,0,0,0,1,0,1,0,0,0,0,0,0,0,1,0
5939,2,1,2,1,1,1,1,1,1,1,2,0,1,1,1,0,2,0,2,1,1,0
5940,1,1,1,1,0,0,0,0,1,1,0,0,1,0,0,0,1,0,1,1,1,1
5941,1,1,1,1,1,1,0,0,1,1,1,1,2,2,1,1,1,1,1,1,2,2
5942,0,0,0,0,0,0,0,0,0,0,0,0,0,0,0,0,0,0,0,0,0,0
5943,0,0,0,0,0,0,0,0,0,0,0,0,0,0,0,0,0,0,0,0,0,0
5944,1,1,0,1,1,1,0,0,1,1,0,0,0,1,0,0,0,0,2,1,0,0
5945,2,2,2,1,2,1,2,1,2,1,2,2,2,2,2,2,2,1,2,1,2,0
5946,0,0,0,1,0,1,0,0,0,1,0,1,0,1,0,0,0,0,0,1,0,0
5947,2,0,0,0,1,1,0,0,2,0,0,0,2,0,0,0,2,0,2,2,2,0
5948,0,0,0,0,0,0,0,0,0,0,0,0,0,0,0,0,0,0,0,0,0,0
5949,0,0,1,0,0,0,0,0,0,0,0,0,1,0,0,0,0,0,0,0,1,2
5950,1,0,1,0,1,0,0,0,1,0,1,0,1,0,1,0,1,0,1,1,1,2
5951,0,0,0,0,0,0,0,0,0,0,0,0,0,0,0,0,0,0,0,0,0,0
5952,0,0,0,0,0,0,0,0,0,0,0,0,0,0,0,0,0,0,0,0,0,0
5953,2,2,2,2,2,2,2,2,2,2,2,2,2,2,2,2,2,2,2,2,2,1
5954,0,1,0,1,0,0,0,0,0,1,0,0,0,1,0,0,0,1,1,2,0,0
5955,0,0,0,0,0,0,0,0,0,0,0,0,0,0,0,0,0,0,0,0,0,0
5956,1,1,1,1,1,1,1,1,1,1,1,2,1,1,1,1,1,1,1,1,1,1
5957,0,1,0,1,0,1,0,0,0,1,0,1,0,0,0,0,0,0,0,1,0,1
5958,0,0,0,0,0,0,0,0,0,0,0,0,0,0,0,0,0,0,1,0,0,1
5959,0,0,0,0,0,0,0,0,0,0,0,0,0,0,0,0,0,0,0,0,0,0
5960,1,1,1,1,1,1,0,0,1,1,1,1,1,1,1,1,1,1,1,1,0,0
5961,1,1,1,0,1,1,0,0,0,0,0,0,1,1,0,0,1,1,1,1,1,2
5962,2,0,2,1,2,0,2,0,2,1,2,1,2,1,2,1,2,1,2,1,2,0
5963,0,0,0,0,0,0,0,0,0,0,0,0,0,0,0,0,0,0,0,0,0,0
5964,2,2,2,2,2,2,2,2,2,2,2,2,2,2,2,2,2,2,2,2,2,2
5965,1,0,1,1,1,0,1,1,1,1,1,0,1,0,1,0,1,0,1,1,1,1
5966,0,2,0,0,0,0,0,0,0,0,0,0,0,0,0,0,0,0,0,2,0,0
5967,0,0,0,0,1,1,0,0,0,0,0,0,1,1,1,1,1,1,0,0,1,1
5968,1,0,1,0,1,0,0,0,1,0,1,0,1,0,0,0,1,0,0,0,1,0
5969,2,1,1,1,1,2,1,1,1,1,1,2,1,1,1,0,1,2,1,2,1,0
5970,0,0,0,0,0,0,0,0,1,1,0,0,0,0,0,0,2,2,2,2,1,1
5971,1,0,1,0,1,0,0,0,1,0,1,0,1,0,0,0,1,0,1,0,1,0
5972,0,1,0,0,0,0,0,0,0,1,0,0,0,0,0,0,0,0,0,0,0,2
5973,0,0,0,0,0,0,0,0,0,0,0,0,0,0,0,0,0,0,0,0,0,1
5974,1,1,0,0,0,0,0,0,1,1,0,0,1,0,0,0,1,1,1,0,1,0
5975,0,0,0,1,0,1,0,0,0,1,0,1,0,1,0,1,0,1,1,1,0,0
5976,0,0,0,0,0,0,0,0,0,0,0,0,0,0,0,0,0,0,0,0,0,0
5977,0,0,0,0,0,0,0,0,0,0,0,0,0,0,0,0,0,0,0,0,0,0
5978,0,0,0,0,0,0,0,0,0,0,0,0,0,0,0,0,0,0,0,0,0,0
5979,0,0,1,1,0,0,0,0,0,0,0,0,1,1,0,0,0,0,0,0,1,0
5980,0,0,0,0,0,0,0,0,0,0,0,0,0,0,0,0,0,0,0,0,0,0
5981,2,0,1,0,2,0,0,0,1,0,1,0,1,0,0,0,1,0,1,0,1,0
5982,1,1,1,1,1,1,1,1,1,1,2,1,1,1,1,0,1,1,1,1,1,1
5983,0,0,0,0,0,0,0,0,0,1,0,1,0,1,0,0,0,0,1,1,0,0
5984,2,1,0,1,0,0,0,0,0,0,0,0,0,2,0,2,0,2,2,2,0,2
5985,0,1,0,0,0,1,0,0,0,0,0,0,0,1,0,0,0,0,0,0,0,2
5986,0,0,0,0,0,0,0,0,0,0,0,2,0,0,0,0,0,0,0,2,0,0
5987,1,1,1,1,1,0,1,0,1,1,1,1,1,1,0,0,1,1,1,1,1,0
5988,0,0,1,0,0,0,0,0,0,0,0,0,0,0,0,0,0,0,1,0,0,1
5989,0,0,0,0,0,0,0,0,0,0,0,0,0,0,0,0,0,0,0,0,0,1
5990,2,2,2,2,2,2,2,1,2,2,2,2,2,2,2,1,2,1,2,2,2,0
5991,0,0,0,0,0,0,0,0,0,0,0,0,0,0,0,0,0,0,0,0,0,0
5992,0,0,0,0,0,0,0,0,0,0,0,0,0,0,0,0,0,0,0,0,0,2
5993,0,0,0,0,0,0,0,0,0,0,0,0,0,0,0,0,0,0,0,0,0,0
5994,2,2,2,2,2,2,2,2,2,2,2,2,2,2,1,2,2,2,2,2,2,2
5995,0,0,0,0,0,0,0,0,0,0,0,0,0,0,0,0,0,0,0,0,0,1
5996,0,0,0,0,0,0,0,0,0,1,0,0,0,0,0,0,0,0,0,0,0,0
5997,0,0,0,0,0,0,0,0,0,0,0,0,0,0,0,0,0,0,0,0,0,0
5998,2,2,2,2,2,2,2,2,2,2,2,2,2,2,2,2,2,2,2,2,2,2
5999,1,1,0,1,0,1,1,1,2,1,0,2,1,2,0,2,0,2,0,2,1,2
6000,1,1,1,1,1,1,1,1,1,1,1,1,1,1,1,1,1,1,1,1,1,1
6001,2,2,2,2,2,2,2,2,2,2,2,2,2,2,2,2,2,2,2,2,2,1
6002,0,0,0,0,0,0,0,0,0,0,0,0,0,0,0,0,0,0,0,0,0,0
6003,0,0,1,0,1,0,0,0,0,0,1,0,1,1,0,0,0,0,1,0,1,0
6004,1,1,2,2,2,2,2,2,2,2,2,2,2,2,0,0,2,2,2,2,2,2
6005,0,2,0,2,0,2,0,0,1,2,0,2,0,2,0,0,0,2,0,2,0,0
6006,2,2,2,2,2,2,2,2,2,0,2,0,2,2,0,0,2,0,2,2,2,0
6007,0,0,0,0,0,0,0,0,0,0,0,0,0,0,0,0,0,0,0,0,0,0
6008,2,2,1,0,2,2,1,0,2,2,2,2,1,0,2,0,2,0,2,2,1,0
6009,0,0,0,1,0,0,0,0,0,1,0,1,0,0,0,0,0,1,0,0,0,1
6010,0,0,0,0,0,0,0,0,0,0,0,0,0,0,0,0,0,0,0,0,0,2
6011,0,0,0,0,0,0,0,0,0,0,0,0,0,0,0,0,0,0,0,0,0,0
6012,0,0,0,0,0,0,0,0,0,0,0,0,0,0,0,0,0,0,0,0,0,0
6013,1,1,1,1,1,0,1,0,1,1,1,1,1,1,1,1,1,1,1,1,1,0
6014,1,0,1,0,1,0,0,0,1,0,1,0,1,0,0,0,1,0,1,0,1,0
6015,2,2,2,1,2,2,2,1,2,1,2,2,2,2,2,2,2,2,2,2,2,2
6016,1,1,1,1,1,1,1,1,1,1,1,1,1,1,1,1,1,2,1,1,1,2
6017,0,0,0,0,0,0,0,0,0,0,0,0,0,0,0,0,0,0,0,0,0,0
6018,0,1,1,1,2,1,2,1,2,1,2,1,1,1,0,1,2,1,2,1,1,0
6019,0,0,0,0,0,0,0,0,0,0,0,0,0,0,0,0,0,0,0,0,0,0
6020,2,1,1,1,2,1,1,1,1,1,2,1,2,1,2,1,1,1,1,1,2,0
6021,2,2,1,2,0,2,2,2,1,2,0,2,0,2,0,2,0,2,0,2,0,2
6022,0,1,1,1,0,2,0,1,0,1,0,2,0,1,0,1,0,2,1,1,0,2
6023,0,0,0,0,0,0,0,0,0,0,0,0,0,0,0,0,0,0,0,0,0,0
6024,2,0,2,0,2,0,2,0,2,0,2,0,2,0,2,0,2,0,2,2,2,0
6025,0,0,0,0,0,0,0,0,0,0,0,0,0,0,0,0,0,0,0,0,0,0
6026,0,0,1,1,0,0,0,0,0,0,0,0,1,1,0,0,0,0,0,0,1,0
6027,1,1,1,1,1,1,1,1,1,1,1,1,1,1,1,1,1,1,1,1,1,1
6028,1,1,2,1,1,1,1,1,1,1,1,1,1,1,1,1,1,1,1,1,1,1
6029,1,0,0,0,2,0,0,0,1,0,2,0,1,0,0,0,1,0,1,0,1,0
6030,0,2,0,2,0,2,0,2,0,2,0,2,0,2,0,2,0,2,0,1,0,2
6031,1,2,1,2,1,2,1,1,1,1,1,2,1,2,1,2,1,1,1,1,1,0
6032,2,2,2,2,2,2,2,2,2,2,2,2,2,2,2,2,2,2,1,1,2,0
6033,0,0,0,0,0,0,0,0,1,1,0,0,0,0,0,0,1,1,1,1,0,0
6034,2,2,2,2,2,2,2,2,2,2,2,2,2,2,2,2,2,2,2,2,2,0
6035,0,0,0,0,0,0,0,0,0,0,0,0,0,0,0,0,0,0,0,0,0,0
6036,1,0,1,0,1,0,1,0,2,0,1,0,1,0,1,0,1,0,1,0,1,0
6037,0,0,0,0,0,0,0,0,0,0,0,0,0,0,0,0,0,0,0,0,0,2
6038,0,0,0,0,0,0,0,0,0,0,0,0,0,0,0,0,0,0,0,0,0,0
6039,0,0,0,0,0,0,0,0,0,0,0,0,0,0,0,0,0,0,0,0,0,2
6040,0,0,0,0,0,0,0,0,0,0,0,0,0,0,0,0,0,0,0,0,0,2
6041,0,0,0,0,0,0,0,0,0,0,0,0,0,0,0,0,0,0,0,0,0,0
6042,0,1,0,1,0,0,0,0,0,1,0,0,0,1,0,0,0,1,0,1,0,0
6043,0,0,0,0,0,0,0,0,0,1,0,0,0,0,0,0,0,0,0,0,0,0
6044,2,2,2,0,2,0,2,0,2,0,2,0,2,0,2,0,2,0,2,2,2,0
6045,1,1,1,1,1,1,1,1,1,1,1,1,1,1,1,1,1,1,1,1,1,0
6046,0,0,0,1,0,1,0,1,0,1,0,0,0,0,0,0,0,0,0,0,0,0
6047,2,0,2,0,2,0,2,0,2,0,2,0,2,0,2,0,2,0,2,0,2,0
6048,0,0,0,0,0,0,0,0,0,0,0,0,0,0,0,0,0,0,0,0,0,0
6049,0,0,0,0,0,0,0,0,0,0,0,0,0,0,0,0,0,0,0,0,0,0
6050,2,0,0,0,0,0,0,0,0,0,0,0,0,0,0,0,0,0,0,0,0,1
6051,1,0,1,1,0,0,0,0,1,1,2,1,1,0,0,0,1,0,1,1,1,2
6052,0,0,0,0,0,0,0,0,0,0,0,0,0,0,0,0,0,0,0,0,0,0
6053,1,1,1,1,1,1,1,1,0,1,1,1,1,1,1,1,0,1,1,1,1,1
6054,1,2,1,2,1,1,1,2,1,2,1,2,1,2,1,2,1,2,1,2,1,0
6055,0,0,0,0,0,0,0,0,0,0,0,0,0,0,0,0,0,0,0,0,0,0
6056,0,0,0,0,0,0,0,1,0,0,0,0,0,0,0,0,0,0,1,1,0,0
6057,1,0,1,0,1,0,1,0,1,0,1,0,1,0,1,0,1,0,1,0,1,0
6058,0,0,0,0,0,0,0,0,0,0,0,0,0,0,0,0,0,0,0,1,0,1
6059,0,0,1,0,0,0,0,0,0,0,0,0,1,0,0,0,0,0,1,0,1,0
6060,1,0,1,0,1,0,0,0,1,0,0,0,1,0,0,0,0,0,1,0,1,2
6061,1,1,1,1,1,1,0,1,0,0,1,1,1,1,1,1,1,1,1,1,1,0
6062,1,1,0,1,0,1,0,0,1,1,0,0,0,0,0,0,0,0,1,1,0,0
6063,0,0,0,0,1,1,0,0,0,0,0,0,0,0,0,0,1,1,1,1,0,0
6064,0,0,1,0,0,0,0,0,1,0,0,0,1,0,0,0,0,0,1,0,1,0
6065,0,0,0,0,0,0,0,0,0,0,0,0,0,0,0,0,0,0,1,1,0,0
6066,0,0,0,0,0,0,0,0,0,0,0,0,0,0,0,0,0,0,0,0,0,0
6067,0,0,0,0,0,0,0,0,0,0,0,0,0,0,0,0,0,0,0,0,0,0
6068,0,0,0,0,0,0,0,0,0,0,0,0,0,0,0,0,0,0,0,0,0,2
6069,0,0,0,0,0,0,0,0,0,0,0,0,0,0,0,0,0,0,0,0,0,0
6070,2,0,0,0,0,0,0,0,0,0,0,0,0,0,0,0,0,0,2,0,0,2
6071,0,0,0,0,0,0,0,0,0,0,0,0,0,0,0,0,0,0,0,0,0,1
6072,0,0,0,0,0,0,0,0,0,0,0,0,0,0,0,0,0,0,0,0,0,0
6073,0,2,0,1,0,2,0,1,0,2,0,2,0,1,0,2,2,2,0,1,0,1
6074,1,1,0,1,0,1,0,1,1,1,1,1,0,1,0,1,0,1,1,1,0,2
6075,0,0,0,0,0,0,0,0,0,1,0,0,0,0,0,0,0,0,0,0,0,0
6076,0,0,0,0,0,0,0,0,0,0,0,0,0,0,0,0,0,0,0,0,0,0
6077,0,0,0,0,0,0,0,0,0,0,0,0,0,0,0,0,0,0,0,0,0,0
6078,0,0,0,0,0,0,0,0,0,0,0,0,0,0,0,0,0,0,0,0,0,0
6079,0,0,0,0,1,1,0,0,1,1,0,0,0,0,0,0,0,0,1,0,0,0
6080,1,1,1,1,1,1,0,0,1,1,0,0,1,1,1,0,0,0,0,0,1,0
6081,0,0,1,0,0,0,1,0,1,0,0,0,0,0,0,0,0,0,0,0,0,0
6082,0,0,0,0,0,0,0,0,1,0,0,0,0,0,0,0,0,0,0,0,0,1
6083,1,0,1,0,1,0,0,0,1,0,0,0,0,0,0,0,0,0,0,0,0,0
6084,0,0,0,0,0,0,0,0,0,0,0,0,0,0,0,0,0,0,0,0,0,0
6085,0,0,0,0,0,0,0,0,0,0,0,0,0,0,0,0,0,0,0,0,0,0
6086,0,0,0,0,0,1,0,0,0,1,0,0,0,1,0,0,0,0,0,1,0,2
6087,0,0,0,0,0,0,0,0,0,0,0,0,0,0,0,0,0,0,0,0,0,2
6088,1,1,1,1,1,1,1,1,1,1,1,1,1,1,1,0,1,1,1,1,1,2
6089,2,2,0,0,0,2,0,0,0,0,0,0,0,0,0,0,0,0,2,2,0,0
6090,0,0,1,0,1,0,0,0,1,0,0,0,1,0,1,0,1,0,1,0,1,0
6091,1,1,1,1,1,1,1,1,1,1,2,1,1,1,1,1,1,1,1,1,1,0
6092,0,0,0,0,0,0,0,0,0,0,0,0,0,0,0,0,0,0,0,0,0,0
6093,2,0,2,1,1,0,0,0,2,1,0,0,0,0,0,0,0,0,2,1,0,1
6094,2,2,2,1,2,2,2,2,2,2,2,2,2,0,2,0,2,2,2,2,2,0
6095,2,0,2,0,2,0,2,1,2,1,2,1,2,0,2,0,2,0,2,0,2,2
6096,0,0,0,0,0,0,0,0,0,0,0,0,0,0,0,0,0,0,0,0,0,0
6097,0,0,0,0,0,0,0,0,0,0,0,0,0,0,0,0,0,0,0,0,0,0
6098,0,0,0,0,0,0,0,0,0,0,0,0,0,0,0,0,0,0,0,0,0,2
6099,0,0,0,0,0,0,0,0,0,0,0,0,0,0,0,0,0,0,0,1,0,2
6100,0,0,0,0,0,0,0,0,0,0,0,0,0,0,0,0,1,0,0,0,0,0
6101,2,0,1,0,1,0,1,0,1,0,1,0,1,0,1,0,2,0,1,0,1,2
6102,2,2,2,2,2,2,2,2,2,2,2,2,2,0,2,2,2,2,2,2,2,2
6103,2,2,2,2,0,2,0,0,2,2,0,2,0,0,0,0,0,2,2,2,0,0
6104,0,0,0,0,0,0,0,0,0,0,0,0,0,0,0,0,0,0,0,0,0,1
6105,0,0,1,1,0,0,0,0,1,1,0,0,1,0,1,1,1,0,1,1,1,1
6106,0,1,0,1,0,1,0,1,0,1,0,1,0,1,0,1,0,1,0,1,0,1
6107,2,2,0,0,0,0,0,0,2,0,2,2,2,2,0,0,2,2,2,2,2,2
6108,1,2,0,2,1,2,0,2,1,2,0,0,0,0,0,0,0,0,0,2,0,2
6109,0,0,0,0,0,0,0,0,0,0,0,0,0,0,0,0,0,0,0,0,0,0
6110,0,1,0,0,0,0,0,1,0,1,0,0,0,0,0,0,0,0,0,0,0,1
6111,2,2,2,0,0,0,2,0,2,0,2,2,2,2,0,0,2,0,2,2,2,0
6112,1,1,1,1,1,1,1,1,1,1,1,0,1,1,0,0,2,1,1,1,1,1
6113,2,0,0,0,0,1,0,0,1,0,0,2,0,0,0,0,0,0,2,2,0,2
6114,2,0,2,0,2,0,0,0,2,0,2,0,2,0,0,0,2,0,2,2,2,0
6115,0,0,1,0,0,0,0,0,0,0,0,0,1,0,0,0,0,0,0,0,1,0
6116,1,1,1,1,1,1,1,1,1,1,0,0,0,0,0,0,0,0,2,2,1,1
6117,1,1,1,1,0,0,1,1,1,1,0,0,0,0,0,0,0,0,2,2,1,1
6118,0,0,0,0,0,0,0,0,0,0,0,0,0,0,0,0,0,0,0,0,0,0
6119,0,0,0,0,0,0,0,0,0,0,0,0,0,0,0,0,0,0,0,0,0,0
6120,0,0,0,0,0,0,0,0,0,0,0,0,0,0,0,0,0,0,0,0,0,0
6121,1,1,1,1,1,1,1,1,1,1,1,0,1,0,1,0,1,0,1,0,1,0
6122,2,1,2,1,2,1,2,1,2,1,2,2,2,1,2,1,2,2,2,1,2,2
6123,0,0,0,0,0,0,0,0,0,0,0,0,0,0,0,0,0,0,0,0,0,0
6124,0,0,1,1,0,0,0,0,0,0,1,1,1,1,0,0,1,1,1,1,1,0
6125,1,1,1,1,1,1,1,1,1,1,1,1,1,0,1,1,1,1,1,1,1,0
6126,0,0,0,0,0,0,0,0,0,0,0,0,0,0,0,0,0,0,0,0,0,1
6127,1,1,1,0,1,1,1,1,1,1,1,0,1,1,1,1,1,1,1,1,1,2
6128,0,0,1,1,0,0,0,0,0,0,1,0,0,0,0,0,0,0,1,1,0,2
6129,0,0,0,0,0,0,0,0,0,0,0,0,0,0,0,0,0,0,0,0,0,0
6130,2,1,0,1,0,1,0,1,0,1,2,1,2,1,0,1,2,1,1,1,2,2
6131,0,0,1,0,1,0,0,0,0,0,0,0,0,0,0,0,0,0,2,2,0,1
6132,0,0,0,0,0,0,0,0,0,0,0,0,0,0,0,0,0,0,0,0,0,0
6133,0,0,0,1,0,0,0,0,0,0,0,0,0,0,0,0,0,0,0,0,0,0
6134,0,0,1,0,0,0,0,0,0,0,0,0,0,0,0,0,0,0,0,0,0,0
6135,0,2,0,2,0,2,0,2,1,2,1,2,0,2,1,2,0,2,1,2,0,0
6136,2,2,2,2,2,2,2,2,2,2,2,2,2,2,2,2,2,2,2,2,2,2
6137,0,0,0,0,0,0,0,0,0,0,0,0,0,0,0,0,0,0,0,0,0,0
6138,1,1,1,2,1,1,2,2,1,2,1,2,1,2,2,2,2,2,1,2,1,1
6139,0,1,1,1,1,2,0,1,1,1,1,2,1,1,1,2,0,2,1,1,1,2
6140,0,0,0,0,0,0,0,0,0,0,0,0,0,0,0,0,0,0,0,0,0,0
6141,2,2,2,2,2,2,2,2,2,2,2,2,2,2,2,2,2,2,2,2,2,2
6142,0,0,0,0,0,0,0,0,0,0,0,0,0,0,0,0,0,0,0,0,0,0
6143,0,0,0,0,0,0,0,0,0,0,0,0,0,0,0,0,0,0,0,0,0,0
6144,0,0,0,0,0,0,0,0,0,0,0,0,0,0,0,0,0,0,0,0,0,0
6145,0,0,0,0,0,0,0,0,0,0,0,0,0,0,0,0,0,0,0,0,0,0
6146,0,0,0,0,0,0,0,0,0,0,0,0,0,0,0,0,0,0,1,0,0,2
6147,1,0,1,1,1,2,1,1,1,1,1,1,1,1,1,1,1,1,1,1,1,0
6148,1,1,1,1,1,1,1,0,1,1,1,1,1,1,0,1,1,1,1,1,1,2
6149,0,0,0,0,0,0,0,0,0,0,0,0,0,0,0,0,0,0,0,0,0,0
6150,0,0,0,0,0,0,0,0,0,0,0,0,0,0,0,0,0,0,0,0,0,0
6151,0,1,0,1,0,1,0,0,0,1,0,1,0,1,0,0,0,2,2,2,0,2
6152,1,1,1,1,2,2,2,2,2,2,2,2,1,1,2,2,2,2,2,2,1,2
6153,0,0,0,0,0,0,0,0,0,0,0,0,0,0,0,0,0,0,0,0,0,0
6154,2,1,2,1,2,1,2,1,2,1,2,1,2,1,2,1,2,1,2,1,2,2
6155,0,0,0,0,0,0,0,0,0,0,0,0,0,0,0,0,0,0,0,0,0,0
6156,0,0,0,0,0,0,0,0,0,0,0,0,0,0,0,0,0,0,0,1,0,1
6157,2,2,2,2,2,2,2,2,2,2,2,2,2,2,2,2,2,2,2,2,2,2
6158,0,1,0,1,0,1,0,1,0,1,0,2,0,1,0,0,0,1,0,0,0,2
6159,2,2,2,2,2,2,2,2,2,2,2,0,2,2,2,2,2,0,2,2,2,0
6160,2,2,2,2,2,2,2,2,2,2,2,2,2,2,2,2,2,2,2,2,2,0
6161,2,1,2,2,2,2,2,1,2,1,2,2,2,2,2,2,2,2,2,2,2,2
6162,2,2,2,1,0,0,2,1,0,1,0,0,0,0,0,0,0,2,2,2,0,2
6163,0,0,0,0,0,0,0,0,0,0,0,0,0,0,0,0,0,0,0,0,0,0
6164,1,1,1,1,1,1,0,1,1,1,2,1,1,1,1,1,2,1,2,1,1,1
6165,2,0,2,0,2,0,2,0,2,0,2,0,0,0,0,0,0,0,0,0,0,0
6166,2,0,2,1,2,1,2,1,1,1,2,0,2,0,1,0,2,0,1,0,2,0
6167,0,0,0,0,0,0,0,0,0,0,0,0,0,0,0,0,0,0,0,1,0,0
6168,0,0,0,0,0,0,0,0,0,0,0,0,0,0,0,0,0,0,0,0,0,2
6169,0,1,0,1,0,1,0,0,0,1,0,0,0,1,0,1,0,1,0,1,0,1
6170,0,0,0,0,0,0,0,0,0,0,0,0,0,0,0,0,0,0,0,0,0,0
6171,0,0,1,0,1,0,0,0,1,0,1,0,1,0,0,0,1,0,0,0,1,1
6172,0,1,0,1,0,1,0,0,1,1,0,0,0,0,0,0,0,0,0,0,0,2
6173,1,0,1,0,1,0,0,0,1,0,1,0,1,0,0,0,1,0,1,1,1,0
6174,0,0,0,0,0,0,0,0,0,0,0,0,0,0,0,0,0,0,0,0,0,0
6175,0,0,0,0,0,0,0,0,0,0,1,0,1,0,0,0,0,0,0,0,1,0
6176,1,1,1,1,1,1,1,1,1,1,1,1,1,1,1,1,1,1,1,1,1,2
6177,2,2,2,2,2,2,2,2,2,2,2,2,2,2,2,2,2,2,2,2,2,0
6178,0,0,0,0,0,0,0,0,0,0,0,0,0,0,0,0,0,0,0,0,0,0
6179,0,0,0,0,2,2,0,0,0,0,2,0,1,0,0,0,2,0,0,0,1,1
6180,0,0,0,0,0,0,0,0,0,0,0,0,0,0,0,0,0,0,0,0,0,0
6181,1,2,1,2,1,0,1,0,1,0,0,2,0,2,0,0,1,2,1,2,0,2
6182,0,0,0,0,0,0,0,0,0,0,0,0,0,0,0,0,0,0,0,0,0,0
6183,0,0,0,0,0,0,0,0,0,0,0,0,0,0,0,0,0,0,0,0,0,0
6184,1,1,1,1,1,1,1,1,1,1,2,1,1,1,1,1,1,1,2,1,1,1
6185,2,2,2,2,2,2,2,2,2,2,2,2,2,1,2,2,2,2,2,2,2,2
6186,1,1,1,1,1,1,1,1,1,1,1,1,1,1,1,1,1,1,1,1,1,0
6187,0,1,1,1,0,0,0,0,1,1,0,1,1,1,0,0,0,0,1,0,1,0
6188,0,0,0,0,0,0,0,0,0,0,0,0,0,0,0,0,0,0,0,0,0,0
6189,0,0,0,0,0,0,0,0,0,0,0,0,0,0,0,0,0,0,0,0,0,0
6190,0,0,0,0,0,0,0,0,0,0,0,0,0,0,0,0,0,0,0,0,0,0
6191,1,0,1,0,1,0,1,0,1,1,1,0,1,0,1,0,1,0,1,1,1,0
6192,1,2,1,2,1,2,1,2,1,2,0,2,1,2,1,2,1,2,1,2,1,0
6193,1,1,1,1,1,1,1,1,1,1,1,1,1,1,1,1,1,1,1,1,1,2
6194,2,2,1,1,2,1,1,0,1,1,2,2,1,1,1,0,2,1,1,2,1,0
6195,2,2,2,2,2,2,2,2,2,2,2,2,2,2,2,2,2,2,2,2,2,2
6196,0,0,0,0,0,0,0,0,0,0,0,0,0,0,0,0,0,0,0,0,0,0
6197,0,0,0,0,0,0,0,0,0,0,0,0,0,0,0,0,0,0,0,0,0,0
6198,0,0,0,0,0,0,0,0,1,1,0,0,0,0,0,0,0,0,0,0,0,2
6199,0,0,0,0,0,0,0,0,0,0,0,0,0,0,0,0,0,0,0,0,0,0
6200,1,1,1,1,1,1,1,1,1,1,1,1,1,1,1,1,1,1,1,1,1,0
6201,1,1,1,1,1,1,1,1,1,1,1,1,1,1,1,1,1,1,1,1,1,1
6202,0,0,0,0,0,0,0,0,0,0,0,0,0,0,0,0,0,0,0,0,0,0
6203,2,2,2,2,2,2,2,2,2,2,2,2,2,2,2,2,2,2,2,2,2,2
6204,0,0,0,0,0,0,0,0,0,0,0,0,0,0,0,0,0,0,0,2,0,0
6205,0,1,1,2,0,1,0,1,0,1,0,2,1,1,0,0,1,2,0,2,1,2
6206,2,0,2,0,2,0,2,0,2,0,2,0,0,0,0,0,2,0,1,0,0,0
6207,0,0,0,0,0,0,0,0,0,0,0,0,0,0,0,0,0,0,0,0,0,0
6208,0,0,0,0,0,0,0,0,0,0,0,0,0,0,0,0,0,0,0,0,0,0
6209,1,1,1,1,1,1,1,1,1,1,1,1,1,1,1,1,1,1,1,1,1,1
6210,0,0,0,0,0,0,0,0,0,0,0,0,0,0,0,0,0,0,0,0,0,0
6211,1,1,1,1,1,1,1,0,1,1,0,0,0,0,0,0,0,0,0,0,0,0
6212,0,0,0,0,0,0,0,0,0,0,0,0,0,0,0,0,0,0,0,0,0,0
6213,1,0,1,0,1,0,1,0,1,0,1,0,1,0,1,0,1,0,1,0,1,0
6214,0,0,1,1,0,1,0,2,1,1,0,0,0,0,1,0,0,1,1,2,0,2
6215,0,0,0,0,0,0,0,0,0,0,0,0,0,0,0,0,0,0,0,0,0,0
6216,0,0,1,0,1,1,0,0,1,1,0,0,0,0,0,0,0,0,0,0,0,0
6217,0,0,0,0,0,0,0,0,0,0,0,0,0,0,0,0,0,0,0,0,0,2
6218,2,2,2,2,2,2,2,2,2,2,2,2,2,2,2,2,2,2,2,2,2,2
6219,0,0,0,0,0,0,0,0,0,0,0,0,0,0,0,0,0,0,0,0,0,0
6220,1,1,1,1,1,1,1,1,1,1,2,2,1,1,1,1,1,1,1,1,0,0
6221,0,2,0,2,0,2,0,2,0,2,0,2,0,2,0,2,0,2,0,2,0,0
6222,0,0,0,0,0,0,0,0,0,0,0,0,0,0,0,0,0,0,0,0,0,0
6223,0,0,0,0,0,0,0,0,1,0,0,0,0,0,0,0,0,0,0,0,0,2
6224,2,2,2,2,2,2,2,2,2,2,2,2,2,2,2,2,2,2,2,2,2,2
6225,0,0,0,0,0,0,0,0,0,0,0,0,0,0,0,0,0,0,0,0,0,0
6226,0,0,0,0,0,0,0,0,0,0,0,0,1,0,0,0,0,0,0,0,1,0
6227,0,1,0,1,0,2,0,2,0,1,2,2,0,1,0,0,0,2,0,1,0,0
6228,2,2,2,2,1,1,2,2,2,2,2,2,2,2,2,2,1,1,1,1,2,2
6229,0,1,0,0,0,0,0,0,0,0,0,0,0,0,0,0,0,0,0,0,0,0
6230,1,1,1,1,1,1,1,0,1,1,1,1,1,1,1,0,1,0,1,1,1,2
6231,0,0,0,0,0,0,0,0,0,0,0,0,0,0,0,0,0,0,0,0,0,0
6232,0,0,0,0,0,0,0,0,2,0,2,0,2,0,0,0,0,0,2,0,2,1
6233,2,1,2,1,2,1,1,1,2,1,2,0,2,1,2,0,2,1,2,1,2,2
6234,0,0,0,0,0,0,0,0,0,0,0,0,0,0,0,0,0,0,0,0,0,0
6235,0,0,0,0,0,0,0,0,0,0,0,0,0,0,0,0,1,0,0,0,0,1
6236,0,0,0,0,0,0,0,0,0,0,0,0,0,0,0,0,0,0,0,0,0,0
6237,1,1,1,1,1,1,1,1,1,1,1,1,1,1,1,1,1,1,1,1,1,2
6238,0,0,0,0,0,0,0,0,0,0,0,0,0,0,0,0,0,0,0,0,0,2
6239,1,0,1,0,1,0,1,0,1,0,1,0,1,0,1,0,1,0,1,0,1,2
6240,1,0,1,0,1,0,1,0,1,0,1,0,1,0,1,0,1,0,1,0,1,1
6241,0,1,0,1,0,0,0,0,0,1,0,0,0,1,0,1,0,0,0,1,0,2
6242,0,0,0,0,0,0,0,0,0,0,0,0,0,1,0,0,0,0,0,0,0,0
6243,2,0,0,0,2,0,0,0,2,0,0,0,0,0,0,0,0,0,2,0,0,0
6244,0,0,1,1,0,1,0,1,1,1,0,1,0,0,0,1,0,0,1,1,0,0
6245,0,0,0,0,0,1,0,0,0,1,0,0,0,0,0,0,0,0,1,1,0,2
6246,0,0,0,0,0,0,0,0,0,0,0,0,0,0,0,0,0,0,0,0,0,0
6247,2,1,1,0,1,0,1,0,1,0,0,0,0,0,0,0,2,0,2,0,0,0
6248,1,0,1,1,1,0,1,1,1,0,1,0,1,0,0,0,1,0,1,0,1,1
6249,2,0,2,0,2,0,2,1,2,0,2,0,2,0,2,0,2,1,2,2,2,0
6250,0,1,0,1,0,1,0,1,0,1,0,1,0,1,0,1,0,1,0,1,0,1
6251,0,0,0,0,0,0,0,0,0,0,0,0,0,0,0,0,0,0,0,0,0,0
6252,0,0,0,0,0,0,0,0,0,0,0,0,0,0,0,0,0,0,0,0,0,2
6253,0,1,0,1,0,1,0,1,0,1,0,1,0,1,0,2,0,1,2,1,0,0
6254,0,0,0,0,0,0,0,0,0,0,0,0,0,0,0,0,0,0,0,0,0,2
6255,0,0,0,0,0,0,0,0,0,0,0,1,0,0,0,0,1,1,1,0,0,0
6256,0,0,0,0,0,0,0,0,0,0,0,0,0,0,0,0,0,0,0,0,0,0
6257,0,1,0,1,0,2,0,1,0,1,0,2,0,1,0,2,0,1,0,1,0,0
6258,0,0,0,0,0,0,0,0,0,0,0,0,0,0,0,0,0,0,0,0,0,0
6259,1,1,1,0,1,0,0,0,0,0,0,0,1,2,0,0,0,0,0,2,1,2
6260,1,0,1,0,1,0,1,0,2,1,1,0,0,0,1,0,1,0,1,1,0,0
6261,1,1,1,1,1,1,0,0,1,1,0,0,1,1,1,1,1,1,1,1,1,2
6262,0,0,0,0,0,0,0,0,0,0,0,0,0,0,0,0,0,0,0,0,0,0
6263,1,2,1,2,1,2,1,2,1,2,1,2,1,2,1,1,1,2,1,2,1,1
6264,0,0,0,1,0,0,0,0,0,2,0,0,0,0,0,0,0,0,0,0,0,0
6265,0,1,1,0,0,0,0,0,1,1,0,0,1,0,0,0,1,0,1,1,1,0
6266,2,2,2,2,2,2,2,2,2,2,2,2,2,2,2,2,2,2,2,2,2,2
6267,2,2,2,2,2,2,2,2,2,2,2,2,2,2,2,2,2,2,2,2,2,2
6268,1,1,1,1,0,1,0,1,1,1,2,2,2,2,0,2,2,2,2,2,2,2
6269,2,2,2,2,2,2,0,2,2,2,2,2,2,2,0,2,2,2,2,2,2,2
6270,2,0,2,0,2,0,2,0,0,0,2,0,2,0,0,0,2,0,0,0,2,2
6271,0,0,0,0,0,0,0,0,1,1,0,0,0,0,0,0,1,0,1,0,0,0
6272,0,0,0,0,0,0,0,0,0,1,0,0,0,0,0,0,0,0,0,0,0,0
6273,0,0,0,0,0,0,0,0,0,0,0,0,0,0,0,0,0,0,0,0,0,0
6274,1,0,1,0,1,0,0,0,1,0,0,0,0,0,0,0,0,0,1,0,0,2
6275,0,2,0,2,0,2,0,2,0,2,0,2,0,2,0,2,0,2,0,2,0,0
6276,0,0,0,0,0,0,0,0,0,1,0,2,0,1,0,0,0,0,0,2,0,0
6277,0,2,0,0,0,0,0,0,0,0,0,0,0,0,0,0,0,0,0,0,0,0
6278,0,0,0,0,0,0,0,0,0,0,0,0,0,0,0,0,0,0,0,0,0,0
6279,0,0,0,0,0,0,0,0,0,0,0,0,0,0,0,0,0,0,0,0,0,0
6280,0,1,0,1,0,0,0,1,0,1,0,0,0,1,0,1,0,1,1,1,0,2
6281,0,0,0,0,0,0,0,0,0,0,0,0,0,0,0,0,0,0,0,0,0,0
6282,2,2,2,0,2,2,2,2,2,2,2,2,2,2,2,0,2,2,2,2,2,2
6283,0,0,0,0,0,0,0,1,0,1,0,0,0,0,0,0,0,0,0,0,0,2
6284,1,1,0,1,1,1,0,0,1,1,1,1,1,1,0,0,1,1,1,1,1,0
6285,0,0,0,0,0,0,0,0,0,0,0,0,0,0,0,0,0,0,0,0,0,2
6286,0,1,0,1,0,1,0,1,0,1,0,1,0,1,0,0,0,1,0,1,0,0
6287,2,2,0,0,0,0,0,0,0,0,0,0,0,0,0,0,0,0,2,2,0,0
6288,0,0,0,0,0,0,0,0,0,0,0,0,0,0,0,0,0,0,0,0,0,0
6289,0,0,0,0,0,0,0,0,0,0,0,0,0,0,0,0,0,0,0,0,0,0
6290,0,1,0,1,1,1,0,1,1,1,0,0,1,1,0,0,0,1,1,1,1,0
6291,2,2,2,1,2,1,2,1,2,1,2,2,2,1,2,1,2,2,2,2,2,2
6292,0,0,0,0,0,0,0,0,0,0,0,0,0,0,0,0,0,0,1,0,0,1
6293,2,2,2,2,1,2,2,2,2,2,2,2,2,2,1,2,2,2,2,2,2,2
6294,1,1,1,1,1,1,1,1,1,1,1,1,1,1,1,1,1,1,1,1,1,2
6295,0,0,0,0,0,0,0,0,0,1,0,0,0,1,0,0,0,0,0,0,0,0
6296,0,0,0,0,0,0,0,0,0,0,0,0,0,0,0,0,0,0,0,0,0,0
6297,2,2,1,1,0,0,1,1,2,2,2,2,1,1,2,2,2,2,2,2,1,1
6298,0,0,0,0,0,0,0,0,1,0,0,0,0,0,0,0,0,0,0,0,0,0
6299,0,0,0,0,0,0,0,0,0,0,0,0,0,0,0,0,0,0,0,0,0,0
6300,0,0,1,0,0,0,0,0,0,0,0,0,0,0,0,0,0,0,0,0,0,1
6301,1,0,1,1,1,0,0,0,1,1,1,1,1,1,1,1,1,1,1,1,1,0
6302,1,1,1,1,1,1,1,1,1,1,1,1,1,1,1,0,1,0,1,0,1,0
6303,0,0,0,0,0,0,0,0,0,0,0,0,0,0,0,0,0,0,0,0,0,2
6304,0,0,0,0,0,0,0,0,0,0,0,0,0,0,0,0,0,0,0,0,0,0
6305,0,0,0,0,0,0,0,0,0,0,0,0,0,0,0,0,0,0,0,0,0,2
6306,0,0,0,0,0,0,0,0,0,0,0,0,0,0,0,0,0,0,0,0,0,0
6307,0,0,0,0,0,0,0,0,0,0,0,0,0,0,0,0,0,0,0,0,0,0
6308,2,0,2,0,0,0,0,0,1,0,0,0,2,0,0,0,1,0,1,0,2,0
6309,2,2,2,2,2,2,2,2,2,2,2,2,2,2,2,2,2,2,2,2,2,1
6310,0,0,0,0,0,0,0,0,0,0,0,0,0,0,0,0,0,0,1,0,0,0
6311,0,0,0,0,0,0,0,0,0,0,0,0,0,0,0,0,0,0,0,0,0,0
6312,0,0,1,1,0,0,0,0,1,1,0,0,1,0,0,0,0,0,1,1,1,0
6313,1,1,1,1,1,1,1,1,1,1,1,1,1,1,1,0,1,1,1,1,1,0
6314,0,0,1,0,0,0,0,0,1,0,0,0,1,0,0,0,0,0,1,0,1,0
6315,0,0,0,0,0,0,0,0,0,2,0,0,0,0,0,0,0,0,0,0,0,0
6316,1,1,1,1,1,1,0,1,1,1,1,1,1,1,0,0,1,1,1,1,1,0
6317,0,0,0,0,0,0,0,0,0,0,0,0,0,0,0,0,0,0,0,0,0,2
6318,1,0,0,0,1,1,0,0,1,1,0,0,0,0,0,0,0,0,0,2,0,0
6319,0,0,0,1,0,1,0,0,0,1,0,0,0,0,0,0,0,0,0,0,0,2
6320,0,1,1,1,1,1,0,0,1,1,1,0,1,1,1,0,1,1,1,1,1,0
6321,2,1,2,1,2,1,2,1,2,1,2,1,2,1,2,1,2,1,2,1,2,1
6322,0,0,0,0,0,0,0,0,0,0,0,0,0,0,0,0,0,0,0,0,0,0
6323,1,1,1,1,1,1,1,1,1,1,1,1,1,1,1,1,2,2,1,1,1,1
6324,0,0,1,1,0,0,0,0,1,0,1,0,1,0,0,0,1,0,1,1,1,1
6325,1,1,1,1,1,1,1,1,1,1,0,0,1,1,1,0,1,1,1,1,1,1
6326,0,0,0,0,0,0,0,0,0,0,0,0,0,0,0,0,0,0,0,0,0,0
6327,1,2,2,2,2,2,1,2,1,2,1,2,2,2,1,2,2,2,1,2,2,2
6328,2,0,0,0,0,0,0,0,2,0,2,0,2,0,2,2,2,2,2,2,2,1
6329,0,0,0,0,0,0,0,0,0,0,0,0,0,0,0,0,0,0,0,0,0,0
6330,0,0,0,0,0,0,0,0,0,0,0,0,0,0,0,0,0,0,0,0,0,0
6331,0,0,0,0,0,0,0,0,0,0,0,0,0,0,0,0,0,0,0,0,0,0
6332,0,0,0,0,0,0,0,0,1,0,0,0,0,0,0,0,0,0,0,0,0,0
6333,0,2,0,1,0,1,0,0,0,1,0,0,0,0,0,0,0,0,0,0,0,1
6334,0,0,0,0,0,0,0,0,0,0,0,0,0,0,0,0,0,0,0,0,0,1
6335,1,0,1,0,1,0,1,0,1,0,0,0,1,0,0,0,0,0,1,0,1,0
6336,0,0,0,0,0,0,0,0,0,0,0,0,0,0,0,0,0,0,0,0,0,2
6337,0,0,0,0,0,0,0,0,0,0,0,0,0,0,0,0,0,0,0,0,0,0
6338,0,0,0,0,0,0,0,0,0,0,0,0,0,0,0,0,0,0,0,0,0,0
6339,0,0,0,0,0,0,0,0,0,0,0,0,0,0,0,0,0,0,0,0,0,0
6340,0,0,0,0,0,0,0,0,0,0,0,0,0,0,0,0,0,0,0,0,0,0
6341,0,0,0,0,0,0,0,0,0,0,0,0,0,0,0,0,0,0,0,0,0,2
6342,0,0,0,0,0,0,0,0,0,0,0,0,0,0,0,0,0,0,0,0,0,2
6343,0,2,0,2,0,2,0,2,0,2,0,2,0,2,0,2,0,2,0,2,0,2
6344,0,0,1,0,0,0,1,0,0,1,1,0,1,0,0,0,0,0,1,1,1,0
6345,0,2,0,0,1,2,0,0,1,2,1,0,1,0,0,0,1,0,1,0,1,1
6346,0,0,0,0,0,0,0,0,0,0,0,0,0,0,0,0,0,0,0,0,0,0
6347,1,1,0,0,0,0,0,0,1,1,0,0,0,0,0,0,0,0,0,2,0,0
6348,1,0,1,1,1,1,1,0,1,0,1,1,1,1,1,0,1,0,1,1,1,2
6349,0,1,2,1,0,1,0,0,0,1,2,1,0,1,0,2,2,1,1,1,0,0
6350,0,0,0,0,0,0,0,0,0,0,0,0,0,0,0,0,1,0,0,0,0,0
6351,0,0,0,0,0,0,0,0,0,0,0,0,0,0,0,0,0,0,0,0,0,0
6352,1,0,1,0,1,0,1,0,1,0,1,0,1,0,1,0,1,0,1,0,1,0
6353,2,1,2,1,2,1,2,1,2,1,2,1,2,1,2,1,1,1,1,1,2,1
6354,0,0,0,0,0,0,0,0,0,0,0,0,1,0,0,0,1,0,1,0,1,0
6355,1,1,1,1,1,1,1,1,1,1,1,1,1,1,1,1,1,1,1,1,1,2
6356,0,0,0,0,0,0,0,0,0,0,0,0,0,0,0,0,0,0,1,1,0,0
6357,0,0,0,0,0,0,0,0,0,0,0,0,0,0,0,0,0,0,0,0,0,0
6358,0,0,0,0,0,0,0,0,0,0,0,0,0,0,0,0,0,0,0,0,0,0
6359,0,0,0,0,0,0,0,0,0,0,0,0,0,0,0,0,0,0,0,0,0,0
6360,0,0,0,0,0,0,0,0,0,0,0,0,0,0,0,0,0,0,0,0,0,2
6361,0,0,2,0,2,1,2,0,2,0,2,0,1,0,0,0,2,0,0,0,1,2
6362,2,2,2,2,2,2,2,2,2,2,2,0,0,0,0,0,2,0,2,2,0,0
6363,0,0,0,0,0,1,0,0,0,0,0,0,0,0,0,0,0,0,0,0,0,2
6364,1,0,2,0,2,0,2,0,1,0,2,0,2,0,2,0,2,0,1,0,2,0
6365,1,1,0,1,0,1,0,1,1,1,0,0,0,1,0,0,0,0,1,2,0,0
6366,0,0,0,0,0,0,0,0,0,0,0,0,0,0,0,0,0,0,0,0,0,0
6367,0,0,0,0,0,0,0,0,0,0,0,0,0,0,0,0,0,0,0,0,0,1
6368,1,1,1,1,1,1,1,1,2,1,0,0,1,1,0,0,0,0,1,1,1,1
6369,0,0,0,0,0,0,0,0,0,0,0,0,0,0,0,0,0,0,0,0,0,0
6370,0,0,0,0,0,0,0,0,0,0,0,0,0,0,0,0,0,0,0,0,0,0
6371,0,0,0,0,0,0,0,0,0,0,0,0,0,0,0,0,0,0,0,0,0,0
6372,1,1,1,1,1,1,1,1,1,1,2,2,1,1,1,1,2,2,1,1,1,1
6373,0,0,0,0,0,0,0,0,0,0,0,0,0,0,0,0,0,0,0,0,0,0
6374,0,2,0,2,0,2,0,0,0,2,0,0,0,0,0,0,0,0,0,0,0,0
6375,0,0,0,0,0,0,0,0,0,0,0,0,0,0,0,0,0,0,0,0,0,0
6376,2,0,0,0,2,0,2,0,2,0,0,0,0,0,0,0,0,0,2,0,0,2
6377,1,1,1,0,1,1,0,1,1,1,1,0,1,1,1,0,1,1,1,1,1,2
6378,0,0,0,0,0,0,0,0,0,0,0,0,0,0,0,0,0,0,0,0,0,0
6379,0,0,0,0,0,0,0,0,0,0,0,0,0,0,0,0,0,0,0,0,0,0
6380,2,0,2,0,2,0,2,0,2,0,2,0,2,0,2,0,2,0,2,0,2,2
6381,2,2,2,2,2,2,2,2,2,2,2,2,2,2,2,0,2,2,2,2,2,0
6382,0,0,0,0,0,0,0,0,0,0,0,0,0,0,0,0,0,0,0,0,0,2
6383,0,1,0,1,0,2,0,1,0,1,0,2,0,2,0,2,0,2,0,2,0,1
6384,1,0,1,0,1,0,0,0,1,0,0,0,0,0,0,0,0,0,1,0,0,2
6385,1,1,1,1,1,1,0,0,1,1,0,0,0,0,0,0,0,0,0,0,0,0
6386,0,0,0,0,0,0,0,0,0,0,0,0,0,0,0,0,0,0,1,0,0,0
6387,1,1,2,2,1,1,0,0,2,2,0,0,2,2,1,1,1,1,1,1,2,0
6388,0,0,0,1,0,0,0,0,0,1,0,0,0,0,0,0,0,0,0,0,0,1
6389,0,0,0,1,0,0,0,0,0,0,0,0,0,0,0,0,0,0,0,0,0,2
6390,0,0,0,0,0,0,0,0,0,0,0,0,0,0,0,0,0,0,0,0,0,0
6391,0,0,0,0,0,0,0,0,0,0,0,0,0,0,0,0,0,0,0,0,0,0
6392,1,1,1,1,0,0,0,0,1,1,1,1,1,1,0,0,1,1,1,1,1,1
6393,1,0,1,0,1,0,1,0,1,0,1,0,1,0,1,0,1,0,1,0,1,2
6394,0,0,0,0,0,0,0,0,0,0,2,1,1,0,0,0,2,0,2,0,1,0
6395,0,0,0,0,0,0,0,0,0,0,0,0,0,0,0,0,0,0,0,0,0,0
6396,0,0,0,0,0,0,0,0,0,0,0,0,1,1,0,0,0,0,0,0,1,0
6397,0,0,0,0,0,0,0,0,0,0,0,0,0,0,0,0,0,0,0,0,0,0
6398,2,0,1,0,2,0,2,0,1,0,2,0,2,0,2,0,2,0,2,0,2,2
6399,2,2,2,2,2,2,1,2,2,2,2,2,2,2,2,2,2,2,2,2,2,0
6400,0,2,1,2,0,2,0,2,0,1,0,1,0,2,1,2,0,2,1,1,0,1
6401,0,0,0,0,0,0,0,0,0,0,0,0,0,0,0,0,0,0,1,0,0,2
6402,0,1,1,1,0,1,1,0,1,1,1,1,1,1,0,1,1,1,1,1,1,1
6403,0,0,0,0,0,0,0,0,0,0,0,0,0,0,0,0,0,0,0,1,0,0
6404,0,0,0,0,0,0,0,0,0,0,0,0,0,0,0,0,0,0,0,0,0,0
6405,2,2,2,2,2,2,2,2,2,2,2,2,2,2,2,2,2,2,2,2,2,0
6406,0,0,0,0,0,0,0,0,0,0,0,0,0,0,0,0,0,0,0,0,0,0
6407,1,1,1,1,1,1,1,1,1,1,0,1,1,1,1,1,1,1,1,1,1,1
6408,0,0,1,1,1,1,0,0,1,1,1,1,1,1,1,1,1,1,1,1,1,1
6409,1,0,1,1,1,1,1,0,1,1,0,0,1,1,1,1,1,0,1,1,1,2
6410,0,0,1,0,1,0,0,0,1,0,1,0,1,0,0,0,1,0,1,1,1,2
6411,2,2,2,2,2,2,2,2,2,2,2,2,2,2,2,2,2,2,2,2,2,2
6412,1,0,1,1,1,0,1,0,1,0,1,1,1,1,1,0,1,1,1,1,1,0
6413,2,2,2,2,2,2,2,2,1,2,0,2,0,2,0,2,2,2,2,2,0,0
6414,2,2,0,1,2,1,0,1,2,1,2,1,1,1,2,0,1,1,1,1,1,2
6415,0,0,1,0,0,0,0,0,1,0,1,0,1,0,0,0,0,0,1,0,1,0
6416,0,0,0,0,0,0,0,0,0,0,0,0,0,0,0,0,0,0,0,0,0,0
6417,1,0,1,0,1,0,0,0,1,0,1,0,1,0,0,0,1,0,1,0,1,2
6418,0,2,0,0,0,2,0,0,0,0,0,2,0,0,0,0,0,0,0,0,0,0
6419,0,0,0,0,0,0,0,0,0,0,0,0,0,2,0,0,0,0,0,0,0,0
6420,1,0,1,0,1,0,0,0,1,0,1,0,1,0,1,0,1,0,1,0,1,2
6421,0,0,0,0,0,0,0,0,0,0,0,0,0,0,0,0,0,0,0,0,0,2
6422,0,0,0,0,0,0,0,0,0,0,0,0,0,0,0,0,0,0,0,0,0,2
6423,2,2,2,2,2,2,2,2,2,2,2,2,2,2,0,2,2,2,2,2,2,2
6424,0,0,0,0,0,0,0,0,0,0,0,0,0,0,0,0,0,0,0,0,0,0
6425,1,1,1,1,1,1,1,1,1,1,0,0,0,0,0,0,0,0,2,2,1,1
6426,1,1,1,1,1,1,1,1,1,1,1,1,1,1,1,1,1,1,1,1,1,0
6427,0,0,0,0,0,0,0,0,0,1,0,0,0,0,0,0,0,0,0,0,0,2
6428,0,0,0,0,0,0,0,0,0,0,0,0,0,0,0,0,0,0,2,0,0,0
6429,0,0,0,0,2,2,0,0,2,2,0,0,0,0,0,0,2,2,0,0,0,0
6430,0,1,0,0,0,1,0,2,0,2,0,2,0,0,0,2,0,2,0,2,0,2
6431,0,0,0,0,0,0,0,0,0,0,0,0,0,0,0,0,0,0,0,0,0,0
6432,0,0,0,0,0,0,0,0,0,0,0,0,0,0,0,0,0,0,0,0,0,0
6433,0,0,0,0,0,0,0,0,0,0,0,0,0,0,0,0,0,0,0,0,0,0
6434,0,0,0,0,0,0,0,0,0,0,0,0,0,0,0,0,0,0,0,0,0,0
6435,2,2,2,2,2,2,2,2,2,2,2,2,2,2,2,2,2,2,2,2,2,2
6436,1,2,1,2,1,1,1,1,1,2,1,1,1,0,1,2,1,0,1,0,1,1
6437,1,0,1,1,0,0,0,0,1,1,1,0,1,1,1,0,1,1,1,1,1,0
6438,0,0,0,0,0,0,0,0,0,0,0,0,0,0,0,0,0,0,0,0,0,0
6439,0,0,0,0,0,0,0,0,0,0,0,0,0,0,0,0,0,0,0,0,0,0
6440,1,1,1,1,1,1,0,0,1,1,1,1,1,1,1,1,1,1,1,1,1,2
6441,1,2,1,2,1,2,1,2,0,2,1,2,1,2,0,2,1,2,2,2,1,2
6442,0,0,0,0,0,0,0,0,0,0,0,0,0,0,0,0,0,0,0,0,0,0
6443,0,0,0,0,0,0,0,0,0,0,0,0,0,0,0,0,0,0,0,0,0,0
6444,1,1,1,2,1,1,1,1,2,2,0,0,0,0,0,0,2,0,2,2,0,2
6445,0,0,0,0,0,0,0,0,0,0,0,0,0,0,0,0,0,0,0,0,0,0
6446,0,0,0,0,0,0,0,0,0,0,0,0,0,0,0,0,0,0,0,0,0,2
6447,0,1,0,0,0,0,0,0,0,0,0,0,0,0,0,0,0,0,0,0,0,0
6448,1,1,1,1,1,1,1,1,1,1,2,1,1,1,1,1,1,1,1,1,1,2
6449,0,0,0,0,0,0,0,0,0,0,0,0,0,0,0,0,0,0,0,0,0,0
6450,0,0,0,0,0,0,0,0,0,0,0,0,0,0,0,0,0,0,0,0,0,0
6451,2,1,2,2,2,1,1,0,2,1,2,0,2,1,2,0,2,1,2,1,2,0
6452,1,1,1,1,1,1,1,1,2,1,2,1,1,1,1,1,1,1,1,1,1,0
6453,0,1,0,1,0,0,0,1,0,1,0,0,0,1,0,0,1,1,0,1,0,2
6454,2,0,2,0,2,0,2,0,2,1,2,0,2,0,2,0,2,0,2,0,2,0
6455,1,2,1,1,1,1,0,1,1,1,1,2,1,2,0,2,1,2,2,2,1,1
6456,0,0,0,0,0,0,0,0,0,0,0,0,0,0,0,0,0,0,0,0,0,0
6457,1,0,1,0,1,0,1,0,1,0,1,0,1,0,0,0,1,0,1,0,1,0
6458,0,0,0,0,0,0,0,0,0,0,0,0,0,0,0,0,0,0,0,0,0,0
6459,0,0,0,0,0,0,0,0,0,0,0,0,0,0,0,0,0,0,0,0,0,0
6460,2,2,2,1,2,2,2,2,2,1,2,2,2,1,2,0,2,2,2,2,2,1
6461,2,0,1,2,2,0,1,0,1,0,0,0,2,0,2,0,2,0,2,2,2,0
6462,0,0,0,0,0,0,0,0,0,0,0,0,0,0,0,0,0,0,0,0,0,0
6463,1,0,1,0,1,1,1,1,1,1,1,1,1,1,1,0,1,0,1,1,1,0
6464,0,0,0,0,0,0,0,0,0,0,0,0,0,0,0,0,0,0,0,1,0,0
6465,0,0,0,0,0,0,0,0,0,0,0,0,0,0,0,0,0,0,0,0,0,0
6466,1,1,0,0,0,0,0,0,0,0,0,0,0,0,0,0,0,0,0,0,0,2
6467,1,1,1,1,1,1,1,1,1,1,1,1,1,1,1,1,2,1,1,1,1,0
6468,0,0,0,0,0,0,0,0,0,0,0,0,0,0,0,0,0,0,0,0,0,0
6469,0,0,0,0,0,0,0,0,0,0,0,0,0,0,0,0,0,0,0,0,0,2
6470,0,0,0,0,0,0,0,0,0,0,0,0,0,0,0,0,0,0,0,0,0,0
6471,2,2,2,2,2,0,2,2,2,2,2,2,2,2,2,2,2,2,2,2,2,2
6472,0,1,0,1,1,1,0,1,1,1,0,0,0,0,0,0,0,0,0,0,0,0
6473,2,0,1,0,2,0,2,0,2,0,2,0,2,0,2,0,2,0,2,0,2,1
6474,0,0,0,0,0,0,0,0,0,0,0,0,1,0,0,0,0,0,0,0,1,0
6475,2,2,2,2,2,2,2,2,2,1,2,2,2,2,2,0,2,2,2,2,2,0
6476,0,0,0,0,0,0,0,0,0,0,0,0,0,0,0,0,0,0,0,0,0,0
6477,1,1,1,1,1,1,1,1,1,1,0,0,0,0,0,0,0,0,1,1,0,0
6478,0,0,0,0,0,0,0,0,0,0,0,0,0,0,0,0,0,0,0,0,0,0
6479,2,1,2,1,2,1,2,1,2,1,2,0,1,1,0,0,2,1,2,1,1,1
6480,1,1,1,1,0,1,0,0,1,1,1,1,1,1,0,0,1,1,1,1,1,0
6481,0,1,1,1,0,1,0,0,0,1,1,1,0,1,0,1,0,1,1,1,0,0
6482,0,0,0,0,0,0,0,0,0,1,0,0,0,0,0,0,0,0,0,0,0,0
6483,0,0,0,0,0,0,0,0,0,0,0,0,0,0,0,0,0,1,0,0,0,0
6484,1,0,1,0,0,0,0,0,1,0,0,0,1,0,0,0,0,0,1,0,1,0
6485,0,2,0,2,0,2,0,2,0,2,0,0,0,2,0,2,0,2,1,2,0,2
6486,0,0,0,0,0,0,0,0,0,0,0,0,0,0,0,0,0,0,0,0,0,2
6487,2,2,2,2,2,2,2,2,2,2,2,2,2,2,2,2,2,2,2,2,2,0
6488,0,0,0,0,0,0,0,0,0,0,0,0,0,0,0,0,0,0,0,0,0,0
6489,0,0,0,0,0,0,0,0,0,0,0,0,0,0,0,0,0,0,0,0,0,0
6490,0,0,1,1,1,1,1,1,1,1,0,0,1,1,0,0,1,1,1,1,1,2
6491,0,0,0,0,0,0,0,0,0,0,0,0,0,0,0,0,0,0,0,0,0,0
6492,0,0,0,0,0,0,0,0,0,0,0,0,0,0,0,0,0,0,0,0,0,0
6493,1,2,1,1,1,2,1,1,2,2,2,2,1,2,0,2,0,2,2,2,1,0
6494,2,2,2,2,2,2,2,2,2,2,2,2,2,2,2,2,2,2,2,2,2,2
6495,0,0,0,0,0,0,0,0,0,0,0,0,0,0,0,0,0,0,0,0,0,1
6496,0,0,0,0,0,0,0,0,0,0,0,0,0,0,0,0,0,0,0,0,0,0
6497,2,0,0,0,1,0,0,0,0,0,0,0,0,0,0,0,0,0,0,0,0,0
6498,0,0,0,0,0,0,0,0,0,0,0,0,0,0,0,0,0,0,0,0,0,0
6499,0,1,0,1,0,1,0,0,0,1,2,1,0,1,0,0,0,0,2,1,0,1
6500,0,1,0,0,0,1,0,0,0,0,0,0,0,0,0,0,0,0,0,0,0,0
6501,0,0,0,0,0,0,1,0,0,0,0,0,0,0,0,0,0,0,1,0,0,1
6502,1,1,0,1,0,0,0,0,1,1,1,0,0,0,0,0,1,1,1,1,0,0
6503,0,0,0,0,0,0,0,0,0,0,0,0,0,0,0,0,0,0,0,0,0,1
6504,0,0,0,0,0,0,0,0,0,0,0,1,0,0,0,0,0,0,0,1,0,2
6505,2,1,1,1,2,1,2,1,2,1,2,1,2,1,2,0,2,1,1,1,2,2
6506,1,0,1,0,2,0,1,0,1,0,2,0,1,0,1,0,1,0,1,0,1,0
6507,0,0,0,0,0,0,0,0,0,0,0,0,0,0,0,0,0,0,0,0,0,0
6508,0,0,0,0,0,0,0,0,0,0,0,0,0,0,0,0,0,0,0,0,0,0
6509,0,0,0,0,0,0,0,0,0,2,0,0,0,0,0,0,0,0,0,0,0,2
6510,0,1,1,1,1,1,0,0,0,1,0,1,1,1,0,0,1,1,0,0,1,0
6511,1,0,1,0,2,0,1,0,1,0,1,0,1,0,1,0,2,0,1,0,1,0
6512,0,0,0,0,0,0,0,0,0,0,0,0,0,0,0,0,0,0,0,0,0,0
6513,0,0,0,0,0,0,0,0,0,0,0,0,0,0,0,0,0,0,0,0,0,0
6514,0,0,0,1,0,0,0,0,0,1,0,0,0,0,0,0,0,0,0,0,0,2
6515,1,1,1,1,1,1,2,2,0,0,1,1,1,1,0,0,0,0,0,0,1,2
6516,0,0,0,0,0,0,0,0,0,0,0,0,0,0,0,0,0,0,0,0,0,0
6517,2,2,2,2,2,2,2,2,2,2,2,2,2,2,2,2,2,2,2,2,2,2
6518,1,2,1,2,1,2,0,2,1,2,1,2,1,2,1,2,1,2,1,2,1,0
6519,0,0,0,0,0,0,0,0,0,0,0,0,0,0,0,0,0,0,0,0,0,0
6520,0,0,0,0,0,0,0,0,0,0,0,0,0,0,0,0,0,0,0,0,0,0
6521,1,0,1,0,1,1,1,0,1,0,1,0,1,0,1,0,1,0,1,0,1,0
6522,0,0,0,0,0,0,0,0,0,0,0,0,0,0,0,0,0,0,0,0,0,0
6523,0,0,0,0,0,0,0,0,0,0,0,0,0,0,0,0,0,0,0,0,0,2
6524,0,0,0,0,0,0,0,0,0,0,0,0,0,0,0,1,0,0,0,1,0,2
6525,1,0,1,1,1,1,1,0,1,1,2,0,1,1,1,0,1,0,1,1,1,0
6526,0,0,0,0,0,0,0,0,0,0,0,0,0,0,0,0,0,0,0,0,0,0
6527,0,2,0,2,0,2,0,1,0,2,0,2,0,2,0,2,0,1,0,2,0,2
6528,2,2,2,2,2,2,2,0,2,2,2,0,2,0,2,0,2,2,2,2,2,0
6529,1,0,1,0,0,0,0,0,0,0,1,0,1,0,1,0,1,0,0,0,1,1
6530,1,1,1,1,1,1,1,1,1,1,1,1,1,1,1,1,1,1,1,1,1,0
6531,0,0,0,0,0,0,0,0,0,0,0,0,0,0,0,0,0,0,0,0,0,0
6532,0,1,0,1,0,0,0,1,0,1,0,0,0,1,0,0,0,0,0,1,0,0
6533,1,0,1,0,0,0,0,0,1,0,1,0,1,0,1,0,1,0,1,0,1,2
6534,0,0,1,0,1,0,0,0,1,0,1,0,0,0,0,0,0,0,2,0,0,0
6535,2,0,2,0,2,0,2,0,2,0,2,0,2,0,0,0,2,0,2,0,2,0
6536,0,0,0,0,0,1,0,0,0,0,0,0,0,0,0,0,0,0,0,0,0,0
6537,2,0,2,0,2,0,2,0,2,0,2,0,2,0,2,0,2,0,2,0,2,0
6538,0,2,0,0,0,0,0,0,0,0,0,2,0,0,0,0,0,0,0,2,0,2
6539,2,2,2,2,2,2,2,2,2,2,2,2,2,2,2,2,2,2,2,2,2,2
6540,1,0,1,0,1,0,1,0,1,0,1,0,1,0,1,0,1,0,1,0,1,2
6541,0,0,0,0,0,0,2,2,0,0,0,0,0,0,0,0,0,0,0,0,0,2
6542,0,0,0,0,0,0,0,0,0,0,0,0,0,0,0,0,0,0,0,0,0,2
6543,0,0,0,0,0,0,0,0,0,0,0,0,0,0,0,0,0,0,0,0,0,2
6544,0,0,0,0,0,0,0,0,0,0,0,0,0,0,0,0,0,0,0,0,0,0
6545,1,1,1,1,1,1,0,1,1,1,0,1,1,1,0,0,1,1,1,1,1,0
6546,2,1,2,2,2,1,2,1,2,1,2,2,1,1,1,1,2,1,1,1,1,2
6547,2,2,2,2,2,2,2,2,2,2,2,2,2,0,2,0,2,2,2,2,2,1
6548,0,0,0,0,0,0,0,0,0,0,0,0,0,0,0,0,0,0,0,0,0,0
6549,1,1,1,1,1,1,1,1,1,1,1,1,1,1,1,1,1,1,1,1,1,1
6550,0,0,0,0,0,0,0,0,0,1,0,1,0,1,0,1,0,0,0,1,0,2
6551,0,1,1,1,0,1,0,1,0,1,0,1,0,1,0,0,0,1,1,1,0,2
6552,0,0,0,0,0,0,0,0,0,0,0,0,0,0,0,0,0,0,0,2,0,0
6553,1,1,1,1,1,1,1,1,1,1,1,1,1,1,1,1,1,1,1,1,1,2
6554,2,2,2,0,2,0,2,0,2,2,2,0,2,0,2,0,2,0,2,2,2,0
6555,2,0,2,0,2,0,2,0,2,0,2,0,2,0,2,0,2,0,2,0,2,0
6556,0,0,0,0,0,0,0,0,0,0,0,0,0,0,0,0,0,0,0,0,0,0
6557,2,1,0,1,0,1,0,1,0,1,0,2,0,1,0,1,0,2,0,2,0,2
6558,0,0,0,0,0,0,0,0,1,1,1,0,0,0,0,0,0,0,0,0,0,0
6559,0,0,1,0,0,0,0,0,0,0,0,0,0,0,0,0,1,0,0,0,0,0
6560,0,0,0,0,0,0,0,0,0,0,0,0,0,0,0,0,0,0,0,0,0,2
6561,0,0,0,0,0,0,0,0,0,1,0,0,0,0,0,0,0,0,0,1,0,0
6562,1,0,1,1,0,0,0,0,1,1,1,0,1,0,0,0,1,0,1,0,1,0
6563,2,2,2,2,2,2,2,2,2,2,2,2,2,2,2,2,2,2,2,2,2,0
6564,0,0,0,0,0,0,0,0,0,0,0,0,0,0,0,0,0,0,0,0,0,0
6565,1,0,1,0,1,0,1,0,1,1,1,0,1,0,1,0,1,0,1,0,1,1
6566,0,0,1,1,0,0,0,0,0,1,0,0,0,0,0,0,0,1,0,1,0,0
6567,2,2,2,1,2,2,1,0,2,1,2,2,2,0,2,0,2,2,2,2,2,0
6568,1,0,1,0,1,0,1,0,1,0,1,0,1,0,0,0,1,0,1,0,1,0
6569,0,2,0,2,0,2,0,2,0,2,0,2,0,2,0,0,0,2,2,2,0,0
6570,0,1,0,1,0,1,0,1,0,1,0,1,0,1,0,0,0,1,0,1,0,1
6571,2,0,2,0,2,1,2,0,2,1,2,0,2,0,2,0,2,2,2,2,2,2
6572,1,1,1,1,1,1,0,0,1,1,1,1,1,1,0,0,1,1,1,1,1,0
6573,0,0,0,0,0,0,0,0,0,0,0,0,0,0,0,0,1,0,1,0,0,0
6574,0,0,0,1,0,1,0,0,0,0,0,0,0,0,0,0,0,0,1,0,0,0
6575,0,1,0,1,0,1,0,2,0,1,2,1,0,2,0,1,0,2,0,2,0,2
6576,2,1,1,1,2,1,1,1,1,1,2,1,1,1,0,0,1,1,2,1,1,0
6577,0,1,0,1,0,1,0,1,0,1,0,2,0,0,0,0,0,1,0,1,0,0
6578,0,0,0,0,0,0,0,0,0,0,0,0,0,0,0,0,0,0,0,0,0,0
6579,1,1,1,1,1,1,1,1,1,1,1,1,1,1,1,0,1,1,1,1,1,0
6580,0,1,0,0,0,0,0,0,0,0,0,0,0,0,0,0,0,0,0,2,0,1
6581,0,2,0,2,0,2,0,2,1,2,1,2,1,2,0,2,0,2,1,2,1,0
6582,1,1,1,1,1,1,0,0,1,1,1,1,1,1,1,1,1,1,1,1,1,0
6583,0,0,0,0,0,0,0,0,0,0,0,0,0,0,0,0,0,0,0,0,0,0
6584,0,0,0,0,0,0,0,0,0,0,0,0,0,0,0,0,0,0,0,0,0,0
6585,0,0,0,0,0,0,0,0,0,0,0,0,0,0,0,0,0,0,0,0,0,0
6586,0,0,0,0,0,0,0,0,0,0,0,0,0,0,0,0,0,0,0,0,0,0
6587,0,0,1,1,1,1,0,0,0,0,1,1,1,1,0,0,1,1,1,1,1,0
6588,0,0,0,0,0,0,0,0,0,0,0,0,0,0,0,0,0,0,0,0,0,0
6589,0,0,0,0,0,0,0,0,0,0,0,0,0,0,0,0,0,0,0,0,0,2
6590,1,0,0,0,1,0,1,0,1,1,1,1,1,0,1,0,1,0,1,1,1,0
6591,1,1,1,1,1,1,1,1,1,1,1,1,1,1,1,1,1,1,1,1,1,1
6592,2,0,2,0,2,0,2,0,2,0,2,0,2,0,2,0,2,0,2,0,2,1
6593,2,0,2,0,1,0,2,0,2,0,2,0,1,0,0,0,2,0,2,0,1,0
6594,2,2,2,2,2,2,2,2,2,2,2,2,2,2,2,2,2,2,2,2,2,2
6595,1,1,1,1,1,1,0,1,1,1,0,1,0,1,1,1,0,1,1,1,0,0
6596,0,2,0,0,0,1,0,1,0,0,0,0,0,0,0,0,0,0,0,2,0,2
6597,0,0,0,0,0,0,0,0,0,0,0,0,0,0,0,0,0,0,0,0,0,0
6598,1,1,1,1,0,1,0,1,2,1,2,1,2,1,2,1,2,1,2,1,2,0
6599,0,0,0,0,0,0,0,0,0,0,0,0,0,0,0,0,0,0,0,0,0,2
6600,2,2,2,2,2,2,2,2,2,2,2,2,2,2,2,2,2,2,2,2,2,2
6601,2,2,2,2,1,1,2,2,2,2,0,0,0,0,0,0,2,2,2,2,0,0
6602,0,0,0,0,0,0,0,0,0,0,0,0,0,0,0,0,0,0,0,0,0,0
6603,0,0,0,0,0,1,0,0,0,1,0,0,0,0,0,0,0,1,0,1,0,0
6604,1,0,1,0,0,0,0,0,1,0,0,0,1,0,0,0,0,0,0,0,1,0
6605,0,1,0,0,0,1,0,0,0,0,0,0,1,0,0,0,1,1,0,0,1,0
6606,0,0,0,1,0,1,0,0,0,1,0,1,0,1,0,0,0,0,0,1,0,2
6607,1,0,0,0,1,0,0,0,0,0,0,0,1,0,1,0,1,0,1,0,1,0
6608,0,0,0,0,0,0,0,0,0,0,0,0,0,0,0,0,0,0,0,0,0,0
6609,0,0,0,0,0,0,0,0,0,0,0,0,0,0,0,0,0,0,0,0,0,0
6610,1,0,0,0,1,0,1,0,0,0,2,0,1,0,0,0,0,0,1,2,1,0
6611,2,1,1,1,2,1,1,1,1,1,2,1,1,0,0,0,2,2,1,1,1,0
6612,0,0,0,0,0,0,0,0,0,0,0,0,0,0,0,0,0,0,0,0,0,1
