row,p_negative,p_neutral,p_positive
0,0.17984131,0.790173471,0.029985236
1,0.115097895,0.860766411,0.0241357069
2,0.858657122,0.126690701,0.0146521665
3,0.248945102,0.730253041,0.0208018459
4,0.030395804,0.954127967,0.0154762771
5,0.501273572,0.272542536,0.226183921
6,0.843066216,0.142391458,0.0145422993
7,0.766598642,0.179333359,0.0540680215
8,0.23887381,0.0830587074,0.678067505
9,0.986650705,0.00777026964,0.0055790008
10,0.104101755,0.137411937,0.758486331
11,0.264952362,0.703818798,0.0312288608
12,0.889456809,0.0977267772,0.0128164086
13,0.25158453,0.689383566,0.0590319335
14,0.275626242,0.712527692,0.0118460963
15,0.711403906,0.280780971,0.00781515241
16,0.60161525,0.335593998,0.0627906993
17,0.0385226198,0.950058401,0.0114190308
18,0.978185952,0.0119312033,0.00988283753
19,0.961443603,0.0329397507,0.00561659411
20,0.854503334,0.120441534,0.0250551496
21,0.094694823,0.02153554,0.883769631
22,0.809959888,0.133367598,0.0566725396
23,0.986036181,0.00486044167,0.00910335779
24,0.790215135,0.202251673,0.00753319217
25,0.925809205,0.0576522835,0.0165384896
26,0.883396864,0.101798818,0.0148043307
27,0.0381845161,0.76043123,0.201384246
28,0.473930568,0.512114286,0.0139551973
29,0.429149866,0.527203739,0.0436463766
30,0.101046763,0.538209677,0.360743552
31,0.0361868665,0.901568651,0.0622444712
32,0.0932279974,0.89298749,0.0137845529
33,0.919496059,0.0640422627,0.0164616294
34,0.0194161776,0.908906877,0.0716769546
35,0.983184397,0.00913040712,0.00768515747
36,0.163721725,0.812922418,0.0233558454
37,0.950868368,0.0190153308,0.0301163308
38,0.398612916,0.48452419,0.116862886
39,0.510640562,0.306635141,0.182724267
40,0.0453933775,0.916609466,0.0379971713
41,0.118376501,0.340864003,0.540759504
42,0.459277987,0.0889650211,0.451756954
43,0.0994576961,0.145588696,0.754953623
44,0.589001596,0.377363861,0.0336345732
45,0.0399866588,0.910213709,0.0497996062
46,0.80813849,0.165211111,0.0266504027
47,0.362230688,0.56714642,0.0706228539
48,0.900348067,0.0838798806,0.0157720409
49,0.807653546,0.104455911,0.0878905058
50,0.730927825,0.0701198354,0.198952317
51,0.968134701,0.0107253157,0.0211399477
52,0.6366781,0.304453701,0.0588681847
53,0.942064643,0.0478906557,0.0100447619
54,0.50800699,0.474598169,0.0173948314
55,0.959117651,0.0353010632,0.00558129279
56,0.105720915,0.240425348,0.653853714
57,0.301566184,0.64668113,0.0517526381
58,0.448870897,0.473181069,0.0779480264
59,0.00628839992,0.00613663672,0.987574935
60,0.139269277,0.520450711,0.340280056
61,0.736820102,0.145165384,0.118014485
62,0.927116454,0.0648640692,0.00801944826
63,0.444795787,0.318555653,0.236648545
64,0.798512161,0.181762114,0.0197257269
65,0.00771874143,0.0560687631,0.93621248
66,0.0559850782,0.64132905,0.302685887
67,0.677296221,0.285112441,0.0375913344
68,0.852303326,0.134643883,0.0130527206
69,0.824087203,0.154237553,0.0216752514
70,0.824873328,0.133480743,0.0416459255
71,0.547929466,0.433491439,0.0185791049
72,0.229425207,0.757980287,0.0125945127
73,0.962578773,0.0291393511,0.00828185398
74,0.645754933,0.313624978,0.0406200923
75,0.98990494,0.00529441657,0.00480064796
76,0.693499267,0.216714904,0.0897858217
77,0.88761574,0.0842041522,0.0281801149
78,0.693840921,0.25974685,0.0464122295
79,0.129284635,0.846628189,0.0240872037
80,0.944492221,0.0463084131,0.00919934735
81,0.0333503298,0.945208132,0.0214415509
82,0.224835455,0.671749651,0.103414945
83,0.723358989,0.253466189,0.0231748223
84,0.236601606,0.705555975,0.0578424297
85,0.934146583,0.0524760485,0.0133773834
86,0.806108296,0.106361151,0.087530531
87,0.0271439366,0.0238540731,0.949001968
88,0.152673706,0.825236142,0.0220901221
89,0.953328013,0.0282879192,0.0183840431
90,0.5749861,0.358766139,0.0662477985
91,0.677143812,0.218700886,0.104155302
92,0.906899273,0.0649486557,0.0281520635
93,0.842193246,0.135810927,0.0219958257
94,0.927373648,0.0449392833,0.0276870728
95,0.599811852,0.312770516,0.0874176398
96,0.159785733,0.654793501,0.185420781
97,0.684471011,0.284542948,0.0309860576
98,0.129156813,0.833752573,0.0370905995
99,0.612847984,0.355851501,0.0313005336
100,0.986303151,0.00697765546,0.00671918551
101,0.747433901,0.200624645,0.051941473
102,0.345634073,0.625507295,0.0288586523
103,0.66778779,0.303221017,0.0289912224
104,0.936045706,0.0428497978,0.0211044624
105,0.0179045256,0.887472212,0.0946232453
106,0.154738277,0.827547014,0.0177147184
107,0.160192013,0.0639174655,0.775890529
108,0.900749207,0.0927028134,0.00654802565
109,0.967465043,0.0291025918,0.00343234488
110,0.153153867,0.829903305,0.0169428401
111,0.15897657,0.782079101,0.0589443631
112,0.159223974,0.388901323,0.451874733
113,0.0399061069,0.402308196,0.55778569
114,0.8707605,0.121222273,0.00801724568
115,0.984013736,0.00981136132,0.00617492851
116,0.380620509,0.563951969,0.0554274917
117,0.346337229,0.144330785,0.509331942
118,0.820971787,0.056692902,0.122335337
119,0.36186707,0.611523271,0.0266097095
120,0.919877529,0.0518887825,0.0282337144
121,0.541330099,0.409524292,0.0491456538
122,0.1104763,0.737762988,0.151760697
123,0.952940702,0.0366965197,0.0103627872
124,0.09074945,0.879076481,0.0301740449
125,0.252526313,0.708411455,0.0390622057
126,0.962650657,0.0190727506,0.0182766207
127,0.985111117,0.00950445887,0.00538440794
128,0.744218707,0.170872465,0.0849088207
129,0.813839674,0.169086888,0.0170734879
130,0.969651282,0.012826222,0.0175224971
131,0.840310276,0.142460331,0.017229408
132,0.993379116,0.00354009634,0.00308078015
133,0.0309973098,0.956359684,0.0126429573
134,0.483991712,0.349684238,0.166324064
135,0.917112172,0.0742438436,0.00864398666
136,0.607124805,0.31781736,0.0750578344
137,0.677853107,0.290368438,0.031778425
138,0.107117757,0.428004533,0.464877725
139,0.234516248,0.73857671,0.0269070454
140,0.509651899,0.461550504,0.0287975892
141,0.174620047,0.788173199,0.0372067504
142,0.454960614,0.535035312,0.0100041116
143,0.248256594,0.731116831,0.0206265543
144,0.030938901,0.93749994,0.0315612033
145,0.531051278,0.317802459,0.151146248
146,0.666228116,0.323111087,0.0106608197
147,0.856472015,0.0984058827,0.0451220796
148,0.952888727,0.0291111916,0.0180000216
149,0.273550659,0.704821467,0.0216279142
150,0.963444233,0.0250961017,0.0114597026
151,0.611704111,0.325642049,0.0626538694
152,0.126893058,0.112303704,0.760803223
153,0.983409882,0.00914234575,0.00744774705
154,0.867653728,0.106110916,0.0262353308
155,0.517596006,0.433981478,0.0484224968
156,0.0478937142,0.214892983,0.737213254
157,0.956977904,0.0224337019,0.0205883756
158,0.592024624,0.394817203,0.0131581724
159,0.981602967,0.00802390557,0.0103731677
160,0.987902045,0.00516196946,0.00693596248
161,0.0242018718,0.174724966,0.801073194
162,0.10180176,0.284375787,0.61382246
163,0.819920838,0.14098531,0.0390938409
164,0.799346924,0.181941092,0.018711973
165,0.521226406,0.0581349581,0.420638621
166,0.335813046,0.45891124,0.205275714
167,0.856995285,0.101420261,0.0415844433
168,0.949863136,0.0336940624,0.0164428093
169,0.0639863536,0.917549133,0.018464515
170,0.151200652,0.731715441,0.117083915
171,0.183669791,0.798302412,0.0180277303
172,0.412487715,0.569273949,0.0182383694
173,0.842723787,0.113797024,0.0434792042
174,0.878873229,0.0707801357,0.0503466465
175,0.283827871,0.599633157,0.116538972
176,0.865712285,0.102023497,0.0322641768
177,0.8690359,0.120373406,0.0105906893
178,0.0716280416,0.681770682,0.246601284
179,0.924676239,0.0698283687,0.00549542857
180,0.98839283,0.00530584203,0.00630126009
181,0.0659598783,0.529973447,0.404066712
182,0.230505988,0.743704319,0.0257897396
183,0.218310356,0.752336621,0.02935303
184,0.966353893,0.0205542892,0.0130918082
185,0.0619463623,0.196467727,0.74158591
186,0.331846744,0.599247813,0.0689054653
187,0.411128014,0.528071225,0.0608007573
188,0.863634825,0.111572303,0.0247928426
189,0.563870668,0.399749994,0.0363793261
190,0.77170825,0.220706955,0.00758479862
191,0.925073743,0.0454934761,0.0294328108
192,0.987669468,0.008498854,0.00383168668
193,0.202428579,0.763995171,0.0335762799
194,0.224569559,0.600959897,0.174470514
195,0.903431654,0.0790691748,0.0174991786
196,0.979614675,0.0139917228,0.0063936105
197,0.996221662,0.00178808684,0.00199029059
198,0.897262573,0.0858707353,0.0168666746
199,0.981063247,0.00996501558,0.00897177868
200,0.930888832,0.0548310466,0.014280092
201,0.820277631,0.164563924,0.0151584325
202,0.982616901,0.0109278597,0.00645521469
203,0.0693917274,0.824926615,0.105681643
204,0.710635245,0.268827647,0.0205371231
205,0.828785539,0.127608374,0.0436060764
206,0.463893294,0.398931473,0.137175217
207,0.917405248,0.0736381561,0.00895660184
208,0.166065678,0.529183269,0.304751068
209,0.961484611,0.0273596421,0.0111556984
210,0.981288433,0.0138730081,0.00483854814
211,0.356639206,0.607651651,0.0357091762
212,0.334980994,0.658425331,0.00659372378
213,0.894445121,0.0777472258,0.0278076474
214,0.391675889,0.590344012,0.0179800577
215,0.726439118,0.162040994,0.111519888
216,0.990099669,0.00467438577,0.0052258987
217,0.0550955534,0.908742785,0.0361616835
218,0.626306534,0.0365794711,0.337113947
219,0.211896837,0.757456422,0.0306467526
220,0.030114485,0.924663484,0.0452220552
221,0.271664262,0.339826167,0.388509572
222,0.99191314,0.00517168036,0.00291516399
223,0.943424821,0.0480741374,0.00850103609
224,0.24336037,0.660953164,0.0956864655
225,0.369884133,0.589388251,0.0407275893
226,0.463123918,0.408540398,0.12833567
227,0.104483403,0.867345452,0.0281711705
228,0.791903257,0.168149799,0.0399469398
229,0.259960145,0.592576087,0.147463739
230,0.301199645,0.665705502,0.0330948681
231,0.247659102,0.728671432,0.0236695074
232,0.0901753157,0.817412972,0.0924117044
233,0.288385451,0.529483318,0.182131261
234,0.952684522,0.0398904756,0.00742502278
235,0.436149657,0.541905761,0.0219445825
236,0.28051582,0.514487863,0.204996288
237,0.988705218,0.00432099495,0.0069737914
238,0.973903537,0.0135491397,0.0125473039
239,0.0380082093,0.879894018,0.0820977464
240,0.37830025,0.596947491,0.0247522835
241,0.693605959,0.269928038,0.0364660211
242,0.982756853,0.00912973192,0.00811343454
243,0.0278974455,0.762420058,0.209682494
244,0.53843385,0.350087702,0.111478433
245,0.00787843205,0.0420549065,0.950066686
246,0.0929875299,0.856239021,0.0507734492
247,0.758798778,0.197841853,0.0433593653
248,0.768203855,0.18197909,0.0498170629
249,0.167470396,0.707537651,0.124991976
250,0.655142784,0.306103647,0.0387535691
251,0.0891340971,0.801238954,0.109626941
252,0.611400604,0.376942277,0.0116571467
253,0.254766166,0.595658183,0.149575621
254,0.341338456,0.31726259,0.341398925
255,0.0253970362,0.957418859,0.0171841085
256,0.98963213,0.00624777144,0.00412013754
257,0.990333796,0.00345372851,0.00621251483
258,0.141003594,0.762910962,0.0960854441
259,0.974440694,0.0113000125,0.0142592974
260,0.983875811,0.012048291,0.00407591835
261,0.902141571,0.0774923488,0.0203660838
262,0.195857361,0.0741395578,0.730003119
263,0.184579194,0.0252450816,0.790175736
264,0.936547399,0.0481258631,0.0153267272
265,0.210703656,0.775237441,0.0140589364
266,0.110845841,0.873614252,0.0155399423
267,0.793188572,0.169778496,0.0370329693
268,0.459416866,0.459275514,0.0813076273
269,0.951605141,0.0389933437,0.00940153375
270,0.89697355,0.0590093359,0.0440171324
271,0.284773767,0.213734671,0.501491547
272,0.153499797,0.819892526,0.0266076997
273,0.894571722,0.0720288903,0.0333994031
274,0.875980794,0.104630463,0.0193887725
275,0.938459694,0.0543976575,0.00714259222
276,0.93074894,0.0595858321,0.00966524985
277,0.797783613,0.167889848,0.0343265273
278,0.927061439,0.0384798273,0.0344587006
279,0.901403487,0.0647161156,0.0338804051
280,0.443009406,0.48004654,0.0769440457
281,0.325223327,0.662748635,0.0120280636
282,0.438958824,0.439525187,0.121515989
283,0.375008106,0.116733871,0.508258045
284,0.452825248,0.511930048,0.0352446996
285,0.899679601,0.089957118,0.0103632556
286,0.533415854,0.433180898,0.033403255
287,0.695740342,0.275478601,0.0287810713
288,0.974454582,0.0197802112,0.00576521829
289,0.763231158,0.222802654,0.0139661757
290,0.278218925,0.644102573,0.0776785314
291,0.501569808,0.161659122,0.336771101
292,0.826814592,0.136470288,0.0367151462
293,0.832192421,0.106033139,0.0617744066
294,0.00843371823,0.143892661,0.847673595
295,0.466811746,0.422935188,0.110253096
296,0.346205771,0.178199917,0.475594282
297,0.095075421,0.507067502,0.39785707
298,0.167312175,0.210522622,0.622165203
299,0.336677194,0.514601767,0.148721069
300,0.73522532,0.2598508,0.00492384238
301,0.88485378,0.0270998124,0.0880464166
302,0.923410594,0.0533938631,0.0231955703
303,0.110620141,0.864597261,0.0247825999
304,0.079790473,0.143032461,0.777177095
305,0.621763051,0.349076718,0.0291602537
306,0.105110489,0.872705698,0.0221838076
307,0.189718395,0.756350338,0.0539312735
308,0.489111811,0.354559749,0.156328455
309,0.951865911,0.0329494327,0.0151846251
310,0.0656956956,0.0688451454,0.865459144
311,0.0605152696,0.915847242,0.0236374568
312,0.0169129316,0.83717066,0.145916373
313,0.408868015,0.553007245,0.0381247811
314,0.03136985,0.776094794,0.192535341
315,0.0458598919,0.651381135,0.302759022
316,0.88709116,0.0708639994,0.0420448296
317,0.403095156,0.475536674,0.1213682
318,0.122079305,0.864447832,0.0134728467
319,0.658132374,0.30797568,0.0338919573
320,0.0346708335,0.172101304,0.793227851
321,0.482263684,0.497836649,0.0198996551
322,0.2390095,0.739950597,0.0210399199
323,0.0441261642,0.235093027,0.72078079
324,0.379702657,0.603108883,0.0171885043
325,0.991109788,0.00698446715,0.00190572662
326,0.966087043,0.00676839845,0.0271445792
327,0.351690322,0.611370802,0.0369389057
328,0.539599657,0.357011348,0.10338904
329,0.804074824,0.154962748,0.0409624279
330,0.963588893,0.0312443301,0.00516676717
331,0.918502629,0.0736779347,0.00781947095
332,0.976592124,0.00918721966,0.0142206596
333,0.806184232,0.178296953,0.0155188199
334,0.991543889,0.00488666771,0.00356942136
335,0.0532599017,0.869556189,0.0771839172
336,0.885331333,0.0816496611,0.0330189914
337,0.904319644,0.0782726035,0.0174077712
338,0.965529501,0.0185139328,0.0159565508
339,0.0897577032,0.828868568,0.0813737139
340,0.272913009,0.716478765,0.0106082661
341,0.956647456,0.0326190665,0.0107335215
342,0.496771157,0.488628954,0.0145998532
343,0.615699768,0.362263769,0.022036463
344,0.55161339,0.421211362,0.0271752086
345,0.93761009,0.0579819195,0.00440794788
346,0.539876997,0.405562758,0.0545602776
347,0.376213998,0.245967865,0.377818167
348,0.735766888,0.255934536,0.00829861686
349,0.993957698,0.00307719363,0.00296516949
350,0.162352294,0.429988861,0.407658845
351,0.771486044,0.181037784,0.0474761687
352,0.113489352,0.863419294,0.0230913665
353,0.900405705,0.0799441189,0.0196501538
354,0.914448917,0.0687259436,0.016825106
355,0.32120055,0.0958407447,0.582958698
356,0.855021417,0.133369654,0.0116089601
357,0.459544182,0.521449804,0.019006053
358,0.114489928,0.865822792,0.0196872782
359,0.0318715386,0.952763379,0.01536512
360,0.132677034,0.640783072,0.22653988
361,0.407128513,0.535566032,0.0573054664
362,0.877482533,0.111412786,0.0111047104
363,0.968855739,0.0246805474,0.0064637321
364,0.0750248581,0.907441854,0.0175333023
365,0.328856409,0.63921082,0.0319327414
366,0.927329838,0.0432213172,0.0294488426
367,0.361608237,0.619369149,0.0190226175
368,0.593977988,0.392610371,0.0134116141
369,0.978440881,0.0140544316,0.00750468066
370,0.981393814,0.0138981845,0.00470800418
371,0.047464896,0.136047408,0.81648767
372,0.974787295,0.018264696,0.00694798119
373,0.0346163921,0.188556582,0.776827037
374,0.905187786,0.0769974142,0.0178148281
375,0.187694833,0.525691032,0.28661415
376,0.960628569,0.0193822123,0.0199891813
377,0.0866420344,0.809396446,0.10396155
378,0.0767700821,0.760629475,0.162600443
379,0.978212476,0.0141585553,0.00762899034
380,0.618609488,0.106509954,0.274880618
381,0.972291887,0.019082604,0.00862550363
382,0.0807563365,0.900753558,0.0184900966
383,0.33817482,0.288152307,0.373672873
384,0.874697328,0.0931426957,0.0321599357
385,0.978095889,0.0162729323,0.00563118048
386,0.115302145,0.819446385,0.0652515218
387,0.418293029,0.186261222,0.395445734
388,0.701967359,0.258364141,0.0396684706
389,0.967013836,0.0217737556,0.0112124179
390,0.969168842,0.00974064227,0.0210905187
391,0.880239725,0.113865189,0.00589508796
392,0.975015342,0.0188364312,0.00614823401
393,0.979172885,0.0143907163,0.00643642526
394,0.959495544,0.0219695382,0.0185349118
395,0.111429684,0.818077326,0.0704929307
396,0.136551678,0.784552872,0.0788954273
397,0.984472156,0.0106612323,0.00486659165
398,0.132220283,0.791620851,0.0761588663
399,0.299762964,0.480698168,0.219538882
400,0.242028862,0.745614529,0.0123566426
401,0.969412506,0.0242102593,0.00637728721
402,0.00907044206,0.0418888181,0.949040711
403,0.968210399,0.022081973,0.00970763061
404,0.158957541,0.752779663,0.088262789
405,0.245465949,0.635480046,0.119054034
406,0.908832133,0.0499101542,0.0412577167
407,0.571655452,0.417814672,0.0105298925
408,0.877970397,0.0974738896,0.0245557614
409,0.876455486,0.0599445701,0.063599892
410,0.069674544,0.915146828,0.0151786525
411,0.989189029,0.00378661416,0.00702432962
412,0.91259259,0.0799974427,0.00740999263
413,0.0230934899,0.0430062339,0.933900297
414,0.276965141,0.448908627,0.274126291
415,0.0058865454,0.148351818,0.845761657
416,0.488125831,0.47064659,0.0412275493
417,0.473144412,0.500785649,0.0260700025
418,0.149772763,0.783341944,0.0668853074
419,0.439891458,0.539187074,0.0209215023
420,0.788781285,0.191478118,0.0197406188
421,0.658029199,0.304009318,0.0379614942
422,0.809215844,0.164744437,0.0260396935
423,0.84995538,0.135146081,0.0148985581
424,0.412356794,0.546090603,0.0415525995
425,0.250929505,0.605128407,0.143942058
426,0.206735909,0.768745899,0.0245182086
427,0.974714518,0.0102232136,0.0150622828
428,0.760667741,0.205247611,0.0340846479
429,0.849841475,0.135429263,0.0147292633
430,0.961841643,0.0309986845,0.00715960795
431,0.0166163985,0.0597396381,0.923644006
432,0.975784302,0.0201462042,0.00406949408
433,0.185031116,0.710822642,0.104146264
434,0.292884707,0.680779457,0.0263358131
435,0.0756121725,0.308477879,0.615909934
436,0.252580583,0.625644326,0.121775076
437,0.0321586765,0.801167905,0.166673392
438,0.968824267,0.0170525685,0.0141231874
439,0.974074602,0.0207056366,0.00521974219
440,0.098535262,0.834968209,0.0664965659
441,0.983642936,0.0122016165,0.00415546587
442,0.918677986,0.0682489127,0.013073137
443,0.692047,0.295090318,0.0128626758
444,0.403404951,0.525276601,0.0713184178
445,0.0223794337,0.425755829,0.551864743
446,0.401975185,0.518984616,0.0790401995
447,0.751797915,0.236783803,0.011418255
448,0.300085187,0.497787446,0.202127397
449,0.68040365,0.265942097,0.0536542982
450,0.609845042,0.367161095,0.0229938943
451,0.0487349592,0.334210426,0.617054582
452,0.473025173,0.506883621,0.0200912245
453,0.616910398,0.33901915,0.0440704413
454,0.0591595471,0.742265403,0.19857505
455,0.0399243869,0.910107553,0.0499680899
456,0.0434772708,0.924576581,0.0319461524
457,0.402261317,0.315699637,0.282039046
458,0.72643733,0.22950615,0.0440565236
459,0.733841777,0.25650388,0.00965439156
460,0.958178878,0.0334227383,0.00839835498
461,0.971580625,0.024650177,0.00376919215
462,0.103506625,0.766067803,0.130425572
463,0.907256365,0.0348254628,0.0579182133
464,0.869190872,0.0978851616,0.0329239964
465,0.41558218,0.55961132,0.0248065107
466,0.12046966,0.841085494,0.0384448357
467,0.871199548,0.103473045,0.0253274143
468,0.974072814,0.0172614139,0.00866579823
469,0.971629262,0.0192535426,0.00911717303
470,0.931351125,0.0277577303,0.0408911705
471,0.146916181,0.760152102,0.0929316729
472,0.650130212,0.340714157,0.00915563293
473,0.921794355,0.053604763,0.0246008635
474,0.872052312,0.119866759,0.00808092207
475,0.922331691,0.0573942438,0.0202740207
476,0.911967814,0.0362744927,0.0517577156
477,0.878351271,0.0817348808,0.0399138443
478,0.937206507,0.0533016697,0.00949182454
479,0.735423625,0.135063201,0.129513174
480,0.350908667,0.248617306,0.400474042
481,0.87251699,0.109034762,0.0184482317
482,0.254745066,0.658780277,0.0864746794
483,0.0530733913,0.34900254,0.597924054
484,0.72145623,0.260257602,0.0182861555
485,0.821637452,0.15473868,0.0236238744
486,0.984008908,0.0115146907,0.00447635259
487,0.803293228,0.149011508,0.0476952605
488,0.022206353,0.0311268512,0.946666777
489,0.877922475,0.100280918,0.0217966065
490,0.622689128,0.353582203,0.0237286408
491,0.729186773,0.118718937,0.152094305
492,0.0845668465,0.185330167,0.730103016
493,0.967872083,0.0110424934,0.0210854579
494,0.922631383,0.0710757673,0.00629286282
495,0.296710849,0.66160053,0.0416886248
496,0.443161905,0.532549024,0.02428912
497,0.0740109831,0.132558092,0.793430924
498,0.915851116,0.0723081902,0.0118406778
499,0.497195035,0.485963255,0.0168416928
500,0.104235336,0.863553584,0.032211069
501,0.330746651,0.640500724,0.0287526771
502,0.0830702335,0.0929929614,0.82393676
503,0.986964166,0.00654835347,0.00648748968
504,0.202606961,0.772254705,0.0251383409
505,0.0159133542,0.131694883,0.852391779
506,0.992830455,0.00461975299,0.0025497966
507,0.0223463271,0.816451073,0.161202565
508,0.860763013,0.124726921,0.0145100672
509,0.0480322428,0.118443713,0.833524048
510,0.0940593705,0.867937982,0.0380026586
511,0.286566079,0.698357284,0.015076641
512,0.95655036,0.0349784531,0.00847121701
513,0.965789735,0.0286590736,0.00555122597
514,0.380228341,0.590781748,0.0289899372
515,0.528653264,0.382744312,0.0886024535
516,0.118922479,0.85587275,0.0252047442
517,0.922088504,0.0653305128,0.0125809908
518,0.611434698,0.363509953,0.0250553731
519,0.974445283,0.0194290634,0.00612566201
520,0.843152761,0.133161277,0.0236860048
521,0.967756212,0.0163976289,0.0158461239
522,0.106266908,0.878722489,0.0150106139
523,0.0879057273,0.858191967,0.0539022908
524,0.108454369,0.121784016,0.769761622
525,0.427650779,0.551036894,0.0213123485
526,0.949099064,0.0449080653,0.00599286333
527,0.613245189,0.294738799,0.0920160115
528,0.949855328,0.0440444089,0.00610027649
529,0.618417382,0.371698201,0.0098844273
530,0.668122053,0.283638835,0.0482390448
531,0.139520466,0.477684677,0.382794857
532,0.302459627,0.649117887,0.048422493
533,0.151848152,0.773477077,0.0746747553
534,0.0550124757,0.922505617,0.0224819537
535,0.435738623,0.344162077,0.2200993
536,0.941705406,0.0477400906,0.0105545567
537,0.369038403,0.617601514,0.0133600384
538,0.190404966,0.76877749,0.040817555
539,0.254680336,0.721641064,0.023678584
540,0.59648782,0.311806023,0.0917061418
541,0.862688422,0.113761753,0.0235498305
542,0.665915132,0.317292541,0.0167923085
543,0.266670913,0.70990473,0.0234243535
544,0.161633119,0.771653175,0.0667137057
545,0.807260633,0.171818316,0.0209210254
546,0.361393601,0.608426929,0.0301794372
547,0.347987086,0.0149139939,0.637098908
548,0.680694699,0.30998221,0.00932310149
549,0.76112783,0.174932808,0.0639393628
550,0.953264475,0.0402160548,0.0065194224
551,0.059286911,0.848671317,0.0920417383
552,0.0288192276,0.0462118611,0.924968898
553,0.401881069,0.498727143,0.0993917882
554,0.507964551,0.188714385,0.303321093
555,0.0105660912,0.0647191554,0.924714744
556,0.906152368,0.0663885027,0.0274591651
557,0.925661862,0.0649350435,0.00940309279
558,0.896149576,0.0893483832,0.0145020103
559,0.835988522,0.147354364,0.0166570917
560,0.943087399,0.0256864168,0.0312261954
561,0.160025612,0.799583972,0.0403903872
562,0.133515403,0.837182164,0.0293024182
563,0.735336125,0.226382256,0.0382816046
564,0.755491138,0.225707904,0.0188009329
565,0.316784352,0.643755496,0.0394601226
566,0.85279882,0.142084435,0.00511672581
567,0.0410558321,0.824904978,0.134039134
568,0.9552086,0.03254655,0.0122448904
569,0.749672592,0.178738326,0.0715890974
570,0.0390675738,0.946522057,0.0144103607
571,0.630530715,0.177834719,0.191634595
572,0.954927027,0.0205712691,0.0245017111
573,0.233587265,0.268702835,0.4977099
574,0.049833376,0.832330942,0.117835701
575,0.060397651,0.843962491,0.0956398472
576,0.985265791,0.00778115168,0.00695300614
577,0.793867171,0.0488581806,0.157274663
578,0.799264014,0.181202948,0.019533094
579,0.679293513,0.301730126,0.0189763829
580,0.0546511784,0.58436954,0.360979259
581,0.947272003,0.0427965038,0.00993150007
582,0.969467342,0.0157315768,0.014801085
583,0.878482521,0.100854859,0.0206626356
584,0.860026717,0.125435293,0.0145379566
585,0.464492619,0.520161092,0.015346243
586,0.975897372,0.0175918415,0.00651077274
587,0.0804246143,0.747027218,0.172548145
588,0.314535588,0.647089124,0.0383752994
589,0.0586492456,0.92215687,0.0191939082
590,0.149222746,0.0940662846,0.756711006
591,0.709195495,0.25996387,0.0308406483
592,0.989916503,0.00678586401,0.00329761533
593,0.0267909616,0.957446277,0.0157627724
594,0.949713826,0.0340523683,0.0162338261
595,0.985185862,0.0119168209,0.00289729703
596,0.207932949,0.745015383,0.0470516905
597,0.502936482,0.328112513,0.16895099
598,0.995144427,0.00238761259,0.00246792659
599,0.971137583,0.018381428,0.010481027
600,0.67252028,0.305436194,0.0220435094
601,0.903982401,0.080785349,0.015232292
602,0.840301752,0.0954513997,0.0642468259
603,0.74052,0.244790986,0.0146889808
604,0.269824147,0.705414355,0.0247614998
605,0.0360312723,0.952172339,0.011796386
606,0.0129407775,0.0798067078,0.90725255
607,0.847410858,0.12995404,0.0226350781
608,0.520123422,0.207754046,0.272122532
609,0.0181800779,0.186283901,0.795536041
610,0.929894149,0.0594298095,0.0106760245
611,0.104666293,0.156295851,0.739037871
612,0.112556845,0.84239763,0.0450455286
613,0.19577989,0.668848991,0.135371134
614,0.917880237,0.0698577911,0.012262024
615,0.789207399,0.129652068,0.081140548
616,0.988487542,0.00761586567,0.00389660103
617,0.195838392,0.746550858,0.0576107204
618,0.909573793,0.0756224245,0.014803743
619,0.361332685,0.606869638,0.0317976736
620,0.0750093684,0.556248844,0.36874181
621,0.0291352514,0.840838611,0.130026147
622,0.980706394,0.0117935464,0.00750002218
623,0.279413402,0.0740059689,0.646580637
624,0.236681104,0.71481359,0.0485053025
625,0.919929326,0.0647695959,0.0153011428
626,0.914914846,0.0743338242,0.0107513163
627,0.595441043,0.382167161,0.0223918185
628,0.107108928,0.665439606,0.227451414
629,0.685494304,0.272362411,0.0421432666
630,0.954882145,0.0356311463,0.00948666967
631,0.936284006,0.0573066995,0.00640930794
632,0.924764633,0.0534448773,0.0217904635
633,0.799010634,0.177393615,0.0235957112
634,0.0361060984,0.92715466,0.0367392264
635,0.937782168,0.0459286682,0.0162891503
636,0.542878628,0.250758857,0.206362486
637,0.86135453,0.0782686919,0.0603768118
638,0.900406599,0.0387936495,0.0607997626
639,0.988569438,0.00445504952,0.00697552366
640,0.789239824,0.126015246,0.084744893
641,0.153487921,0.786312103,0.0601999946
642,0.980159819,0.0144028766,0.00543726282
643,0.00823205803,0.954384089,0.0373838432
644,0.196130753,0.767859221,0.0360100418
645,0.37568742,0.430186063,0.194126502
646,0.970210671,0.0137231518,0.0160661526
647,0.0366145521,0.919664264,0.0437212028
648,0.964276254,0.0314528719,0.00427085161
649,0.380506277,0.540963411,0.0785302967
650,0.960637867,0.0198295768,0.0195325296
651,0.27742067,0.703294754,0.0192845743
652,0.991709292,0.00476114266,0.00352957356
653,0.895466208,0.0663631707,0.0381706245
654,0.988704979,0.00691078184,0.00438429322
655,0.954253852,0.0381467082,0.00759940129
656,0.0649103299,0.913083017,0.0220066756
657,0.723250926,0.245098054,0.0316509865
658,0.982078135,0.012344854,0.00557697518
659,0.807126641,0.116255425,0.0766179562
660,0.153795287,0.446087956,0.400116771
661,0.800186455,0.167957783,0.0318557248
662,0.288129687,0.679579198,0.0322911069
663,0.99084276,0.00528199831,0.00387524278
664,0.011253952,0.00921683386,0.979529202
665,0.994598806,0.0032293133,0.00217187335
666,0.500830114,0.473941833,0.0252280105
667,0.273021162,0.697602749,0.0293760877
668,0.313387603,0.603321195,0.0832911581
669,0.794390559,0.154010832,0.0515986085
670,0.978308082,0.00815201271,0.0135399178
671,0.568927109,0.367961824,0.0631110519
672,0.988517165,0.00668869028,0.00479411473
673,0.134923995,0.580612898,0.284463108
674,0.790338755,0.130005732,0.0796555132
675,0.00775926141,0.0231328718,0.969107866
676,0.970719755,0.0205996167,0.00868066866
677,0.0371098965,0.0527071506,0.910182953
678,0.0440972373,0.940642774,0.0152599867
679,0.90912497,0.0730606392,0.0178143885
680,0.463827312,0.519896507,0.0162761807
681,0.00292155403,0.0135590378,0.983519375
682,0.779503405,0.206806496,0.013690114
683,0.847513855,0.133016139,0.0194699895
684,0.397279024,0.438508093,0.164212897
685,0.792006195,0.189553544,0.0184402335
686,0.337753683,0.642218173,0.0200281367
687,0.0475391932,0.0597891733,0.892671645
688,0.0116340462,0.119262926,0.869103014
689,0.960664809,0.0278736148,0.0114615392
690,0.135814369,0.84116143,0.023024207
691,0.18987146,0.786730587,0.0233979039
692,0.993789673,0.00413814932,0.00207217899
693,0.15904431,0.785956323,0.0549993366
694,0.301607132,0.617881954,0.0805108994
695,0.979501367,0.0133950366,0.00710357772
696,0.0206205547,0.0354764089,0.943903089
697,0.968823493,0.0221002623,0.00907619856
698,0.218026951,0.352216095,0.429756939
699,0.144368663,0.820816576,0.0348147601
700,0.744586706,0.243813679,0.0115996459
701,0.193371937,0.75913763,0.047490485
702,0.383388102,0.404215485,0.212396413
703,0.753604293,0.104196571,0.142199129
704,0.0255915523,0.920845687,0.0535627715
705,0.0229477026,0.118316121,0.858736157
706,0.29357186,0.684715033,0.0217131078
707,0.149400026,0.81192404,0.0386759453
708,0.519829094,0.406505018,0.0736658946
709,0.923301518,0.070117116,0.00658133905
710,0.983920217,0.00793107226,0.00814873725
711,0.145792156,0.836142957,0.0180648584
712,0.969673991,0.026554523,0.00377149018
713,0.723842442,0.21276319,0.0633943751
714,0.418881953,0.366094172,0.21502386
715,0.115011565,0.396977514,0.488010913
716,0.957458735,0.0359362923,0.00660494901
717,0.0822572112,0.85687995,0.0608628392
718,0.017106371,0.160795912,0.822097719
719,0.112552054,0.862875819,0.0245721396
720,0.947125256,0.0463432595,0.0065314942
721,0.0373975486,0.231329471,0.731272995
722,0.95468843,0.035929963,0.00938162208
723,0.0102446117,0.0566310883,0.933124304
724,0.132246733,0.60282433,0.264928877
725,0.934936285,0.0565067418,0.00855699182
726,0.297745079,0.595267653,0.10698723
727,0.0654606,0.885638416,0.0489010289
728,0.0664343759,0.923257172,0.0103084417
729,0.118592575,0.57764858,0.30375883
730,0.188480601,0.534161448,0.277357936
731,0.8460899,0.143794581,0.0101155071
732,0.985311568,0.0096583385,0.00503006857
733,0.988102615,0.00631605927,0.00558141526
734,0.953434825,0.0180624388,0.0285027232
735,0.876354814,0.107574686,0.016070459
736,0.94154644,0.054279156,0.0041744709
737,0.984784245,0.00887677446,0.00633897353
738,0.424739689,0.512626886,0.0626334175
739,0.0259595215,0.0638228729,0.910217583
740,0.536620259,0.421876252,0.0415034778
741,0.093853265,0.880180061,0.0259666741
742,0.560135901,0.414998382,0.0248657279
743,0.889840961,0.101933442,0.00822556019
744,0.630332172,0.353200972,0.0164668281
745,0.0428055339,0.110874258,0.846320212
746,0.288030952,0.672324359,0.0396447182
747,0.231025755,0.691478074,0.0774961561
748,0.562619984,0.120058164,0.317321867
749,0.829156578,0.144248471,0.026594989
750,0.249253884,0.693547904,0.0571982265
751,0.624305725,0.307881355,0.0678129569
752,0.973235071,0.0215909611,0.00517391693
753,0.0446000099,0.616903186,0.338496834
754,0.0892649218,0.180382788,0.730352283
755,0.413093179,0.572219789,0.0146870119
756,0.710436642,0.264409304,0.0251540318
757,0.282930851,0.349213362,0.367855787
758,0.453442246,0.507300973,0.0392568074
759,0.384573162,0.603305638,0.0121212304
760,0.243613243,0.387788802,0.368597925
761,0.17806235,0.804444313,0.0174933355
762,0.0763366371,0.909892201,0.0137711503
763,0.172495082,0.794460833,0.0330440737
764,0.165928632,0.796052933,0.0380184129
765,0.962694287,0.0315061584,0.00579956779
766,0.941574574,0.0337906405,0.0246348027
767,0.105575696,0.423543811,0.470880508
768,0.936834455,0.0545496121,0.00861598644
769,0.812776804,0.171280146,0.0159430169
770,0.219197586,0.73193419,0.0488682613
771,0.966303945,0.0211683512,0.0125276875
772,0.983993351,0.00864107721,0.00736553036
773,0.735933304,0.246849701,0.0172169674
774,0.757228196,0.149416178,0.0933556259
775,0.0764704347,0.868258476,0.0552710667
776,0.305943727,0.645249248,0.0488070063
777,0.913492858,0.0774271414,0.00908002164
778,0.93845892,0.0308312289,0.0307098608
779,0.884137869,0.101973571,0.0138886077
780,0.244085371,0.243628815,0.512285829
781,0.865070224,0.119464517,0.0154652232
782,0.0450913757,0.205631375,0.749277234
783,0.840222478,0.153700128,0.00607741717
784,0.207802936,0.664634466,0.127562568
785,0.567201197,0.364887655,0.0679111183
786,0.87219286,0.101929188,0.0258779768
787,0.949496269,0.0436721109,0.00683163758
788,0.832412958,0.129539013,0.0380479917
789,0.803335965,0.188195601,0.00846841373
790,0.0140533932,0.710611045,0.275335521
791,0.273246646,0.697722614,0.0290307533
792,0.971692264,0.0247971695,0.00351057644
793,0.0230978541,0.958154619,0.0187475085
794,0.0244580209,0.836163878,0.13937816
795,0.0394020565,0.936016083,0.024581898
796,0.316795766,0.671150267,0.0120539907
797,0.751541078,0.231876478,0.0165824685
798,0.992933989,0.00300079724,0.00406521186
799,0.51381743,0.342669636,0.143512905
800,0.0717047453,0.80373174,0.124563508
801,0.0655866042,0.1681647,0.766248703
802,0.019454686,0.0678068772,0.912738442
803,0.849155962,0.0173117276,0.133532301
804,0.983094394,0.0121414429,0.00476415595
805,0.277495772,0.540318906,0.182185322
806,0.822323978,0.168641508,0.00903452933
807,0.332675219,0.640332222,0.0269925632
808,0.553499699,0.426120281,0.0203800034
809,0.595297992,0.364146441,0.0405555815
810,0.931170285,0.0611612946,0.00766838109
811,0.710499108,0.273169816,0.0163310599
812,0.105764411,0.873620391,0.0206151884
813,0.815607786,0.145964637,0.0384275801
814,0.111205876,0.454568118,0.434226036
815,0.362413973,0.297161847,0.34042418
816,0.104551159,0.877158165,0.0182907097
817,0.607949317,0.375104725,0.0169459097
818,0.520225465,0.433519363,0.0462551937
819,0.835841,0.0966087505,0.0675502345
820,0.685172617,0.300939888,0.013887506
821,0.962023079,0.0303392727,0.00763767259
822,0.939530373,0.0372823477,0.0231872965
823,0.411820263,0.552862763,0.0353169665
824,0.621819019,0.342211843,0.0359691419
825,0.0956578404,0.196959361,0.707382798
826,0.0518219583,0.930229783,0.01794824
827,0.990682006,0.00575634278,0.00356163131
828,0.0317312554,0.921521366,0.0467473827
829,0.930669844,0.0640211627,0.00530901179
830,0.986455321,0.0101068476,0.00343785016
831,0.108223245,0.0909156278,0.80086112
832,0.353574365,0.570458174,0.0759674683
833,0.948390841,0.0449123196,0.00669679511
834,0.981935441,0.00411095005,0.0139536457
835,0.0958244205,0.889386177,0.0147894118
836,0.562955201,0.393155515,0.0438892841
837,0.974500656,0.015483113,0.0100162243
838,0.019550385,0.95951128,0.0209383611
839,0.976069629,0.0187407434,0.00518960413
840,0.974232793,0.0147273475,0.0110398978
841,0.0218546763,0.613747299,0.364397973
842,0.0101784896,0.0209331382,0.968888402
843,0.754109919,0.225100845,0.0207892712
844,0.95371151,0.0400493816,0.00623910595
845,0.143801227,0.158491179,0.697707593
846,0.847628713,0.124545217,0.027826082
847,0.988183618,0.00582852401,0.00598783977
848,0.77984488,0.180881888,0.0392732397
849,0.802134216,0.187852517,0.0100132609
850,0.355861753,0.552184343,0.0919539332
851,0.588647902,0.349238783,0.0621132702
852,0.37702179,0.607447028,0.0155312158
853,0.111859456,0.81465292,0.0734876096
854,0.0525139496,0.899616241,0.0478697866
855,0.29550615,0.679212391,0.0252814181
856,0.981442869,0.00893334113,0.00962376781
857,0.975527227,0.0139777036,0.0104950499
858,0.0398886427,0.0202572048,0.939854145
859,0.724930823,0.257514954,0.0175542291
860,0.0405794866,0.192966908,0.766453624
861,0.965657651,0.0287526753,0.00558972778
862,0.497590572,0.481273621,0.0211358313
863,0.0394921079,0.520445704,0.440062195
864,0.865436733,0.120883092,0.0136801898
865,0.00975867454,0.838712394,0.15152894
866,0.841502905,0.122029968,0.0364671499
867,0.412673861,0.0547257699,0.532600403
868,0.959730029,0.0309871063,0.00928286463
869,0.376437098,0.380078465,0.243484452
870,0.971134186,0.0185789913,0.0102867298
871,0.975181103,0.016801998,0.00801695697
872,0.303152174,0.680560648,0.0162871853
873,0.953826845,0.0284371879,0.01773596
874,0.736094832,0.243240759,0.0206644163
875,0.491180301,0.478079647,0.0307400599
876,0.367981434,0.611106396,0.0209122002
877,0.124684542,0.820999801,0.0543157011
878,0.902468681,0.0417884812,0.0557428263
879,0.0447637364,0.108632483,0.846603751
880,0.832510054,0.156696305,0.0107936598
881,0.089034833,0.826967776,0.0839974061
882,0.0951857343,0.784681559,0.120132722
883,0.021087002,0.861459792,0.117453218
884,0.0704573393,0.82073313,0.108809531
885,0.99503839,0.00238139648,0.00258022803
886,0.994920194,0.00210180762,0.0029779803
887,0.397281229,0.572894454,0.0298242774
888,0.777725458,0.206427321,0.0158471968
889,0.784909964,0.168742716,0.0463472679
890,0.0877419189,0.88631922,0.0259388369
891,0.307885796,0.606293857,0.0858203024
892,0.0165116861,0.939387143,0.04410116
893,0.97092849,0.0227384735,0.00633305777
894,0.954006314,0.0340359397,0.0119577516
895,0.274346888,0.339321613,0.386331499
896,0.0726536661,0.809689641,0.117656693
897,0.988069296,0.00579698104,0.00613371097
898,0.879365921,0.102577798,0.0180562828
899,0.948137105,0.0428595059,0.00900340639
900,0.74772501,0.216148332,0.036126703
901,0.868200004,0.112058066,0.0197419319
902,0.639856398,0.331673533,0.0284700263
903,0.111853056,0.653560162,0.23458679
904,0.077491574,0.891513646,0.03099484
905,0.984932005,0.0116674276,0.00340057444
906,0.822244406,0.145016462,0.0327391513
907,0.969806969,0.0251511298,0.00504193036
908,0.269178092,0.700738072,0.0300838575
909,0.677199781,0.302956164,0.0198440645
910,0.970095873,0.0243936386,0.0055104387
911,0.76979959,0.113664739,0.116535634
912,0.0513713583,0.909470618,0.0391580425
913,0.970416725,0.0168837979,0.0126994932
914,0.458111435,0.528460503,0.0134280706
915,0.0709134936,0.898609638,0.0304769035
916,0.820132494,0.166009575,0.013857957
917,0.165828034,0.146659672,0.687512279
918,0.89541018,0.0960204601,0.0085693365
919,0.984625757,0.00887119118,0.00650303857
920,0.0394914858,0.0319893025,0.928519189
921,0.742531598,0.189445123,0.068023257
922,0.562815368,0.29631421,0.140870437
923,0.539654672,0.0570568778,0.403288424
924,0.744790435,0.190674916,0.0645346493
925,0.987986326,0.0051292046,0.00688451389
926,0.800983727,0.174754381,0.0242619216
927,0.113187701,0.442237169,0.444575161
928,0.544944525,0.4194673,0.035588149
929,0.788520277,0.160142869,0.0513368584
930,0.914792299,0.0560321435,0.0291756056
931,0.850537181,0.138636574,0.0108261937
932,0.512472689,0.468185604,0.0193416905
933,0.89000684,0.102771543,0.00722163264
934,0.0132601559,0.0704168305,0.916323006
935,0.432000309,0.482286304,0.0857133865
936,0.968925655,0.0198190976,0.0112552363
937,0.0352069028,0.446477205,0.518315911
938,0.897922516,0.0826691538,0.0194083247
939,0.991059721,0.00643818453,0.00250208611
940,0.92540741,0.0223519299,0.0522406846
941,0.771294892,0.205854908,0.0228502546
942,0.179108962,0.796368957,0.0245221145
943,0.926388979,0.0591714047,0.0144396387
944,0.315946281,0.408427835,0.275625885
945,0.882715166,0.106216289,0.0110685527
946,0.900147855,0.0894452929,0.0104068452
947,0.941387117,0.0478733145,0.0107395835
948,0.984305978,0.00719637237,0.00849763583
949,0.966189444,0.0171615053,0.0166490339
950,0.940914273,0.0541239046,0.0049618315
951,0.98888123,0.00695918966,0.00415958138
952,0.724689603,0.256255567,0.0190548263
953,0.509060919,0.462181568,0.0287575051
954,0.100225426,0.503095686,0.396678865
955,0.186561748,0.57081455,0.242623717
956,0.939640105,0.0494566001,0.0109032504
957,0.778293848,0.189359352,0.0323468372
958,0.196013883,0.788945436,0.0150406789
959,0.149835065,0.817964792,0.03220018
960,0.841725469,0.0853561163,0.0729184002
961,0.0495685674,0.268832058,0.681599379
962,0.813793659,0.0764575079,0.109748803
963,0.493870556,0.467085779,0.039043732
964,0.38245973,0.57517612,0.0423641726
965,0.0173925851,0.877189994,0.105417445
966,0.363550961,0.292823255,0.343625784
967,0.0130662937,0.0287272688,0.958206415
968,0.987444639,0.00656285137,0.00599255646
969,0.984726191,0.0081785284,0.00709518977
970,0.962391675,0.022572387,0.0150359934
971,0.554371953,0.398961365,0.0466666892
972,0.415084481,0.563937247,0.0209783446
973,0.676070571,0.188520104,0.135409325
974,0.0663224608,0.41257444,0.521103084
975,0.962423325,0.00868273806,0.0288939625
976,0.516446233,0.465188801,0.018364938
977,0.53231883,0.367579669,0.100101493
978,0.922664583,0.0439904854,0.0333448648
979,0.694247961,0.252320796,0.0534312427
980,0.140603557,0.807393134,0.0520032607
981,0.013487326,0.966934085,0.0195786376
982,0.93406111,0.0133841066,0.0525547937
983,0.0952525362,0.861511767,0.043235682
984,0.706378341,0.195918128,0.0977035239
985,0.729541957,0.196437225,0.0740208104
986,0.582582355,0.394775093,0.0226425473
987,0.973975599,0.0124850189,0.0135394018
988,0.763174176,0.141544297,0.0952815637
989,0.711119533,0.24730058,0.0415798575
990,0.200758711,0.766393244,0.0328480862
991,0.947611213,0.0420735888,0.0103152199
992,0.804878533,0.126291916,0.0688295439
993,0.390823215,0.558087707,0.0510890447
994,0.801489532,0.192513049,0.00599741424
995,0.9765746,0.0105824359,0.0128429178
996,0.243081346,0.709597886,0.047320772
997,0.257286042,0.692804098,0.0499098562
998,0.153689042,0.811394632,0.0349162929
999,0.966432095,0.0264361389,0.00713173579
1000,0.94592309,0.0455922931,0.00848463271
1001,0.953785181,0.0350130126,0.0112017663
1002,0.164438009,0.788013697,0.0475483388
1003,0.0426710658,0.918744862,0.038584061
1004,0.553758323,0.393636018,0.0526056811
1005,0.972544909,0.0206528604,0.00680226414
1006,0.732819259,0.214178339,0.0530024394
1007,0.954218686,0.0362356827,0.00954563916
1008,0.164946988,0.820208013,0.0148450257
1009,0.145277128,0.122738369,0.731984556
1010,0.984997392,0.0116380574,0.00336452271
1011,0.951593637,0.0324111618,0.0159951616
1012,0.119930737,0.847972751,0.0320964865
1013,0.0420332626,0.942680836,0.0152859101
1014,0.189547226,0.35111469,0.459338099
1015,0.744245946,0.140608266,0.115145795
1016,0.112600923,0.797397256,0.0900018141
1017,0.363815069,0.521557748,0.114627182
1018,0.272641838,0.69387579,0.0334823653
1019,0.0249748975,0.149572805,0.825452268
1020,0.969193339,0.0227296595,0.00807694905
1021,0.299461812,0.667460263,0.0330779031
1022,0.327880412,0.646717668,0.0254019368
1023,0.0831752196,0.53132087,0.385503888
1024,0.0330255814,0.940908551,0.0260658879
1025,0.795927882,0.136682302,0.067389816
1026,0.62538445,0.357254505,0.0173610467
1027,0.110155441,0.607304156,0.282540411
1028,0.361543953,0.596959352,0.0414966717
1029,0.0695232823,0.896463454,0.0340132304
1030,0.376644552,0.593417585,0.0299378633
1031,0.841786981,0.0640714988,0.0941415504
1032,0.909428298,0.0690503642,0.021521382
1033,0.9951545,0.00167685281,0.00316862622
1034,0.0713646784,0.487636507,0.440998822
1035,0.96631223,0.0261880737,0.00749968737
1036,0.0441014096,0.942671895,0.0132266665
1037,0.982941806,0.012528386,0.00452978583
1038,0.512417495,0.470688134,0.0168943685
1039,0.933498025,0.0559087172,0.0105932578
1040,0.646850049,0.342063248,0.0110866725
1041,0.268292993,0.719253719,0.0124532711
1042,0.263981789,0.477382988,0.258635223
1043,0.934688509,0.0503871664,0.0149242692
1044,0.101055026,0.798176408,0.100768559
1045,0.757039845,0.231450737,0.0115094483
1046,0.96657759,0.0187324174,0.0146900155
1047,0.0546893626,0.851683021,0.0936276391
1048,0.0837327763,0.890990853,0.0252763592
1049,0.984728932,0.0102006011,0.00507050985
1050,0.856729031,0.0747023001,0.0685686916
1051,0.275548011,0.712031424,0.0124205854
1052,0.956200361,0.0327091962,0.0110904425
1053,0.898588896,0.0765763819,0.0248347372
1054,0.145678297,0.596118569,0.258203149
1055,0.337043881,0.651497185,0.0114589138
1056,0.865460098,0.120319203,0.0142207043
1057,0.874238729,0.110152245,0.0156089989
1058,0.0237146951,0.601477146,0.374808133
1059,0.164706796,0.822717786,0.0125753991
1060,0.732960165,0.202459201,0.0645806044
1061,0.952984095,0.0384613574,0.00855454057
1062,0.989487171,0.00790517032,0.00260763476
1063,0.968360305,0.026530711,0.00510901259
1064,0.0736095682,0.0579130724,0.868477404
1065,0.0906362161,0.582511365,0.326852441
1066,0.988056004,0.00886551291,0.00307853101
1067,0.956802249,0.033153981,0.0100438055
1068,0.706771791,0.24585931,0.0473689027
1069,0.96192795,0.0256875418,0.0123845246
1070,0.838124692,0.143622383,0.0182529148
1071,0.106911115,0.859423757,0.0336651392
1072,0.857426107,0.0770456493,0.0655282438
1073,0.0253930297,0.296049058,0.678557932
1074,0.515619516,0.451561958,0.0328185298
1075,0.120715559,0.840650558,0.0386338606
1076,0.182978466,0.254449189,0.5625723
1077,0.259435862,0.719047189,0.0215168688
1078,0.360644668,0.460606992,0.178748325
1079,0.950185359,0.0369469933,0.0128676547
1080,0.403694749,0.450862557,0.14544268
1081,0.658670723,0.32666707,0.0146622146
1082,0.970295489,0.0118026342,0.0179018676
1083,0.0606499054,0.576031566,0.363318533
1084,0.729689002,0.254146934,0.0161640495
1085,0.0370887294,0.532581449,0.430329829
1086,0.971051097,0.0201623011,0.00878664199
1087,0.00859719049,0.0305576306,0.960845172
1088,0.0499217659,0.898489952,0.0515882298
1089,0.984457195,0.011939208,0.00360357785
1090,0.0168667994,0.950697362,0.0324357934
1091,0.588106096,0.401770383,0.0101235174
1092,0.533549905,0.256928533,0.209521592
1093,0.978425741,0.0176137835,0.0039604865
1094,0.668066204,0.303031594,0.0289021879
1095,0.990059376,0.00521355774,0.00472708885
1096,0.738890827,0.24795343,0.0131557193
1097,0.0992626846,0.57124716,0.329490155
1098,0.938912392,0.0507544093,0.0103331711
1099,0.707836688,0.275077701,0.0170856155
1100,0.0374349579,0.943646014,0.0189190786
1101,0.609781623,0.364612639,0.0256057326
1102,0.395048738,0.590525985,0.0144252544
1103,0.411318898,0.281217635,0.307463467
1104,0.0397153571,0.0393648893,0.920919716
1105,0.73662132,0.220857754,0.0425209366
1106,0.145979434,0.79353869,0.0604818575
1107,0.784726083,0.195074499,0.0201993957
1108,0.203553766,0.779575765,0.0168704651
1109,0.486317277,0.346804768,0.166877955
1110,0.983004212,0.0122854402,0.00471034786
1111,0.977324843,0.00775245437,0.0149227008
1112,0.887218237,0.102772363,0.0100094061
1113,0.137662023,0.80815053,0.0541873947
1114,0.204070404,0.101201043,0.694728553
1115,0.508624613,0.0650917292,0.426283658
1116,0.914467573,0.0418942347,0.0436381958
1117,0.989962041,0.00395946018,0.00607846119
1118,0.121077999,0.0763653964,0.802556634
1119,0.724657297,0.253068477,0.0222742446
1120,0.20165509,0.779763639,0.0185812935
1121,0.695515335,0.256778389,0.0477062874
1122,0.042871993,0.835950494,0.121177547
1123,0.958110571,0.0316725634,0.0102168815
1124,0.177002296,0.795225918,0.0277717821
1125,0.434176534,0.449303657,0.116519824
1126,0.665161371,0.236455515,0.0983831435
1127,0.476695746,0.395617545,0.127686679
1128,0.485496908,0.432928205,0.081574887
1129,0.0490740836,0.857121587,0.0938042998
1130,0.819661915,0.143179879,0.0371582061
1131,0.868621528,0.118709937,0.0126685882
1132,0.141754314,0.843355298,0.0148903215
1133,0.0406401567,0.181251094,0.778108776
1134,0.859966993,0.0815716982,0.0584612973
1135,0.436620384,0.537270188,0.0261094347
1136,0.550991356,0.279455602,0.169553027
1137,0.113989994,0.771139085,0.114870965
1138,0.111018218,0.856793523,0.032188233
1139,0.450701952,0.480620474,0.0686775669
1140,0.916977644,0.0772951394,0.00572724594
1141,0.0866995528,0.707761407,0.205539048
1142,0.874320745,0.115519866,0.0101593845
1143,0.0263459105,0.0304718222,0.94318229
1144,0.0312325265,0.824534893,0.144232571
1145,0.349901915,0.640467823,0.0096302405
1146,0.981965959,0.00607374636,0.0119603388
1147,0.985023201,0.00972922053,0.00524758082
1148,0.0955474228,0.711809218,0.192643344
1149,0.368177056,0.573858738,0.0579642169
1150,0.938056469,0.0478460416,0.0140974773
1151,0.991205752,0.00664540706,0.00214884453
1152,0.959442317,0.0264969934,0.0140606333
1153,0.0297790151,0.0248460397,0.945374906
1154,0.945956945,0.0357398912,0.0183032006
1155,0.447544992,0.518920481,0.0335345156
1156,0.994165003,0.00366182998,0.00217313436
1157,0.54396826,0.426024616,0.0300071724
1158,0.879438877,0.107010156,0.0135509949
1159,0.72025913,0.26644972,0.0132911382
1160,0.0994418561,0.557939947,0.342618197
1161,0.173239768,0.810087264,0.0166729335
1162,0.889770329,0.0998584405,0.0103712194
1163,0.12142311,0.836613357,0.0419635475
1164,0.604039907,0.376151383,0.0198087245
1165,0.906208515,0.0799906626,0.0138007812
1166,0.766889989,0.218135148,0.0149748903
1167,0.0307348538,0.069876492,0.899388671
1168,0.960385919,0.00594144547,0.0336726233
1169,0.960813046,0.0276706815,0.0115162777
1170,0.886968434,0.105485342,0.00754621299
1171,0.187066376,0.752569377,0.060364265
1172,0.981966615,0.0075942697,0.0104391426
1173,0.218403146,0.671247602,0.110349312
1174,0.336523682,0.644378185,0.0190981068
1175,0.965337753,0.0268761795,0.00778610026
1176,0.958777964,0.0363333076,0.00488872733
1177,0.562619209,0.422115922,0.0152648436
1178,0.525249362,0.406459212,0.0682913885
1179,0.184466228,0.785182536,0.0303512067
1180,0.288503051,0.599340975,0.112155981
1181,0.147258684,0.821239531,0.0315017328
1182,0.210785642,0.505683243,0.2835311
1183,0.144247457,0.728221476,0.127531022
1184,0.583773017,0.368532002,0.0476949885
1185,0.424375325,0.452326477,0.123298205
1186,0.0205254052,0.0538651496,0.92560941
1187,0.831134975,0.153440848,0.0154241547
1188,0.497508138,0.463105291,0.0393865742
1189,0.349758953,0.513647616,0.136593431
1190,0.247508273,0.618094087,0.134397656
1191,0.00724556018,0.0531577505,0.939596713
1192,0.964224815,0.021589987,0.0141851818
1193,0.660981476,0.31752497,0.0214935411
1194,0.0447357446,0.886207044,0.0690572336
1195,0.159852013,0.259078413,0.581069589
1196,0.547988057,0.427233398,0.0247785579
1197,0.841988504,0.0228067003,0.135204777
1198,0.161250398,0.812646806,0.0261027813
1199,0.200651884,0.536141694,0.263206452
1200,0.409542233,0.47793138,0.112526387
1201,0.0125989057,0.141780734,0.845620394
1202,0.609330952,0.378515899,0.0121531887
1203,0.370725393,0.496240169,0.133034453
1204,0.285297394,0.52049154,0.194211066
1205,0.106588811,0.818102419,0.0753088146
1206,0.213772476,0.714554608,0.0716729388
1207,0.988316119,0.00831469893,0.0033691607
1208,0.558326602,0.334180862,0.107492507
1209,0.179242775,0.165016398,0.655740798
1210,0.0150514096,0.90659678,0.0783518031
1211,0.242824018,0.586083233,0.171092719
1212,0.122689836,0.75950563,0.11780455
1213,0.852287412,0.130180538,0.0175320245
1214,0.489262611,0.498409748,0.0123276599
1215,0.886279464,0.100800715,0.0129197948
1216,0.0687957853,0.630107522,0.301096708
1217,0.972122133,0.0135723893,0.0143054789
1218,0.047331892,0.905185759,0.0474823713
1219,0.452177823,0.536824524,0.0109976418
1220,0.77723068,0.213322073,0.00944724586
1221,0.511807084,0.257242471,0.230950475
1222,0.316921264,0.607854366,0.0752243847
1223,0.887921989,0.0839863643,0.0280916616
1224,0.533471346,0.314254791,0.152273834
1225,0.428384513,0.508062899,0.0635525808
1226,0.945687354,0.0266266875,0.0276859533
1227,0.966414571,0.026203325,0.00738212746
1228,0.468893707,0.476213247,0.0548930503
1229,0.893686354,0.0826127082,0.0237009767
1230,0.278150588,0.611004114,0.11084529
1231,0.836524963,0.144835681,0.0186393932
1232,0.0257071368,0.234342381,0.739950478
1233,0.954749405,0.0390731283,0.00617750175
1234,0.0459542833,0.934862733,0.019182967
1235,0.974385023,0.0144481361,0.0111668464
1236,0.0107010333,0.126992777,0.862306178
1237,0.949117601,0.0457864739,0.00509593775
1238,0.843181849,0.129218519,0.0275996365
1239,0.093734324,0.869160473,0.0371052064
1240,0.912466288,0.0429715626,0.0445621051
1241,0.129229963,0.834416747,0.0363532603
1242,0.994186342,0.00312272273,0.00269090896
1243,0.281218588,0.681097269,0.0376841724
1244,0.938284755,0.0418471247,0.0198680982
1245,0.840835214,0.151053816,0.00811098143
1246,0.894480646,0.0963437259,0.00917565543
1247,0.894680202,0.096840933,0.00847889483
1248,0.896599531,0.0922502428,0.0111502148
1249,0.770546615,0.186736345,0.0427170321
1250,0.0180361532,0.3541978,0.627766073
1251,0.934877992,0.0474275239,0.0176945012
1252,0.621621966,0.339546621,0.0388314426
1253,0.979650497,0.0107781217,0.0095713567
1254,0.0378711447,0.0194955617,0.942633331
1255,0.0512204729,0.625907362,0.322872162
1256,0.628762126,0.350930482,0.0203073863
1257,0.887309015,0.0976112038,0.0150797609
1258,0.720814347,0.16984421,0.109341435
1259,0.268441856,0.574614882,0.156943262
1260,0.979876339,0.0146009056,0.00552274287
1261,0.979247034,0.0146587463,0.00609415909
1262,0.0779573992,0.0191019401,0.902940631
1263,0.968338192,0.0272672381,0.00439459365
1264,0.919276297,0.0681460351,0.0125776827
1265,0.123200253,0.840175927,0.0366238244
1266,0.980311275,0.014308868,0.00537991757
1267,0.786760807,0.204601213,0.00863797031
1268,0.0758402944,0.846766949,0.0773927346
1269,0.0810176358,0.766743183,0.152239189
1270,0.157482088,0.157664225,0.684853733
1271,0.730592251,0.0464776121,0.222930104
1272,0.968487144,0.0211697724,0.0103430497
1273,0.0468957685,0.919767797,0.0333364494
1274,0.0662881285,0.866720021,0.0669918582
1275,0.0964742899,0.885424793,0.0181008596
1276,0.41870141,0.563586712,0.0177118797
1277,0.50189364,0.480234265,0.0178721212
1278,0.360619426,0.614577353,0.0248032324
1279,0.303470045,0.66180855,0.0347214192
1280,0.211649895,0.150851116,0.637498975
1281,0.0614175349,0.706726551,0.231855884
1282,0.983187735,0.0123391477,0.00447312789
1283,0.266053557,0.720384538,0.0135618802
1284,0.0755847171,0.207973465,0.71644181
1285,0.614540219,0.367073029,0.0183867719
1286,0.753335893,0.238850981,0.00781312305
1287,0.884295046,0.0987651646,0.0169397816
1288,0.991812348,0.00556152919,0.00262614619
1289,0.989782691,0.00674978085,0.00346757751
1290,0.847757638,0.1403559,0.0118865091
1291,0.708877623,0.278509825,0.0126125654
1292,0.979519784,0.00965902861,0.0108211944
1293,0.279996544,0.697386146,0.0226172972
1294,0.973291516,0.0184623804,0.00824613404
1295,0.0230345447,0.948750615,0.0282148775
1296,0.0759058595,0.517654061,0.406440109
1297,0.353641719,0.586921632,0.0594366752
1298,0.673325002,0.279672146,0.0470028222
1299,0.201559648,0.719012499,0.0794278458
1300,0.799322963,0.174662948,0.0260141436
1301,0.990356266,0.00645564403,0.00318808155
1302,0.508508503,0.243745759,0.247745723
1303,0.623819768,0.351853013,0.0243272074
1304,0.321477652,0.652571082,0.0259512458
1305,0.104520708,0.833239853,0.0622394346
1306,0.241066113,0.741952777,0.0169811286
1307,0.833617747,0.153500691,0.0128815025
1308,0.588627219,0.37580803,0.0355647467
1309,0.0641689226,0.917544842,0.0182862002
1310,0.980063796,0.0101919863,0.00974427257
1311,0.914421976,0.0694726855,0.0161053315
1312,0.2150442,0.166195765,0.618760049
1313,0.0150134992,0.0233416203,0.961644888
1314,0.949374199,0.043902088,0.00672367867
1315,0.123237558,0.655167997,0.221594423
1316,0.675128937,0.286756158,0.0381148607
1317,0.92214632,0.0717970133,0.00605669431
1318,0.226437658,0.574710548,0.198851764
1319,0.10449791,0.866191745,0.0293103289
1320,0.147901729,0.780933917,0.071164377
1321,0.98056221,0.00981486868,0.0096229529
1322,0.960863829,0.0306061581,0.00853003934
1323,0.683087945,0.283877164,0.0330349095
1324,0.00409001671,0.00495875487,0.99095124
1325,0.843098044,0.103686102,0.0532158241
1326,0.0446569696,0.794195175,0.161147833
1327,0.59261173,0.351965576,0.055422768
1328,0.0872808918,0.353337735,0.559381425
1329,0.0259501617,0.954188347,0.0198614914
1330,0.17106472,0.786369324,0.0425659604
1331,0.0255610682,0.0585715622,0.915867388
1332,0.978761435,0.0152859306,0.00595267024
1333,0.927283883,0.0507900491,0.0219260454
1334,0.976793349,0.0198574252,0.00334924296
1335,0.985702872,0.00906689651,0.00523024146
1336,0.629982531,0.319071263,0.0509462096
1337,0.871145606,0.122788519,0.00606590137
1338,0.160905883,0.8276335,0.0114606358
1339,0.95230037,0.0393258743,0.00837374479
1340,0.734352171,0.234813824,0.0308340136
1341,0.00428596418,0.0342112258,0.96150279
1342,0.960026205,0.0351852551,0.00478855846
1343,0.988397837,0.00531134149,0.00629085628
1344,0.182201147,0.778345287,0.0394535661
1345,0.808598697,0.112756111,0.0786451548
1346,0.802571714,0.0756330788,0.121795177
1347,0.931876421,0.0605217852,0.00760177011
1348,0.954841137,0.0196961872,0.0254627038
1349,0.943282068,0.0354517847,0.0212661698
1350,0.702778459,0.144122958,0.153098539
1351,0.622161865,0.238307074,0.139531031
1352,0.117296875,0.853670657,0.0290325116
1353,0.585939884,0.368231386,0.0458287224
1354,0.843576789,0.144544765,0.0118784308
1355,0.245055869,0.67148453,0.0834596083
1356,0.249684781,0.510964096,0.239351079
1357,0.181834266,0.72732681,0.0908388495
1358,0.861147106,0.125959292,0.0128936265
1359,0.0553346388,0.933005571,0.0116597917
1360,0.993912637,0.00301130186,0.00307607558
1361,0.693767667,0.276196182,0.0300361589
1362,0.00435034977,0.036287155,0.959362507
1363,0.121675953,0.742697835,0.135626242
1364,0.0621574223,0.336621553,0.601221025
1365,0.678702116,0.141816884,0.179481
1366,0.366849422,0.610136986,0.0230135769
1367,0.204061538,0.1253957,0.670542777
1368,0.10659083,0.884792686,0.00861645211
1369,0.00631469861,0.0112974495,0.982387841
1370,0.347109437,0.633168757,0.0197218116
1371,0.509375274,0.470858097,0.0197666381
1372,0.970265031,0.0218571313,0.00787781831
1373,0.98439616,0.0109798508,0.00462404452
1374,0.949362218,0.0292093158,0.0214284509
1375,0.11894197,0.862347603,0.0187104307
1376,0.624711692,0.303090334,0.0721979439
1377,0.243659973,0.689199746,0.0671402737
1378,0.93090415,0.0362860411,0.0328097641
1379,0.988562524,0.00788127352,0.00355617981
1380,0.704448223,0.269887179,0.0256645717
1381,0.712703347,0.268180311,0.0191163607
1382,0.637366056,0.345046967,0.0175869819
1383,0.344789296,0.620690525,0.0345202088
1384,0.386187196,0.593580127,0.0202326439
1385,0.962908328,0.0276970174,0.00939465221
1386,0.981893957,0.00977280829,0.00833323598
1387,0.387442172,0.599998116,0.0125596998
1388,0.0514246151,0.200445682,0.748129725
1389,0.628576875,0.290050089,0.0813729763
1390,0.470274061,0.483288378,0.0464375839
1391,0.288983405,0.210384056,0.500632524
1392,0.857774615,0.0702279285,0.0719974563
1393,0.120075837,0.124136202,0.755787969
1394,0.725013852,0.222638488,0.0523476116
1395,0.560879588,0.391787738,0.047332719
1396,0.733562708,0.236412451,0.0300248247
1397,0.0482844561,0.533115327,0.418600231
1398,0.215026975,0.74472338,0.040249683
1399,0.162965223,0.811532795,0.0255020484
1400,0.843871236,0.143564835,0.0125639392
1401,0.314358234,0.627965033,0.0576767176
1402,0.147508815,0.336100817,0.516390383
1403,0.605825067,0.344973087,0.0492018387
1404,0.147355959,0.524737954,0.327906042
1405,0.0833167285,0.842310607,0.0743727013
1406,0.00310820644,0.020517854,0.976373971
1407,0.989238977,0.00560163893,0.00515934546
1408,0.236659944,0.71119374,0.0521462932
1409,0.863078594,0.126755536,0.0101658395
1410,0.771636426,0.212141082,0.0162224527
1411,0.34574306,0.628653824,0.0256030969
1412,0.770305157,0.203726947,0.0259678997
1413,0.942769527,0.0472191907,0.0100113163
1414,0.76270026,0.202513665,0.0347860381
1415,0.330479324,0.122615121,0.546905518
1416,0.914141119,0.0348988511,0.0509600677
1417,0.901554227,0.0921494886,0.00629625376
1418,0.931010723,0.0594404452,0.00954883266
1419,0.981812239,0.0131621137,0.00502561592
1420,0.00124072679,0.00175541616,0.997003853
1421,0.675576925,0.0780257136,0.246397346
1422,0.0410742909,0.0189459939,0.939979672
1423,0.329996586,0.285677254,0.38432616
1424,0.783803403,0.182963878,0.0332327448
1425,0.147288337,0.809982479,0.0427291878
1426,0.685289741,0.262591064,0.0521191619
1427,0.994517863,0.00218285946,0.00329926121
1428,0.672388792,0.292853385,0.0347578712
1429,0.0852063298,0.0296355858,0.885158062
1430,0.682433367,0.302660704,0.0149059109
1431,0.908172667,0.0769013539,0.0149259334
1432,0.987406433,0.00937488768,0.00321871741
1433,0.294922918,0.664998055,0.0400790162
1434,0.854069352,0.119215205,0.0267154183
1435,0.0212165322,0.0408400595,0.937943399
1436,0.940391481,0.0445405543,0.0150679955
1437,0.965205312,0.0296831429,0.00511150714
1438,0.744781077,0.242665082,0.0125538576
1439,0.300726414,0.199815392,0.499458164
1440,0.842573166,0.148444787,0.00898201391
1441,0.982920945,0.0110805836,0.00599849224
1442,0.0126728909,0.442539662,0.544787407
1443,0.530206382,0.457879126,0.0119144991
1444,0.00799397845,0.0506189391,0.941387117
1445,0.0591236949,0.928346157,0.0125301555
1446,0.0257549193,0.891681671,0.0825634003
1447,0.711667061,0.275032043,0.0133008743
1448,0.881081641,0.0617174171,0.0572009161
1449,0.16498524,0.310785443,0.524229288
1450,0.150327072,0.123469278,0.72620368
1451,0.973183334,0.0194485467,0.00736813108
1452,0.57616061,0.404037535,0.0198018607
1453,0.883086383,0.0955036581,0.0214099605
1454,0.57642442,0.401771724,0.0218038391
1455,0.301534861,0.671542525,0.0269226246
1456,0.390648901,0.547968686,0.0613824204
1457,0.0229899492,0.0835337117,0.893476307
1458,0.95351547,0.0362881757,0.0101963514
1459,0.978956401,0.0136793498,0.00736425677
1460,0.0572430864,0.872577846,0.0701790601
1461,0.036295075,0.950662971,0.0130419433
1462,0.91613847,0.0521893352,0.0316722095
1463,0.689889491,0.274778575,0.0353319198
1464,0.179779574,0.676833153,0.143387303
1465,0.216254711,0.750774264,0.0329709947
1466,0.895107687,0.0945778191,0.0103144515
1467,0.556009173,0.421246976,0.0227438491
1468,0.469403714,0.51420188,0.0163944419
1469,0.300728828,0.0856385455,0.613632619
1470,0.911238313,0.0305051785,0.0582564697
1471,0.987192333,0.0098320432,0.00297563756
1472,0.907924294,0.0691566616,0.0229190532
1473,0.33956942,0.511720955,0.14870964
1474,0.94663167,0.0396689214,0.0136994356
1475,0.504329324,0.461241275,0.0344293974
1476,0.888701856,0.103777573,0.00752052991
1477,0.171840116,0.79095912,0.0372007117
1478,0.868727326,0.0771467239,0.0541259497
1479,0.918262005,0.0668318272,0.0149061438
1480,0.540850341,0.445283979,0.0138657028
1481,0.17332691,0.433694303,0.392978787
1482,0.29050982,0.546959937,0.162530258
1483,0.599983692,0.35512054,0.0448957458
1484,0.165402144,0.0839103833,0.75068748
1485,0.93570298,0.0563797429,0.00791723933
1486,0.955429196,0.0350207947,0.0095499903
1487,0.386440396,0.54899478,0.0645648241
1488,0.00268706609,0.0163070336,0.981005907
1489,0.592689395,0.317038536,0.0902720243
1490,0.808060765,0.174769267,0.0171699692
1491,0.431221187,0.491469532,0.0773092732
1492,0.880972326,0.0988105312,0.0202170666
1493,0.341284543,0.536928356,0.121787094
1494,0.201858073,0.770655394,0.0274865124
1495,0.983642638,0.0127882091,0.00356910704
1496,0.319343209,0.103891782,0.57676506
1497,0.0691710562,0.26925078,0.661578178
1498,0.635074914,0.0867708698,0.278154254
1499,0.175626099,0.168553457,0.655820429
1500,0.031852413,0.157200113,0.810947478
1501,0.0932666063,0.858222246,0.0485111028
1502,0.19883211,0.714783907,0.0863839835
1503,0.219856039,0.382117987,0.39802599
1504,0.0903729796,0.887466431,0.0221605562
1505,0.0752293244,0.894296229,0.0304743759
1506,0.0295535959,0.953487277,0.0169591159
1507,0.320004851,0.573898673,0.106096469
1508,0.296035826,0.679450095,0.024514107
1509,0.786155522,0.154990733,0.0588537566
1510,0.158361226,0.208995506,0.632643282
1511,0.619177699,0.358116567,0.0227057207
1512,0.962002933,0.0328082107,0.0051888302
1513,0.644341528,0.329211384,0.0264470577
1514,0.913856685,0.0712989271,0.0148443822
1515,0.0188020729,0.843818069,0.13737981
1516,0.28939563,0.623055458,0.0875489116
1517,0.169975415,0.766369402,0.0636551678
1518,0.470503032,0.498645753,0.0308512338
1519,0.0203751028,0.953737617,0.025887331
1520,0.982553601,0.00904801302,0.00839836709
1521,0.239427581,0.713080525,0.0474918894
1522,0.842665195,0.13950114,0.0178336762
1523,0.0451151207,0.899213254,0.055671595
1524,0.986591637,0.00924097095,0.00416739611
1525,0.065031521,0.53378886,0.401179641
1526,0.420072377,0.299244612,0.280683041
1527,0.018812865,0.0439053513,0.937281847
1528,0.38730666,0.600122273,0.012571062
1529,0.914766073,0.0757955536,0.00943835732
1530,0.450350583,0.477834731,0.0718146935
1531,0.558266282,0.43398276,0.00775096798
1532,0.78786695,0.18638964,0.0257434044
1533,0.991820812,0.00368310837,0.00449608266
1534,0.83729744,0.0904339701,0.0722686127
1535,0.856777251,0.134167314,0.00905544311
1536,0.0139134526,0.5626598,0.423426718
1537,0.553705037,0.42330718,0.022987755
1538,0.889763951,0.0537784658,0.0564575642
1539,0.433222264,0.519784629,0.0469930992
1540,0.738980889,0.249629915,0.0113891745
1541,0.461353481,0.466311485,0.0723350197
1542,0.969004691,0.0245707426,0.00642458303
1543,0.417541206,0.565034211,0.0174246095
1544,0.646894097,0.339025289,0.0140805766
1545,0.307848543,0.651763439,0.0403880514
1546,0.366737634,0.608586788,0.0246755909
1547,0.791799366,0.143469423,0.0647311956
1548,0.469282836,0.0736014396,0.45711571
1549,0.626948714,0.242034063,0.131017253
1550,0.932139158,0.0560071692,0.0118536595
1551,0.499161899,0.34092766,0.159910411
1552,0.0285666287,0.920943975,0.050489381
1553,0.904281497,0.0737017021,0.0220168103
1554,0.840903401,0.145130187,0.0139664002
1555,0.966403365,0.0204770323,0.013119611
1556,0.896706998,0.0924561173,0.0108368974
1557,0.420689493,0.567641616,0.0116689168
1558,0.172342718,0.638345063,0.18931222
1559,0.461721897,0.507537544,0.0307405367
1560,0.991906345,0.00496271439,0.00313090556
1561,0.765303612,0.212539613,0.0221567769
1562,0.992855728,0.00284927059,0.00429502223
1563,0.0799773708,0.823443294,0.0965793431
1564,0.985071063,0.00940372422,0.00552523695
1565,0.645733595,0.318877071,0.0353893824
1566,0.137262776,0.684349418,0.178387791
1567,0.59300673,0.346261144,0.06073213
1568,0.683913052,0.29879415,0.0172927715
1569,0.29437086,0.673499107,0.0321300551
1570,0.837864101,0.103641465,0.0584944189
1571,0.526383162,0.433701277,0.0399155393
1572,0.869773686,0.122653082,0.00757321017
1573,0.941132307,0.0451200306,0.0137476642
1574,0.19764328,0.769906044,0.032450702
1575,0.0439575464,0.897513628,0.0585288294
1576,0.325089663,0.638003528,0.0369068198
1577,0.947102726,0.0429866947,0.00991060212
1578,0.0830755904,0.766671121,0.150253296
1579,0.138928652,0.837314904,0.0237564407
1580,0.943212092,0.0419154391,0.0148724671
1581,0.980851591,0.0143465502,0.00480179302
1582,0.775975406,0.204886153,0.0191384256
1583,0.149147093,0.580192268,0.270660609
1584,0.871104538,0.0401031338,0.0887923092
1585,0.657257259,0.326290876,0.0164518282
1586,0.642801583,0.342033118,0.0151653048
1587,0.072611101,0.86611557,0.0612733103
1588,0.0401230641,0.902743876,0.0571330711
1589,0.77997762,0.181351081,0.0386713147
1590,0.31766206,0.646168947,0.0361689776
1591,0.233318031,0.69079119,0.0758907646
1592,0.831154168,0.147976071,0.0208698008
1593,0.682097197,0.302035749,0.0158670302
1594,0.0492961034,0.932254016,0.0184498467
1595,0.15080063,0.825758278,0.0234410726
1596,0.0663794652,0.873519838,0.0601007231
1597,0.581065059,0.351295203,0.0676397607
1598,0.983871281,0.0107460571,0.00538265472
1599,0.434192419,0.464645892,0.101161666
1600,0.982799113,0.00985562801,0.00734523684
1601,0.945954502,0.0282836501,0.025761785
1602,0.742589772,0.208854094,0.0485561267
1603,0.45120874,0.530376911,0.0184143689
1604,0.830544293,0.159861639,0.00959409308
1605,0.912947059,0.0356350429,0.0514178723
1606,0.780400157,0.205766156,0.0138336932
1607,0.388194531,0.176998585,0.434806913
1608,0.986830235,0.00996690057,0.0032028982
1609,0.966656446,0.0266059618,0.00673768157
1610,0.758161962,0.230775028,0.0110630086
1611,0.149262443,0.662994027,0.187743515
1612,0.221738949,0.76346606,0.0147949699
1613,0.0288301427,0.646440923,0.324728936
1614,0.431122005,0.544570565,0.0243073944
1615,0.0209848043,0.282146275,0.696868896
1616,0.00982565153,0.0487187505,0.941455603
1617,0.758179903,0.168435857,0.0733842477
1618,0.639087021,0.30716309,0.0537498705
1619,0.403682172,0.57415545,0.0221624263
1620,0.858910143,0.124078698,0.0170111675
1621,0.861835301,0.0977723598,0.0403923281
1622,0.987520158,0.0069811577,0.00549865328
1623,0.0558658689,0.787349582,0.156784505
1624,0.959605873,0.0372362696,0.00315783825
1625,0.891050518,0.0850942507,0.0238552578
1626,0.908770502,0.0666887388,0.0245407652
1627,0.95909673,0.0368084796,0.00409479626
1628,0.954491913,0.0397064015,0.00580168841
1629,0.946089864,0.0361603051,0.0177498423
1630,0.799187124,0.16288045,0.0379323773
1631,0.984261096,0.0099341711,0.00580479205
1632,0.657324493,0.322274953,0.0204005707
1633,0.696255267,0.263437718,0.0403070487
1634,0.00411733612,0.0195736531,0.976309001
1635,0.403344154,0.546910822,0.0497450382
1636,0.174806282,0.781638741,0.0435549542
1637,0.950428963,0.043097347,0.00647369167
1638,0.22235547,0.734912992,0.0427315012
1639,0.979503095,0.0139699467,0.0065269433
1640,0.219456717,0.749133468,0.0314097963
1641,0.87825191,0.116075665,0.00567240594
1642,0.994636893,0.00245078118,0.00291232276
1643,0.126072302,0.810865164,0.0630624965
1644,0.159786299,0.810234249,0.0299794544
1645,0.454517275,0.514733374,0.0307493564
1646,0.945645928,0.049841281,0.00451280596
1647,0.11092858,0.0495825261,0.839488864
1648,0.164968386,0.77180028,0.0632313415
1649,0.645804822,0.278012604,0.076182574
1650,0.878742635,0.0982305929,0.0230268054
1651,0.689263105,0.12721239,0.183524504
1652,0.116051793,0.853547275,0.0304009207
1653,0.904042423,0.0839244872,0.0120331198
1654,0.808143616,0.0889165401,0.102939822
1655,0.246672705,0.318617463,0.434709847
1656,0.645089388,0.332810253,0.022100389
1657,0.131570891,0.833970606,0.0344585329
1658,0.889843583,0.0900061727,0.020150274
1659,0.991307557,0.00499937031,0.00369311171
1660,0.609636903,0.29073447,0.0996286198
1661,0.344705671,0.610625684,0.0446686484
1662,0.88839668,0.0838523656,0.0277509615
1663,0.521186054,0.413111091,0.0657028258
1664,0.591532648,0.396970212,0.0114971725
1665,0.996764839,0.00147000852,0.00176514557
1666,0.184429646,0.535101771,0.280468583
1667,0.262326896,0.647793353,0.0898797438
1668,0.836992741,0.147011042,0.0159962121
1669,0.910740733,0.0809858516,0.00827344414
1670,0.00664114114,0.0498071052,0.943551719
1671,0.516732633,0.357819647,0.12544772
1672,0.817673981,0.0684475899,0.113878451
1673,0.369627178,0.613410473,0.0169623978
1674,0.634240746,0.352830201,0.0129290884
1675,0.518978357,0.421580195,0.0594414361
1676,0.255314976,0.581732988,0.162952065
1677,0.0406846032,0.896483779,0.0628316551
1678,0.479223818,0.472395122,0.0483810417
1679,0.460753977,0.47508806,0.0641579479
1680,0.103016473,0.383698255,0.51328522
1681,0.583379924,0.390170515,0.0264495201
1682,0.0307833962,0.898817241,0.0703993514
1683,0.08657974,0.876214087,0.0372061878
1684,0.916216135,0.0238909144,0.0598929711
1685,0.0296583213,0.914528966,0.0558126792
1686,0.378563702,0.558530807,0.0629054606
1687,0.844856024,0.137273312,0.017870713
1688,0.217171133,0.441614896,0.341213971
1689,0.0458566844,0.941165209,0.0129781039
1690,0.0497361943,0.909206927,0.0410569049
1691,0.302736878,0.673595667,0.0236674137
1692,0.978554308,0.0144234607,0.00702222111
1693,0.377609432,0.599040449,0.0233501475
1694,0.020501934,0.94771415,0.0317839198
1695,0.886750579,0.0976302028,0.0156192025
1696,0.918141901,0.073813051,0.0080450885
1697,0.263495535,0.723743141,0.0127612939
1698,0.123575747,0.840718448,0.0357058048
1699,0.102825955,0.732351661,0.1648224
1700,0.98456192,0.0121775651,0.00326044601
1701,0.79426527,0.181430846,0.0243038442
1702,0.379403502,0.0913529024,0.529243588
1703,0.932020903,0.0642500818,0.00372907543
1704,0.959893703,0.0160100237,0.0240962505
1705,0.745118558,0.1700854,0.0847960114
1706,0.937407076,0.036714457,0.0258784555
1707,0.030043738,0.937368453,0.0325878002
1708,0.930006266,0.0623159856,0.00767770736
1709,0.113693558,0.865218222,0.0210882258
1710,0.938695371,0.0458455682,0.0154590895
1711,0.387049735,0.580158591,0.0327916741
1712,0.928341329,0.0645801127,0.00707853353
1713,0.307808667,0.666819394,0.0253719259
1714,0.404741973,0.263539225,0.331718802
1715,0.289523154,0.669391453,0.0410853364
1716,0.268341005,0.719327152,0.0123318415
1717,0.988596141,0.00839738827,0.00300650042
1718,0.0256464016,0.275157809,0.699195802
1719,0.560446501,0.425536454,0.0140170315
1720,0.389649481,0.453182399,0.15716809
1721,0.0405314043,0.832972467,0.126496151
1722,0.856803417,0.133267865,0.00992874335
1723,0.773727715,0.215458512,0.010813796
1724,0.528856575,0.425236434,0.0459069945
1725,0.22107175,0.753791153,0.0251370948
1726,0.929149091,0.0536445417,0.0172063205
1727,0.747481942,0.239045009,0.0134730805
1728,0.22647734,0.730692148,0.0428304672
1729,0.974323034,0.0180694163,0.00760750053
1730,0.983474731,0.00800969824,0.008515561
1731,0.988432169,0.00843525585,0.00313250674
1732,0.0934077799,0.883030236,0.0235619843
1733,0.0938578397,0.530390501,0.375751644
1734,0.796433747,0.187809333,0.0157569535
1735,0.92986536,0.0603185892,0.0098160347
1736,0.946280062,0.0451535508,0.00856635813
1737,0.155069262,0.830492496,0.0144383097
1738,0.693383634,0.276257008,0.030359365
1739,0.342999756,0.635178089,0.021822175
1740,0.202478245,0.767615974,0.0299057942
1741,0.569298863,0.413953751,0.0167473778
1742,0.547523022,0.445120275,0.00735672284
1743,0.194648758,0.789821744,0.0155294677
1744,0.92375046,0.0681077093,0.00814184733
1745,0.0130818868,0.0533909686,0.933527112
1746,0.43667677,0.353955388,0.209367871
1747,0.0021273673,0.0530249737,0.944847643
1748,0.10094092,0.764482796,0.134576306
1749,0.727470696,0.229171053,0.0433582366
1750,0.195967391,0.704345226,0.0996873975
1751,0.953263283,0.0153656118,0.0313711315
1752,0.0773516968,0.899756074,0.0228922125
1753,0.973009109,0.0174464714,0.00954440702
1754,0.836296976,0.0887832418,0.0749198198
1755,0.336039096,0.590717614,0.0732432678
1756,0.945545971,0.0394055396,0.0150484992
1757,0.969969213,0.0181704126,0.0118603846
1758,0.192293108,0.785214067,0.0224928409
1759,0.210067064,0.367286175,0.422646761
1760,0.960459471,0.0275751613,0.0119653866
1761,0.66354382,0.301924139,0.0345320255
1762,0.0233573876,0.246682137,0.729960501
1763,0.175261185,0.60425967,0.220479116
1764,0.98090142,0.0143569978,0.0047415602
1765,0.361393929,0.608166039,0.0304399747
1766,0.58400172,0.396544844,0.0194534436
1767,0.0497973971,0.891058564,0.0591440164
1768,0.177436486,0.802174687,0.0203888323
1769,0.949258983,0.0165876318,0.034153454
1770,0.364798546,0.593962848,0.041238565
1771,0.0236871019,0.78042686,0.195886001
1772,0.852033257,0.143022403,0.00494436733
1773,0.174169347,0.799047887,0.0267827548
1774,0.958007991,0.0322568603,0.00973518658
1775,0.0230641291,0.896123528,0.0808123648
1776,0.905933678,0.0706209838,0.0234453622
1777,0.0946308076,0.871613145,0.0337560177
1778,0.880158603,0.107429922,0.0124114295
1779,0.990235984,0.00596213806,0.00380186806
1780,0.284107387,0.692069888,0.023822736
1781,0.936997712,0.0495913476,0.0134109193
1782,0.137295917,0.616526067,0.246178016
1783,0.87170428,0.112259313,0.0160364117
1784,0.345619321,0.637706876,0.0166737456
1785,0.798720539,0.178655282,0.0226241536
1786,0.783840895,0.204066038,0.012093069
1787,0.0942887515,0.636858702,0.268852532
1788,0.880471885,0.0212768763,0.0982512757
1789,0.0691178963,0.196249709,0.734632432
1790,0.983694911,0.0105906818,0.00571440905
1791,0.887140334,0.0898709297,0.022988772
1792,0.666751862,0.290509582,0.0427385531
1793,0.790016115,0.118604325,0.0913796052
1794,0.263414949,0.720949054,0.0156360026
1795,0.545197248,0.432568997,0.0222337674
1796,0.571960211,0.372916847,0.0551229902
1797,0.135994196,0.11532101,0.748684824
1798,0.0276002008,0.694146872,0.278252929
1799,0.990015149,0.00367991207,0.0063048983
1800,0.82053417,0.154503852,0.0249619838
1801,0.0208510142,0.787801921,0.191347077
1802,0.295540899,0.529870987,0.174588099
1803,0.620334744,0.353943706,0.0257215537
1804,0.267204225,0.686932087,0.0458636843
1805,0.83739382,0.136695489,0.0259106737
1806,0.903278053,0.0707932189,0.0259286799
1807,0.13372767,0.812362075,0.0539102219
1808,0.866517365,0.0631313175,0.0703513175
1809,0.119651094,0.489371121,0.39097777
1810,0.0631343871,0.36709255,0.569773078
1811,0.0220383815,0.831976712,0.145984918
1812,0.925403595,0.0624908805,0.0121055227
1813,0.0404619053,0.750310659,0.209227428
1814,0.480892777,0.397611469,0.121495761
1815,0.24451752,0.59994632,0.15553616
1816,0.962035298,0.0203609988,0.0176036879
1817,0.976469338,0.0147839142,0.0087467758
1818,0.336356699,0.232043773,0.431599557
1819,0.012619256,0.955604792,0.0317759775
1820,0.85185796,0.120343804,0.0277982261
1821,0.00604023831,0.0400098041,0.953949928
1822,0.915439665,0.0583177172,0.0262426138
1823,0.0148585998,0.00795915071,0.977182209
1824,0.346783608,0.140264243,0.512952149
1825,0.986662328,0.010931897,0.00240578107
1826,0.560565054,0.415828228,0.0236067679
1827,0.148767829,0.520076513,0.331155658
1828,0.969502628,0.0198896602,0.0106077772
1829,0.584093451,0.349755615,0.0661509782
1830,0.0447775237,0.859005749,0.0962167084
1831,0.541761756,0.433435529,0.0248026848
1832,0.628074706,0.239011124,0.132914156
1833,0.972115219,0.00662848074,0.0212562699
1834,0.981892288,0.0116823772,0.00642537279
1835,0.00149183499,0.00278526242,0.99572289
1836,0.532821894,0.444417626,0.0227604806
1837,0.323089331,0.589747906,0.0871627554
1838,0.091904074,0.630039155,0.278056741
1839,0.902846396,0.0858986303,0.0112549765
1840,0.433245242,0.552570343,0.0141844107
1841,0.72652173,0.194598719,0.0788795203
1842,0.0358850583,0.493082434,0.4710325
1843,0.896407008,0.0889728516,0.0146201085
1844,0.953172684,0.0396102257,0.00721709197
1845,0.222492278,0.388311923,0.38919577
1846,0.268212736,0.721692204,0.0100950794
1847,0.890411496,0.0937306285,0.0158579238
1848,0.060255155,0.89308852,0.0466563143
1849,0.873268485,0.118041642,0.00868986174
1850,0.930804789,0.051221922,0.017973328
1851,0.792966068,0.156820029,0.0502138659
1852,0.963289142,0.0289003663,0.00781048415
1853,0.751594365,0.212937281,0.0354683585
1854,0.976239324,0.0096103726,0.0141502675
1855,0.692751229,0.293997288,0.0132514751
1856,0.743680835,0.239418387,0.0169007201
1857,0.0517671891,0.20980072,0.73843205
1858,0.0591456629,0.854777694,0.0860766619
1859,0.338252813,0.071199283,0.590547919
1860,0.422342539,0.514049351,0.0636081398
1861,0.166234136,0.2045459,0.629220009
1862,0.00785390846,0.0101750512,0.981971025
1863,0.287246734,0.561596453,0.151156783
1864,0.716750443,0.242661431,0.0405881405
1865,0.047719866,0.00979778543,0.942482352
1866,0.285297394,0.52049154,0.194211066
1867,0.913971305,0.0625495315,0.023479145
1868,0.115049973,0.860400438,0.0245496109
1869,0.287912428,0.231760949,0.480326623
1870,0.976115286,0.0201279968,0.00375670032
1871,0.875049591,0.0684504807,0.0564999171
1872,0.682316601,0.202958971,0.114724435
1873,0.323786259,0.61970067,0.056513112
1874,0.760606885,0.218901813,0.0204913057
1875,0.981225371,0.0159876999,0.00278684776
1876,0.253199339,0.70884335,0.037957333
1877,0.81068778,0.166715831,0.022596404
1878,0.220206872,0.734970748,0.0448223874
1879,0.943665206,0.0435773656,0.0127574224
1880,0.28892234,0.57377404,0.137303621
1881,0.0515175797,0.906528592,0.0419538133
1882,0.638584197,0.333068967,0.0283468068
1883,0.956203222,0.037813846,0.00598294707
1884,0.262385815,0.665492058,0.0721221268
1885,0.984525681,0.00681921327,0.00865508616
1886,0.963785112,0.0296640862,0.00655072741
1887,0.878773928,0.0857405588,0.0354854874
1888,0.241563261,0.59224385,0.166192904
1889,0.0031838771,0.00732026389,0.989495873
1890,0.980469704,0.014238365,0.0052919006
1891,0.995966792,0.00189602003,0.00213718368
1892,0.967629671,0.026018247,0.00635208562
1893,0.922954559,0.0269728228,0.0500725731
1894,0.964478195,0.030496547,0.00502527878
1895,0.100018464,0.838762641,0.0612189136
1896,0.973291814,0.0224703569,0.00423782179
1897,0.0164499469,0.420577168,0.562972903
1898,0.207125828,0.763272941,0.0296012405
1899,0.549095809,0.426732272,0.024171941
1900,0.435346067,0.510662735,0.0539911725
1901,0.970506966,0.0234484393,0.00604456011
1902,0.162965715,0.768457294,0.0685770214
1903,0.114624798,0.846636891,0.0387383029
1904,0.482176691,0.501851976,0.0159713682
1905,0.509288967,0.452325165,0.0383858159
1906,0.594139218,0.389295816,0.0165649541
1907,0.919150889,0.0688349754,0.0120141432
1908,0.040386036,0.922015905,0.0375980288
1909,0.10689991,0.679036856,0.214063227
1910,0.990198553,0.00657149125,0.00322994683
1911,0.968087971,0.0275774524,0.00433460344
1912,0.03110913,0.933346987,0.0355438627
1913,0.0292231292,0.611308157,0.359468728
1914,0.990494192,0.00489295926,0.00461288076
1915,0.334606558,0.648158431,0.0172349662
1916,0.31112957,0.668361843,0.0205085892
1917,0.614397585,0.221295983,0.164306402
1918,0.979070246,0.0145506058,0.00637912611
1919,0.416376024,0.57083267,0.0127913142
1920,0.995097458,0.00265618879,0.00224635098
1921,0.43029356,0.523967981,0.0457384735
1922,0.825912476,0.148851007,0.0252364893
1923,0.146346584,0.181393698,0.672259688
1924,0.948237062,0.0410905667,0.0106723644
1925,0.47895062,0.287626386,0.23342298
1926,0.920810759,0.0494813211,0.0297079459
1927,0.306337655,0.670703292,0.0229590703
1928,0.605884135,0.373672038,0.0204438213
1929,0.435634613,0.255277246,0.309088141
1930,0.928010583,0.0530687869,0.0189206172
1931,0.758269072,0.142133117,0.0995978713
1932,0.801769555,0.143068582,0.0551618338
1933,0.850391209,0.135045171,0.0145636592
1934,0.0881275013,0.0357265435,0.876145959
1935,0.982454538,0.0141018992,0.0034435594
1936,0.191995129,0.782304466,0.0257004444
1937,0.571773112,0.409049541,0.0191773549
1938,0.101848133,0.811324298,0.0868275687
1939,0.252288938,0.129964903,0.617746174
1940,0.153397515,0.254895002,0.591707468
1941,0.24562192,0.680806577,0.0735714957
1942,0.283026069,0.675043166,0.0419307835
1943,0.0737711713,0.0861364007,0.840092421
1944,0.0130239539,0.0365938582,0.950382173
1945,0.0152482586,0.45273754,0.532014191
1946,0.229482129,0.703052044,0.0674658567
1947,0.98665297,0.00782644842,0.00552056311
1948,0.0816531926,0.883573592,0.0347731672
1949,0.818115711,0.173869774,0.00801449269
1950,0.355930656,0.563859284,0.0802100822
1951,0.477361709,0.510654986,0.0119833266
1952,0.869789481,0.101807192,0.028403312
1953,0.899659812,0.061803136,0.0385370776
1954,0.719467759,0.201377228,0.0791550279
1955,0.945006669,0.0446283743,0.0103649246
1956,0.141650856,0.777347088,0.0810020566
1957,0.935052276,0.0491373911,0.0158103015
1958,0.163822949,0.815667391,0.0205096621
1959,0.0378231294,0.943112671,0.0190641657
1960,0.54060781,0.437764227,0.0216279179
1961,0.492224842,0.436787248,0.0709879547
1962,0.624669373,0.359040856,0.0162898172
1963,0.462092012,0.515944719,0.0219632313
1964,0.989751875,0.00711293984,0.00313517707
1965,0.96577245,0.0184431393,0.0157844778
1966,0.598722577,0.336611658,0.0646657944
1967,0.918251693,0.0689641908,0.0127840703
1968,0.214260682,0.751996398,0.0337429456
1969,0.631040633,0.317798465,0.0511609092
1970,0.0932241902,0.635842025,0.270933747
1971,0.127609506,0.84477371,0.0276168641
1972,0.987943113,0.00847127568,0.00358559354
1973,0.0919531956,0.868041933,0.0400048532
1974,0.978559375,0.0083224969,0.0131181329
1975,0.100931048,0.886085868,0.0129830847
1976,0.800329268,0.186096251,0.0135744512
1977,0.287701428,0.699248731,0.0130498307
1978,0.74836874,0.23722069,0.0144105889
1979,0.0348986238,0.941113412,0.0239879563
1980,0.773999035,0.187443048,0.0385579243
1981,0.986045182,0.0111659467,0.00278890366
1982,0.668932676,0.173860699,0.157206655
1983,0.866984725,0.0185145698,0.114500694
1984,0.792666554,0.183517918,0.0238155238
1985,0.98248744,0.00971989427,0.00779266329
1986,0.866065621,0.121585779,0.012348582
1987,0.981452405,0.00750342989,0.011044112
1988,0.0528050065,0.051695019,0.895499945
1989,0.0734118968,0.826922297,0.0996657759
1990,0.812541008,0.175157309,0.0123016797
1991,0.0128077306,0.951054096,0.0361381359
1992,0.930948675,0.0544513613,0.0145999324
1993,0.0537131168,0.0905869752,0.855699897
1994,0.646284819,0.0428708792,0.310844272
1995,0.113518216,0.706388831,0.180092931
1996,0.618190467,0.330194473,0.0516150631
1997,0.920199096,0.058125224,0.0216756854
1998,0.00590075692,0.012862131,0.981237113
1999,0.396801651,0.568026185,0.0351721458
2000,0.65192318,0.335205346,0.0128715187
2001,0.7381078,0.197205856,0.0646863356
2002,0.037475843,0.825479925,0.137044221
2003,0.0774436817,0.782835126,0.139721185
2004,0.482353151,0.483525634,0.0341212302
2005,0.83166945,0.149945736,0.0183848124
2006,0.429722041,0.537045538,0.0332324579
2007,0.563380122,0.388204068,0.0484158061
2008,0.0669804886,0.0364027619,0.896616757
2009,0.387439847,0.582228363,0.0303317904
2010,0.598722577,0.336611658,0.0646657944
2011,0.10840746,0.874494016,0.0170984846
2012,0.865726948,0.0959702656,0.0383028127
2013,0.48581934,0.4170627,0.0971179754
2014,0.215180978,0.734742165,0.0500768498
2015,0.906687796,0.0749514252,0.0183607526
2016,0.0187188666,0.160667956,0.820613146
2017,0.109857202,0.0408601947,0.849282622
2018,0.294134885,0.689238191,0.0166269448
2019,0.0335134938,0.0204047207,0.946081758
2020,0.542768598,0.442854702,0.0143767167
2021,0.940208614,0.0467719398,0.0130194686
2022,0.988440454,0.00895565003,0.0026038771
2023,0.482675642,0.501029074,0.0162952971
2024,0.841567278,0.135123655,0.0233090818
2025,0.789379835,0.18601352,0.0246066544
2026,0.643252194,0.326276779,0.0304710176
2027,0.00843955763,0.358980536,0.632579923
2028,0.766120493,0.200795546,0.033083979
2029,0.391685724,0.562028408,0.0462859124
2030,0.0169547498,0.962445378,0.0205998551
2031,0.653141975,0.316485018,0.0303729754
2032,0.984708726,0.00988283381,0.00540843932
2033,0.351374388,0.268072009,0.380553573
2034,0.395878732,0.582106948,0.0220143162
2035,0.916758299,0.0620244145,0.0212172996
2036,0.0444232635,0.922890842,0.0326858982
2037,0.891383588,0.094628796,0.0139876399
2038,0.0173699614,0.0433883369,0.939241648
2039,0.0215863883,0.0814950019,0.896918595
2040,0.925730467,0.0548683591,0.0194011647
2041,0.463976592,0.0405276008,0.495495796
2042,0.380294651,0.590576887,0.0291284621
2043,0.0614539124,0.56006074,0.378485352
2044,0.435787886,0.553090453,0.0111216251
2045,0.985105515,0.0108921304,0.00400236901
2046,0.557834446,0.410682112,0.0314834528
2047,0.968455672,0.0257642176,0.0057801269
2048,0.942432165,0.0462304763,0.011337379
2049,0.001981596,0.00602553692,0.991992891
2050,0.0794870555,0.745706975,0.174805954
2051,0.189432144,0.696818352,0.113749519
2052,0.939619064,0.0455197729,0.0148611283
2053,0.197635308,0.0745885521,0.72777617
2054,0.987940669,0.00804267079,0.0040167151
2055,0.862053752,0.0666324347,0.0713137612
2056,0.621405244,0.362303317,0.0162914097
2057,0.912004471,0.0488028266,0.039192725
2058,0.106314339,0.384309709,0.509375989
2059,0.938500047,0.0563374609,0.00516251009
2060,0.988792956,0.00559325749,0.00561375497
2061,0.77038604,0.209131524,0.0204824787
2062,0.991568744,0.00432132091,0.00410994561
2063,0.642404735,0.344569534,0.0130257383
2064,0.956735909,0.0368698612,0.00639419816
2065,0.835966527,0.153664336,0.0103691258
2066,0.0115541797,0.312215686,0.676230192
2067,0.232260391,0.74045366,0.0272859987
2068,0.966576815,0.0154623957,0.0179608092
2069,0.00771024544,0.0293479003,0.962941825
2070,0.633929253,0.294360638,0.0717101023
2071,0.461583376,0.497860789,0.0405557938
2072,0.120265163,0.839566588,0.0401682332
2073,0.0157454833,0.956015229,0.0282392967
2074,0.634611964,0.164252341,0.20113571
2075,0.0245399307,0.584872186,0.390587896
2076,0.233367473,0.441674531,0.324957967
2077,0.170225769,0.344605207,0.485169023
2078,0.356951773,0.292988986,0.350059241
2079,0.975734293,0.014584031,0.0096816523
2080,0.10794159,0.0852867663,0.806771636
2081,0.545443714,0.347759128,0.106797144
2082,0.538786173,0.448939204,0.0122746201
2083,0.135088593,0.0640481561,0.800863266
2084,0.8831985,0.0889577568,0.0278437436
2085,0.356663853,0.113931239,0.529404938
2086,0.42861864,0.547756672,0.0236247126
2087,0.985858202,0.00818375871,0.00595802022
2088,0.959223568,0.0290450454,0.0117313862
2089,0.039382413,0.931816876,0.0288006831
2090,0.809535205,0.148388177,0.0420766659
2091,0.0384057201,0.906975865,0.0546184108
2092,0.265224576,0.0156141762,0.719161272
2093,0.171179682,0.740702987,0.0881173462
2094,0.641343594,0.312972754,0.0456836261
2095,0.434906274,0.496396571,0.0686971396
2096,0.226034373,0.728836596,0.0451290086
2097,0.962016702,0.0311716385,0.00681166211
2098,0.0415440649,0.869533062,0.0889228582
2099,0.855220854,0.0809396878,0.0638394579
2100,0.715501189,0.109085649,0.175413176
2101,0.657301188,0.316898465,0.0258003231
2102,0.249068543,0.635277987,0.115653463
2103,0.922994614,0.0553748421,0.0216305461
2104,0.0646388978,0.846700966,0.0886601731
2105,0.697663426,0.251482636,0.0508539602
2106,0.109039441,0.603241444,0.287719071
2107,0.0806498006,0.802537203,0.116813019
2108,0.99515599,0.00271048187,0.00213355268
2109,0.448522747,0.515147328,0.0363299735
2110,0.975300372,0.0111148003,0.0135848382
2111,0.536865711,0.445005089,0.0181292165
2112,0.0732189864,0.185421571,0.741359472
2113,0.494532615,0.494095176,0.0113721984
2114,0.674842119,0.230882764,0.0942751244
2115,0.930334508,0.0573577285,0.0123077445
2116,0.0522001609,0.0615359358,0.886263907
2117,0.0348228812,0.950450957,0.0147261573
2118,0.0590924174,0.88880676,0.0521008372
2119,0.484992951,0.419242233,0.0957648009
2120,0.210321307,0.74450475,0.0451739468
2121,0.986412048,0.00537412567,0.00821382646
2122,0.796999753,0.187225923,0.0157743171
2123,0.597963691,0.391998202,0.0100381374
2124,0.634168923,0.348875284,0.0169557892
2125,0.904153943,0.0692888722,0.0265572052
2126,0.974086165,0.0199952833,0.00591853261
2127,0.278408378,0.707117617,0.0144739887
2128,0.826469362,0.124439687,0.0490909368
2129,0.676159739,0.297226459,0.0266137701
2130,0.912488461,0.0478673801,0.039644219
2131,0.420048654,0.562455177,0.0174962189
2132,0.322223455,0.657239795,0.0205367878
2133,0.847389221,0.135084763,0.0175259989
2134,0.115776822,0.707748413,0.17647475
2135,0.954688847,0.0387395062,0.00657159882
2136,0.0233805254,0.162275672,0.81434381
2137,0.177291647,0.791563988,0.0311443936
2138,0.968937755,0.0253849588,0.00567731308
2139,0.974271953,0.0164479502,0.00928008556
2140,0.93743217,0.0582005605,0.0043673045
2141,0.757293999,0.102549203,0.140156791
2142,0.982150793,0.0140621364,0.00378703373
2143,0.924816132,0.069235459,0.00594841968
2144,0.0613401756,0.9142465,0.0244133268
2145,0.294983059,0.573294163,0.131722793
2146,0.0865099356,0.895905197,0.017584905
2147,0.229059741,0.743616164,0.0273241289
2148,0.169625878,0.792120337,0.038253773
2149,0.565628886,0.41442126,0.019949805
2150,0.57147646,0.406162471,0.0223610848
2151,0.960232437,0.0270009208,0.0127666248
2152,0.456018418,0.347966164,0.196015462
2153,0.759088933,0.214722022,0.0261890627
2154,0.984363258,0.0092704054,0.00636637583
2155,0.52654022,0.394662619,0.0787971541
2156,0.126205802,0.741748035,0.132046133
2157,0.980831325,0.00820674747,0.0109619191
2158,0.9446854,0.0449483693,0.0103662387
2159,0.70717448,0.280776739,0.0120487511
2160,0.215943485,0.766846597,0.0172099154
2161,0.817242205,0.08730492,0.0954528823
2162,0.262954652,0.426171511,0.310873836
2163,0.612612844,0.346450865,0.0409362875
2164,0.874439418,0.11686074,0.00869984552
2165,0.986691535,0.0101337917,0.00317465723
2166,0.611013234,0.371731877,0.0172549319
2167,0.915205717,0.0519733317,0.0328209512
2168,0.176299065,0.812899709,0.0108011868
2169,0.288293749,0.678256273,0.03345
2170,0.00608190848,0.0306208227,0.963297248
2171,0.991300404,0.00631430186,0.00238526124
2172,0.588922143,0.37400645,0.0370714292
2173,0.946104407,0.0437299199,0.0101656783
2174,0.854951978,0.128849447,0.0161985848
2175,0.938705266,0.056780763,0.00451396871
2176,0.817821383,0.145992845,0.0361858197
2177,0.782615364,0.128168955,0.0892157704
2178,0.848843277,0.126919955,0.0242367852
2179,0.462475836,0.492444098,0.0450800806
2180,0.723436117,0.262964457,0.0135994134
2181,0.539277315,0.394565672,0.0661569908
2182,0.818716049,0.173239678,0.00804425776
2183,0.9811759,0.0111380965,0.00768598961
2184,0.92843771,0.0560207516,0.0155415488
2185,0.906453907,0.0791892633,0.0143568479
2186,0.116417892,0.80549413,0.0780879557
2187,0.250794709,0.739817202,0.00938811433
2188,0.0916113779,0.877317131,0.0310715027
2189,0.929486692,0.0593992099,0.0111141102
2190,0.869914353,0.115184672,0.0149009926
2191,0.19397065,0.123045132,0.682984173
2192,0.862031043,0.124735497,0.0132334242
2193,0.383288175,0.270316064,0.346395761
2194,0.987583041,0.0088803973,0.00353659154
2195,0.00917455368,0.0154525191,0.97537297
2196,0.740988851,0.220849276,0.0381618626
2197,0.169091061,0.0484294109,0.782479525
2198,0.041482389,0.162200242,0.796317399
2199,0.498419791,0.465378851,0.036201328
2200,0.948039353,0.0436500944,0.00831055827
2201,0.110679582,0.845793545,0.0435268804
2202,0.605645835,0.0648643747,0.329489827
2203,0.882156789,0.0874504745,0.0303927213
2204,0.647942066,0.0641015023,0.287956446
2205,0.419973403,0.556144118,0.0238824971
2206,0.0197580084,0.0585375652,0.921704471
2207,0.159863859,0.807782769,0.0323533416
2208,0.727203131,0.229440495,0.0433563329
2209,0.984603703,0.00825945009,0.00713686924
2210,0.0794806853,0.896749854,0.0237694532
2211,0.33874777,0.382724404,0.278527796
2212,0.923190773,0.0673178434,0.0094914306
2213,0.794632733,0.142102703,0.063264586
2214,0.705753148,0.208256111,0.0859907418
2215,0.652317166,0.309965312,0.03771751
2216,0.149923638,0.258808702,0.591267645
2217,0.59239459,0.362620771,0.0449846163
2218,0.984379172,0.0117884977,0.00383231882
2219,0.312817335,0.669580221,0.0176024158
2220,0.374530554,0.58483845,0.0406309962
2221,0.436539382,0.31250897,0.250951648
2222,0.27368924,0.634638369,0.0916724354
2223,0.637702644,0.343765616,0.0185317155
2224,0.209341928,0.764037788,0.0266202912
2225,0.0181723274,0.652756631,0.329071075
2226,0.991314352,0.00520251412,0.00348307192
2227,0.829673469,0.0413816348,0.128944844
2228,0.0772812143,0.783854187,0.138864622
2229,0.665953338,0.31264171,0.0214049686
2230,0.131385356,0.850024641,0.0185900014
2231,0.97000128,0.0248319395,0.00516679976
2232,0.0360420644,0.874451578,0.0895063505
2233,0.263158143,0.69419837,0.0426434353
2234,0.162367746,0.744639039,0.0929932073
2235,0.15595068,0.589605391,0.254443973
2236,0.688456774,0.15681453,0.154728666
2237,0.0589627698,0.920562983,0.0204742439
2238,0.0050667529,0.0160219595,0.978911281
2239,0.129750252,0.284300059,0.585949659
2240,0.32376954,0.619505525,0.0567249581
2241,0.0408262312,0.67547071,0.283703059
2242,0.960555315,0.0335501656,0.00589450728
2243,0.559850812,0.413350463,0.0267986916
2244,0.89044863,0.0823242441,0.0272271
2245,0.335166365,0.645690203,0.0191434082
2246,0.991615474,0.00508147012,0.00330303889
2247,0.362929463,0.572459996,0.0646105036
2248,0.963919878,0.00826740637,0.02781271
2249,0.028385086,0.202800006,0.768814921
2250,0.264511734,0.716400623,0.019087648
2251,0.465460062,0.519124389,0.0154155232
2252,0.991432548,0.00373795396,0.00482948218
2253,0.99026376,0.00489318278,0.00484313536
2254,0.568039656,0.284017444,0.147942916
2255,0.898042381,0.0852475613,0.0167100485
2256,0.775867462,0.186258242,0.0378743336
2257,0.0383620076,0.836482584,0.125155434
2258,0.842859805,0.147377953,0.00976222288
2259,0.10824234,0.853047371,0.0387103185
2260,0.0915535837,0.793850958,0.114595436
2261,0.228212357,0.6413607,0.130426928
2262,0.512700617,0.456132084,0.0311673004
2263,0.0884797722,0.889294147,0.0222261138
2264,0.853534222,0.127941996,0.018523775
2265,0.457021832,0.484560639,0.0584175475
2266,0.873804569,0.117504068,0.00869133137
2267,0.2939758,0.454051495,0.251972675
2268,0.328175843,0.646005988,0.0258181524
2269,0.593423486,0.36021632,0.0463601761
2270,0.16171892,0.491943926,0.34633714
2271,0.954442501,0.040319901,0.00523756398
2272,0.658417821,0.32313183,0.0184503831
2273,0.226598248,0.574414194,0.198987529
2274,0.0889162198,0.120239235,0.7908445
2275,0.352209896,0.621231318,0.026558809
2276,0.105092585,0.167283729,0.727623701
2277,0.0932726115,0.874335229,0.0323921256
2278,0.644756019,0.318541437,0.0367025696
2279,0.166595802,0.80540812,0.0279961135
2280,0.0137732998,0.0224134196,0.963813305
2281,0.181555301,0.0933567137,0.725088
2282,0.0600581057,0.793699741,0.146242142
2283,0.128894418,0.458728611,0.41237697
2284,0.640326798,0.345887035,0.0137861948
2285,0.982512355,0.00362555101,0.0138621405
2286,0.969409168,0.0232354626,0.00735535566
2287,0.976989448,0.00836325064,0.0146472361
2288,0.477701753,0.153186947,0.3691113
2289,0.521633923,0.427960038,0.050406009
2290,0.961331785,0.0319462903,0.00672191009
2291,0.916426957,0.0550641268,0.0285088867
2292,0.931576431,0.0531414486,0.0152820749
2293,0.253018618,0.489992827,0.256988555
2294,0.139666393,0.835089982,0.0252436344
2295,0.898675501,0.0943841189,0.0069404263
2296,0.634220243,0.241647258,0.124132529
2297,0.976407647,0.0161164012,0.00747599266
2298,0.804424882,0.183641434,0.0119337197
2299,0.882752538,0.0444552973,0.0727921277
2300,0.976329625,0.0114272656,0.0122431042
2301,0.961151719,0.0246525463,0.0141957765
2302,0.70118022,0.280713528,0.0181062352
2303,0.985591352,0.0100591052,0.00434950879
2304,0.484836042,0.340218306,0.174945623
2305,0.988101959,0.00864410214,0.0032539228
2306,0.023285212,0.00466322294,0.972051561
2307,0.86220789,0.119194023,0.0185981002
2308,0.964312732,0.0248364545,0.0108508095
2309,0.826745272,0.141713873,0.0315408483
2310,0.942884445,0.0444778465,0.0126377475
2311,0.78235805,0.203077748,0.0145642394
2312,0.907745659,0.0696343333,0.0226200204
2313,0.203239903,0.784920573,0.011839536
2314,0.648718297,0.340146065,0.011135635
2315,0.406495571,0.543963075,0.0495414101
2316,0.00752464915,0.0286580361,0.963817298
2317,0.0916214585,0.0666855276,0.841693044
2318,0.0724762827,0.91253829,0.0149854096
2319,0.732571363,0.222469375,0.0449592955
2320,0.970177293,0.0193678048,0.0104548661
2321,0.627186894,0.335140973,0.0376721472
2322,0.886856556,0.107506819,0.00563661754
2323,0.0220518019,0.0908071622,0.887141049
2324,0.550948441,0.422287345,0.0267642289
2325,0.957765758,0.00744363153,0.0347906277
2326,0.299580514,0.427963883,0.272455603
2327,0.0453377664,0.937351346,0.0173108801
2328,0.598755121,0.334356278,0.0668886006
2329,0.141947791,0.841536701,0.0165154915
2330,0.811180353,0.0675222427,0.121297397
2331,0.12746565,0.827073872,0.0454604998
2332,0.984864295,0.00858766958,0.00654803589
2333,0.963025749,0.0272586271,0.00971562322
2334,0.0188582316,0.0248627644,0.95627898
2335,0.401100457,0.410191834,0.188707739
2336,0.0764082149,0.0266328398,0.896958947
2337,0.0313247368,0.922178686,0.0464965627
2338,0.92523706,0.0654826313,0.00928028766
2339,0.387799203,0.555247843,0.0569529198
2340,0.578757584,0.409668386,0.0115739834
2341,0.722410977,0.261943609,0.0156453885
2342,0.40549615,0.283271194,0.311232656
2343,0.825323164,0.15732263,0.0173541792
2344,0.262332052,0.464187801,0.273480117
2345,0.72602582,0.256848276,0.0171259139
2346,0.902581155,0.085343577,0.0120753162
2347,0.0214905459,0.93446362,0.0440458767
2348,0.987821281,0.00893630274,0.00324238976
2349,0.186615631,0.763298988,0.0500854068
2350,0.984493136,0.00524373678,0.0102631059
2351,0.847977817,0.136989653,0.0150324693
2352,0.0639481917,0.903276145,0.0327756628
2353,0.914053798,0.0749104992,0.0110356482
2354,0.527835667,0.344169557,0.127994746
2355,0.970555186,0.0241630692,0.00528167188
2356,0.0230561029,0.917822421,0.0591214895
2357,0.971653581,0.0181015953,0.0102448184
2358,0.833415926,0.12756069,0.0390234031
2359,0.0624891259,0.888235271,0.0492755696
2360,0.290410995,0.526174247,0.183414802
2361,0.805074096,0.173491672,0.0214342456
2362,0.901940405,0.079211466,0.018848123
2363,0.892265439,0.0792348683,0.0284997169
2364,0.910359561,0.0756236911,0.0140167521
2365,0.781810522,0.205439121,0.012750376
2366,0.985504985,0.00971827284,0.00477673486
2367,0.587032974,0.384906381,0.0280606728
2368,0.848460138,0.131725088,0.0198148359
2369,0.0444820337,0.7734797,0.182038277
2370,0.935002565,0.0603346638,0.00466273911
2371,0.768505633,0.055297289,0.176197037
2372,0.029808443,0.952824354,0.0173672158
2373,0.642760754,0.0596655123,0.297573715
2374,0.977774143,0.0178420134,0.00438380521
2375,0.925893962,0.06230307,0.0118029164
2376,0.135724723,0.103636742,0.760638535
2377,0.129885495,0.824385047,0.0457294397
2378,0.132739142,0.848166466,0.0190943703
2379,0.782545924,0.168658629,0.0487954468
2380,0.425543159,0.385466427,0.188990414
2381,0.13646926,0.794424891,0.0691058636
2382,0.0556429662,0.908485472,0.0358715691
2383,0.0807889476,0.394528627,0.524682403
2384,0.894311368,0.0991029516,0.00658569066
2385,0.865662396,0.120553866,0.0137837185
2386,0.154056042,0.796114445,0.0498295166
2387,0.98632586,0.00832491647,0.00534924027
2388,0.073194772,0.46780777,0.458997458
2389,0.0703067183,0.860484362,0.0692089126
2390,0.605860472,0.379084468,0.0150550446
2391,0.800668478,0.178798601,0.020532947
2392,0.310695857,0.675509334,0.0137948645
2393,0.58325994,0.37975207,0.0369879827
2394,0.632115304,0.323967248,0.0439174399
2395,0.598446488,0.358838916,0.0427145883
2396,0.983386576,0.0137558123,0.00285758288
2397,0.725056291,0.195482388,0.0794612989
2398,0.62756741,0.174175307,0.198257342
2399,0.417065054,0.551785886,0.0311490558
2400,0.881438613,0.0997230485,0.0188383535
2401,0.0161285456,0.43537879,0.54849267
2402,0.607991099,0.369307935,0.0227009915
2403,0.473397642,0.499159127,0.0274432134
2404,0.45831275,0.482547611,0.059139628
2405,0.0102808643,0.0104440479,0.979275107
2406,0.349764794,0.618609726,0.0316255018
2407,0.831375539,0.145353824,0.0232706349
2408,0.0889950022,0.0906950235,0.820309997
2409,0.195738107,0.719917834,0.0843440592
2410,0.352446944,0.606208503,0.0413445495
2411,0.968466401,0.0144451782,0.0170884337
2412,0.218943983,0.760760188,0.02029581
2413,0.393686831,0.490155935,0.116157234
2414,0.00100624445,0.00166243524,0.997331321
2415,0.985430956,0.0116884029,0.00288062356
2416,0.595985651,0.389992058,0.0140222916
2417,0.923244536,0.0652751699,0.011480256
2418,0.799454987,0.185578004,0.0149670057
2419,0.943126619,0.0474658646,0.00940746907
2420,0.952132463,0.035239812,0.012627719
2421,0.470181704,0.503015757,0.0268025361
2422,0.773067057,0.217485726,0.00944719929
2423,0.654979885,0.317493796,0.0275263228
2424,0.847989917,0.0737811103,0.0782290399
2425,0.329509944,0.610687315,0.0598027781
2426,0.0471418388,0.92336905,0.0294891167
2427,0.229847431,0.751317263,0.0188352782
2428,0.302822143,0.355493128,0.341684699
2429,0.778668582,0.204976946,0.0163544938
2430,0.958070993,0.0359190479,0.00600998895
2431,0.0102933627,0.341059864,0.648646772
2432,0.887783945,0.101904429,0.0103116147
2433,0.0504546054,0.925776005,0.0237693638
2434,0.244325116,0.660777748,0.0948971659
2435,0.839011669,0.148826554,0.0121618323
2436,0.057500381,0.913560748,0.0289388411
2437,0.0662787706,0.615214944,0.31850636
2438,0.539428353,0.115575783,0.344995856
2439,0.918296158,0.0666714907,0.0150323529
2440,0.917954206,0.0732973069,0.00874848291
2441,0.137342975,0.843837321,0.0188196898
2442,0.611470759,0.361366034,0.0271632243
2443,0.39531225,0.546254873,0.0584328771
2444,0.906326175,0.0621085912,0.0315652713
2445,0.965112388,0.0292970967,0.00559051288
2446,0.513842106,0.45544371,0.0307142157
2447,0.948619187,0.0422218628,0.009158995
2448,0.63650614,0.345164061,0.0183297954
2449,0.620209515,0.334687263,0.045103237
2450,0.95556128,0.0325755551,0.0118632056
2451,0.180061936,0.761814415,0.0581236556
2452,0.39045161,0.601786613,0.00776180392
2453,0.286612362,0.682429671,0.0309579354
2454,0.390229017,0.50260669,0.107164256
2455,0.0585613586,0.837238967,0.104199715
2456,0.00762996171,0.159276351,0.833093703
2457,0.97529757,0.0184119269,0.00629050564
2458,0.943481445,0.0368692689,0.0196492579
2459,0.915231168,0.0726874322,0.0120814275
2460,0.972776055,0.0206325706,0.00659135776
2461,0.971170127,0.0203177296,0.00851217192
2462,0.0193504225,0.935663819,0.0449857824
2463,0.36841628,0.504652023,0.126931712
2464,0.912059844,0.0827105194,0.00522964913
2465,0.21535407,0.29799208,0.486653835
2466,0.0938506946,0.547601581,0.358547717
2467,0.0182760768,0.9228971,0.0588268414
2468,0.857510626,0.112174682,0.0303146411
2469,0.814910054,0.0638894141,0.121200547
2470,0.961352885,0.0343968607,0.00425026286
2471,0.484177291,0.497321457,0.0185012724
2472,0.992673457,0.00474378187,0.00258272747
2473,0.946426332,0.00655703805,0.0470166542
2474,0.00450116117,0.0223457068,0.973153174
2475,0.365198165,0.569817841,0.0649839938
2476,0.761172175,0.215046495,0.0237813685
2477,0.0310585722,0.160170272,0.808771133
2478,0.768909931,0.213275164,0.0178149082
2479,0.010286917,0.114441171,0.875271916
2480,0.205953211,0.745058954,0.0489878766
2481,0.92348057,0.036689885,0.0398295
2482,0.864097536,0.0963961333,0.039506305
2483,0.951887369,0.0350476503,0.0130650308
2484,0.85182941,0.139906958,0.0082636131
2485,0.0512913391,0.866307259,0.0824014097
2486,0.155286849,0.828178704,0.0165344477
2487,0.522410452,0.462828577,0.0147609748
2488,0.872189343,0.112422258,0.0153883724
2489,0.971792519,0.0242022872,0.00400521606
2490,0.172896326,0.525349259,0.301754355
2491,0.849481165,0.114314653,0.0362041704
2492,0.381492823,0.49011302,0.128394157
2493,0.863775313,0.122776248,0.0134484461
2494,0.254318923,0.688282847,0.0573982373
2495,0.188639343,0.711585224,0.0997754708
2496,0.184465885,0.799845815,0.0156882908
2497,0.100980699,0.857367158,0.0416521654
2498,0.289247036,0.644916356,0.0658366308
2499,0.957682669,0.0317796692,0.0105376216
2500,0.408314884,0.525439084,0.0662460104
2501,0.171805575,0.587824285,0.240370169
2502,0.958083808,0.0380787849,0.00383742084
2503,0.161645129,0.20027867,0.638076186
2504,0.99465692,0.00398220401,0.00136086205
2505,0.80687511,0.161757633,0.0313672461
2506,0.0302903131,0.938829303,0.0308803767
2507,0.758677602,0.193196297,0.048126068
2508,0.75671351,0.216559932,0.0267265551
2509,0.972459316,0.0219955631,0.00554512441
2510,0.886960685,0.104820415,0.00821887515
2511,0.0535311028,0.906425238,0.0400436074
2512,0.122636721,0.77895081,0.0984124914
2513,0.964023709,0.0128715336,0.0231047459
2514,0.0305024385,0.924128473,0.0453691445
2515,0.405935794,0.579238951,0.0148252379
2516,0.752258062,0.233371466,0.014370434
2517,0.0483626872,0.888990402,0.062646918
2518,0.244870856,0.735498369,0.0196307767
2519,0.133503959,0.831868827,0.034627229
2520,0.109501831,0.137411386,0.753086805
2521,0.851300836,0.129764423,0.0189347398
2522,0.861581326,0.0954440013,0.0429746434
2523,0.945025444,0.0452952832,0.00967928953
2524,0.0251107905,0.913151264,0.0617379099
2525,0.250178128,0.383911639,0.365910232
2526,0.558740318,0.421568096,0.0196916349
2527,0.406458527,0.453963548,0.13957794
2528,0.135790572,0.749732673,0.11447674
2529,0.913974285,0.0759956017,0.0100300964
2530,0.987497985,0.00963122211,0.0028707711
2531,0.875623584,0.0980852172,0.0262912177
2532,0.0325492881,0.935272396,0.0321782865
2533,0.110905454,0.868861556,0.0202329606
2534,0.638346314,0.0291510858,0.332502574
2535,0.0347193256,0.834288538,0.130992159
2536,0.954888701,0.0368610695,0.00825026445
2537,0.243528008,0.745607078,0.0108649209
2538,0.558331907,0.415071696,0.026596386
2539,0.0979586616,0.152573049,0.749468327
2540,0.776663721,0.197920039,0.0254162699
2541,0.0558757521,0.86891979,0.0752044693
2542,0.871799231,0.0935854018,0.034615349
2543,0.081390664,0.867857575,0.0507517457
2544,0.41999203,0.50890249,0.0711054876
2545,0.14193058,0.847932577,0.0101368343
2546,0.0788177997,0.895704091,0.0254781339
2547,0.108726002,0.872157097,0.0191168934
2548,0.958317935,0.0253416318,0.0163404346
2549,0.927985668,0.0438026898,0.0282116085
2550,0.101737492,0.257836163,0.640426338
2551,0.493222624,0.48410514,0.0226722248
2552,0.0508499071,0.863001823,0.0861482695
2553,0.647102177,0.33649984,0.0163979996
2554,0.929734588,0.0654870272,0.00477842614
2555,0.628228188,0.260660678,0.111111164
2556,0.887023032,0.0698611215,0.0431158356
2557,0.968199074,0.0248761922,0.00692477031
2558,0.0924198553,0.888465762,0.0191143528
2559,0.151536539,0.835669219,0.0127942329
2560,0.187795013,0.793588221,0.0186167788
2561,0.248028308,0.446609348,0.305362344
2562,0.408924282,0.579757035,0.0113187023
2563,0.0276694819,0.820451856,0.15187867
2564,0.975947797,0.0145899672,0.00946222432
2565,0.249544948,0.723301649,0.0271534398
2566,0.911254764,0.0776564777,0.0110887587
2567,0.167621225,0.448238909,0.384139895
2568,0.0554049201,0.111844115,0.832750976
2569,0.950636804,0.0416920632,0.00767113641
2570,0.330233693,0.620391607,0.049374681
2571,0.992900372,0.00499847392,0.0021011827
2572,0.860972524,0.121405549,0.0176219065
2573,0.820170283,0.1731105,0.0067191706
2574,0.907613397,0.0774153545,0.0149712646
2575,0.00905080978,0.0459008515,0.945048332
2576,0.0258997027,0.0470884331,0.927011847
2577,0.568483114,0.411050022,0.0204668976
2578,0.609532535,0.303312629,0.0871548206
2579,0.689914405,0.215959981,0.0941256136
2580,0.106739052,0.857360125,0.0359008163
2581,0.59988153,0.371734232,0.028384164
2582,0.906792581,0.0793460533,0.0138613572
2583,0.963029444,0.0198625047,0.0171080641
2584,0.493589997,0.476831496,0.0295784865
2585,0.943288088,0.0465360396,0.0101758922
2586,0.0590355583,0.896816075,0.0441483483
2587,0.974589825,0.0198723953,0.00553779071
2588,0.133423686,0.844072044,0.022504298
2589,0.0876208544,0.118435845,0.793943286
2590,0.93550694,0.0558606088,0.00863247272
2591,0.95880121,0.0174538027,0.0237449948
2592,0.919725597,0.0739237517,0.00635068212
2593,0.808549047,0.107976831,0.0834740996
2594,0.970282555,0.0249492023,0.00476822024
2595,0.422520876,0.0852027759,0.492276341
2596,0.25716415,0.620634258,0.122201607
2597,0.982082069,0.0125795836,0.00533830095
2598,0.961604416,0.0259145871,0.0124810059
2599,0.834226668,0.135376185,0.0303971674
2600,0.822892487,0.115566611,0.0615409128
2601,0.125592217,0.850484312,0.0239234269
2602,0.927108705,0.0619292632,0.010962001
2603,0.828062713,0.131918117,0.0400191322
2604,0.440903991,0.514899909,0.0441960506
2605,0.0173181966,0.945230722,0.0374510847
2606,0.00436926261,0.166593507,0.829037249
2607,0.439172536,0.524633169,0.0361942872
2608,0.975745738,0.0150433043,0.00921098515
2609,0.491236448,0.479732752,0.029030811
2610,0.947166443,0.0449672975,0.0078662727
2611,0.957914889,0.0295074601,0.012577666
2612,0.931216002,0.0540592931,0.0147246821
2613,0.0194292367,0.0562877059,0.924283087
2614,0.0179433823,0.955628753,0.0264278781
2615,0.60046947,0.325158596,0.0743719265
2616,0.723597527,0.264032274,0.0123701775
2617,0.0305750798,0.268307209,0.701117694
2618,0.192771748,0.794008195,0.0132200103
2619,0.235095412,0.737933159,0.026971411
2620,0.0650162473,0.819387674,0.11559613
2621,0.976579845,0.0140947811,0.00932540372
2622,0.832733572,0.149838284,0.0174281504
2623,0.838992298,0.0765221715,0.0844855532
2624,0.033438731,0.894247949,0.0723133609
2625,0.736292243,0.198012531,0.0656952336
2626,0.955345333,0.0347533561,0.00990130939
2627,0.0479803421,0.341016382,0.61100328
2628,0.0124116857,0.0202194285,0.967368901
2629,0.967573106,0.0246920437,0.00773481466
2630,0.121148504,0.385783225,0.493068278
2631,0.308520794,0.0346606597,0.656818569
2632,0.114852339,0.819140494,0.0660071224
2633,0.0878767595,0.875196695,0.0369265452
2634,0.986400485,0.00771397259,0.00588553399
2635,0.301525146,0.53673327,0.161741585
2636,0.170835227,0.810554028,0.0186107494
2637,0.0321072713,0.0343028083,0.933589876
2638,0.96470356,0.0306233168,0.00467314618
2639,0.895379782,0.0916895419,0.0129306875
2640,0.154315352,0.800390065,0.0452945605
2641,0.969757974,0.0189864244,0.0112556238
2642,0.954414666,0.0394425094,0.00614282256
2643,0.394958913,0.585636735,0.0194043387
2644,0.973812997,0.0199117605,0.00627526827
2645,0.0200741198,0.950663388,0.0292625502
2646,0.0292787347,0.0766831934,0.894038081
2647,0.526346624,0.313846976,0.159806415
2648,0.972866297,0.0141582005,0.0129755065
2649,0.195385307,0.0213668626,0.783247828
2650,0.923818111,0.0431706347,0.0330112353
2651,0.974437296,0.0215265807,0.00403613783
2652,0.155671656,0.824348569,0.0199798401
2653,0.00603814563,0.365507722,0.628454089
2654,0.696130514,0.262481481,0.0413880199
2655,0.616570115,0.290439129,0.092990756
2656,0.327768683,0.597834826,0.0743964911
2657,0.967623472,0.010023552,0.0223529655
2658,0.695964158,0.170097634,0.133938178
2659,0.855377853,0.118616521,0.0260056183
2660,0.138527051,0.776174366,0.0852985904
2661,0.932065845,0.0579614714,0.00997266546
2662,0.989565074,0.00574608007,0.00468881056
2663,0.17112644,0.801272392,0.0276011415
2664,0.965348125,0.0279959403,0.00665591331
2665,0.850261331,0.108041354,0.0416973233
2666,0.522963583,0.334786296,0.142250091
2667,0.388915092,0.359692276,0.251392633
2668,0.0194762088,0.0244221762,0.956101596
2669,0.256184101,0.679858446,0.0639574528
2670,0.272894204,0.680040121,0.0470656976
2671,0.605535686,0.306198329,0.0882659927
2672,0.940320492,0.0528598316,0.00681966823
2673,0.529284596,0.458717167,0.0119982166
2674,0.852418184,0.107431896,0.0401498936
2675,0.986211896,0.00673617236,0.00705193682
2676,0.963737905,0.0157553609,0.0205067452
2677,0.0790600255,0.86800158,0.0529383793
2678,0.588236749,0.401416212,0.010347059
2679,0.960239768,0.0351567231,0.00460354192
2680,0.429273367,0.126303196,0.444423467
2681,0.921431601,0.0638837367,0.0146846911
2682,0.978515804,0.0101519581,0.0113322185
2683,0.972789109,0.0198452119,0.00736570684
2684,0.948259354,0.0464133173,0.00532732112
2685,0.237520427,0.673048735,0.0894308165
2686,0.20880422,0.650263071,0.140932694
2687,0.503034592,0.0405027494,0.456462622
2688,0.0362735204,0.939626396,0.0241000988
2689,0.641492665,0.328367591,0.0301397275
2690,0.777837455,0.18198429,0.0401782766
2691,0.896877587,0.0844728574,0.018649539
2692,0.952913523,0.0358956605,0.0111908019
2693,0.807814121,0.183091745,0.00909416843
2694,0.623395324,0.255904377,0.120700255
2695,0.0200387016,0.0994003639,0.880560935
2696,0.31091556,0.674262404,0.0148220398
2697,0.863502026,0.122023821,0.0144741591
2698,0.468784273,0.425732404,0.105483301
2699,0.132425502,0.0911181271,0.776456356
2700,0.988615572,0.00580513012,0.00557932816
2701,0.848118901,0.130790114,0.0210909899
2702,0.701439261,0.236601889,0.0619588532
2703,0.174136519,0.12942341,0.696440101
2704,0.0164613388,0.0117609333,0.971777737
2705,0.91310811,0.0800923109,0.00679961918
2706,0.314029872,0.647671103,0.0382990427
2707,0.303834528,0.638876259,0.0572892018
2708,0.609440029,0.348260045,0.0422999375
2709,0.404923111,0.138848841,0.456228048
2710,0.069085367,0.914984763,0.0159299076
2711,0.983559132,0.00959670357,0.00684416806
2712,0.0460321009,0.384040475,0.569927394
2713,0.809418499,0.177564234,0.0130173182
2714,0.201347053,0.757254839,0.0413981378
2715,0.938968778,0.05410669,0.00692451978
2716,0.930092633,0.0612899326,0.00861738808
2717,0.527810514,0.336702734,0.135486722
2718,0.971136808,0.0222069155,0.00665628538
2719,0.864783049,0.120072521,0.015144404
2720,0.989463151,0.00693892827,0.00359789492
2721,0.782984734,0.195846677,0.0211685766
2722,0.616487861,0.375657499,0.00785461534
2723,0.908123195,0.0800325871,0.0118441805
2724,0.530933738,0.353340626,0.115725584
2725,0.519910216,0.447584003,0.032505814
2726,0.0807758719,0.890687227,0.0285368748
2727,0.770988286,0.202236831,0.0267748628
2728,0.781304717,0.191723987,0.026971288
2729,0.683881044,0.123789184,0.192329794
2730,0.0144690322,0.43345964,0.552071333
2731,0.936174095,0.0294037256,0.0344221778
2732,0.0800783709,0.723726034,0.196195617
2733,0.0278186165,0.258769155,0.713412225
2734,0.917491376,0.0451584719,0.0373501629
2735,0.747697353,0.215572983,0.0367296599
2736,0.969711423,0.0261262152,0.00416231528
2737,0.212160736,0.286412776,0.501426458
2738,0.0484124273,0.430182368,0.52140522
2739,0.957157135,0.0368352942,0.00600759778
2740,0.64149946,0.308145106,0.0503554381
2741,0.80239141,0.0792863071,0.118322335
2742,0.193972722,0.787865162,0.0181621034
2743,0.723287523,0.039204739,0.237507701
2744,0.932225049,0.0506211035,0.0171538182
2745,0.989666462,0.00757822953,0.00275533134
2746,0.609545529,0.167929724,0.222524717
2747,0.422056407,0.529570341,0.0483732708
2748,0.610291719,0.341562867,0.0481454097
2749,0.986097276,0.0102582825,0.00364444265
2750,0.246867806,0.228736177,0.524396062
2751,0.783511639,0.122475103,0.0940132663
2752,0.989736497,0.00699294452,0.00327060604
2753,0.0558431819,0.76776427,0.17639257
2754,0.392098963,0.563325405,0.0445756912
2755,0.0102066379,0.203214377,0.786579013
2756,0.971587479,0.0218688268,0.00654373784
2757,0.870725036,0.0998478085,0.0294271819
2758,0.604083836,0.379962951,0.0159532111
2759,0.244970024,0.731656492,0.0233734678
2760,0.40373823,0.582169473,0.0140923215
2761,0.96299237,0.0304446202,0.00656301528
2762,0.940812111,0.03266076,0.0265271142
2763,0.00838349853,0.0365821868,0.955034316
2764,0.977794111,0.0129648047,0.00924107898
2765,0.517839313,0.353712946,0.128447726
2766,0.0031488454,0.0103390487,0.986512065
2767,0.741732001,0.143167481,0.115100525
2768,0.1730683,0.805250406,0.0216812845
2769,0.94590193,0.0429263934,0.0111716613
2770,0.47295633,0.497973323,0.0290703438
2771,0.823308349,0.113217972,0.0634737015
2772,0.840332329,0.130478963,0.0291887391
2773,0.0709050447,0.752983212,0.176111713
2774,0.860326827,0.126878902,0.0127942683
2775,0.976686776,0.0137650417,0.00954814907
2776,0.251091897,0.408599526,0.340308577
2777,0.544480085,0.399339318,0.0561806299
2778,0.222473472,0.365656376,0.411870122
2779,0.251396328,0.382379025,0.366224587
2780,0.712962091,0.0365731418,0.250464737
2781,0.154464379,0.755023897,0.0905116796
2782,0.355155885,0.616159201,0.0286848918
2783,0.98040688,0.0141899046,0.00540326629
2784,0.311180145,0.67325139,0.0155684436
2785,0.801049948,0.178350165,0.0205999129
2786,0.939500749,0.0353519544,0.025147276
2787,0.137910709,0.848229587,0.0138597265
2788,0.273786485,0.531010985,0.195202559
2789,0.112215348,0.860197723,0.0275869779
2790,0.144270614,0.536536574,0.319192827
2791,0.909844458,0.073020637,0.0171349104
2792,0.028000595,0.911125541,0.0608738437
2793,0.986713469,0.00640584063,0.00688072806
2794,0.957963347,0.016211655,0.0258249938
2795,0.213179693,0.77017498,0.0166452862
2796,0.601377428,0.29245314,0.106169447
2797,0.979491174,0.00731702289,0.0131917372
2798,0.190396756,0.74987036,0.0597328767
2799,0.0238556508,0.81823653,0.157907844
2800,0.708261013,0.262123525,0.0296154339
2801,0.0331635885,0.100308195,0.866528213
2802,0.817324042,0.14289315,0.039782811
2803,0.967384994,0.0249374118,0.00767757418
2804,0.513321817,0.378935039,0.107743137
2805,0.108459942,0.847492933,0.0440471321
2806,0.749498188,0.122144885,0.128356904
2807,0.956529796,0.0333307274,0.0101394625
2808,0.164357543,0.7622751,0.0733673573
2809,0.99061054,0.00550092012,0.00388849201
2810,0.989620388,0.00563209364,0.00474749925
2811,0.780654728,0.0715906695,0.147754624
2812,0.00902185123,0.0602328517,0.930745304
2813,0.115894489,0.858114123,0.0259913895
2814,0.310580403,0.637820244,0.051599361
2815,0.908707023,0.0762652159,0.0150277717
2816,0.60959363,0.361063331,0.0293430276
2817,0.379190624,0.568316877,0.0524925292
2818,0.966625512,0.0288203917,0.00455410313
2819,0.98282665,0.0109323571,0.00624098117
2820,0.413499892,0.214410052,0.372090071
2821,0.943493426,0.0467431322,0.00976345316
2822,0.321188986,0.666521907,0.0122891013
2823,0.572200239,0.385879755,0.041919969
2824,0.981434822,0.0128411176,0.00572408875
2825,0.678850889,0.141993761,0.179155335
2826,0.922050476,0.0684945509,0.00945503172
2827,0.546870291,0.421413243,0.0317164622
2828,0.415587902,0.52702409,0.0573880076
2829,0.281905532,0.663149953,0.054944478
2830,0.040664468,0.668143272,0.291192234
2831,0.967436612,0.0256663915,0.00689697312
2832,0.977999985,0.0123416707,0.00965836365
2833,0.919048786,0.0643797293,0.0165714975
2834,0.918008804,0.0643830448,0.0176081117
2835,0.561507583,0.421059698,0.0174327157
2836,0.68311429,0.290075541,0.0268101208
2837,0.553666472,0.368354648,0.0779788643
2838,0.788118243,0.172617748,0.0392639972
2839,0.263640165,0.502320886,0.234038949
2840,0.165300861,0.806402981,0.0282961521
2841,0.155993193,0.814662516,0.0293443017
2842,0.449081391,0.506605625,0.0443129912
2843,0.0886791497,0.382687867,0.528632998
2844,0.991028547,0.00657756766,0.00239381474
2845,0.0615064055,0.869638085,0.0688555241
2846,0.31608507,0.497080326,0.186834604
2847,0.270072669,0.656606555,0.0733207613
2848,0.90345633,0.0427134931,0.0538301952
2849,0.0311294682,0.955406666,0.0134638827
2850,0.106992513,0.755546868,0.137460664
2851,0.0888182148,0.889151514,0.0220302679
2852,0.948287845,0.0183534715,0.0333587043
2853,0.45575425,0.496709138,0.0475366078
2854,0.0232421476,0.0669617876,0.909796059
2855,0.976839781,0.0187783074,0.00438191881
2856,0.939128757,0.0476753488,0.0131959245
2857,0.294537336,0.497482002,0.207980633
2858,0.215188533,0.736597419,0.0482140519
2859,0.0942556709,0.873052061,0.0326922312
2860,0.97606504,0.0135172857,0.0104177054
2861,0.327270418,0.0839150101,0.588814557
2862,0.964674592,0.0277235042,0.00760187441
2863,0.990986347,0.00625309115,0.00276056398
2864,0.0029001534,0.00632155593,0.990778267
2865,0.552657902,0.369702518,0.0776396245
2866,0.055080276,0.0202068891,0.924712837
2867,0.0136572141,0.386264384,0.600078404
2868,0.0420455858,0.357763708,0.600190699
2869,0.947735727,0.0469167493,0.00534745585
2870,0.527613461,0.431285232,0.0411012731
2871,0.712558806,0.249133721,0.0383074805
2872,0.242648959,0.556794405,0.200556636
2873,0.638187587,0.338959873,0.0228525586
2874,0.89212811,0.0922634825,0.0156084001
2875,0.89889425,0.0841109827,0.0169947818
2876,0.942159116,0.0426916108,0.0151492665
2877,0.919133782,0.0703056604,0.0105605088
2878,0.967270315,0.0189255364,0.0138041489
2879,0.777777731,0.204796195,0.0174260288
2880,0.777871847,0.204478502,0.0176496599
2881,0.0415895693,0.418906808,0.539503574
2882,0.652644753,0.224344924,0.123010352
2883,0.813876212,0.168784067,0.0173397101
2884,0.451526523,0.50764823,0.0408252329
2885,0.715105712,0.263576746,0.0213175602
2886,0.987640679,0.00537804095,0.00698125036
2887,0.0177155696,0.0742404833,0.908043921
2888,0.486659527,0.489127845,0.0242126044
2889,0.396409333,0.571932316,0.03165837
2890,0.993688822,0.00358692533,0.00272428244
2891,0.96332258,0.027421223,0.00925622787
2892,0.96393007,0.0292284302,0.00684149936
2893,0.819672048,0.166279569,0.0140483305
2894,0.85816294,0.120933995,0.0209030453
2895,0.168649524,0.803555012,0.0277954768
2896,0.827379644,0.134566128,0.0380542316
2897,0.0201511029,0.90883863,0.0710102916
2898,0.624317408,0.331843376,0.0438392013
2899,0.337736309,0.639349341,0.0229143277
2900,0.980148256,0.0125252884,0.00732637942
2901,0.924753785,0.0695977286,0.00564846117
2902,0.250364572,0.492808819,0.25682658
2903,0.0370091051,0.811156809,0.151834086
2904,0.00336941704,0.00926416647,0.987366438
2905,0.0983845443,0.179254279,0.722361147
2906,0.957331479,0.0288186874,0.0138498675
2907,0.390504897,0.590279222,0.0192158669
2908,0.893363178,0.0788067952,0.0278300624
2909,0.0638371632,0.0210701078,0.915092707
2910,0.910422981,0.0791478902,0.0104291188
2911,0.92802012,0.0652197748,0.00676003844
2912,0.74949044,0.175965726,0.0745438635
2913,0.225601494,0.760187507,0.0142110623
2914,0.985948682,0.00892259832,0.00512871705
2915,0.985311031,0.0065932814,0.00809568446
2916,0.518312454,0.0593114048,0.422376066
2917,0.742934227,0.230024442,0.0270413831
2918,0.894019186,0.054620523,0.0513602681
2919,0.471892655,0.469819009,0.058288347
2920,0.958111584,0.0335684977,0.00831989013
2921,0.7045421,0.251884401,0.043573495
2922,0.173547313,0.387728423,0.43872425
2923,0.0997978821,0.474272311,0.425929844
2924,0.0306795463,0.200993761,0.7683267
2925,0.280881494,0.70840162,0.0107168704
2926,0.704088867,0.279340327,0.0165707935
2927,0.94422704,0.0505042039,0.0052687549
2928,0.187072441,0.786123753,0.0268037617
2929,0.295722306,0.565547109,0.138730541
2930,0.932264805,0.0576652661,0.0100699328
2931,0.473748475,0.49389872,0.0323527902
2932,0.653006434,0.336544573,0.0104490137
2933,0.46405375,0.506719053,0.0292272028
2934,0.876470923,0.060085509,0.0634435788
2935,0.90069741,0.0865700468,0.0127325393
2936,0.355143905,0.608238637,0.0366174392
2937,0.0261014383,0.939463258,0.0344352536
2938,0.720341146,0.203062415,0.0765964538
2939,0.47435841,0.386792213,0.138849378
2940,0.00601984467,0.00728852581,0.986691594
2941,0.376800448,0.607282698,0.0159168318
2942,0.296751171,0.68044126,0.0228075553
2943,0.850292861,0.136285767,0.0134213194
2944,0.0117667206,0.967836201,0.0203970969
2945,0.00683563435,0.0435603447,0.949604034
2946,0.669804513,0.30832848,0.0218669847
2947,0.992574036,0.00310811563,0.00431785919
2948,0.639923096,0.342484385,0.0175925605
2949,0.871975005,0.120817058,0.00720796222
2950,0.923496008,0.0428622849,0.0336416885
2951,0.271671772,0.469620377,0.258707821
2952,0.0103450837,0.0402889475,0.949365973
2953,0.986884296,0.00894602016,0.00416967645
2954,0.674580514,0.299472451,0.0259470325
2955,0.0152604049,0.128817379,0.855922222
2956,0.637197733,0.336116642,0.026685562
2957,0.976854444,0.0148117207,0.00833383016
2958,0.899606347,0.0568598956,0.0435337313
2959,0.298584461,0.676683486,0.0247320421
2960,0.838205993,0.140788913,0.0210050587
2961,0.321617126,0.652347565,0.0260353461
2962,0.807919621,0.163850367,0.028230004
2963,0.974568605,0.0174045041,0.00802690815
2964,0.664914489,0.319993734,0.0150917917
2965,0.529887676,0.46094206,0.00917024817
2966,0.928924799,0.0497972704,0.0212779138
2967,0.994291842,0.00190731813,0.00380083104
2968,0.847723007,0.142334193,0.00994280446
2969,0.286671221,0.681808472,0.0315203182
2970,0.0703547299,0.904956877,0.0246884041
2971,0.00820225477,0.0432683118,0.948529482
2972,0.814599872,0.173071668,0.012328499
2973,0.0656793341,0.798097789,0.136222839
2974,0.969837666,0.0255523622,0.00460994057
2975,0.79407239,0.187336281,0.0185913034
2976,0.530198872,0.4520123,0.0177888107
2977,0.0647566095,0.91992867,0.0153147308
2978,0.991024911,0.00650498131,0.00247012917
2979,0.861677349,0.121813782,0.016508894
2980,0.14774923,0.739968479,0.112282313
2981,0.59628582,0.306301981,0.0974121913
2982,0.88426429,0.109649882,0.00608587451
2983,0.233254969,0.740648806,0.026096262
2984,0.992808342,0.00153810333,0.0056535583
2985,0.297161013,0.682463646,0.0203753449
2986,0.461060137,0.463575989,0.0753638819
2987,0.0367333032,0.932145476,0.0311212335
2988,0.911422372,0.0748648196,0.0137128141
2989,0.496709615,0.358023733,0.145266667
2990,0.928820431,0.0466158353,0.0245637074
2991,0.768382072,0.222711012,0.00890694093
2992,0.160317063,0.713553607,0.126129314
2993,0.235831678,0.734237611,0.029930722
2994,0.978025794,0.0122738918,0.00970031228
2995,0.976436794,0.013087661,0.0104755443
2996,0.301142156,0.670640826,0.0282170773
2997,0.574164987,0.359700799,0.0661341697
2998,0.987741828,0.00910557248,0.00315257907
2999,0.549306154,0.433258235,0.0174355637
3000,0.368707448,0.151623562,0.479668975
3001,0.632345796,0.32455036,0.0431038775
3002,0.677479446,0.247766107,0.0747544765
3003,0.804379761,0.189517304,0.00610288745
3004,0.0695328191,0.895258427,0.0352087654
3005,0.793007374,0.170903474,0.036089126
3006,0.790411413,0.130904853,0.0786837935
3007,0.770692408,0.200161293,0.0291463248
3008,0.0621713661,0.269438624,0.668389976
3009,0.119452477,0.844047546,0.0364999995
3010,0.418598413,0.427885264,0.153516352
3011,0.938415945,0.053200528,0.00838352367
3012,0.14714165,0.834102035,0.0187563356
3013,0.98891139,0.00837874133,0.00270987325
3014,0.487205386,0.495621711,0.0171729065
3015,0.610132158,0.34991765,0.0399502143
3016,0.172782481,0.812222779,0.0149947284
3017,0.0521280356,0.912105143,0.035766799
3018,0.992246211,0.00419032061,0.00356344134
3019,0.70922792,0.281406909,0.00936514605
3020,0.65819478,0.307724118,0.0340810977
3021,0.0974378958,0.5419783,0.360583782
3022,0.401047796,0.23261486,0.366337359
3023,0.44219023,0.462003618,0.0958061442
3024,0.0823392421,0.568087578,0.349573195
3025,0.0416621491,0.0198798068,0.938458025
3026,0.432075262,0.552739382,0.0151853124
3027,0.969817877,0.0238247495,0.00635736762
3028,0.181716874,0.723678052,0.0946050733
3029,0.0657336339,0.483488202,0.450778157
3030,0.838893831,0.152777001,0.00832916237
3031,0.461491287,0.404166192,0.134342492
3032,0.32816875,0.647504389,0.0243268758
3033,0.0468814597,0.658999324,0.294119239
3034,0.296487361,0.659015179,0.0444974154
3035,0.838675499,0.147509024,0.0138154719
3036,0.726541102,0.255374432,0.0180844665
3037,0.855023742,0.12640664,0.0185696632
3038,0.197123513,0.784003854,0.0188726205
3039,0.87851423,0.11294242,0.00854335725
3040,0.0209006984,0.120982237,0.858117044
3041,0.16132161,0.76318109,0.0754972845
3042,0.51346606,0.449509799,0.0370241292
3043,0.929913998,0.0577464588,0.0123395864
3044,0.932112157,0.0437714979,0.0241163783
3045,0.78355056,0.207329601,0.00911984779
3046,0.981773674,0.0130259655,0.00520036044
3047,0.822135627,0.161797717,0.0160666294
3048,0.730028808,0.254960209,0.0150109688
3049,0.231346607,0.151129618,0.617523789
3050,0.173537076,0.00793438777,0.818528533
3051,0.329036027,0.603969395,0.0669945776
3052,0.033469446,0.903930664,0.0625999123
3053,0.0848923773,0.885188758,0.0299188551
3054,0.967785776,0.0205331594,0.0116810454
3055,0.331940651,0.646119893,0.0219394136
3056,0.928664148,0.0368323103,0.0345035233
3057,0.812724829,0.154436216,0.0328388885
3058,0.812119365,0.0780006275,0.109880008
3059,0.0378212556,0.643897355,0.318281412
3060,0.92174381,0.0693151504,0.00894106738
3061,0.912920594,0.071662277,0.0154171372
3062,0.978836477,0.0152410334,0.00592246652
3063,0.479485691,0.43998155,0.0805327892
3064,0.0119180586,0.0117430892,0.976338863
3065,0.422196627,0.562736392,0.015067026
3066,0.0949102491,0.62655741,0.278532356
3067,0.758198559,0.206943989,0.0348574892
3068,0.591331601,0.360584944,0.0480834804
3069,0.107383192,0.813380659,0.079236187
3070,0.965431333,0.0241185911,0.0104500419
3071,0.00557457702,0.00671715615,0.987708271
3072,0.477156401,0.358336449,0.164507166
3073,0.973248065,0.0202618111,0.00649012439
3074,0.265120417,0.720241845,0.0146377347
3075,0.0287760608,0.946423829,0.0248001423
3076,0.0231874827,0.579164922,0.397647649
3077,0.672033489,0.307088435,0.0208780877
3078,0.746940255,0.0842332095,0.16882655
3079,0.814587235,0.158753216,0.0266595576
3080,0.498694122,0.456205159,0.0451006815
3081,0.473808616,0.498931766,0.0272595733
3082,0.942056477,0.0316318385,0.0263116397
3083,0.08978194,0.162434965,0.747783065
3084,0.362176061,0.602943599,0.034880396
3085,0.0597121343,0.802867651,0.137420192
3086,0.271618724,0.670818746,0.0575625896
3087,0.600471199,0.388290375,0.011238439
3088,0.967448115,0.0257110409,0.00684085907
3089,0.901197791,0.0763006657,0.0225015394
3090,0.299377203,0.62646246,0.0741603076
3091,0.832422137,0.0882067308,0.079371132
3092,0.98894453,0.00799230579,0.00306313625
3093,0.00351047772,0.0122737177,0.984215796
3094,0.428191841,0.2594935,0.312314659
3095,0.345550686,0.625410438,0.0290388986
3096,0.0610288791,0.923065901,0.0159052219
3097,0.0062250616,0.0351904482,0.958584487
3098,0.302479327,0.673424065,0.02409661
3099,0.571660101,0.326364279,0.10197562
3100,0.587262273,0.390139252,0.0225984789
3101,0.575811148,0.376741588,0.0474472791
3102,0.0108505366,0.0596070588,0.929542422
3103,0.972778857,0.0181565043,0.00906467065
3104,0.49551174,0.404159665,0.100328609
3105,0.869919062,0.120710067,0.00937083177
3106,0.879978001,0.10405232,0.0159696601
3107,0.559325337,0.429687649,0.0109870145
3108,0.759514868,0.230104342,0.0103807542
3109,0.331255704,0.109909937,0.558834374
3110,0.615497828,0.375611901,0.00889029633
3111,0.122327417,0.82966584,0.0480067544
3112,0.846835017,0.0237477813,0.129417241
3113,0.195107102,0.779019713,0.0258731786
3114,0.144852117,0.777503133,0.077644743
3115,0.910591602,0.0699923038,0.0194160845
3116,0.574824512,0.391031981,0.0341434814
3117,0.271008611,0.707034945,0.0219564047
3118,0.741081297,0.207377493,0.0515411608
3119,0.968191624,0.0249501243,0.00685829017
3120,0.588941097,0.397355378,0.0137035018
3121,0.591383517,0.396129817,0.0124866702
3122,0.0530255288,0.934622943,0.0123515464
3123,0.816099703,0.165089965,0.0188103113
3124,0.0204561427,0.56503284,0.414511025
3125,0.934914887,0.0548400059,0.0102451285
3126,0.0568210781,0.0385829285,0.904595971
3127,0.307084948,0.64418149,0.048733592
3128,0.654022813,0.328822821,0.0171543825
3129,0.0485194698,0.348710984,0.602769554
3130,0.869829357,0.109995343,0.02017528
3131,0.0213273503,0.511100948,0.467571735
3132,0.204557642,0.758942246,0.0365000926
3133,0.0453509763,0.859343052,0.0953059942
3134,0.803139269,0.175985396,0.0208753645
3135,0.777988255,0.168466568,0.0535451546
3136,0.969752848,0.0201234799,0.0101236757
3137,0.913842559,0.0737359747,0.0124214711
3138,0.990270734,0.00600138633,0.00372786121
3139,0.803777218,0.0159992613,0.180223525
3140,0.988760412,0.00696414663,0.00427541789
3141,0.977812409,0.00794341788,0.0142441764
3142,0.144541308,0.834145367,0.0213133246
3143,0.094110854,0.662052393,0.243836716
3144,0.190588832,0.757008612,0.0524025559
3145,0.763281703,0.129222602,0.107495725
3146,0.081635274,0.533901572,0.384463161
3147,0.723657012,0.228021339,0.0483216494
3148,0.117296644,0.531890154,0.35081321
3149,0.0780841559,0.310178399,0.61173749
3150,0.271187216,0.706289053,0.0225237813
3151,0.0338753313,0.170975938,0.79514873
3152,0.953951836,0.0354093611,0.0106387706
3153,0.934794962,0.0571908914,0.00801415741
3154,0.967336476,0.0157699119,0.0168936029
3155,0.0889104456,0.347493321,0.563596249
3156,0.93415451,0.0408005752,0.0250449181
3157,0.982634604,0.0100686997,0.007296714
3158,0.147854254,0.797149837,0.0549959093
3159,0.341347128,0.607095361,0.0515575185
3160,0.226587236,0.645326853,0.128085911
3161,0.890243411,0.100163072,0.00959354267
3162,0.694970548,0.292854846,0.0121746399
3163,0.791835368,0.173523009,0.0346416421
3164,0.00996404514,0.0386869721,0.95134902
3165,0.0110520227,0.0176334642,0.97131449
3166,0.0735505745,0.474106908,0.45234248
3167,0.990724623,0.00509628328,0.00417910051
3168,0.0464240946,0.33998701,0.613588929
3169,0.908767998,0.0659933463,0.0252386704
3170,0.941598237,0.0502542853,0.00814750604
3171,0.713215709,0.211945415,0.0748389289
3172,0.908336759,0.0805412754,0.0111219874
3173,0.432239681,0.548339725,0.0194206238
3174,0.270524561,0.712742388,0.0167330336
3175,0.944926739,0.0482324027,0.00684083207
3176,0.98310703,0.0124332057,0.00445974385
3177,0.898857057,0.0582016036,0.0429413132
3178,0.208339751,0.432984084,0.358676165
3179,0.850926936,0.039162688,0.109910361
3180,0.992402077,0.00443546614,0.00316246948
3181,0.0638907328,0.872461677,0.0636476055
3182,0.935930312,0.0498213544,0.0142483357
3183,0.0508498326,0.661932111,0.287218034
3184,0.856973469,0.0949278995,0.0480986387
3185,0.992035508,0.00524461595,0.00271994271
3186,0.382224828,0.352438092,0.26533708
3187,0.51148802,0.462979376,0.0255326368
3188,0.563782513,0.149682805,0.286534667
3189,0.717800379,0.234909251,0.0472903773
3190,0.2480243,0.695735574,0.0562401265
3191,0.0639164522,0.495251745,0.44083181
3192,0.900194287,0.0893342197,0.0104715601
3193,0.00311689498,0.004302416,0.992580712
3194,0.885350645,0.106797844,0.00785152987
3195,0.103800192,0.594289541,0.301910222
3196,0.600320518,0.384377986,0.0153014855
3197,0.973690629,0.0193001088,0.00700928969
3198,0.112066768,0.856511235,0.0314220153
3199,0.700819969,0.291618168,0.00756190345
3200,0.927197576,0.0635013208,0.00930115301
3201,0.0763818845,0.665141523,0.258476585
3202,0.0537784323,0.907004058,0.0392175391
3203,0.893008828,0.0604366139,0.0465545319
3204,0.739969075,0.247365952,0.0126649505
3205,0.480081737,0.439240068,0.0806782246
3206,0.803664267,0.173239619,0.02309612
3207,0.105541602,0.419005781,0.475452632
3208,0.132387161,0.783932984,0.0836798549
3209,0.909093261,0.0846135244,0.00629317155
3210,0.466189057,0.52174449,0.012066436
3211,0.347487658,0.606452942,0.0460594259
3212,0.90488112,0.0826190114,0.0124998856
3213,0.930448294,0.0613880306,0.0081636915
3214,0.0210905373,0.0970533192,0.881856143
3215,0.978423774,0.0186732356,0.00290299533
3216,0.934976518,0.0606439412,0.00437950296
3217,0.9517923,0.0426280573,0.00557964342
3218,0.948548079,0.0242592562,0.0271926913
3219,0.0673895851,0.159885913,0.772724509
3220,0.634077609,0.320116192,0.0458061956
3221,0.633403182,0.33126542,0.0353314057
3222,0.958835006,0.0228895918,0.0182754062
3223,0.275620282,0.680558264,0.043821454
3224,0.0925933123,0.722638786,0.184767932
3225,0.164856374,0.763527393,0.0716162696
3226,0.814082742,0.153949007,0.0319681987
3227,0.0420356877,0.14181228,0.816152036
3228,0.978995502,0.0107442616,0.0102602029
3229,0.902940512,0.0849706009,0.0120888632
3230,0.424611866,0.511414766,0.0639733598
3231,0.993615508,0.00386392744,0.00252061454
3232,0.213911995,0.725735545,0.060352467
3233,0.962693155,0.0324438252,0.00486303214
3234,0.978621721,0.0156230824,0.00575516932
3235,0.802701473,0.148041144,0.0492574088
3236,0.00458915904,0.0136330323,0.981777847
3237,0.952398419,0.0346849151,0.0129166702
3238,0.0414863005,0.850737154,0.107776552
3239,0.989292443,0.00634443481,0.00436311215
3240,0.0676497146,0.9156304,0.0167198703
3241,0.946705461,0.0471748486,0.00611968106
3242,0.954439044,0.0361178331,0.00944311172
3243,0.406492531,0.577487886,0.016019579
3244,0.812174201,0.176409677,0.0114161354
3245,0.960976303,0.0312738456,0.00774981547
3246,0.993009984,0.00334224966,0.00364776119
3247,0.71429199,0.240196243,0.045511771
3248,0.0453600958,0.917343676,0.0372962095
3249,0.140433744,0.83484298,0.0247232262
3250,0.985783517,0.00580952223,0.0084069334
3251,0.32371375,0.0197659023,0.656520367
3252,0.1576837,0.35175699,0.49055934
3253,0.933181584,0.0599565394,0.00686184177
3254,0.911301374,0.0825009048,0.00619775057
3255,0.43702054,0.546217859,0.0167615917
3256,0.938803315,0.0389700569,0.0222265888
3257,0.200944722,0.554820895,0.244234353
3258,0.539565206,0.262778878,0.197655916
3259,0.809623539,0.14239265,0.0479838476
3260,0.18248722,0.664440274,0.153072536
3261,0.654767811,0.240659043,0.104573175
3262,0.334117591,0.0525277406,0.613354683
3263,0.310795605,0.115715764,0.573488653
3264,0.980570316,0.0122248251,0.00720479013
3265,0.988061428,0.00960530248,0.00233327225
3266,0.984064937,0.0110871447,0.00484794471
3267,0.0143247861,0.395027667,0.590647578
3268,0.58243686,0.324055135,0.0935080051
3269,0.294110596,0.670110404,0.0357789844
3270,0.87056756,0.117289096,0.0121433968
3271,0.486788243,0.480668485,0.0325432532
3272,0.91344744,0.0708663315,0.0156862419
3273,0.596490383,0.210621059,0.192888558
3274,0.969871521,0.0134307537,0.0166977588
3275,0.952428937,0.0415223241,0.00604873383
3276,0.00302995229,0.0318233594,0.96514672
3277,0.703917027,0.283514202,0.0125688007
3278,0.304074734,0.646272182,0.0496530794
3279,0.398025244,0.577118695,0.0248560514
3280,0.428836405,0.536581814,0.034581773
3281,0.623918116,0.351725549,0.024356354
3282,0.932673872,0.0479690321,0.0193571076
3283,0.977027357,0.0170426555,0.00593000418
3284,0.17006512,0.659707963,0.170226917
3285,0.776327074,0.202737331,0.020935623
3286,0.957313836,0.0290652793,0.0136208497
3287,0.526940286,0.454154789,0.0189049765
3288,0.796570063,0.189629629,0.0138003072
3289,0.49548021,0.459862858,0.0446569361
3290,0.107005611,0.863390088,0.0296043046
3291,0.0769487545,0.794408858,0.12864241
3292,0.905515909,0.0683135688,0.0261705611
3293,0.92795372,0.0643664375,0.00767981866
3294,0.752904773,0.136278182,0.110817045
3295,0.0859429911,0.895326555,0.0187304188
3296,0.987500191,0.00537443394,0.00712536508
3297,0.0795042887,0.0712726787,0.849223077
3298,0.158619627,0.782404125,0.058976233
3299,0.058102902,0.818406582,0.123490497
3300,0.158322886,0.814371645,0.0273054335
3301,0.790479541,0.182853818,0.026666658
3302,0.03791596,0.892558277,0.0695257932
3303,0.732957602,0.176572248,0.090470165
3304,0.891760468,0.095640853,0.012598699
3305,0.0482431352,0.93650943,0.0152474009
3306,0.714918315,0.250771224,0.0343104601
3307,0.842192531,0.0866745859,0.0711328983
3308,0.40467611,0.547345638,0.0479782447
3309,0.151975915,0.754372358,0.0936517268
3310,0.980577171,0.0100922314,0.00933061913
3311,0.053067226,0.781171262,0.165761545
3312,0.920421183,0.0691873804,0.0103914132
3313,0.963758767,0.030542396,0.00569881871
3314,0.799123049,0.185227945,0.0156490058
3315,0.791360795,0.184232682,0.0244065132
3316,0.211808071,0.192493856,0.595698059
3317,0.930235326,0.0544703007,0.0152943898
3318,0.978646755,0.00926285796,0.012090398
3319,0.0794439092,0.153697342,0.766858757
3320,0.0654378533,0.300491393,0.634070754
3321,0.190990001,0.317466706,0.491543293
3322,0.945418715,0.0409424528,0.0136388149
3323,0.954876661,0.0287172459,0.0164060798
3324,0.890388787,0.0339190587,0.0756921694
3325,0.0426738635,0.214282215,0.7430439
3326,0.312906027,0.556599557,0.130494431
3327,0.0831929967,0.837396026,0.0794109255
3328,0.275602758,0.0683682933,0.656028926
3329,0.7621786,0.220105618,0.0177158061
3330,0.415101826,0.566337705,0.0185604747
3331,0.0730296969,0.603320599,0.323649704
3332,0.25787279,0.722333074,0.0197941456
3333,0.501603246,0.438026428,0.0603703596
3334,0.967582166,0.0271500852,0.00526777469
3335,0.493959337,0.163735688,0.342305005
3336,0.806777298,0.183822095,0.00940060895
3337,0.0845832899,0.896290243,0.0191264879
3338,0.969613731,0.0257636979,0.00462256698
3339,0.413046628,0.569380283,0.0175731089
3340,0.218447506,0.490021169,0.291531324
3341,0.981148541,0.0119200582,0.0069314288
3342,0.289358139,0.128488675,0.582153201
3343,0.0927549079,0.878245115,0.0289999731
3344,0.983946085,0.0107111391,0.00534280529
3345,0.969103038,0.0144235557,0.0164734162
3346,0.577638984,0.408608139,0.013752888
3347,0.174697861,0.398337811,0.426964343
3348,0.974735498,0.0167360716,0.00852845609
3349,0.968440771,0.0205575246,0.011001681
3350,0.0162457377,0.0450711399,0.938683093
3351,0.831630886,0.147850454,0.0205186307
3352,0.797432065,0.188394845,0.0141731016
3353,0.159313127,0.816420913,0.0242659729
3354,0.866178155,0.112140775,0.0216810368
3355,0.415735662,0.574918568,0.00934583042
3356,0.38125205,0.593359053,0.0253889132
3357,0.114549056,0.0728434175,0.812607527
3358,0.333013833,0.639896989,0.0270892326
3359,0.588310957,0.292173177,0.119515851
3360,0.498091131,0.426853478,0.0750553682
3361,0.0479353219,0.93912816,0.0129365111
3362,0.694766343,0.290562332,0.0146713248
3363,0.14395152,0.576051891,0.279996574
3364,0.0470063612,0.938343346,0.0146503169
3365,0.966942072,0.0218149181,0.0112430016
3366,0.453259796,0.525949121,0.0207911078
3367,0.419987142,0.556379497,0.0236333944
3368,0.0268080961,0.812395453,0.160796463
3369,0.94393748,0.0369874351,0.0190750789
3370,0.353444606,0.630728126,0.0158272684
3371,0.36128661,0.576080978,0.0626324117
3372,0.031130543,0.58562386,0.383245647
3373,0.915131688,0.0753419548,0.00952635333
3374,0.974340379,0.0189802554,0.00667941431
3375,0.49232614,0.453452736,0.0542211533
3376,0.329132795,0.140152097,0.530715108
3377,0.0740784258,0.796627879,0.12929368
3378,0.841069818,0.151133582,0.00779659115
3379,0.57238549,0.38476494,0.0428495891
3380,0.961160123,0.0292614158,0.00957843661
3381,0.458295226,0.523937225,0.017767543
3382,0.390811324,0.593423307,0.015765395
3383,0.932099521,0.0575974733,0.010302986
3384,0.825612664,0.140154734,0.0342325978
3385,0.25295496,0.308900356,0.438144684
3386,0.88771224,0.0955728889,0.0167148188
3387,0.0564114302,0.895358384,0.0482301675
3388,0.85289675,0.0734294057,0.0736738667
3389,0.912889957,0.0787027627,0.00840722676
3390,0.207988679,0.760873735,0.0311376043
3391,0.894902229,0.0972113013,0.00788647309
3392,0.729562819,0.213845462,0.0565917045
3393,0.0524989665,0.480746865,0.466754198
3394,0.599105418,0.383458287,0.0174362827
3395,0.981202602,0.0155870942,0.00321030058
3396,0.918628097,0.0625182986,0.0188536141
3397,0.583311558,0.307376087,0.109312385
3398,0.0419394672,0.904532492,0.0535280183
3399,0.797629535,0.18949008,0.01288037
3400,0.0539722368,0.287182212,0.658845544
3401,0.211726621,0.747042835,0.0412305295
3402,0.784452319,0.207715973,0.00783173833
3403,0.474636853,0.509114325,0.0162488092
3404,0.166836485,0.80212611,0.0310374089
3405,0.187490582,0.764304638,0.0482047349
3406,0.995685756,0.00244057109,0.00187371008
3407,0.818622947,0.127353966,0.0540231057
3408,0.148989633,0.808214605,0.0427957475
3409,0.539862752,0.373187602,0.086949639
3410,0.0486304462,0.716962516,0.234406993
3411,0.855340838,0.133360758,0.0112983976
3412,0.556876183,0.426770091,0.0163537376
3413,0.763462424,0.217563391,0.0189741962
3414,0.703292429,0.244893521,0.0518140569
3415,0.838246524,0.107533731,0.0542197824
3416,0.947555959,0.0446734205,0.00777060911
3417,0.584560692,0.405273378,0.0101659317
3418,0.989038765,0.00803456735,0.00292663928
3419,0.324071288,0.63781935,0.0381093435
3420,0.184884682,0.610888898,0.204226375
3421,0.643761337,0.323988348,0.0322503373
3422,0.93964678,0.0557092391,0.00464398181
3423,0.0597322434,0.888176441,0.0520912968
3424,0.972820759,0.0226888098,0.00449044071
3425,0.319847643,0.655643582,0.0245087687
3426,0.174306124,0.796563983,0.0291299596
3427,0.414085448,0.281932265,0.303982288
3428,0.0728317499,0.0902875438,0.836880684
3429,0.100015938,0.8695997,0.0303843804
3430,0.725532472,0.238525257,0.0359422863
3431,0.191834271,0.088483341,0.719682395
3432,0.285451651,0.680902004,0.0336463377
3433,0.0981931388,0.865044653,0.0367622375
3434,0.188457236,0.272612244,0.538930535
3435,0.962354183,0.0314908475,0.00615500845
3436,0.577375531,0.34273991,0.0798845515
3437,0.357477427,0.524047017,0.118475571
3438,0.483220726,0.432257503,0.0845217556
3439,0.904313564,0.0846720338,0.0110144364
3440,0.898254633,0.0912359878,0.010509396
3441,0.467158258,0.503333926,0.0295078382
3442,0.00399427861,0.027942175,0.968063593
3443,0.881225765,0.110077962,0.00869624596
3444,0.151822269,0.813700438,0.0344772786
3445,0.788438022,0.180215508,0.0313464366
3446,0.136020124,0.833662868,0.0303170029
3447,0.0486979969,0.935428917,0.0158731397
3448,0.476721525,0.455268949,0.0680095404
3449,0.0678278208,0.414182007,0.517990172
3450,0.723586023,0.264436215,0.0119777899
3451,0.0613741763,0.917370141,0.0212556608
3452,0.808814049,0.168778718,0.0224072263
3453,0.425435126,0.538632035,0.0359328352
3454,0.938156784,0.0352849737,0.0265582092
3455,0.0858684704,0.841307163,0.0728243366
3456,0.178398579,0.767313242,0.0542882234
3457,0.964048028,0.0109218303,0.0250301398
3458,0.211263999,0.754966915,0.0337690674
3459,0.98617667,0.0072565102,0.0065668188
3460,0.99429816,0.00309131015,0.00261053396
3461,0.09365879,0.882774889,0.0235663112
3462,0.312285155,0.674775422,0.0129394094
3463,0.100814268,0.608493567,0.29069218
3464,0.927331567,0.0561759062,0.0164925139
3465,0.207919672,0.777834237,0.014246081
3466,0.947487652,0.0373338237,0.0151785277
3467,0.34614712,0.634453237,0.0193996225
3468,0.587063134,0.387049735,0.025887141
3469,0.219243586,0.50014329,0.280613124
3470,0.173126251,0.367506593,0.459367156
3471,0.814252615,0.175194785,0.0105526075
3472,0.160572812,0.592707694,0.246719509
3473,0.936419666,0.0399971642,0.0235832054
3474,0.982992828,0.01138971,0.00561747141
3475,0.324653655,0.507476449,0.167869881
3476,0.534946024,0.446766138,0.0182878859
3477,0.0661078319,0.917227507,0.0166646633
3478,0.764070094,0.146996692,0.0889331922
3479,0.181340739,0.802402616,0.0162566379
3480,0.948666394,0.0459446236,0.00538900075
3481,0.988962471,0.00669039274,0.00434716698
3482,0.900597751,0.0920712426,0.00733099738
3483,0.673047245,0.300461441,0.0264913123
3484,0.692621946,0.292291135,0.0150868706
3485,0.347240806,0.578589737,0.0741695017
3486,0.792019784,0.134535357,0.0734448284
3487,0.0857818499,0.891349971,0.0228681844
3488,0.964509428,0.027026467,0.00846405141
3489,0.225785404,0.716193199,0.0580214113
3490,0.18684113,0.786876023,0.0262828618
3491,0.143914998,0.775788128,0.0802968442
3492,0.269851089,0.708912492,0.0212363787
3493,0.120472647,0.448967457,0.430559874
3494,0.976917565,0.00954726525,0.0135351252
3495,0.462952882,0.0336558931,0.503391206
3496,0.0706879273,0.0639230758,0.865388989
3497,0.605213881,0.379262984,0.0155231468
3498,0.656064153,0.291200876,0.0527349748
3499,0.970258474,0.022995621,0.00674593262
3500,0.23199302,0.620035708,0.147971258
3501,0.0223881155,0.930684566,0.046927277
3502,0.971071005,0.0228262134,0.00610273844
3503,0.917948723,0.0608744994,0.0211767703
3504,0.328994244,0.642297268,0.0287084691
3505,0.0840763748,0.654677331,0.261246294
3506,0.196137995,0.433300018,0.370562017
3507,0.231055647,0.424947649,0.343996704
3508,0.852604151,0.0902697667,0.0571260713
3509,0.559611917,0.407702982,0.0326850973
3510,0.679738283,0.308465183,0.0117965573
3511,0.938224077,0.0382308103,0.0235451367
3512,0.610981047,0.354795009,0.0342239253
3513,0.490911841,0.477134436,0.0319537297
3514,0.497761548,0.333651513,0.16858694
3515,0.982531548,0.0129614202,0.00450704386
3516,0.167858049,0.777900636,0.0542413108
3517,0.123183854,0.211672142,0.665144026
3518,0.840214431,0.151556239,0.00822935533
3519,0.306784362,0.572106123,0.121109486
3520,0.0325741135,0.801093817,0.166332036
3521,0.80170399,0.174673513,0.0236224905
3522,0.936732829,0.058586318,0.00468086498
3523,0.161804721,0.802982569,0.0352126993
3524,0.00929292757,0.0301589537,0.960548162
3525,0.266299695,0.716874123,0.0168261956
3526,0.431313425,0.550994992,0.0176915433
3527,0.311536103,0.530502915,0.157961011
3528,0.211860001,0.209008738,0.579131305
3529,0.658599734,0.231286034,0.110114232
3530,0.341247529,0.405346096,0.253406376
3531,0.531252086,0.0226760563,0.446071893
3532,0.427520186,0.544221818,0.028257953
3533,0.171981275,0.732230186,0.095788531
3534,0.920169652,0.0444706902,0.0353596359
3535,0.0627778023,0.299603015,0.637619138
3536,0.0155879911,0.200135633,0.784276366
3537,0.85890758,0.122370437,0.0187220257
3538,0.989133775,0.00787202083,0.00299419882
3539,0.990421057,0.00669268239,0.00288629066
3540,0.659834683,0.329971552,0.0101938201
3541,0.336092561,0.486380428,0.177526981
3542,0.0892865136,0.817832768,0.0928807035
3543,0.80630064,0.151587293,0.0421120524
3544,0.0375990383,0.580733359,0.381667584
3545,0.936322093,0.0308880303,0.0327899046
3546,0.977282882,0.0160915684,0.00662555033
3547,0.00267180498,0.0235107057,0.973817468
3548,0.980583251,0.0146613792,0.00475539593
3549,0.075525187,0.86119622,0.0632786229
3550,0.791742086,0.198828235,0.00942967925
3551,0.650923073,0.23705335,0.112023585
3552,0.971185744,0.0234346483,0.00537963165
3553,0.202014178,0.627783418,0.170202404
3554,0.0534255058,0.735181272,0.211393207
3555,0.493373871,0.490519524,0.0161065739
3556,0.475427032,0.490837544,0.033735428
3557,0.267110467,0.67586267,0.0570267998
3558,0.025859084,0.698129356,0.276011527
3559,0.0136485416,0.0125988396,0.973752618
3560,0.59155798,0.324177444,0.084264569
3561,0.81741786,0.167918637,0.0146635054
3562,0.0535566546,0.610320449,0.3361229
3563,0.889728606,0.100374348,0.009897043
3564,0.651384592,0.335521489,0.0130939186
3565,0.425738066,0.554010391,0.0202515684
3566,0.931713462,0.0584616847,0.00982484408
3567,0.683180094,0.290309131,0.0265107565
3568,0.0177649874,0.0668359771,0.915399015
3569,0.953056037,0.04058237,0.00636154879
3570,0.989057004,0.00847601984,0.00246697548
3571,0.988590181,0.00385637325,0.00755343819
3572,0.437768102,0.476322144,0.0859097689
3573,0.689312875,0.296743155,0.0139439646
3574,0.741584957,0.23972331,0.0186917521
3575,0.367759377,0.459709585,0.172531039
3576,0.920062244,0.0664598793,0.0134778889
3577,0.131863445,0.775203466,0.0929331407
3578,0.151956499,0.281715959,0.566327572
3579,0.910501599,0.0802769363,0.0092214793
3580,0.143060774,0.843610823,0.0133284107
3581,0.971196771,0.0198794696,0.00892380998
3582,0.710910857,0.277390391,0.0116987452
3583,0.920036435,0.0581214726,0.0218421109
3584,0.921462595,0.0593240671,0.0192133356
3585,0.829270065,0.161529422,0.00920050498
3586,0.969515979,0.0161588602,0.0143251112
3587,0.967269003,0.0162336007,0.0164974015
3588,0.879166007,0.111466296,0.00936765224
3589,0.262222916,0.632769167,0.105007894
3590,0.674783349,0.148012608,0.177204028
3591,0.875345051,0.0949785784,0.0296763517
3592,0.976683438,0.0182958096,0.00502072787
3593,0.409558713,0.543961108,0.0464802124
3594,0.907629192,0.0847389176,0.00763189653
3595,0.0343450829,0.0590136535,0.906641245
3596,0.989772022,0.0071594133,0.00306852348
3597,0.134321466,0.671518087,0.194160432
3598,0.981991529,0.0143376756,0.00367079303
3599,0.071862109,0.801192999,0.1269449
3600,0.324101985,0.449422449,0.226475567
3601,0.937632322,0.0543045551,0.00806309748
3602,0.989762247,0.00353780389,0.00669999048
3603,0.644868672,0.188054755,0.167076588
3604,0.66965723,0.270672172,0.0596705824
3605,0.954818904,0.0355169512,0.00966416672
3606,0.959787905,0.0314652212,0.00874684844
3607,0.135606244,0.842964232,0.0214295089
3608,0.870580912,0.117964178,0.0114549426
3609,0.0900835395,0.838322878,0.0715935975
3610,0.0121007124,0.05552442,0.932374895
3611,0.254610658,0.662374198,0.0830151215
3612,0.726409197,0.255797863,0.017792955
3613,0.744486153,0.197997227,0.0575166345
3614,0.406112701,0.574522972,0.0193643086
3615,0.0283721667,0.879307926,0.0923199132
3616,0.964729369,0.0268746018,0.00839603972
3617,0.286160797,0.694512904,0.0193262529
3618,0.364084452,0.237899885,0.398015678
3619,0.179767132,0.796914458,0.0233183783
3620,0.0889294222,0.852542818,0.0585276932
3621,0.298422724,0.157436609,0.544140697
3622,0.940912664,0.0371357687,0.0219515525
3623,0.936178923,0.0496028997,0.0142181739
3624,0.639350712,0.340058893,0.0205903817
3625,0.119482905,0.0934798568,0.787037253
3626,0.115657553,0.867050946,0.0172915123
3627,0.60729295,0.307738096,0.0849689096
3628,0.985320449,0.0106829954,0.00399654265
3629,0.433623314,0.544514835,0.021861827
3630,0.974605381,0.0193975791,0.00599702448
3631,0.984524131,0.00983139779,0.00564450864
3632,0.0398601294,0.68324548,0.276894391
3633,0.888284385,0.103396647,0.00831901282
3634,0.991268814,0.00498925894,0.0037418853
3635,0.933090091,0.0547444671,0.0121653927
3636,0.690919697,0.294354796,0.014725497
3637,0.124176934,0.589206278,0.286616802
3638,0.964854062,0.0255536977,0.00959223509
3639,0.10848812,0.198725089,0.692786813
3640,0.308070302,0.675680637,0.0162490308
3641,0.366937846,0.588951468,0.0441106409
3642,0.114239193,0.258887887,0.626872897
3643,0.794935286,0.177263469,0.027801225
3644,0.965329111,0.0246565752,0.0100143263
3645,0.965627015,0.0201902874,0.0141827231
3646,0.0157587342,0.708646417,0.27559486
3647,0.906300902,0.065966323,0.0277327821
3648,0.596479774,0.366205066,0.0373151563
3649,0.988895953,0.00571431452,0.00538970437
3650,0.106559597,0.764766693,0.128673732
3651,0.932459533,0.0497891456,0.01775131
3652,0.822432578,0.164716452,0.0128509374
3653,0.969911337,0.0203330386,0.00975560956
3654,0.641082287,0.172290966,0.186626747
3655,0.232241035,0.318030238,0.449728757
3656,0.887540281,0.0992826447,0.0131770931
3657,0.0626927018,0.423067451,0.514239848
3658,0.170231387,0.653214455,0.176554173
3659,0.113188669,0.862741947,0.0240693707
3660,0.865466535,0.125369295,0.00916415639
3661,0.567568541,0.32527864,0.107152835
3662,0.421772927,0.556689978,0.0215371028
3663,0.95218277,0.0425328128,0.00528443139
3664,0.28572765,0.554844737,0.159427628
3665,0.189287394,0.78494668,0.0257658977
3666,0.902653933,0.0591743328,0.0381717458
3667,0.179754972,0.673329473,0.14691557
3668,0.140564635,0.734003663,0.125431716
3669,0.925921082,0.0665345266,0.00754436105
3670,0.654138029,0.0441664979,0.301695466
3671,0.996720135,0.00152836728,0.00175148027
3672,0.173836455,0.796548069,0.0296154879
3673,0.00420168927,0.0164614301,0.979336858
3674,0.930486917,0.0604829676,0.00903013162
3675,0.969780803,0.00953643955,0.0206827484
3676,0.187386975,0.795272052,0.0173409581
3677,0.559816718,0.422033817,0.0181494914
3678,0.966122806,0.028762294,0.005114906
3679,0.0220717806,0.909010112,0.0689181015
3680,0.57380414,0.400176585,0.0260192584
3681,0.957689941,0.0244520139,0.0178580023
3682,0.304044515,0.686525524,0.00942998752
3683,0.951663792,0.0287638996,0.0195723213
3684,0.405917197,0.586656988,0.00742580183
3685,0.380328387,0.189936757,0.429734886
3686,0.334909111,0.308916956,0.356173962
3687,0.733680606,0.234779239,0.0315402001
3688,0.982441843,0.0110005774,0.00655759685
3689,0.921690941,0.0701322407,0.0081768157
3690,0.946525872,0.0425588749,0.0109152831
3691,0.104184791,0.867431223,0.0283840038
3692,0.972615838,0.0181073863,0.00927675702
3693,0.0244897008,0.962663352,0.0128469523
3694,0.232451692,0.747211814,0.0203364547
3695,0.943389773,0.0356932543,0.0209169835
3696,0.347019076,0.637353957,0.0156269781
3697,0.930350721,0.0640712604,0.0055780164
3698,0.334147483,0.630692124,0.0351603962
3699,0.76909703,0.194172233,0.0367307141
3700,0.801049292,0.162055865,0.0368948579
3701,0.042736236,0.872691095,0.0845726728
3702,0.0567688122,0.865643024,0.0775881484
3703,0.0192312077,0.940819085,0.0399496891
3704,0.593647897,0.247854844,0.158497259
3705,0.266150564,0.704221606,0.0296278447
3706,0.824799418,0.104801849,0.0703987479
3707,0.852426171,0.0991921276,0.0483816639
3708,0.914960206,0.0765235871,0.00851621479
3709,0.209788829,0.554905355,0.235305771
3710,0.261204362,0.541270673,0.19752498
3711,0.359025985,0.603381455,0.0375925824
3712,0.0282311924,0.689360559,0.282408237
3713,0.806877136,0.129002169,0.0641207099
3714,0.278279662,0.439334363,0.282385975
3715,0.728393078,0.171068177,0.10053876
3716,0.153412461,0.836069107,0.0105184596
3717,0.37796402,0.589990258,0.0320457667
3718,0.971672714,0.0246053822,0.00372187886
3719,0.354976892,0.4786672,0.166355893
3720,0.015488171,0.0601510592,0.924360752
3721,0.842501104,0.0589068346,0.0985920504
3722,0.16105713,0.816765487,0.0221773833
3723,0.965646923,0.0282365996,0.00611648243
3724,0.0450377166,0.924366951,0.0305953007
3725,0.977792919,0.0172133464,0.0049937116
3726,0.261479229,0.705698133,0.0328226313
3727,0.636815131,0.331053346,0.0321315452
3728,0.180501148,0.766252577,0.0532462746
3729,0.922149956,0.0715454817,0.00630450714
3730,0.496991009,0.487585992,0.0154230176
3731,0.913294852,0.0598954372,0.0268097129
3732,0.941297114,0.0524015017,0.0063013914
3733,0.773140967,0.169902056,0.0569570102
3734,0.0474215709,0.89969945,0.052878987
3735,0.982374966,0.0121479984,0.00547701912
3736,0.915009081,0.042754449,0.0422364809
3737,0.883014917,0.106652528,0.0103325238
3738,0.416493058,0.234596059,0.348910868
3739,0.983739257,0.0124723781,0.00378838112
3740,0.190816298,0.776367188,0.0328165367
3741,0.109661318,0.783024073,0.107314594
3742,0.152786702,0.591586053,0.255627215
3743,0.704353631,0.219799057,0.0758473054
3744,0.130228609,0.441470653,0.428300738
3745,0.169153914,0.80485636,0.0259897113
3746,0.34870252,0.637609065,0.013688433
3747,0.235997632,0.687969685,0.076032646
3748,0.525767684,0.44559741,0.0286348704
3749,0.753271639,0.176926702,0.0698016882
3750,0.950160027,0.0369328298,0.0129071819
3751,0.957444012,0.0319065042,0.0106494771
3752,0.886123717,0.0969396606,0.016936658
3753,0.301098198,0.57312572,0.125776038
3754,0.0214740857,0.915834665,0.0626912639
3755,0.46033892,0.503934801,0.0357262865
3756,0.783783197,0.129608259,0.0866085514
3757,0.708483338,0.270590216,0.0209264345
3758,0.967202365,0.0155124636,0.0172851421
3759,0.0401559807,0.92503196,0.0348120257
3760,0.100647673,0.700149179,0.199203119
3761,0.655448616,0.312678486,0.031872876
3762,0.781630456,0.180502638,0.0378669389
3763,0.950680375,0.0420297831,0.00728983479
3764,0.561992824,0.393471539,0.0445357114
3765,0.011282905,0.137592003,0.851125121
3766,0.776941299,0.212459728,0.0105989762
3767,0.718024552,0.190367386,0.0916080624
3768,0.112608418,0.161245093,0.72614646
3769,0.279779434,0.660565138,0.0596554317
3770,0.929820776,0.0591748282,0.01100442
3771,0.0938035697,0.552187741,0.354008704
3772,0.0332831331,0.936642647,0.0300742425
3773,0.780390263,0.174319193,0.0452905111
3774,0.425060928,0.212634295,0.362304747
3775,0.099761337,0.020043686,0.880194962
3776,0.125685096,0.829988122,0.0443267561
3777,0.919167697,0.0749646723,0.00586764002
3778,0.962553859,0.0275141783,0.00993199833
3779,0.168617412,0.453443289,0.377939284
3780,0.945382535,0.0444436558,0.0101738032
3781,0.477268934,0.504905701,0.0178253725
3782,0.187300533,0.30518052,0.507518947
3783,0.144358844,0.761170626,0.0944705158
3784,0.650699496,0.229656115,0.119644403
3785,0.0985578671,0.755033016,0.146409124
3786,0.858322501,0.132363632,0.0093139112
3787,0.917764246,0.0709407553,0.0112950224
3788,0.59101671,0.27830261,0.130680725
3789,0.0419577956,0.597102344,0.36093986
3790,0.955743968,0.0377657339,0.00649031904
3791,0.941996396,0.0512273237,0.00677626394
3792,0.417144179,0.499721795,0.0831340328
3793,0.154527158,0.650938749,0.194534123
3794,0.994702876,0.00323260785,0.00206451933
3795,0.0890657902,0.773495734,0.137438491
3796,0.404869497,0.378792882,0.216337636
3797,0.352981627,0.460730076,0.186288297
3798,0.0183873978,0.86758393,0.114028692
3799,0.0261407122,0.239241704,0.734617531
3800,0.447119147,0.391385794,0.161495075
3801,0.976611495,0.017133303,0.00625523506
3802,0.132385582,0.855895102,0.011719279
3803,0.988645971,0.00566360541,0.00569045637
3804,0.61711514,0.14349018,0.239394695
3805,0.157433048,0.816559374,0.0260075405
3806,0.144587398,0.495111376,0.360301256
3807,0.919010639,0.0650295243,0.0159598347
3808,0.615001917,0.274000049,0.11099802
3809,0.205754936,0.776905298,0.0173397548
3810,0.0671986863,0.903725266,0.0290760342
3811,0.363303661,0.514610827,0.122085541
3812,0.154831946,0.68089211,0.164275929
3813,0.19981423,0.76337862,0.036807172
3814,0.390200108,0.573069215,0.0367306732
3815,0.0194759164,0.70987457,0.270649493
3816,0.962602913,0.0304129459,0.00698409835
3817,0.209635526,0.760668993,0.029695509
3818,0.566951513,0.338152766,0.0948956907
3819,0.955036163,0.0302851722,0.0146786496
3820,0.208550289,0.757278919,0.0341708139
3821,0.980210781,0.0109290769,0.00886013918
3822,0.458605528,0.52550298,0.0158914868
3823,0.973535895,0.0093487436,0.0171153825
3824,0.0575880371,0.899089098,0.0433228612
3825,0.952150345,0.0311206989,0.0167289209
3826,0.0677984282,0.116658218,0.815543354
3827,0.0976044461,0.604791343,0.297604233
3828,0.655632973,0.197990865,0.146376148
3829,0.280112803,0.697116792,0.0227704123
3830,0.90933907,0.0817948431,0.00886609126
3831,0.988434434,0.00630089361,0.00526466267
3832,0.0542906336,0.907476783,0.0382325985
3833,0.0238279719,0.0514693931,0.924702644
3834,0.0597308017,0.893255413,0.047013808
3835,0.0959936753,0.833523631,0.0704827011
3836,0.520448148,0.247895375,0.231656492
3837,0.942232907,0.0491731763,0.00859390572
3838,0.98574096,0.0100589888,0.00420004455
3839,0.976407826,0.0182731878,0.00531896716
3840,0.52527827,0.451110929,0.0236107912
3841,0.978417218,0.0154860094,0.00609680312
3842,0.570885837,0.265875399,0.163238749
3843,0.0310387779,0.87915343,0.0898078009
3844,0.100154504,0.871447206,0.0283983089
3845,0.931733131,0.0570576862,0.0112091685
3846,0.909077585,0.0466728471,0.0442495719
3847,0.0603142567,0.876862168,0.0628235117
3848,0.0550443903,0.289131016,0.655824602
3849,0.350256979,0.632806063,0.016936969
3850,0.111676149,0.626599014,0.26172483
3851,0.89665854,0.0607788451,0.0425625779
3852,0.661022365,0.289715588,0.0492620356
3853,0.887039125,0.103909113,0.00905179512
3854,0.54867363,0.434586793,0.0167395938
3855,0.931406081,0.0508189462,0.01777496
3856,0.159041524,0.812226057,0.0287324451
3857,0.52199614,0.45495522,0.0230486915
3858,0.939755082,0.0500559397,0.0101889949
3859,0.00704196561,0.027599277,0.965358734
3860,0.929644823,0.0426019952,0.0277531687
3861,0.79589498,0.184368968,0.019736005
3862,0.324972272,0.657773554,0.0172541626
3863,0.858198941,0.119937673,0.0218633674
3864,0.942763686,0.0492752008,0.00796110742
3865,0.959897041,0.0322811902,0.00782176573
3866,0.890370309,0.088410303,0.0212193932
3867,0.554234743,0.429464191,0.0163010657
3868,0.0642896444,0.469378799,0.466331571
3869,0.623966336,0.196085811,0.179947853
3870,0.0294850487,0.13973932,0.830775619
3871,0.167046949,0.717337847,0.115615197
3872,0.9581092,0.00808679126,0.0338039808
3873,0.845628083,0.13367109,0.0207008421
3874,0.982725382,0.0103253145,0.00694926595
3875,0.501383066,0.413232386,0.0853845403
3876,0.0453752764,0.783679068,0.170945674
3877,0.0405078009,0.030587513,0.928904712
3878,0.913284123,0.0728816539,0.0138342017
3879,0.067433089,0.053114783,0.879452109
3880,0.305772901,0.674840987,0.0193861034
3881,0.861348629,0.119221017,0.0194303673
3882,0.932950854,0.0474280231,0.0196211357
3883,0.031612996,0.938591182,0.0297958292
3884,0.0372208394,0.675383031,0.287396133
3885,0.624392629,0.311548859,0.0640584603
3886,0.0105724018,0.87021786,0.119209714
3887,0.00364355859,0.0154322777,0.980924129
3888,0.826639235,0.111129977,0.0622307844
3889,0.171616018,0.817105293,0.0112787299
3890,0.446794003,0.485182166,0.0680238008
3891,0.799628615,0.172999904,0.0273714438
3892,0.328749865,0.347814888,0.323435247
3893,0.0503993332,0.0903381184,0.859262526
3894,0.962492704,0.0300263353,0.0074809934
3895,0.429253817,0.422228903,0.148517296
3896,0.416297704,0.538845956,0.0448563397
3897,0.664346576,0.300338179,0.0353152268
3898,0.0754452422,0.856114209,0.0684405416
3899,0.535442114,0.436873645,0.0276842527
3900,0.819934249,0.162471056,0.0175946876
3901,0.964168191,0.0306791533,0.00515269395
3902,0.506833732,0.441264391,0.0519018695
3903,0.965625167,0.0276564751,0.00671837106
3904,0.613563895,0.200193837,0.186242253
3905,0.917812526,0.0641433373,0.0180441085
3906,0.0328490809,0.13061507,0.836535811
3907,0.091069214,0.887891173,0.0210395958
3908,0.898906529,0.0941590965,0.00693437736
3909,0.786741853,0.194802672,0.0184554663
3910,0.650471091,0.255818486,0.0937104523
3911,0.826852202,0.159926102,0.0132216923
3912,0.312327117,0.664585054,0.0230878294
3913,0.0148740802,0.0501265042,0.934999406
3914,0.304769516,0.650490224,0.0447402745
3915,0.958478689,0.0342432708,0.00727807218
3916,0.944268525,0.049610056,0.00612143707
3917,0.910492182,0.0735239536,0.0159838684
3918,0.0750194043,0.285451382,0.639529169
3919,0.704640329,0.269752592,0.0256070793
3920,0.520028412,0.46263963,0.01733201
3921,0.93051672,0.0647506565,0.0047326046
3922,0.958571076,0.0355894901,0.00583938602
3923,0.238038078,0.743892431,0.0180695318
3924,0.00845014397,0.0246006269,0.966949224
3925,0.904062808,0.066066891,0.0298703164
3926,0.802287638,0.172649592,0.0250627249
3927,0.641772926,0.3271873,0.031039793
3928,0.265903354,0.700442553,0.0336540677
3929,0.174599171,0.736501455,0.0888993815
3930,0.579452395,0.394171774,0.0263758041
3931,0.149738997,0.640164673,0.210096344
3932,0.442074358,0.524133205,0.0337923951
3933,0.820019305,0.0789887533,0.100991912
3934,0.0147806518,0.778446853,0.206772491
3935,0.518209398,0.454001218,0.0277893431
3936,0.674630821,0.277978897,0.0473903045
3937,0.0024820501,0.0028754971,0.994642496
3938,0.871352613,0.109277569,0.0193698704
3939,0.953954995,0.0397073142,0.0063377195
3940,0.634994864,0.271665871,0.0933392346
3941,0.353039205,0.568593025,0.0783677921
3942,0.142583027,0.815478444,0.0419386104
3943,0.717712045,0.257394373,0.0248935968
3944,0.974167109,0.0218391195,0.00399379013
3945,0.546061695,0.413316667,0.040621642
3946,0.614204884,0.364193797,0.0216013547
3947,0.901335418,0.0886190459,0.0100454791
3948,0.0293731689,0.682752728,0.287874103
3949,0.704475939,0.262620956,0.032903038
3950,0.273535758,0.696274877,0.030189354
3951,0.704200566,0.222091168,0.0737082958
3952,0.919698119,0.0636880025,0.0166138895
3953,0.0864115879,0.861526251,0.0520621315
3954,0.183726922,0.78316462,0.0331084803
3955,0.188754424,0.279774815,0.531470776
3956,0.240849853,0.421070129,0.338079989
3957,0.838250339,0.152288347,0.009461293
3958,0.285297394,0.52049154,0.194211066
3959,0.278015375,0.685933828,0.0360508002
3960,0.546004474,0.390945643,0.0630498901
3961,0.538634717,0.438722283,0.0226430204
3962,0.804492891,0.127363935,0.068143189
3963,0.844119549,0.132212654,0.0236678012
3964,0.941900909,0.0433464199,0.0147526972
3965,0.122602284,0.421346366,0.45605135
3966,0.336039096,0.590717614,0.0732432678
3967,0.167969078,0.764271617,0.0677593052
3968,0.638944685,0.173072934,0.187982365
3969,0.0713288262,0.869831443,0.058839757
3970,0.241137937,0.0420913808,0.716770649
3971,0.900338948,0.0464778394,0.0531831868
3972,0.00543354731,0.0143443262,0.980222106
3973,0.0190797262,0.878538132,0.102382123
3974,0.917610943,0.0681642219,0.014224791
3975,0.409186155,0.558458567,0.0323552825
3976,0.911985934,0.0760203674,0.0119936997
3977,0.931060553,0.0575949289,0.011344498
3978,0.544276059,0.13997744,0.315746486
3979,0.354306161,0.619558513,0.0261352938
3980,0.978131533,0.0164986309,0.00536982296
3981,0.100615732,0.454330117,0.445054173
3982,0.00816309173,0.0630210936,0.928815842
3983,0.985561252,0.0103761526,0.00406256272
3984,0.38719964,0.574043155,0.0387572236
3985,0.124106742,0.72350347,0.15238978
3986,0.693475187,0.287614554,0.0189102907
3987,0.916494071,0.0456259698,0.0378799364
3988,0.315501899,0.585135698,0.0993623659
3989,0.501071453,0.454072386,0.0448561758
3990,0.204991594,0.067895472,0.727112949
3991,0.753881752,0.219169617,0.0269486327
3992,0.0245422758,0.941663861,0.0337938666
3993,0.254995942,0.648109376,0.0968946964
3994,0.54901737,0.378394395,0.0725881979
3995,0.303404003,0.677643538,0.0189525019
3996,0.929367125,0.0656122863,0.00502055325
3997,0.127097577,0.848087668,0.0248147771
3998,0.0419874191,0.86651206,0.0915005505
3999,0.0561025888,0.191180512,0.752716899
4000,0.0266341064,0.0219914243,0.951374471
4001,0.958420813,0.0294840038,0.0120952185
4002,0.790765405,0.15669699,0.0525376275
4003,0.967834771,0.0140312435,0.0181339849
4004,0.0259215869,0.884676039,0.0894024074
4005,0.0245725475,0.940492392,0.0349350534
4006,0.705333531,0.266026855,0.0286396202
4007,0.954426527,0.031815134,0.0137583483
4008,0.0373064205,0.904325604,0.0583679378
4009,0.808011711,0.179604143,0.0123841092
4010,0.41200906,0.567126572,0.0208643749
4011,0.12668626,0.220629618,0.652684152
4012,0.281466663,0.430084378,0.28844893
4013,0.698489904,0.0440902337,0.257419884
4014,0.651603639,0.0263313614,0.322064966
4015,0.954198837,0.0378823988,0.00791877694
4016,0.547551632,0.015373867,0.437074512
4017,0.27971077,0.149929613,0.570359647
4018,0.481936306,0.478695005,0.0393687189
4019,0.701637924,0.213261887,0.0851001963
4020,0.0359256752,0.929143429,0.0349309035
4021,0.00379319559,0.0406786427,0.95552814
4022,0.0172861442,0.165927604,0.81678623
4023,0.866203904,0.124829821,0.00896628201
4024,0.0767294466,0.731786788,0.191483766
4025,0.0848853067,0.25164023,0.663474441
4026,0.945676804,0.0321495123,0.0221736655
4027,0.967240214,0.0283501837,0.00440962706
4028,0.501241207,0.0643625855,0.434396207
4029,0.320170105,0.0479746908,0.63185519
4030,0.0268823933,0.0758795589,0.897238016
4031,0.674640417,0.307869434,0.017490156
4032,0.695523798,0.266231865,0.0382443517
4033,0.919951558,0.0739208236,0.00612759497
4034,0.979106367,0.0165408626,0.00435275119
4035,0.880102456,0.0871254876,0.0327720717
4036,0.231494367,0.485689849,0.282815784
4037,0.0114615457,0.23458907,0.753949344
4038,0.991594493,0.00512573449,0.00327979098
4039,0.354868442,0.622046888,0.0230846126
4040,0.0227065179,0.941369832,0.0359236188
4041,0.900821567,0.0868269727,0.0123514058
4042,0.247594804,0.657884955,0.0945202559
4043,0.499804407,0.367010772,0.133184806
4044,0.0190278683,0.0915500075,0.889422119
4045,0.976815879,0.0125333453,0.0106507521
4046,0.136661276,0.707141399,0.156197309
4047,0.420333505,0.561298072,0.0183684006
4048,0.906211197,0.0555890687,0.038199719
4049,0.0806460828,0.674433827,0.244920105
4050,0.241567999,0.745236754,0.0131952781
4051,0.931352913,0.0432417095,0.0254054125
4052,0.973082066,0.0215921849,0.00532570388
4053,0.962351382,0.0247838311,0.0128648067
4054,0.981287479,0.0105875963,0.00812491123
4055,0.947829545,0.0432888567,0.00888165087
4056,0.410858214,0.537727952,0.0514138378
4057,0.869238079,0.106689483,0.024072431
4058,0.83087486,0.139738426,0.0293866862
4059,0.681336582,0.284404397,0.0342590809
4060,0.11740654,0.757431805,0.125161648
4061,0.730745018,0.253831208,0.0154237784
4062,0.500085056,0.463610917,0.0363040827
4063,0.254547,0.711203694,0.0342493355
4064,0.980059206,0.0136544388,0.00628632959
4065,0.979758441,0.0139753111,0.00626627309
4066,0.112697326,0.837655485,0.0496471412
4067,0.0984202772,0.885492146,0.0160875749
4068,0.42180261,0.421044439,0.157152936
4069,0.995336533,0.00286898995,0.00179446046
4070,0.976078212,0.0191757232,0.00474604685
4071,0.452856779,0.535165727,0.0119775012
4072,0.98785007,0.00836872309,0.00378120621
4073,0.98831296,0.00648576021,0.00520128617
4074,0.975639701,0.0209427513,0.00341755687
4075,0.713125527,0.228066877,0.058807563
4076,0.934769213,0.0517369062,0.013493862
4077,0.448134512,0.220104724,0.331760794
4078,0.412289351,0.578869224,0.00884137861
4079,0.247577071,0.710087478,0.0423354991
4080,0.286779255,0.660085261,0.0531355217
4081,0.0208751634,0.0894649178,0.889659941
4082,0.64698267,0.327488333,0.0255289525
4083,0.987641275,0.00703604054,0.00532266498
4084,0.97595185,0.0126126874,0.0114354696
4085,0.949236453,0.0456896909,0.00507384678
4086,0.902412534,0.0823441967,0.0152432639
4087,0.906327426,0.0819096267,0.0117629012
4088,0.947379768,0.0431809314,0.00943932496
4089,0.710553467,0.269901991,0.0195445418
4090,0.0878578052,0.895100772,0.0170414131
4091,0.098371096,0.870929062,0.0306998566
4092,0.189546317,0.115634687,0.694818974
4093,0.463718385,0.521412194,0.0148694385
4094,0.948301911,0.00428081257,0.0474173315
4095,0.973408401,0.00264477776,0.0239467751
4096,0.217535824,0.607406259,0.175057903
4097,0.954936385,0.0369371362,0.00812644698
4098,0.884542704,0.102232195,0.0132250935
4099,0.426875174,0.352282584,0.220842242
4100,0.430619389,0.466786832,0.102593765
4101,0.827087939,0.164829776,0.00808227994
4102,0.248668745,0.720593631,0.0307376236
4103,0.953216434,0.0385917351,0.00819183979
4104,0.872518778,0.112740137,0.0147410994
4105,0.969316602,0.0159148406,0.0147685427
4106,0.990249455,0.00430314988,0.00544737186
4107,0.801094472,0.174960688,0.0239448212
4108,0.64067328,0.335367888,0.0239588618
4109,0.0203990843,0.744226515,0.235374421
4110,0.942540705,0.0421907045,0.0152686341
4111,0.359037757,0.607432067,0.0335302167
4112,0.087061882,0.504471958,0.408466101
4113,0.5218032,0.45123747,0.0269593447
4114,0.842128336,0.145863324,0.0120083615
4115,0.192034721,0.564175248,0.243790045
4116,0.0211922359,0.93368727,0.0451205298
4117,0.946308434,0.0215821322,0.0321094245
4118,0.966819286,0.0254693888,0.00771131087
4119,0.988066852,0.00776653504,0.00416659378
4120,0.81203568,0.16196166,0.0260026623
4121,0.112398952,0.877127349,0.0104737189
4122,0.0120299384,0.1211797,0.866790354
4123,0.0918606445,0.872159719,0.035979569
4124,0.886937678,0.0965074077,0.0165549405
4125,0.975699246,0.0175462049,0.0067545441
4126,0.886096954,0.106440783,0.00746227475
4127,0.445348203,0.515471399,0.0391804092
4128,0.954500437,0.0215116832,0.0239878725
4129,0.319555491,0.664014161,0.0164303277
4130,0.430264711,0.46756652,0.102168776
4131,0.986687601,0.00567798037,0.00763439713
4132,0.609172344,0.362608075,0.0282195825
4133,0.496113509,0.493151754,0.0107347257
4134,0.625920892,0.269592226,0.10448692
4135,0.98133117,0.0130053805,0.00566342799
4136,0.199305922,0.039210327,0.761483788
4137,0.0329525359,0.88555342,0.0814940333
4138,0.0290648546,0.385260224,0.585674942
4139,0.976376772,0.0164051037,0.00721815135
4140,0.95661068,0.0315440483,0.0118452329
4141,0.325031489,0.610057354,0.0649111345
4142,0.698466718,0.286539704,0.0149935568
4143,0.384864569,0.544145823,0.0709896013
4144,0.0656991154,0.865258873,0.069042027
4145,0.939535141,0.0127884587,0.0476764143
4146,0.992383778,0.00426358823,0.0033526558
4147,0.887815297,0.101270184,0.0109145399
4148,0.00337909022,0.0117351832,0.984885693
4149,0.908485174,0.0846563801,0.00685844338
4150,0.847184718,0.132184282,0.0206309911
4151,0.129570127,0.0369607583,0.833469152
4152,0.274700493,0.0885762945,0.63672322
4153,0.0554125831,0.898541093,0.0460463092
4154,0.0399477854,0.927015245,0.0330369845
4155,0.116730452,0.0793334767,0.803936064
4156,0.663233399,0.295126021,0.0416406244
4157,0.90278995,0.0825245306,0.0146855637
4158,0.670769632,0.192940429,0.136289909
4159,0.313899934,0.6642676,0.0218324736
4160,0.990089715,0.0025127132,0.00739758881
4161,0.045105733,0.942300975,0.0125932638
4162,0.0801859498,0.838104725,0.0817093551
4163,0.235123545,0.70128125,0.0635952652
4164,0.231383577,0.753099859,0.0155165913
4165,0.485508233,0.501793027,0.0126987221
4166,0.397931546,0.508265138,0.093803294
4167,0.765041232,0.204800129,0.0301586185
4168,0.0696600601,0.207071379,0.723268569
4169,0.0281440411,0.919893563,0.0519624017
4170,0.139341831,0.805951357,0.054706797
4171,0.794917464,0.192647323,0.0124351941
4172,0.342260063,0.644493818,0.0132461619
4173,0.647456169,0.342491418,0.0100523699
4174,0.98957485,0.00774259819,0.0026825266
4175,0.792318642,0.146710709,0.0609706715
4176,0.130333766,0.43052119,0.439145029
4177,0.108601384,0.796875238,0.0945234001
4178,0.0790328532,0.203398451,0.717568696
4179,0.131584421,0.799056947,0.0693586692
4180,0.740204036,0.22219947,0.0375965461
4181,0.970712006,0.0198501684,0.00943783671
4182,0.0254180916,0.94372195,0.0308599062
4183,0.00276007457,0.0111146588,0.986125231
4184,0.86689949,0.0849045143,0.0481960289
4185,0.0332003497,0.0894628093,0.87733686
4186,0.349650949,0.562898457,0.0874506161
4187,0.828246593,0.103444926,0.068308495
4188,0.784101009,0.207029685,0.00886933412
4189,0.988687575,0.00731652463,0.00399590889
4190,0.62636447,0.081140101,0.29249543
4191,0.526967764,0.455313057,0.0177191235
4192,0.0195486005,0.82637912,0.154072255
4193,0.097465761,0.197826594,0.704707682
4194,0.0773981959,0.831045032,0.09155678
4195,0.980189025,0.0111699905,0.00864098221
4196,0.893250346,0.092078723,0.0146709662
4197,0.123204969,0.829886973,0.0469080433
4198,0.137947097,0.772056699,0.089996174
4199,0.220172569,0.696544349,0.0832830891
4200,0.89704597,0.0891212001,0.0138328401
4201,0.968788564,0.019883696,0.011327764
4202,0.603557706,0.370941401,0.0255008843
4203,0.0502535813,0.809135139,0.140611276
4204,0.18082419,0.796196222,0.0229796153
4205,0.549289227,0.424423486,0.0262872819
4206,0.838108599,0.148333713,0.0135577358
4207,0.732582211,0.189678073,0.0777397081
4208,0.95650202,0.0395537764,0.00394415529
4209,0.0363754965,0.942506015,0.0211184695
4210,0.201521054,0.532987654,0.265491337
4211,0.798794329,0.155793369,0.0454122946
4212,0.0584408566,0.918438077,0.0231210869
4213,0.723674834,0.252415657,0.0239095092
4214,0.470163941,0.502308667,0.027527364
4215,0.921114802,0.0556217171,0.0232635066
4216,0.0999019444,0.867462397,0.0326356292
4217,0.256957531,0.720700622,0.0223418456
4218,0.809544981,0.170620978,0.0198340341
4219,0.354513437,0.307214499,0.338272065
4220,0.798655808,0.179649606,0.0216945931
4221,0.306709498,0.373277515,0.320013016
4222,0.957460463,0.0354505852,0.00708890101
4223,0.0910961032,0.884602427,0.02430146
4224,0.964981973,0.0250177942,0.0100002335
4225,0.0127508882,0.949663818,0.0375853591
4226,0.759669363,0.20025444,0.0400761962
4227,0.625342429,0.251464695,0.123192862
4228,0.412215203,0.557986379,0.029798422
4229,0.685904503,0.215735495,0.0983599797
4230,0.0648637414,0.618644357,0.316491932
4231,0.0193467569,0.905406833,0.0752464756
4232,0.488222152,0.19172816,0.320049673
4233,0.430573314,0.553651214,0.0157754309
4234,0.922568798,0.0682984814,0.00913274009
4235,0.26385963,0.426630437,0.309509933
4236,0.931940138,0.0553359725,0.0127238538
4237,0.122309551,0.85675168,0.0209387876
4238,0.0338799953,0.379715681,0.586404324
4239,0.900627434,0.0383629575,0.061009597
4240,0.0290162638,0.716996968,0.253986776
4241,0.763359904,0.214086249,0.0225538686
4242,0.643448055,0.292472154,0.0640797615
4243,0.912940025,0.0457635261,0.0412964486
4244,0.923348963,0.0451348759,0.0315161794
4245,0.62881875,0.104970641,0.266210556
4246,0.911721826,0.0844768882,0.00380131835
4247,0.144215658,0.534828246,0.320956111
4248,0.904336095,0.0745928362,0.0210710634
4249,0.0640599653,0.886754453,0.0491855927
4250,0.781719685,0.209573969,0.00870637782
4251,0.91561532,0.0717296228,0.0126551008
4252,0.39992857,0.543899059,0.0561724193
4253,0.952734172,0.0337449647,0.013520861
4254,0.37321642,0.404427588,0.222355977
4255,0.00131748198,0.00212140079,0.99656117
4256,0.0482230671,0.914143562,0.0376333781
4257,0.470851958,0.477898002,0.0512500405
4258,0.200335726,0.742080271,0.0575840063
4259,0.449020207,0.447368115,0.103611678
4260,0.985764027,0.0117339436,0.00250198459
4261,0.66406703,0.315368831,0.0205641054
4262,0.535459518,0.333725691,0.130814776
4263,0.983932793,0.0116539644,0.0044131754
4264,0.340014577,0.635127306,0.024858091
4265,0.611647248,0.373452306,0.0149004608
4266,0.775732219,0.19890742,0.0253603794
4267,0.266089499,0.502288103,0.231622398
4268,0.757622242,0.222738191,0.0196396112
4269,0.991753817,0.00565382326,0.00259235478
4270,0.88592869,0.0977958143,0.0162754916
4271,0.961672008,0.0262789875,0.0120490175
4272,0.259922862,0.714232087,0.0258450452
4273,0.311462432,0.576972723,0.111564845
4274,0.0658980757,0.921571076,0.0125308363
4275,0.052822195,0.773337364,0.173840389
4276,0.882760882,0.108132549,0.00910655502
4277,0.971828878,0.0195124,0.00865868852
4278,0.496549904,0.486762762,0.0166873597
4279,0.935090303,0.0567199625,0.00818965305
4280,0.975319922,0.0137533313,0.010926676
4281,0.136698633,0.296351761,0.566949606
4282,0.982318938,0.0148477508,0.0028332565
4283,0.237544626,0.710590482,0.0518648997
4284,0.911823332,0.0775809363,0.0105957203
4285,0.952788651,0.034780398,0.0124309482
4286,0.688892841,0.271815509,0.039291624
4287,0.985203862,0.00876890682,0.00602723891
4288,0.0995615721,0.873145401,0.0272930227
4289,0.588029444,0.367143333,0.044827193
4290,0.99032563,0.00512471236,0.00454967609
4291,0.8515324,0.135771275,0.0126963733
4292,0.4329651,0.521972716,0.0450622067
4293,0.728063107,0.0236775018,0.248259366
4294,0.171070382,0.571062565,0.257867038
4295,0.903268397,0.0732569024,0.023474725
4296,0.971713901,0.0163726956,0.0119134588
4297,0.915882468,0.0623952076,0.0217222814
4298,0.996350706,0.0017940707,0.00185524405
4299,0.965450943,0.0267906785,0.00775838178
4300,0.687308669,0.299754232,0.0129371071
4301,0.465115756,0.496690899,0.0381933115
4302,0.629388213,0.355261922,0.0153498603
4303,0.102823883,0.633819222,0.263356894
4304,0.336104512,0.631970108,0.0319253802
4305,0.0578721203,0.301845014,0.640282869
4306,0.938475788,0.0518361926,0.0096880747
4307,0.618012786,0.363074958,0.0189122483
4308,0.915057778,0.0801878646,0.00475436496
4309,0.376721442,0.53406769,0.0892108902
4310,0.0683663562,0.323832691,0.607800961
4311,0.62403214,0.352183819,0.0237840526
4312,0.961908877,0.0219643638,0.0161267873
4313,0.0878421962,0.693540692,0.218617126
4314,0.285652816,0.153637111,0.560710073
4315,0.992581666,0.00441434886,0.00300397351
4316,0.162128821,0.522660613,0.315210611
4317,0.919156909,0.064626649,0.0162164569
4318,0.581981897,0.405061245,0.0129568465
4319,0.885839462,0.0945322365,0.0196282882
4320,0.732258856,0.247993067,0.0197480861
4321,0.0233250707,0.96010071,0.0165742338
4322,0.0620157793,0.883458078,0.0545261391
4323,0.104186773,0.670516193,0.225297034
4324,0.633291185,0.164305836,0.202402979
4325,0.0314894505,0.819039643,0.14947091
4326,0.473293096,0.371069342,0.155637592
4327,0.259290576,0.720740438,0.0199689772
4328,0.624084115,0.356793225,0.0191226713
4329,0.304783702,0.482952744,0.212263569
4330,0.901898623,0.0761916637,0.021909697
4331,0.746530473,0.216675043,0.0367944986
4332,0.128185734,0.811831951,0.0599823594
4333,0.341267079,0.562230289,0.0965026468
4334,0.95496732,0.0271234605,0.0179092344
4335,0.977635562,0.00992354471,0.0124409012
4336,0.290308774,0.693412125,0.0162791125
4337,0.441869378,0.345529974,0.212600619
4338,0.75318253,0.14291133,0.10390617
4339,0.0615592636,0.112912044,0.825528681
4340,0.552543402,0.422484249,0.0249723438
4341,0.808480859,0.186278939,0.00524020428
4342,0.947646081,0.0369838625,0.0153700225
4343,0.226913795,0.678956568,0.0941295847
4344,0.499563634,0.443394363,0.0570419431
4345,0.118735269,0.818963885,0.062300887
4346,0.251733601,0.533043265,0.215223119
4347,0.36932084,0.248106331,0.38257283
4348,0.819589615,0.171329647,0.00908073876
4349,0.90582931,0.0846187323,0.00955196749
4350,0.374921918,0.614049852,0.011028206
4351,0.185183108,0.798647344,0.0161695331
4352,0.119265467,0.0633533373,0.817381203
4353,0.578761697,0.412179112,0.00905920286
4354,0.80011946,0.152440026,0.0474404991
4355,0.191005856,0.171227738,0.637766421
4356,0.920022368,0.0303534362,0.049624227
4357,0.274246246,0.632626653,0.0931271166
4358,0.209812805,0.243323013,0.546864152
4359,0.342864275,0.629546404,0.0275892951
4360,0.985096455,0.00554087432,0.00936271716
4361,0.112400435,0.610331237,0.277268291
4362,0.178063542,0.719286621,0.102649882
4363,0.00809287373,0.0111792078,0.980727911
4364,0.304287612,0.414568692,0.281143665
4365,0.0622115396,0.239623353,0.698165119
4366,0.960682809,0.0330514945,0.00626571337
4367,0.788850784,0.149965197,0.0611840226
4368,0.988099396,0.00577157317,0.00612902967
4369,0.0396535136,0.914635599,0.0457109138
4370,0.139201507,0.821503758,0.0392947085
4371,0.083528772,0.892638981,0.0238322541
4372,0.7570104,0.223629683,0.0193599332
4373,0.976111233,0.0119954329,0.0118933413
4374,0.980137706,0.0160504077,0.00381191983
4375,0.431160569,0.430387318,0.138452113
4376,0.425524354,0.377554387,0.196921289
4377,0.955334842,0.0363488123,0.0083163362
4378,0.98361814,0.0109880976,0.00539374817
4379,0.712252378,0.225508392,0.0622392856
4380,0.0365378074,0.896027207,0.067434974
4381,0.829133391,0.121246122,0.0496204831
4382,0.97847563,0.0143397097,0.00718462188
4383,0.248199239,0.604176342,0.147624418
4384,0.869029939,0.079106465,0.051863607
4385,0.324241847,0.64432472,0.0314334221
4386,0.0880923644,0.13790217,0.774005473
4387,0.902708352,0.0937261432,0.00356547441
4388,0.991646171,0.00440533506,0.00394844031
4389,0.806264818,0.153710634,0.0400245637
4390,0.674100816,0.295871973,0.0300271809
4391,0.517416418,0.4711909,0.0113927033
4392,0.0625336766,0.521533668,0.415932626
4393,0.267375439,0.660335481,0.0722890571
4394,0.657107174,0.270727813,0.0721650347
4395,0.913845778,0.068105042,0.0180491731
4396,0.238471806,0.727492929,0.034035299
4397,0.937835932,0.0497439988,0.0124200666
4398,0.863847136,0.112431936,0.0237209294
4399,0.0475839861,0.932208002,0.0202080123
4400,0.512723744,0.471017987,0.0162582826
4401,0.978426397,0.0167329051,0.0048406776
4402,0.170670822,0.696107864,0.133221298
4403,0.321090579,0.662249982,0.0166594647
4404,0.97969234,0.0144920154,0.00581563823
4405,0.797590792,0.146607339,0.0558018982
4406,0.772373438,0.188081756,0.0395447761
4407,0.504045427,0.337260425,0.158694118
4408,0.442579776,0.251047313,0.306372911
4409,0.111039974,0.825927258,0.0630327463
4410,0.946577251,0.0441799387,0.00924279541
4411,0.916014731,0.0751255676,0.00885967631
4412,0.423428953,0.53261745,0.043953605
4413,0.192218155,0.796354413,0.0114274025
4414,0.97533232,0.0152141247,0.00945356581
4415,0.113799021,0.853572309,0.0326286592
4416,0.562133729,0.399342984,0.0385233052
4417,0.984030545,0.00775047857,0.0082190102
4418,0.261996329,0.714324296,0.0236793552
4419,0.166584179,0.81040436,0.0230114404
4420,0.789413035,0.192985117,0.0176018868
4421,0.933733881,0.0604768246,0.00578926178
4422,0.977814198,0.0189043973,0.00328138983
4423,0.0846625566,0.881602645,0.0337347947
4424,0.123691864,0.852248192,0.0240599215
4425,0.569897354,0.384687573,0.0454150923
4426,0.600023568,0.344936639,0.0550398082
4427,0.408952296,0.511136115,0.079911612
4428,0.0935056657,0.892005622,0.0144887269
4429,0.965794146,0.0176552851,0.016550621
4430,0.979544818,0.0129575273,0.00749769527
4431,0.00409641257,0.0221999958,0.973703563
4432,0.625130653,0.272251606,0.102617688
4433,0.134271502,0.573568702,0.292159766
4434,0.990142524,0.00621620892,0.00364128803
4435,0.561633885,0.418103606,0.0202625431
4436,0.250996411,0.711753249,0.0372504108
4437,0.778532863,0.196154311,0.0253128093
4438,0.969382346,0.0192509722,0.0113667026
4439,0.361373067,0.62209934,0.0165275838
4440,0.282480001,0.684927225,0.0325927623
4441,0.0885634646,0.891247034,0.0201894864
4442,0.0487352572,0.499621183,0.451643556
4443,0.0673276037,0.497605562,0.435066819
4444,0.978213012,0.0182205159,0.00356648071
4445,0.0144226318,0.948917866,0.0366594791
4446,0.0325236693,0.932487607,0.0349887498
4447,0.844046593,0.131666094,0.0242873281
4448,0.29335621,0.637037396,0.0696063414
4449,0.832651436,0.142997444,0.0243510995
4450,0.97238934,0.018696826,0.00891386904
4451,0.449343264,0.27401185,0.276644886
4452,0.573522806,0.413044572,0.0134326369
4453,0.917310178,0.0686654672,0.014024362
4454,0.675799787,0.198957682,0.125242546
4455,0.983644187,0.00552554289,0.0108302226
4456,0.10878852,0.64053303,0.25067848
4457,0.916889012,0.0780683756,0.00504260231
4458,0.234016746,0.220836788,0.545146465
4459,0.015698662,0.923963547,0.0603377745
4460,0.531188369,0.358281821,0.110529803
4461,0.987114012,0.0072769206,0.00560905878
4462,0.110078201,0.146910772,0.743010998
4463,0.0598927028,0.867232502,0.0728747845
4464,0.889940858,0.0844959691,0.0255631674
4465,0.174025401,0.233188674,0.592785954
4466,0.73208946,0.250587642,0.0173228644
4467,0.196241185,0.758598983,0.0451598465
4468,0.349715084,0.56551975,0.0847652033
4469,0.13479422,0.841672838,0.0235329363
4470,0.174886301,0.75569284,0.0694208741
4471,0.712914228,0.271618485,0.0154672833
4472,0.429921806,0.555499673,0.0145785343
4473,0.611479282,0.37047568,0.0180449989
4474,0.557829499,0.420051157,0.0221193414
4475,0.174061656,0.47009939,0.355838984
4476,0.247112855,0.680768609,0.0721185207
4477,0.949675381,0.0395585224,0.0107660992
4478,0.702612877,0.275255442,0.0221316889
4479,0.00214648433,0.00290337787,0.994950116
4480,0.878550828,0.0888286605,0.032620538
4481,0.0104405861,0.495225549,0.494333863
4482,0.959908783,0.0348624997,0.00522864843
4483,0.0394030884,0.94782877,0.0127681643
4484,0.0438685305,0.0740501508,0.88208133
4485,0.164475009,0.589517474,0.246007532
4486,0.929843307,0.0528200157,0.0173366889
4487,0.643463612,0.202790573,0.15374583
4488,0.291473687,0.697045922,0.0114803873
4489,0.991695464,0.00414174236,0.00416282564
4490,0.0764658973,0.4423199,0.481214166
4491,0.76514715,0.216483891,0.0183689464
4492,0.961581469,0.0309008528,0.00751772383
4493,0.989572585,0.00715711573,0.00327034877
4494,0.982545733,0.0133687165,0.00408553099
4495,0.901622653,0.0709071904,0.0274701286
4496,0.175142691,0.809906006,0.0149512654
4497,0.533254325,0.44516921,0.0215764921
4498,0.738682032,0.252092272,0.00922574941
4499,0.894646347,0.0454410762,0.0599125735
4500,0.0160152912,0.953912914,0.0300718006
4501,0.573383152,0.399216294,0.0274005644
4502,0.912671626,0.0668828785,0.0204455089
4503,0.887588739,0.0998820513,0.0125291785
4504,0.0151690189,0.0639187992,0.920912206
4505,0.257098228,0.499111444,0.243790329
4506,0.820921421,0.167723984,0.0113545861
4507,0.904222548,0.0878608078,0.00791667402
4508,0.2529172,0.725614011,0.0214687884
4509,0.880161583,0.0997428149,0.0200956296
4510,0.275200695,0.274089962,0.450709343
4511,0.301391959,0.65024662,0.0483614765
4512,0.0375196598,0.791065335,0.171415001
4513,0.926429629,0.0684492439,0.00512113469
4514,0.00470632594,0.0486279614,0.946665704
4515,0.965777814,0.0274993386,0.00672281813
4516,0.889668643,0.0962132141,0.0141181573
4517,0.917557478,0.0360979848,0.0463445112
4518,0.406928331,0.516140759,0.0769308731
4519,0.473302603,0.505808711,0.0208886769
4520,0.987081647,0.00846661907,0.00445171027
4521,0.935417295,0.0379730575,0.0266096462
4522,0.973079562,0.0219233427,0.00499706157
4523,0.632191777,0.32094273,0.0468654931
4524,0.74916333,0.234980419,0.0158562455
4525,0.774802625,0.166518077,0.0586793385
4526,0.779159427,0.114815429,0.106025174
4527,0.0621437579,0.656862319,0.280993938
4528,0.964505553,0.0214191899,0.0140752634
4529,0.580996275,0.317602605,0.10140112
4530,0.131494761,0.0268339198,0.841671288
4531,0.150837287,0.0832732394,0.765889466
4532,0.518203378,0.429420084,0.0523765273
4533,0.98180306,0.00713397097,0.011062962
4534,0.151299432,0.831075907,0.0176246744
4535,0.587287486,0.362630576,0.050081864
4536,0.796795905,0.158783317,0.044420816
4537,0.554036081,0.423891604,0.0220723245
4538,0.245767489,0.724448562,0.0297839977
4539,0.934705198,0.0499481931,0.0153465774
4540,0.98794359,0.00430706004,0.00774931675
4541,0.0187284462,0.836063802,0.145207718
4542,0.15637733,0.830000877,0.0136217596
4543,0.0722938329,0.883357227,0.0443489328
4544,0.7750386,0.214539349,0.0104220547
4545,0.22247909,0.697599411,0.0799215287
4546,0.918947518,0.064222455,0.0168299787
4547,0.448916763,0.506341398,0.0447418578
4548,0.991297305,0.0051250956,0.00357760675
4549,0.117165491,0.196908504,0.68592602
4550,0.186443329,0.752809167,0.0607474744
4551,0.134749934,0.272497714,0.592752337
4552,0.952578068,0.0370501876,0.0103717307
4553,0.842561603,0.143409654,0.0140287429
4554,0.405241281,0.581921995,0.012836731
4555,0.985073209,0.010254804,0.00467200531
4556,0.0708795339,0.846301198,0.0828192383
4557,0.907538891,0.0765431747,0.0159179922
4558,0.282507807,0.470138878,0.247353315
4559,0.854455352,0.124915153,0.0206294507
4560,0.654423892,0.327353984,0.0182221197
4561,0.0720552653,0.878234386,0.0497104079
4562,0.615019143,0.358203769,0.0267771203
4563,0.762879848,0.217116624,0.0200035367
4564,0.0465544499,0.945996702,0.00744878501
4565,0.692219734,0.294392556,0.0133877108
4566,0.15010187,0.420856982,0.429041088
4567,0.167810157,0.792045891,0.0401439555
4568,0.442449152,0.519725561,0.0378252864
4569,0.0931458399,0.0341777094,0.872676492
4570,0.304841638,0.499582112,0.195576295
4571,0.603297353,0.367615223,0.0290873758
4572,0.894340754,0.0689229444,0.0367362723
4573,0.236802921,0.65029645,0.112900652
4574,0.966223538,0.0303013101,0.0034751608
4575,0.0330991298,0.530481339,0.436419517
4576,0.8067379,0.179824546,0.0134375002
4577,0.927089632,0.0651012957,0.00780905876
4578,0.584979951,0.375013143,0.040006917
4579,0.0237633493,0.920863032,0.0553736389
4580,0.0982869044,0.649813533,0.25189957
4581,0.694310367,0.276454598,0.0292350613
4582,0.00326265045,0.379341036,0.617396355
4583,0.890749037,0.10283152,0.00641940488
4584,0.989004731,0.00354551105,0.00744976616
4585,0.0300940536,0.115521461,0.854384482
4586,0.140582085,0.266993552,0.592424333
4587,0.930839419,0.049294319,0.0198662207
4588,0.694775522,0.284986228,0.0202382356
4589,0.107336335,0.509798825,0.382864863
4590,0.937049747,0.0565842539,0.00636601541
4591,0.193157941,0.336467385,0.470374674
4592,0.061384622,0.58496505,0.353650302
4593,0.868789136,0.102018028,0.0291928407
4594,0.664596975,0.316377938,0.0190250892
4595,0.107424133,0.069396086,0.823179781
4596,0.425322235,0.381528258,0.193149507
4597,0.959026754,0.0303969793,0.0105762733
4598,0.958510756,0.0355922841,0.00589697203
4599,0.529259682,0.447663277,0.0230770595
4600,0.853666782,0.0714067668,0.0749264359
4601,0.677048266,0.299437642,0.0235140771
4602,0.637886703,0.303130835,0.0589824282
4603,0.752199113,0.22524108,0.0225598365
4604,0.993325531,0.00393454917,0.0027399282
4605,0.162425295,0.789557159,0.0480175428
4606,0.127741233,0.849865198,0.0223935787
4607,0.611593664,0.337334275,0.0510721132
4608,0.202844456,0.182833195,0.614322364
4609,0.869200468,0.123503104,0.00729640946
4610,0.923049867,0.0325630829,0.0443870798
4611,0.020881433,0.0704669952,0.90865159
4612,0.158100307,0.0736598223,0.768239856
4613,0.201505572,0.771479905,0.0270145126
4614,0.0179702882,0.945325851,0.0367038064
4615,0.202785119,0.737186551,0.0600282997
4616,0.762404919,0.0447376519,0.192857429
4617,0.801400781,0.186564133,0.0120350644
4618,0.194005266,0.758806884,0.0471878499
4619,0.847342551,0.0785133541,0.0741440728
4620,0.138502836,0.212591082,0.648906112
4621,0.00903050974,0.0103439102,0.98062557
4622,0.0420995913,0.107372105,0.8505283
4623,0.600888848,0.300451726,0.0986594558
4624,0.422520876,0.0852027759,0.492276341
4625,0.00852233078,0.165371224,0.826106429
4626,0.670624018,0.311293751,0.0180822182
4627,0.105237052,0.881406963,0.0133559499
4628,0.970282078,0.0219057985,0.00781213446
4629,0.896584511,0.0720147267,0.031400796
4630,0.974472106,0.010987686,0.0145401787
4631,0.35433501,0.0651986748,0.58046627
4632,0.809257388,0.166502193,0.0242404789
4633,0.292326838,0.558609724,0.149063423
4634,0.749883771,0.191992685,0.058123488
4635,0.0395395309,0.88230145,0.0781590044
4636,0.932658494,0.0558252484,0.01151626
4637,0.104856424,0.857465088,0.0376784764
4638,0.579479694,0.406789601,0.013730729
4639,0.144782692,0.0488457754,0.80637157
4640,0.0933128223,0.823764265,0.0829228982
4641,0.830385566,0.135517031,0.0340974592
4642,0.859296381,0.101469286,0.0392343365
4643,0.203125596,0.756186783,0.0406876244
4644,0.975562096,0.0131367492,0.0113011766
4645,0.84990865,0.12763834,0.0224530231
4646,0.269320458,0.573054016,0.157625541
4647,0.40588066,0.555015028,0.0391043164
4648,0.982175469,0.0134532079,0.00437129615
4649,0.18618612,0.736721575,0.0770922601
4650,0.992406011,0.0047560106,0.00283798808
4651,0.98009944,0.0118923411,0.00800822861
4652,0.344302237,0.616092861,0.0396048874
4653,0.966917396,0.0262964852,0.00678612292
4654,0.0400673002,0.884194314,0.075738363
4655,0.0480751693,0.873805702,0.0781191662
4656,0.704468966,0.268711209,0.0268198382
4657,0.949670374,0.0436444692,0.00668514892
4658,0.0322709382,0.92946291,0.0382661298
4659,0.0776079297,0.82210809,0.10028398
4660,0.973456025,0.0160202496,0.0105237393
4661,0.967839777,0.0250838678,0.00707633141
4662,0.359658867,0.619325161,0.0210159738
4663,0.144852221,0.814870596,0.0402771607
4664,0.896988213,0.0808995664,0.0221121758
4665,0.390615046,0.583013713,0.0263711866
4666,0.341324866,0.549705982,0.108969182
4667,0.970502675,0.0121071842,0.0173901003
4668,0.113603801,0.218051285,0.668344915
4669,0.987280607,0.00634777499,0.00637161825
4670,0.859583437,0.0790489614,0.0613676459
4671,0.921942115,0.0614831336,0.0165747348
4672,0.268395245,0.0716013536,0.660003364
4673,0.2173834,0.513890922,0.268725663
4674,0.920859635,0.0342237465,0.0449166447
4675,0.318897486,0.573031366,0.108071148
4676,0.404352844,0.577260256,0.0183868371
4677,0.989270687,0.00752063654,0.0032086838
4678,0.233911291,0.746616006,0.0194726717
4679,0.341665417,0.626765549,0.0315690339
4680,0.156671628,0.818638146,0.0246902481
4681,0.178706691,0.220051602,0.601241708
4682,0.944119692,0.0429148823,0.0129654026
4683,0.985245407,0.00806053076,0.00669407193
4684,0.101407044,0.246429935,0.652163029
4685,0.0376279801,0.924711049,0.0376609489
4686,0.986318827,0.00810861494,0.00557258399
4687,0.873781919,0.0980068222,0.0282112584
4688,0.869234502,0.0896993279,0.0410662033
4689,0.254161298,0.225893617,0.519945025
4690,0.00811817124,0.028672453,0.963209391
4691,0.184923247,0.795722783,0.0193539411
4692,0.042336762,0.0199812241,0.937681973
4693,0.0244264007,0.960555792,0.0150177833
4694,0.186370343,0.329075217,0.48455444
4695,0.273738593,0.70222044,0.0240410268
4696,0.0020473965,0.0216598827,0.976292729
4697,0.121556312,0.840130746,0.0383129679
4698,0.446638346,0.533300996,0.0200606789
4699,0.132213935,0.820495963,0.0472900979
4700,0.0038324974,0.00512631238,0.991041183
4701,0.169229165,0.805519819,0.0252510216
4702,0.134975627,0.108296059,0.756728292
4703,0.989738107,0.00750653865,0.00275531411
4704,0.745058894,0.239271879,0.0156692043
4705,0.128296971,0.777445614,0.0942574069
4706,0.0259701591,0.0679055825,0.906124234
4707,0.749426067,0.222179994,0.0283939391
4708,0.957841098,0.0155381663,0.0266207363
4709,0.0189600289,0.10337884,0.877661169
4710,0.670137346,0.315133154,0.0147295026
4711,0.957782686,0.017819088,0.0243982002
4712,0.0440677255,0.844405234,0.111527003
4713,0.514213979,0.435433179,0.0503528267
4714,0.362025738,0.295514613,0.342459589
4715,0.910932124,0.082255505,0.00681235408
4716,0.63359946,0.34826386,0.0181366373
4717,0.898674428,0.084120512,0.0172050688
4718,0.0282614678,0.402876496,0.568862021
4719,0.864344656,0.12754783,0.00810756255
4720,0.638487875,0.292036772,0.0694753677
4721,0.706155002,0.202572957,0.091272071
4722,0.339841515,0.203066602,0.457091868
4723,0.107229412,0.868630469,0.0241401289
4724,0.806005001,0.182852909,0.0111420806
4725,0.919437706,0.0735733658,0.00698893424
4726,0.298868924,0.673658192,0.0274729133
4727,0.0964936018,0.396946102,0.506560326
4728,0.643119454,0.347099811,0.00978074595
4729,0.338310778,0.62509203,0.0365971774
4730,0.426878959,0.540795803,0.0323253088
4731,0.0482517667,0.886202037,0.0655462369
4732,0.935613215,0.0559984408,0.00838836282
4733,0.0273601282,0.0205390882,0.952100813
4734,0.897039115,0.0970494077,0.00591142569
4735,0.835589051,0.105603099,0.0588078573
4736,0.132652551,0.839322269,0.0280251633
4737,0.894624889,0.0778266191,0.0275484584
4738,0.992857814,0.00340762408,0.00373456441
4739,0.758666992,0.211825639,0.0295074154
4740,0.289128423,0.476420254,0.234451324
4741,0.191865921,0.721608043,0.0865260288
4742,0.927677393,0.0483029857,0.0240196101
4743,0.944960296,0.0380009674,0.017038798
4744,0.466592342,0.508527935,0.024879694
4745,0.934846401,0.0557066351,0.00944696087
4746,0.212771788,0.768128932,0.0190992225
4747,0.145528093,0.767427742,0.0870441645
4748,0.277249992,0.683810472,0.0389395542
4749,0.961865425,0.0347017609,0.00343282684
4750,0.955764055,0.0338842794,0.0103516793
4751,0.0132257538,0.237929016,0.74884522
4752,0.692212999,0.291695297,0.01609171
4753,0.679613352,0.310743541,0.00964308903
4754,0.282001376,0.633660495,0.0843381509
4755,0.0119132083,0.741954625,0.24613221
4756,0.928243756,0.0476501659,0.0241060853
4757,0.046238713,0.873079836,0.0806814507
4758,0.989248753,0.00620587403,0.00454541948
4759,0.970335603,0.014257553,0.0154068703
4760,0.167619944,0.57340312,0.258976996
4761,0.302181333,0.623960078,0.0738585666
4762,0.951068103,0.0345929787,0.0143388864
4763,0.054968033,0.84056288,0.104469076
4764,0.214089736,0.721001804,0.0649084598
4765,0.829111695,0.152576923,0.0183113925
4766,0.940680563,0.0514294393,0.00788997579
4767,0.154959291,0.814674914,0.0303657986
4768,0.21596925,0.76092124,0.0231094863
4769,0.609923363,0.323815227,0.0662614182
4770,0.768320143,0.176719397,0.0549604334
4771,0.841373682,0.151257098,0.00736928778
4772,0.857333481,0.136792511,0.00587402191
4773,0.616668642,0.344174206,0.0391571783
4774,0.197601438,0.767923653,0.0344748832
4775,0.808004975,0.1662945,0.0257005095
4776,0.277743578,0.457438469,0.264817953
4777,0.0872334763,0.343652338,0.569114208
4778,0.989039481,0.00785535108,0.00310522341
4779,0.98063904,0.0104475794,0.00891337171
4780,0.947265565,0.0345531963,0.0181812309
4781,0.630724549,0.345348805,0.0239266306
4782,0.0813672245,0.899521828,0.0191109553
4783,0.0377719402,0.899496675,0.0627313703
4784,0.981131673,0.0139296316,0.00493864994
4785,0.937337041,0.0552139543,0.00744902156
4786,0.9051314,0.0638334602,0.0310351364
4787,0.0379710719,0.947310209,0.0147187486
4788,0.0328875035,0.0877711624,0.879341364
4789,0.660031259,0.32218796,0.0177807603
4790,0.0150429001,0.0376093388,0.94734776
4791,0.0157731082,0.793161452,0.191065416
4792,0.265651882,0.718081713,0.0162663739
4793,0.924730062,0.050616689,0.0246532243
4794,0.432204396,0.507604659,0.0601909123
4795,0.829405129,0.138595492,0.0319993719
4796,0.330322832,0.211470544,0.458206594
4797,0.526570618,0.459684312,0.0137450453
4798,0.890402555,0.0984659493,0.0111314459
4799,0.721338153,0.264176339,0.0144855045
4800,0.20138067,0.2862252,0.51239413
4801,0.494952291,0.374745309,0.130302355
4802,0.16128473,0.200830624,0.637884617
4803,0.022560358,0.161777943,0.815661728
4804,0.155877024,0.694093227,0.150029689
4805,0.874630988,0.107453443,0.017915573
4806,0.0246079192,0.0474112853,0.927980781
4807,0.966583312,0.0273068789,0.0061097932
4808,0.619734406,0.369003922,0.0112616569
4809,0.954765677,0.0350986272,0.0101356702
4810,0.145261243,0.238796413,0.615942359
4811,0.895939112,0.0732963607,0.0307644997
4812,0.147790879,0.770849228,0.0813598633
4813,0.985454321,0.0104734525,0.00407222053
4814,0.0251366943,0.463274717,0.511588573
4815,0.0159240626,0.949693918,0.0343820266
4816,0.958469152,0.0357785001,0.00575232645
4817,0.689983964,0.144278809,0.165737212
4818,0.060211882,0.859811246,0.0799769014
4819,0.873826087,0.115065001,0.0111088725
4820,0.269222826,0.712100267,0.0186768994
4821,0.52084738,0.396373302,0.082779333
4822,0.216513693,0.759422958,0.0240633618
4823,0.00237394311,0.0117715457,0.985854506
4824,0.0374636985,0.773765922,0.188770413
4825,0.545672655,0.439169854,0.0151574407
4826,0.930583894,0.0582586825,0.0111574242
4827,0.154005334,0.731336772,0.114657894
4828,0.212370083,0.399603784,0.388026118
4829,0.929319739,0.0571400076,0.0135403052
4830,0.0258882064,0.112694718,0.861417055
4831,0.00766769424,0.0513186753,0.941013634
4832,0.428538322,0.557730496,0.013731177
4833,0.125690207,0.843562424,0.0307473149
4834,0.952738881,0.0354325734,0.011828579
4835,0.257898033,0.405908674,0.336193323
4836,0.983210862,0.0101093827,0.0066797589
4837,0.991225302,0.00360511173,0.00516960816
4838,0.98062396,0.0117515493,0.00762449438
4839,0.935752511,0.0471472517,0.0171002354
4840,0.954078555,0.0397608392,0.00616056984
4841,0.92198199,0.0688968226,0.00912122801
4842,0.97201556,0.0181436613,0.00984076783
4843,0.547391117,0.438282311,0.0143266171
4844,0.9849419,0.00914856326,0.00590952765
4845,0.828138351,0.159896091,0.01196557
4846,0.970572412,0.0156762078,0.0137513718
4847,0.975602269,0.00757015916,0.0168276187
4848,0.402089864,0.381614715,0.216295481
4849,0.252764583,0.685004652,0.0622307509
4850,0.100402765,0.700436234,0.199161023
4851,0.562033176,0.356383353,0.0815834925
4852,0.924564004,0.0576098077,0.0178261865
4853,0.937410772,0.0509327948,0.0116564278
4854,0.976412296,0.0138952695,0.00969245657
4855,0.652954996,0.302797168,0.0442478545
4856,0.152337521,0.798347533,0.0493149161
4857,0.938824296,0.0506399833,0.0105357347
4858,0.315021843,0.603254676,0.081723474
4859,0.852771819,0.101930894,0.0452972502
4860,0.873035669,0.109749682,0.0172146652
4861,0.270516008,0.547814608,0.181669414
4862,0.911686659,0.0779110938,0.0104022548
4863,0.0961058214,0.757803917,0.146090269
4864,0.93582499,0.0301997513,0.0339752622
4865,0.992538393,0.00386074861,0.00360081205
4866,0.956650734,0.0388243757,0.00452488754
4867,0.102787562,0.885206819,0.0120056178
4868,0.925831258,0.0612970702,0.0128716622
4869,0.206397578,0.748957455,0.0446450002
4870,0.971667647,0.014016076,0.0143163232
4871,0.878554165,0.105224609,0.0162212607
4872,0.498011917,0.272563756,0.229424328
4873,0.719461679,0.166692808,0.113845512
4874,0.585159123,0.402568638,0.0122722564
4875,0.53490001,0.411300957,0.0537989885
4876,0.0287618805,0.951495051,0.0197430253
4877,0.322320372,0.642174125,0.0355055779
4878,0.149247602,0.449424088,0.401328295
4879,0.196231529,0.78427726,0.0194911733
4880,0.883600175,0.105784498,0.0106153479
4881,0.985484719,0.0111100934,0.00340519752
4882,0.784438133,0.200764567,0.0147973103
4883,0.635554492,0.32320109,0.041244369
4884,0.987458646,0.0084756054,0.00406578882
4885,0.0281884018,0.0710407272,0.900770843
4886,0.294102013,0.653027534,0.0528704487
4887,0.745530725,0.216617167,0.0378521569
4888,0.901885927,0.0886507779,0.00946329813
4889,0.725969851,0.245813251,0.0282169078
4890,0.19156839,0.619326949,0.189104646
4891,0.79725498,0.170480654,0.0322643481
4892,0.116787955,0.138594821,0.744617224
4893,0.00545885321,0.0824862719,0.912054896
4894,0.0176042728,0.0540799946,0.928315759
4895,0.938364983,0.0528247803,0.00881024357
4896,0.176298842,0.774991155,0.0487099998
4897,0.149969012,0.820334792,0.0296961404
4898,0.126710013,0.847620547,0.025669435
4899,0.618727982,0.235128477,0.146143526
4900,0.38075611,0.573287845,0.0459560603
4901,0.971318483,0.0223299544,0.00635156827
4902,0.462164283,0.519936442,0.0178992804
4903,0.970010817,0.0227613859,0.00722780172
4904,0.43767789,0.414809734,0.147512376
4905,0.325016737,0.615055919,0.059927322
4906,0.982169032,0.0099629676,0.00786804128
4907,0.119718701,0.258053303,0.622227967
4908,0.212992564,0.6478194,0.139188066
4909,0.195321754,0.666331112,0.138347149
4910,0.259059489,0.719712615,0.0212278608
4911,0.864356637,0.12148501,0.0141583588
4912,0.700002909,0.250236392,0.0497606918
4913,0.851277769,0.139202416,0.0095198499
4914,0.174229026,0.162563697,0.663207293
4915,0.0207722094,0.859777629,0.119450197
4916,0.792183042,0.137163848,0.0706531331
4917,0.509697318,0.385803968,0.104498722
4918,0.77411443,0.215608463,0.010277153
4919,0.992655635,0.0033154469,0.0040288833
4920,0.0571216196,0.915646493,0.0272318274
4921,0.520078957,0.418950617,0.0609704219
4922,0.695521116,0.282998115,0.0214807987
4923,0.886145413,0.0898910537,0.0239635576
4924,0.212329626,0.765508175,0.022162145
4925,0.365826607,0.459789813,0.174383566
4926,0.289704919,0.473241597,0.237053499
4927,0.947658777,0.0364424214,0.0158987734
4928,0.988415897,0.00559838675,0.00598574569
4929,0.551062107,0.369396895,0.0795409828
4930,0.0698873252,0.858323872,0.07178884
4931,0.455186367,0.531917036,0.0128965462
4932,0.596780419,0.361169338,0.0420502536
4933,0.576542675,0.163743943,0.259713352
4934,0.0172350481,0.459696054,0.523068905
4935,0.984405935,0.0124309305,0.00316313421
4936,0.654545844,0.10333661,0.242117524
4937,0.484620184,0.395756066,0.119623795
4938,0.983212173,0.011158973,0.00562889874
4939,0.494616359,0.0543361641,0.45104748
4940,0.978117645,0.0175901596,0.00429222221
4941,0.449682176,0.490218282,0.0600995608
4942,0.0743423924,0.254702389,0.670955181
4943,0.915905237,0.0776748434,0.00641992968
4944,0.944005311,0.0485113002,0.00748337619
4945,0.977149308,0.0136353467,0.00921533164
4946,0.654713869,0.289726257,0.0555598848
4947,0.951144218,0.0414180458,0.00743776793
4948,0.0184528157,0.434735894,0.546811283
4949,0.130248651,0.841372252,0.0283791255
4950,0.615567803,0.360004246,0.0244279094
4951,0.82547617,0.144535154,0.0299886689
4952,0.0231143627,0.474620044,0.502265573
4953,0.591267586,0.392436624,0.0162958167
4954,0.144822538,0.790589154,0.0645883456
4955,0.210135221,0.768196464,0.0216682982
4956,0.871684432,0.100939862,0.0273757316
4957,0.583999991,0.368633121,0.0473669209
4958,0.0827253386,0.154927537,0.762347102
4959,0.957315981,0.0264201667,0.0162638407
4960,0.742123842,0.101323761,0.156552404
4961,0.179530993,0.293743372,0.52672565
4962,0.910004199,0.0837425068,0.00625327183
4963,0.173883945,0.340597212,0.485518843
4964,0.585533202,0.402083516,0.0123833092
4965,0.453087091,0.50988853,0.0370243676
4966,0.0450580306,0.7717731,0.183168903
4967,0.0166486613,0.869900048,0.11345128
4968,0.976179659,0.0169265233,0.00689380895
4969,0.930440664,0.0473064445,0.0222528595
4970,0.835120618,0.118327573,0.0465517975
4971,0.201206952,0.787115276,0.0116777904
4972,0.573867321,0.400343984,0.0257887244
4973,0.00187719997,0.00981388241,0.988308907
4974,0.890988111,0.0988699496,0.010141979
4975,0.123652652,0.623207033,0.253140301
4976,0.872969925,0.10453587,0.0224942081
4977,0.14555499,0.772778809,0.0816661566
4978,0.294927478,0.692810535,0.0122620072
4979,0.490867138,0.0983125046,0.410820365
4980,0.561881185,0.414894044,0.0232248306
4981,0.380288571,0.547337115,0.0723742768
4982,0.772783577,0.217624724,0.00959173497
4983,0.416641951,0.54717344,0.0361845754
4984,0.883759797,0.0936194807,0.022620704
4985,0.546238959,0.433565021,0.0201960709
4986,0.0176100768,0.0424345396,0.939955413
4987,0.596613944,0.390866607,0.0125194555
4988,0.983141303,0.00544884708,0.0114098554
4989,0.0941509455,0.122155577,0.783693433
4990,0.970516682,0.0271881483,0.0022951758
4991,0.0687551871,0.848048627,0.0831961781
4992,0.0339152254,0.937581778,0.0285030119
4993,0.022865748,0.117871329,0.859262943
4994,0.0996568352,0.612641573,0.287701577
4995,0.167074874,0.49047336,0.342451781
4996,0.980425239,0.0162028708,0.00337194186
4997,0.0742451623,0.805281162,0.120473675
4998,0.0895445272,0.741314232,0.169141188
4999,0.308030725,0.652341843,0.0396274403
5000,0.383028805,0.565960467,0.0510106869
5001,0.0325467549,0.861207724,0.106245503
5002,0.98576206,0.0113480957,0.0028898553
5003,0.971685648,0.0174477473,0.0108665656
5004,0.0269641243,0.941568613,0.0314672887
5005,0.173552573,0.780830264,0.0456171259
5006,0.362435728,0.613846421,0.0237178542
5007,0.974684417,0.0191604476,0.00615507318
5008,0.80106312,0.175192416,0.0237444509
5009,0.16743885,0.519037962,0.313523233
5010,0.0940899551,0.88781625,0.0180938002
5011,0.90294528,0.0882581174,0.00879656989
5012,0.0563758872,0.899962962,0.043661125
5013,0.823462605,0.164081633,0.0124557735
5014,0.627947271,0.346119136,0.0259335916
5015,0.0491245613,0.906324089,0.044551298
5016,0.963786244,0.0266944896,0.00951925293
5017,0.910616398,0.0802428946,0.00914070476
5018,0.977336824,0.00596173387,0.0167014375
5019,0.122736365,0.625672817,0.251590848
5020,0.873870194,0.104648203,0.0214816257
5021,0.374653786,0.60328567,0.0220604986
5022,0.193291038,0.315683454,0.491025507
5023,0.133958548,0.84920907,0.0168324113
5024,0.520680249,0.47162509,0.00769467046
5025,0.527038693,0.274885058,0.198076263
5026,0.106400892,0.869099796,0.0244993009
5027,0.747521818,0.225500464,0.0269777048
5028,0.34201926,0.539545238,0.118435524
5029,0.435756207,0.549638152,0.0146056078
5030,0.127887338,0.379341781,0.49277091
5031,0.175341457,0.462915808,0.361742735
5032,0.104881033,0.868055701,0.0270632375
5033,0.741900802,0.215848416,0.0422507972
5034,0.855942369,0.0919390619,0.0521186106
5035,0.793065131,0.136791334,0.0701435581
5036,0.851196229,0.13653554,0.0122682592
5037,0.51210469,0.364073247,0.123822093
5038,0.991777718,0.00468657585,0.00353570725
5039,0.574274004,0.362014174,0.0637118146
5040,0.159440145,0.591054201,0.249505699
5041,0.956497431,0.0385524072,0.00495017879
5042,0.0485890284,0.255885869,0.695525169
5043,0.336811453,0.522905469,0.140283063
5044,0.399390876,0.577998519,0.022610629
5045,0.273159444,0.689565599,0.0372749493
5046,0.772340059,0.202402666,0.025257282
5047,0.084106572,0.292076975,0.623816431
5048,0.992170036,0.00515436288,0.00267564435
5049,0.33632502,0.646008134,0.0176668521
5050,0.873052418,0.121604055,0.00534352195
5051,0.585184693,0.402860671,0.0119546568
5052,0.766584456,0.140333071,0.0930824727
5053,0.466480553,0.498372525,0.0351469144
5054,0.786284089,0.177818954,0.0358969755
5055,0.976627946,0.0163302533,0.0070418166
5056,0.593763173,0.39558199,0.0106548378
5057,0.0806224644,0.810177207,0.109200373
5058,0.638001144,0.342706829,0.0192920584
5059,0.0406302214,0.68469137,0.274678409
5060,0.959838688,0.0304337665,0.00972753484
5061,0.972589135,0.0195506644,0.00786020234
5062,0.128613472,0.0434156992,0.827970803
5063,0.463222653,0.436606586,0.100170821
5064,0.979006767,0.00650661439,0.0144866146
5065,0.928686917,0.0586373955,0.0126756951
5066,0.346333593,0.592384458,0.0612819567
5067,0.883423805,0.0999293327,0.0166468881
5068,0.203045085,0.196344197,0.600610733
5069,0.810570836,0.142907456,0.0465216935
5070,0.932913065,0.0476909727,0.0193959773
5071,0.061593391,0.917868912,0.0205377191
5072,0.911265969,0.0578966513,0.0308373775
5073,0.941107988,0.0454052426,0.013486729
5074,0.949311078,0.0429686494,0.00772027345
5075,0.420201927,0.548787117,0.0310109388
5076,0.10946124,0.846462905,0.0440758839
5077,0.71351999,0.268573463,0.0179065447
5078,0.808520436,0.15689075,0.0345887765
5079,0.404487252,0.579187512,0.0163252745
5080,0.979759336,0.0133822206,0.00685847318
5081,0.0410875119,0.417644858,0.541267633
5082,0.980624199,0.0157210063,0.0036547794
5083,0.406327307,0.229503289,0.364169419
5084,0.0181912594,0.0346772745,0.947131515
5085,0.866536021,0.0369009562,0.0965630412
5086,0.990565479,0.00590231316,0.00353217218
5087,0.882049143,0.0612714551,0.0566794015
5088,0.188313961,0.667772114,0.14391394
5089,0.51936233,0.388635397,0.0920023099
5090,0.35433951,0.594770312,0.0508901663
5091,0.805994272,0.157005906,0.0369998515
5092,0.985553324,0.0106578721,0.00378881302
5093,0.885840535,0.0784283876,0.0357311144
5094,0.781086206,0.17012848,0.0487852953
5095,0.554018438,0.408124,0.0378575623
5096,0.983595014,0.0126976389,0.0037073642
5097,0.0775427744,0.856151223,0.0663060024
5098,0.0289215483,0.952605188,0.0184732378
5099,0.350719571,0.0746154338,0.57466501
5100,0.969521165,0.0240420122,0.00643680384
5101,0.836708486,0.148910388,0.0143811582
5102,0.0606309846,0.794242859,0.145126075
5103,0.170274213,0.742452621,0.0872731283
5104,0.735527456,0.183745563,0.0807269961
5105,0.793077111,0.190998301,0.0159245823
5106,0.530312479,0.435304821,0.0343827009
5107,0.673207641,0.310530454,0.0162618831
5108,0.987695634,0.0071219597,0.00518237613
5109,0.867086411,0.0837095827,0.0492039807
5110,0.187905446,0.68064636,0.131448209
5111,0.779512346,0.194350809,0.02613681
5112,0.00321978168,0.0325470008,0.96423322
5113,0.262684405,0.527930796,0.209384784
5114,0.431878179,0.431327105,0.136794686
5115,0.0108586801,0.022057103,0.967084229
5116,0.394321859,0.561926603,0.043751508
5117,0.172467172,0.814331293,0.0132015608
5118,0.985532522,0.00418312103,0.0102843586
5119,0.279065222,0.680945218,0.0399895497
5120,0.963711619,0.0317623615,0.00452599581
5121,0.978149235,0.00956802815,0.012282731
5122,0.843046665,0.118273862,0.038679488
5123,0.941327989,0.0442314893,0.0144405095
5124,0.820132732,0.161595404,0.0182718839
5125,0.2961393,0.62659663,0.0772640258
5126,0.118239164,0.855869055,0.0258917734
5127,0.835172057,0.157679647,0.00714830868
5128,0.837816596,0.152383983,0.00979939289
5129,0.0129644321,0.819497108,0.167538449
5130,0.554804802,0.399226815,0.0459684134
5131,0.730803549,0.233319566,0.0358768739
5132,0.0640095025,0.892910719,0.0430797823
5133,0.4939349,0.450655967,0.0554091297
5134,0.409199506,0.570921361,0.0198791344
5135,0.26127544,0.667157948,0.0715665966
5136,0.518805444,0.392899156,0.0882954001
5137,0.281705469,0.696330667,0.0219638944
5138,0.518881917,0.438463449,0.0426546596
5139,0.0331062898,0.272981972,0.693911731
5140,0.102189682,0.829794407,0.0680158734
5141,0.953847706,0.0396182425,0.00653400226
5142,0.718349457,0.0643827617,0.217267752
5143,0.15972048,0.8306005,0.00967903249
5144,0.935370088,0.0542388372,0.010391105
5145,0.0950796679,0.641773224,0.263147116
5146,0.762220919,0.150157422,0.0876217261
5147,0.65859586,0.326562673,0.0148415118
5148,0.383812517,0.54880017,0.0673873276
5149,0.791923106,0.0929109827,0.115165889
5150,0.687845767,0.291318893,0.0208353028
5151,0.416153997,0.566908538,0.0169374757
5152,0.130354956,0.146673813,0.722971201
5153,0.0435882397,0.942365646,0.014046127
5154,0.130966559,0.0545329787,0.814500451
5155,0.44563055,0.527439952,0.0269295163
5156,0.775310874,0.0104323002,0.214256868
5157,0.60605526,0.356102079,0.0378426686
5158,0.646538377,0.336802602,0.0166590028
5159,0.231313378,0.65907073,0.109615907
5160,0.849000216,0.1398388,0.0111609567
5161,0.932769835,0.0583990216,0.00883117225
5162,0.260247886,0.164690644,0.57506144
5163,0.77585417,0.13150309,0.0926427469
5164,0.0595629774,0.844008923,0.096428141
5165,0.97515887,0.0155614018,0.00927976519
5166,0.48856914,0.495016545,0.0164142735
5167,0.96955055,0.0258510802,0.00459837914
5168,0.952428758,0.0320973583,0.0154738659
5169,0.23984912,0.674024284,0.0861265957
5170,0.817087233,0.176258743,0.00665399665
5171,0.975974977,0.0187148936,0.0053101154
5172,0.747114658,0.239248008,0.0136373807
5173,0.197660893,0.729567885,0.072771281
5174,0.459845722,0.526871741,0.0132825235
5175,0.904136658,0.0865307897,0.00933260005
5176,0.217883587,0.753163159,0.0289532281
5177,0.615225792,0.353507668,0.0312665254
5178,0.944345176,0.0450189747,0.0106358184
5179,0.260928392,0.627081215,0.1119904
5180,0.00547142653,0.158497408,0.836031199
5181,0.0397956669,0.925065935,0.0351383723
5182,0.989236474,0.00828327332,0.0024802722
5183,0.883946896,0.050482586,0.0655705407
5184,0.922029197,0.0682364926,0.00973432418
5185,0.986266971,0.00437771855,0.00935526658
5186,0.957988024,0.0358291231,0.00618281914
5187,0.329718709,0.650714159,0.0195670929
5188,0.0103450725,0.0108521525,0.9788028
5189,0.0820664838,0.844946504,0.0729869977
5190,0.969252825,0.0227965694,0.00795063563
5191,0.39415589,0.583022892,0.0228211768
5192,0.0340709016,0.478912711,0.48701638
5193,0.940501392,0.0462231375,0.0132754603
5194,0.136484921,0.845907271,0.0176078528
5195,0.776341677,0.214445382,0.00921293441
5196,0.982007265,0.0138844447,0.00410825154
5197,0.627515197,0.336598873,0.0358859226
5198,0.943257749,0.0330717787,0.0236704592
5199,0.777198672,0.170894459,0.0519068614
5200,0.451971412,0.531270325,0.0167582277
5201,0.70780462,0.276947707,0.0152476737
5202,0.30184719,0.67953372,0.0186190773
5203,0.527748287,0.44613871,0.0261129811
5204,0.0282190908,0.921095252,0.0506856963
5205,0.913907945,0.0605456457,0.0255463868
5206,0.234996662,0.31585446,0.449148864
5207,0.855634451,0.122077383,0.0222881716
5208,0.0703354031,0.889069378,0.0405952074
5209,0.882075131,0.0859985799,0.0319263153
5210,0.27241829,0.6953547,0.0322269686
5211,0.940544128,0.0531633422,0.00629259087
5212,0.983849525,0.0125419311,0.00360854669
5213,0.13372767,0.812362075,0.0539102219
5214,0.990501583,0.00529535953,0.00420308346
5215,0.43569836,0.53971386,0.0245877691
5216,0.731987357,0.220703855,0.0473088026
5217,0.543993354,0.440579057,0.0154275633
5218,0.502631187,0.210896552,0.286472321
5219,0.767293155,0.205600694,0.0271061622
5220,0.0124948025,0.968707979,0.0187972263
5221,0.32629934,0.599838793,0.0738618746
5222,0.304200083,0.670631588,0.0251683313
5223,0.990628958,0.00470582349,0.00466521364
5224,0.812953413,0.168643266,0.0184033457
5225,0.39366737,0.557922244,0.0484104306
5226,0.010882495,0.219047412,0.770070076
5227,0.221418083,0.749763608,0.0288182907
5228,0.974176705,0.0117763896,0.0140468935
5229,0.867938519,0.0831827074,0.0488787815
5230,0.969094217,0.0212763194,0.00962943491
5231,0.938137412,0.051787287,0.0100752898
5232,0.17131795,0.806875527,0.0218065213
5233,0.143218532,0.820592999,0.036188446
5234,0.153341725,0.818924427,0.027733868
5235,0.0722603425,0.875774682,0.0519649386
5236,0.042037975,0.651349843,0.306612194
5237,0.847169042,0.107445687,0.0453852937
5238,0.932679117,0.0525615215,0.0147593059
5239,0.0323720574,0.954295933,0.0133320102
5240,0.19499068,0.772675097,0.0323341861
5241,0.648093581,0.326754928,0.0251514856
5242,0.858020067,0.105714507,0.0362653956
5243,0.523974538,0.454624265,0.0214011986
5244,0.817202568,0.173478186,0.00931922812
5245,0.840436101,0.148287117,0.0112768011
5246,0.0139512457,0.939822674,0.0462260582
5247,0.0249214917,0.0574987195,0.91757977
5248,0.267872959,0.70931685,0.0228101816
5249,0.163367316,0.675107539,0.16152513
5250,0.25242725,0.726154625,0.0214181561
5251,0.987936854,0.0082829548,0.00378018897
5252,0.0693979785,0.204373345,0.726228654
5253,0.0262596849,0.948229909,0.0255104043
5254,0.937427878,0.0515773185,0.010994792
5255,0.354085952,0.630314946,0.0155990776
5256,0.980324268,0.013266664,0.00640910538
5257,0.424994558,0.407386005,0.167619437
5258,0.690576553,0.0534234568,0.256000012
5259,0.238342255,0.729973495,0.0316842385
5260,0.737150609,0.19570066,0.0671487302
5261,0.377004743,0.60955292,0.0134423673
5262,0.676875412,0.210946441,0.112178139
5263,0.161845744,0.796702683,0.0414515287
5264,0.356431335,0.582824826,0.0607438311
5265,0.298508108,0.670113325,0.0313786119
5266,0.942911446,0.0439624377,0.0131260697
5267,0.0209494513,0.336187601,0.642862976
5268,0.642727792,0.311013252,0.0462590009
5269,0.935638905,0.0505794771,0.0137816295
5270,0.00142955221,0.00678461418,0.991785824
5271,0.942856967,0.0464325435,0.0107105244
5272,0.846141934,0.143550724,0.0103073185
5273,0.744706631,0.195784062,0.0595093295
5274,0.211564779,0.724549472,0.0638857856
5275,0.0321363285,0.0496666096,0.918197036
5276,0.40641287,0.574105442,0.0194817297
5277,0.196540251,0.738462031,0.0649977177
5278,0.0100651383,0.939158797,0.0507760495
5279,0.0302178916,0.821712673,0.148069441
5280,0.843889713,0.145258456,0.0108517986
5281,0.11433059,0.851242602,0.0344268121
5282,0.877205491,0.110775128,0.0120193679
5283,0.247167081,0.737937808,0.0148950899
5284,0.0259267595,0.960503161,0.013570114
5285,0.0850534514,0.893348992,0.021597553
5286,0.0178366806,0.0563029051,0.925860405
5287,0.543282807,0.437723875,0.0189933032
5288,0.724150777,0.211200923,0.0646482632
5289,0.963082194,0.0126049574,0.0243128762
5290,0.967758596,0.0218929891,0.0103484085
5291,0.293707728,0.677872956,0.0284193084
5292,0.609801412,0.368086576,0.0221120305
5293,0.0652812645,0.47497654,0.459742218
5294,0.6799528,0.292098582,0.0279486272
5295,0.142191514,0.808148682,0.0496598221
5296,0.0869278461,0.880892634,0.0321795307
5297,0.350371718,0.600396395,0.0492319092
5298,0.613103092,0.373851895,0.013045013
5299,0.0376791619,0.626376331,0.335944474
5300,0.956446171,0.0389298648,0.00462394906
5301,0.938726604,0.0553346723,0.00593875255
5302,0.138356626,0.286507279,0.575136125
5303,0.979919732,0.00416676886,0.0159135349
5304,0.0649983957,0.898323238,0.0366783589
5305,0.399919212,0.547058463,0.0530223399
5306,0.0114597436,0.0102194818,0.978320777
5307,0.822673321,0.166958377,0.0103682801
5308,0.957920611,0.036721576,0.0053577926
5309,0.897515893,0.0894084945,0.0130755836
5310,0.656806231,0.304997832,0.0381959043
5311,0.924279809,0.061307773,0.0144124404
5312,0.993405998,0.00357068703,0.00302323559
5313,0.958148479,0.0355867185,0.00626475457
5314,0.324019104,0.628886759,0.047094129
5315,0.139695451,0.833692431,0.0266121384
5316,0.948029101,0.0417192504,0.0102517316
5317,0.658722878,0.233369157,0.107907966
5318,0.684546113,0.305135131,0.0103187757
5319,0.266947985,0.125236928,0.607815087
5320,0.985291243,0.0103518376,0.00435693422
5321,0.606039286,0.375338703,0.0186220426
5322,0.155396625,0.823880911,0.0207224339
5323,0.451185048,0.473450482,0.0753644854
5324,0.801135361,0.184429944,0.0144347064
5325,0.986937642,0.00567218009,0.00739019923
5326,0.97648859,0.0170296971,0.00648170011
5327,0.631213427,0.325571328,0.0432152525
5328,0.283301383,0.704574108,0.0121245338
5329,0.17910099,0.799255848,0.0216431338
5330,0.991521597,0.00478460221,0.00369384629
5331,0.126727775,0.715348184,0.157924026
5332,0.984639943,0.00922084786,0.00613926351
5333,0.293941736,0.666889131,0.0391691104
5334,0.207816154,0.428630024,0.363553822
5335,0.089860186,0.795407116,0.11473269
5336,0.849653244,0.130147979,0.0201988388
5337,0.027782768,0.233072728,0.739144504
5338,0.549091876,0.428937525,0.021970598
5339,0.134600103,0.827833831,0.0375660509
5340,0.63233006,0.316102415,0.051567506
5341,0.240795434,0.657064557,0.102140024
5342,0.980687916,0.0163919833,0.00292007998
5343,0.568889201,0.401400149,0.0297106951
5344,0.859674752,0.102675013,0.0376502201
5345,0.0531213246,0.913546681,0.0333319902
5346,0.254325569,0.372379601,0.37329483
5347,0.168981358,0.5421139,0.288904786
5348,0.925510764,0.0671110451,0.00737819541
5349,0.967329502,0.0269792099,0.00569126243
5350,0.424693227,0.466998369,0.108308412
5351,0.987984538,0.00875751767,0.00325794588
5352,0.748674989,0.241598308,0.00972672738
5353,0.990757287,0.00654222909,0.00270047178
5354,0.88400197,0.102182843,0.0138152055
5355,0.965292096,0.0225119255,0.0121959634
5356,0.0480719544,0.69502461,0.25690344
5357,0.987629294,0.00803521089,0.00433550682
5358,0.984721899,0.00886469707,0.00641340762
5359,0.959562242,0.0280110408,0.0124266781
5360,0.993297935,0.00377630675,0.00292576943
5361,0.907680452,0.082397528,0.00992202573
5362,0.0840314031,0.902604163,0.0133644007
5363,0.203412428,0.681225836,0.115361728
5364,0.223610327,0.46845156,0.307938099
5365,0.982012093,0.0141155301,0.00387241226
5366,0.00997470878,0.013383613,0.976641655
5367,0.695761323,0.217381641,0.086857006
5368,0.0811150745,0.858754456,0.0601304471
5369,0.857639194,0.120688163,0.0216726866
5370,0.947382748,0.0490347855,0.00358243287
5371,0.0334245935,0.84756732,0.119008094
5372,0.114925928,0.826561928,0.058512155
5373,0.0778125226,0.649477541,0.272709906
5374,0.495729387,0.463992715,0.0402778983
5375,0.804163694,0.179151356,0.0166849382
5376,0.902481019,0.0866589099,0.0108600426
5377,0.923032701,0.0537848026,0.0231824797
5378,0.403887659,0.388836622,0.207275704
5379,0.0590513982,0.149141103,0.791807473
5380,0.985511243,0.0101858294,0.0043029571
5381,0.952482343,0.0351007469,0.0124169104
5382,0.0803594813,0.852487922,0.0671525747
5383,0.135673314,0.805960298,0.0583663695
5384,0.975069344,0.0221890509,0.00274161436
5385,0.140614867,0.490096807,0.369288296
5386,0.2418001,0.648783326,0.109416537
5387,0.579224944,0.403225452,0.0175495967
5388,0.699541152,0.172999054,0.127459809
5389,0.894143045,0.0875786096,0.0182783529
5390,0.277638167,0.633601367,0.0887604579
5391,0.214739263,0.728954971,0.0563057661
5392,0.356567413,0.570158601,0.0732739642
5393,0.91275543,0.0781924278,0.00905215368
5394,0.982055068,0.010781453,0.00716345571
5395,0.0834555775,0.0625812635,0.853963137
5396,0.832596481,0.15999569,0.00740784081
5397,0.121217184,0.334056437,0.544726372
5398,0.777459502,0.193743035,0.0287974253
5399,0.0730071589,0.744164705,0.182828143
5400,0.816052198,0.175248504,0.00869931187
5401,0.100778878,0.522342026,0.376879096
5402,0.352517009,0.332590759,0.314892232
5403,0.0244307108,0.424674928,0.55089438
5404,0.00118648761,0.00835389365,0.990459561
5405,0.347472817,0.616042852,0.0364843905
5406,0.0310480874,0.561334252,0.407617629
5407,0.179520667,0.80813998,0.0123393675
5408,0.285898536,0.696458876,0.0176426265
5409,0.19648701,0.678044796,0.125468224
5410,0.956974804,0.0371609405,0.00586425606
5411,0.403313458,0.567688048,0.0289984997
5412,0.158654705,0.795088649,0.0462566763
5413,0.604161382,0.155259579,0.240579009
5414,0.793288827,0.189367875,0.0173433088
5415,0.0430222675,0.919204354,0.0377733782
5416,0.669927478,0.286447823,0.0436246879
5417,0.0279955193,0.0871045291,0.884899914
5418,0.0339226313,0.837917924,0.128159434
5419,0.0307808295,0.201153547,0.768065631
5420,0.595112801,0.374423087,0.0304641575
5421,0.107242331,0.65955174,0.233205974
5422,0.224795848,0.367456734,0.407747447
5423,0.84583348,0.127011135,0.0271553975
5424,0.754379392,0.129337847,0.116282783
5425,0.841072321,0.151621386,0.00730633736
5426,0.569565415,0.354486257,0.0759483427
5427,0.661542892,0.284436256,0.0540208146
5428,0.0482537076,0.0673869103,0.88435936
5429,0.107543305,0.612079501,0.280377239
5430,0.874947429,0.102788165,0.0222644098
5431,0.684351087,0.298033834,0.0176151246
5432,0.234028339,0.671871662,0.0940999687
5433,0.958406866,0.0379928388,0.00360031077
5434,0.880240262,0.0916176736,0.0281420965
5435,0.213252008,0.735646069,0.0511019863
5436,0.170402274,0.135549188,0.694048524
5437,0.503087163,0.395033747,0.101879083
5438,0.987377167,0.00896192435,0.00366096641
5439,0.967873514,0.0187302157,0.0133962799
5440,0.0998004675,0.677420497,0.222779036
5441,0.34234792,0.601682186,0.0559699237
5442,0.0016465314,0.00890936982,0.989444077
5443,0.0595507324,0.879443705,0.0610055476
5444,0.937159359,0.028163733,0.034676902
5445,0.352993518,0.630497992,0.0165084861
5446,0.056576781,0.89934665,0.0440765359
5447,0.414764494,0.489786208,0.0954493061
5448,0.28523156,0.507968843,0.206799582
5449,0.922900498,0.0713453218,0.00575416908
5450,0.46168685,0.308202207,0.230110958
5451,0.258557171,0.408139348,0.333303481
5452,0.375008106,0.116733871,0.508258045
5453,0.974473238,0.0200129598,0.00551379751
5454,0.0598200224,0.51944232,0.420737654
5455,0.762758136,0.191905767,0.0453361198
5456,0.944784403,0.0427657999,0.0124497982
5457,0.883045018,0.0912418067,0.0257131979
5458,0.982865751,0.0140611408,0.00307313725
5459,0.815870881,0.167093888,0.0170352142
5460,0.960385919,0.00594144547,0.0336726233
5461,0.378909469,0.612777054,0.00831349473
5462,0.976673603,0.0185208227,0.00480557932
5463,0.87898314,0.110495061,0.0105218077
5464,0.729479015,0.258714318,0.0118066855
5465,0.414755702,0.501729488,0.0835148469
5466,0.23903586,0.64550817,0.115455963
5467,0.699611247,0.283848941,0.0165398251
5468,0.25259012,0.65580678,0.0916030928
5469,0.97077781,0.0197197329,0.00950252265
5470,0.97875917,0.0101555912,0.0110852579
5471,0.231188491,0.204855695,0.563955843
5472,0.516291499,0.307129323,0.176579118
5473,0.416157544,0.536453605,0.0473889001
5474,0.913665295,0.0795160308,0.00681868615
5475,0.609421194,0.369903088,0.0206757318
5476,0.50445956,0.480730653,0.0148098217
5477,0.798455477,0.0516287498,0.149915755
5478,0.00757153612,0.115955144,0.876473308
5479,0.35716337,0.615151286,0.0276853628
5480,0.561207354,0.374661267,0.0641314313
5481,0.983970642,0.0129543878,0.00307501364
5482,0.949408174,0.0400085896,0.0105831781
5483,0.960383832,0.0301005431,0.00951564685
5484,0.212363705,0.52333194,0.26430431
5485,0.518684447,0.473483235,0.00783233996
5486,0.902145624,0.0607348233,0.0371195897
5487,0.183798224,0.79989326,0.0163085237
5488,0.327222973,0.539036691,0.133740336
5489,0.371492475,0.607875824,0.0206316952
5490,0.742652357,0.163610145,0.0937375054
5491,0.585287631,0.401362062,0.0133502902
5492,0.99165231,0.00359816221,0.00474952534
5493,0.282998413,0.639366925,0.0776346698
5494,0.931219816,0.0502604246,0.0185197853
5495,0.0856137052,0.717973351,0.196412951
5496,0.0161287189,0.0214775987,0.962393701
5497,0.18641679,0.25720638,0.556376874
5498,0.782793045,0.195688695,0.0215182882
5499,0.298146635,0.681641936,0.0202114508
5500,0.0360765271,0.0507203974,0.913203061
5501,0.21142891,0.738351643,0.0502194613
5502,0.549315512,0.429696143,0.0209883414
5503,0.475784808,0.503816128,0.0203990731
5504,0.78707552,0.192406148,0.0205183104
5505,0.427111298,0.535737932,0.0371507816
5506,0.426082313,0.511850655,0.0620670207
5507,0.107623897,0.875815928,0.0165601745
5508,0.257581711,0.510534883,0.231883407
5509,0.072687231,0.845177591,0.0821352154
5510,0.258069038,0.529609203,0.212321758
5511,0.606874228,0.329597861,0.0635279119
5512,0.157958925,0.768007994,0.074033089
5513,0.0236827154,0.101912558,0.874404728
5514,0.641974628,0.318253011,0.0397724211
5515,0.909514606,0.0293534454,0.0611319356
5516,0.404665977,0.548429549,0.0469044745
5517,0.99235028,0.00290357601,0.00474618329
5518,0.447885185,0.511422515,0.0406923257
5519,0.969601989,0.0253473148,0.00505072158
5520,0.967085958,0.0269801151,0.00593388546
5521,0.885696471,0.101299994,0.013003543
5522,0.993146122,0.00329916249,0.00355471903
5523,0.0325408131,0.210061923,0.757397234
5524,0.238914251,0.466275692,0.294810057
5525,0.204994306,0.774016798,0.020988984
5526,0.467274368,0.374906927,0.15781869
5527,0.318407506,0.401342124,0.280250341
5528,0.927216113,0.052298557,0.0204853117
5529,0.531226695,0.405561328,0.0632119626
5530,0.982806981,0.0103982985,0.00679468783
5531,0.133450359,0.847990036,0.018559603
5532,0.979553401,0.016266983,0.0041796146
5533,0.739020646,0.0605537146,0.20042564
5534,0.141893804,0.131189555,0.726916671
5535,0.819804251,0.129647374,0.0505483486
5536,0.353911459,0.374378622,0.271709949
5537,0.135127977,0.25069645,0.614175558
5538,0.656501234,0.233932838,0.109565936
5539,0.880785823,0.0486032441,0.0706109628
5540,0.853999853,0.133818403,0.0121817105
5541,0.930629313,0.0610606559,0.00831001252
5542,0.757122219,0.22512278,0.0177549869
5543,0.306935459,0.631643236,0.0614213273
5544,0.179635972,0.341166139,0.47919789
5545,0.919346631,0.0649504215,0.0157029107
5546,0.757052779,0.206976295,0.0359709524
5547,0.461369276,0.368907809,0.1697229
5548,0.0806380585,0.142540634,0.776821315
5549,0.18542549,0.700821161,0.113753408
5550,0.87596637,0.103795893,0.0202377215
5551,0.395254433,0.584479332,0.02026622
5552,0.246721864,0.612719655,0.140558481
5553,0.709128797,0.148964852,0.141906351
5554,0.88926053,0.0682572201,0.0424823016
5555,0.125301301,0.851812661,0.0228860751
5556,0.604662538,0.348267674,0.047069747
5557,0.857741952,0.116900191,0.0253578406
5558,0.786928713,0.179568648,0.0335026309
5559,0.147895604,0.819030404,0.033073999
5560,0.162370861,0.0323911943,0.805237949
5561,0.354544371,0.526973128,0.118482485
5562,0.284691155,0.647207499,0.0681013465
5563,0.971834421,0.0229811464,0.00518439896
5564,0.937163055,0.0510179587,0.0118189389
5565,0.957214236,0.0369439907,0.00584176974
5566,0.897813201,0.0832648948,0.0189218745
5567,0.754844844,0.0976539031,0.147501275
5568,0.804254472,0.0664263144,0.129319251
5569,0.169878677,0.636112571,0.194008783
5570,0.172744066,0.802733004,0.0245229248
5571,0.372349262,0.228121638,0.399529099
5572,0.994272351,0.00301047368,0.00271715899
5573,0.0815613791,0.157339931,0.761098683
5574,0.110053807,0.862112343,0.0278338697
5575,0.394591391,0.585012078,0.020396512
5576,0.0509119406,0.861859262,0.0872287825
5577,0.0750159845,0.524650037,0.400333971
5578,0.234309688,0.718165755,0.0475245304
5579,0.686007917,0.30664134,0.00735075073
5580,0.208428979,0.740665913,0.0509051308
5581,0.79343468,0.181781575,0.0247837342
5582,0.227171138,0.152996287,0.619832575
5583,0.122858517,0.863258898,0.0138825858
5584,0.27903378,0.701468825,0.0194973815
5585,0.62588042,0.359733552,0.0143860327
5586,0.280906647,0.697537839,0.0215555187
5587,0.0895732343,0.861337781,0.0490890183
5588,0.972533107,0.00624658214,0.021220291
5589,0.800671995,0.123176835,0.0761512145
5590,0.744388044,0.238121033,0.0174909215
5591,0.821076334,0.0594715774,0.119452126
5592,0.224205479,0.303474724,0.472319782
5593,0.701866567,0.286380172,0.0117532266
5594,0.0399894938,0.826404572,0.133605897
5595,0.983379483,0.00806990638,0.0085506402
5596,0.92418009,0.0685729384,0.00724689942
5597,0.738322496,0.243014455,0.018663045
5598,0.151440576,0.836337566,0.0122219166
5599,0.858015895,0.0309377164,0.111046381
5600,0.402699113,0.571725726,0.0255751945
5601,0.782157481,0.149177477,0.06866505
5602,0.277615488,0.702583671,0.0198008809
5603,0.00930572301,0.436121792,0.554572463
5604,0.015742695,0.949785113,0.034472201
5605,0.995214641,0.00224496098,0.00254035019
5606,0.0754254013,0.900042236,0.0245323218
5607,0.925965726,0.061886888,0.0121473633
5608,0.7291013,0.252219111,0.0186795648
5609,0.925821543,0.0546155237,0.0195629112
5610,0.495952964,0.42814976,0.0758972764
5611,0.132216051,0.824888706,0.0428952836
5612,0.437047035,0.53914398,0.023808945
5613,0.977414012,0.0138128018,0.00877321884
5614,0.921714067,0.0724598467,0.00582607416
5615,0.925852776,0.0220735092,0.0520737059
5616,0.693358123,0.285275698,0.0213661846
5617,0.897410095,0.0741850436,0.0284048617
5618,0.102223113,0.286315024,0.611461818
5619,0.363828361,0.350552171,0.285619467
5620,0.56538254,0.289092511,0.145524949
5621,0.0464044176,0.915931702,0.0376638696
5622,0.558032036,0.376232654,0.0657353327
5623,0.721926808,0.267349303,0.0107238945
5624,0.0780088082,0.855306804,0.0666844547
5625,0.927869797,0.0626388863,0.00949132722
5626,0.971637845,0.0215215292,0.00684063975
5627,0.109486938,0.871311843,0.0192011688
5628,0.186515823,0.737863719,0.0756204873
5629,0.848639667,0.141984299,0.00937609561
5630,0.923829317,0.0415171459,0.034653496
5631,0.367788762,0.594224811,0.0379864164
5632,0.0700783953,0.916119516,0.0138020851
5633,0.288661838,0.692767918,0.0185702536
5634,0.00776336389,0.0190940313,0.973142624
5635,0.00863179378,0.0472729132,0.944095314
5636,0.263941467,0.702072561,0.0339859538
5637,0.039661739,0.280205011,0.680133224
5638,0.889366865,0.0881927833,0.0224403478
5639,0.274263799,0.609824717,0.115911476
5640,0.137729153,0.843348384,0.0189224966
5641,0.65452826,0.316228688,0.0292430166
5642,0.222226366,0.234626248,0.543147385
5643,0.170169488,0.80127871,0.0285518132
5644,0.00569255091,0.0410213247,0.953286111
5645,0.562104642,0.405774415,0.0321209282
5646,0.841815114,0.135059938,0.0231249444
5647,0.959694445,0.0337070636,0.00659846794
5648,0.306699604,0.595314503,0.0979858562
5649,0.719827473,0.266209483,0.013963012
5650,0.254952848,0.228699923,0.516347289
5651,0.506662309,0.169842064,0.323495626
5652,0.804579139,0.113665991,0.0817548931
5653,0.292795241,0.586721718,0.120483018
5654,0.754497707,0.232923567,0.0125787351
5655,0.939689815,0.0511393584,0.00917081069
5656,0.142591015,0.656829119,0.200579882
5657,0.909371614,0.0785404816,0.0120878723
5658,0.0482067056,0.79975915,0.152034149
5659,0.126477733,0.560449064,0.313073218
5660,0.672489583,0.310312718,0.0171976797
5661,0.95475173,0.0330339186,0.0122143533
5662,0.4734101,0.472681701,0.0539082177
5663,0.532295644,0.410034359,0.0576699898
5664,0.6166448,0.364530742,0.0188243892
5665,0.858238995,0.0945541337,0.0472068861
5666,0.616217732,0.36471194,0.0190703459
5667,0.955996275,0.0374335349,0.00657018879
5668,0.744163811,0.233153492,0.0226826873
5669,0.618303001,0.347100228,0.0345967337
5670,0.845194936,0.0826019645,0.0722031295
5671,0.669093728,0.315840364,0.0150658945
5672,0.187868744,0.744308889,0.0678223595
5673,0.929840922,0.0527045876,0.0174544957
5674,0.248829648,0.700723469,0.0504468866
5675,0.928515434,0.0397523306,0.0317322202
5676,0.10445942,0.0752000362,0.820340574
5677,0.459697157,0.457922578,0.0823802575
5678,0.487164617,0.474927366,0.0379080027
5679,0.992064476,0.00502124662,0.00291430834
5680,0.191543698,0.759779155,0.0486771539
5681,0.960351169,0.029166108,0.0104827266
5682,0.141564816,0.178571522,0.679863632
5683,0.0169355255,0.868445516,0.114618957
5684,0.234800279,0.406231999,0.358967751
5685,0.00277237943,0.00403759908,0.993189991
5686,0.673536241,0.313847542,0.0126162553
5687,0.98565197,0.00669210963,0.00765589252
5688,0.304874957,0.675286472,0.0198386442
5689,0.353960842,0.578358352,0.0676808059
5690,0.840365529,0.125582978,0.0340515152
5691,0.820292354,0.1220382,0.0576694682
5692,0.923675001,0.0677277595,0.00859725382
5693,0.618564367,0.280855238,0.100580387
5694,0.916722715,0.0743331015,0.00894421898
5695,0.314271569,0.65901643,0.0267119464
5696,0.81611377,0.15881674,0.0250694789
5697,0.977363408,0.0194211025,0.00321547873
5698,0.032197576,0.82580328,0.14199917
5699,0.160963342,0.812989652,0.0260470007
5700,0.0488810986,0.93316561,0.0179533176
5701,0.588160574,0.39284268,0.0189967249
5702,0.0239956304,0.935608685,0.0403957181
5703,0.195136353,0.778684497,0.0261791795
5704,0.702744067,0.269670963,0.027584983
5705,0.951028049,0.0347965285,0.014175429
5706,0.953546941,0.0212396812,0.0252134483
5707,0.904158652,0.0741414949,0.0216998402
5708,0.291240782,0.6254493,0.0833099559
5709,0.241128758,0.447794348,0.31107688
5710,0.984952927,0.0099437125,0.00510335527
5711,0.967880368,0.0169353187,0.0151843224
5712,0.356581002,0.615334392,0.0280845948
5713,0.844064891,0.142314136,0.0136210006
5714,0.817305982,0.0916342884,0.0910596997
5715,0.667326629,0.308538228,0.0241351705
5716,0.835203886,0.113566905,0.0512291864
5717,0.890319169,0.0985579044,0.0111229159
5718,0.00992471259,0.793028235,0.197047055
5719,0.0380042903,0.400406778,0.561588943
5720,0.995159864,0.0019004331,0.00293973857
5721,0.446003258,0.536482751,0.0175139848
5722,0.00384188187,0.0812600553,0.914898038
5723,0.280484974,0.642108083,0.0774069056
5724,0.0361377858,0.831912041,0.131950155
5725,0.792658031,0.180104643,0.027237324
5726,0.742104948,0.131190464,0.126704574
5727,0.946332693,0.0415498018,0.0121174287
5728,0.961615443,0.0336677805,0.0047167507
5729,0.395371497,0.364947706,0.239680797
5730,0.700163603,0.26398626,0.0358500965
5731,0.6443367,0.32432127,0.031342037
5732,0.850230038,0.141363293,0.00840666518
5733,0.0294292662,0.456225753,0.51434499
5734,0.0697146207,0.285284281,0.645001113
5735,0.990299463,0.00547374226,0.00422679633
5736,0.907299101,0.065432623,0.0272682756
5737,0.861218154,0.115335673,0.0234461557
5738,0.937072635,0.058403343,0.00452402653
5739,0.70753479,0.221752733,0.070712477
5740,0.0636710227,0.919130623,0.0171983764
5741,0.338020623,0.631779671,0.0301996749
5742,0.138260916,0.845980644,0.0157584101
5743,0.936014473,0.0507639833,0.01322152
5744,0.881746709,0.0906694904,0.027583817
5745,0.896162212,0.0831210911,0.0207166933
5746,0.662220061,0.317216456,0.020563446
5747,0.0783289522,0.0688323379,0.852838755
5748,0.905395627,0.0800384879,0.0145658515
5749,0.388386041,0.546884537,0.0647294447
5750,0.837462604,0.12845175,0.0340856463
5751,0.988293052,0.00733231381,0.00437464984
5752,0.430830181,0.545717895,0.023451943
5753,0.866393387,0.120944627,0.0126619777
5754,0.125879988,0.248184025,0.625935972
5755,0.37165314,0.0643988401,0.563948035
5756,0.147978619,0.523110092,0.328911275
5757,0.261458188,0.705381036,0.0331607722
5758,0.279154301,0.695923209,0.0249225218
5759,0.592098534,0.284381986,0.123519473
5760,0.380392909,0.580226183,0.0393808968
5761,0.904849529,0.080282703,0.0148677602
5762,0.834350169,0.155642286,0.0100075491
5763,0.100055046,0.779105842,0.120839089
5764,0.783053935,0.199952632,0.0169934519
5765,0.734446049,0.247815609,0.0177383609
5766,0.238038078,0.743892431,0.0180695318
5767,0.0619848669,0.517999709,0.420015424
5768,0.961788297,0.0300228652,0.0081888698
5769,0.128320798,0.856264651,0.0154145658
5770,0.866112649,0.0143029131,0.119584456
5771,0.185815901,0.713128984,0.101055123
5772,0.652182579,0.248565987,0.0992514491
5773,0.768628359,0.0439452827,0.187426344
5774,0.386797756,0.597355783,0.015846448
5775,0.0853846297,0.882148445,0.0324669443
5776,0.849726975,0.139550149,0.0107228765
5777,0.575138867,0.401188761,0.0236723702
5778,0.554357588,0.379861176,0.0657812059
5779,0.890202284,0.09070272,0.0190950073
5780,0.0580228865,0.676929355,0.265047729
5781,0.040883217,0.697886527,0.26123026
5782,0.0625493228,0.852959871,0.0844908133
5783,0.939124644,0.0461538434,0.0147215305
5784,0.0161612332,0.958727777,0.0251109973
5785,0.167693362,0.101007313,0.731299341
5786,0.989717782,0.00483855698,0.00544362329
5787,0.056423068,0.862664223,0.0809126869
5788,0.953362882,0.038140934,0.00849616434
5789,0.960956872,0.0363983065,0.00264482293
5790,0.151094541,0.315647602,0.533257842
5791,0.960887134,0.0265898835,0.0125230066
5792,0.917423964,0.0743874311,0.00818864349
5793,0.278930217,0.0227094796,0.698360324
5794,0.7425946,0.234648392,0.0227570087
5795,0.600290418,0.368175715,0.0315338671
5796,0.98220402,0.0106881363,0.0071078185
5797,0.244919673,0.741729021,0.0133513166
5798,0.981997132,0.0132096866,0.00479316199
5799,0.80861479,0.171728015,0.019657189
5800,0.0634547472,0.720468462,0.216076732
5801,0.259557962,0.194999218,0.54544282
5802,0.237492561,0.738151789,0.0243556798
5803,0.935836554,0.0558956601,0.00826780498
5804,0.985924602,0.00524875801,0.00882659759
5805,0.422021508,0.29323566,0.284742802
5806,0.311532289,0.597266793,0.0912009552
5807,0.633265495,0.302408069,0.0643264428
5808,0.995360196,0.00256532896,0.00207447633
5809,0.428813219,0.544623911,0.0265628099
5810,0.672255516,0.308315933,0.0194285177
5811,0.145658493,0.0639926121,0.790348887
5812,0.0860916823,0.898730874,0.0151774287
5813,0.880064905,0.10744901,0.0124860853
5814,0.10261894,0.878026962,0.0193540473
5815,0.134503022,0.840989769,0.0245071948
5816,0.856012821,0.127793401,0.0161937643
5817,0.0304409862,0.955892801,0.0136662079
5818,0.0856571868,0.845591724,0.0687511042
5819,0.0142735811,0.756111443,0.229615018
5820,0.148548633,0.707512319,0.143939018
5821,0.451193899,0.510060847,0.0387452468
5822,0.241370976,0.587237895,0.171391129
5823,0.972331226,0.0215395018,0.00612931978
5824,0.921367705,0.0645964071,0.014035874
5825,0.304248273,0.675131679,0.0206200965
5826,0.980493546,0.014930347,0.00457615778
5827,0.970130265,0.0273692533,0.00250054849
5828,0.921604574,0.0631107092,0.0152846808
5829,0.598948836,0.267374784,0.13367641
5830,0.805465877,0.146314487,0.0482196063
5831,0.035544429,0.869533896,0.0949216932
5832,0.0146796061,0.0277150925,0.957605243
5833,0.668189764,0.263440907,0.0683693588
5834,0.172177956,0.782800078,0.0450219959
5835,0.980269134,0.0158286467,0.00390223158
5836,0.638870239,0.336192727,0.0249370411
5837,0.0845533386,0.793645084,0.12180154
5838,0.182448879,0.737718225,0.0798329189
5839,0.729665935,0.225863174,0.04447091
5840,0.780416608,0.0759389773,0.143644407
5841,0.527222753,0.340330333,0.132446975
5842,0.335398108,0.592328072,0.0722737834
5843,0.334749877,0.623965323,0.0412847623
5844,0.100170746,0.780167818,0.11966145
5845,0.263790458,0.193739802,0.54246974
5846,0.909834206,0.0609995238,0.0291662551
5847,0.280390292,0.30603385,0.413575858
5848,0.0177118592,0.00679816026,0.975489974
5849,0.0176908113,0.926712573,0.0555966608
5850,0.112384818,0.0734026581,0.814212501
5851,0.127926141,0.801749647,0.0703242272
5852,0.0323104262,0.379078209,0.588611364
5853,0.0191439297,0.118868314,0.86198777
5854,0.930267692,0.0630949214,0.00663738884
5855,0.907390118,0.0856567472,0.00695315516
5856,0.252596021,0.645085633,0.102318332
5857,0.255541652,0.705126047,0.0393323116
5858,0.206313521,0.730792999,0.0628934875
5859,0.03816716,0.906641364,0.0551915132
5860,0.917001724,0.0725565851,0.0104417251
5861,0.775455236,0.19823353,0.026311215
5862,0.850318372,0.126943156,0.0227385089
5863,0.976840973,0.015018587,0.00814041961
5864,0.966169953,0.0284784157,0.00535160955
5865,0.989291131,0.0060557588,0.00465311809
5866,0.830074966,0.0718181282,0.098106876
5867,0.0606542192,0.845770717,0.0935750678
5868,0.116792262,0.845052004,0.0381557718
5869,0.371862769,0.577291608,0.0508456305
5870,0.0794065148,0.905416489,0.0151770068
5871,0.0402821936,0.892575085,0.0671426952
5872,0.223154232,0.566411555,0.210434228
5873,0.991621852,0.00656002806,0.00181810407
5874,0.916513562,0.0706861764,0.0128002577
5875,0.809183598,0.174680024,0.0161363725
5876,0.05340885,0.925446868,0.021144256
5877,0.197137803,0.783228636,0.019633539
5878,0.958340824,0.0328257643,0.00883342605
5879,0.682246029,0.198411405,0.119342588
5880,0.0166996177,0.211327448,0.771972954
5881,0.98852098,0.00754703768,0.00393198105
5882,0.71261692,0.259626597,0.0277564544
5883,0.0729938373,0.132459536,0.794546604
5884,0.241274714,0.721098304,0.0376270115
5885,0.754774392,0.208438933,0.0367866904
5886,0.536205113,0.450814843,0.0129800178
5887,0.118146174,0.236528546,0.645325303
5888,0.797072649,0.196335614,0.00659179315
5889,0.156837597,0.725059509,0.118102863
5890,0.0310984291,0.889757633,0.0791439787
5891,0.670274436,0.313127905,0.0165976547
5892,0.105766326,0.878022671,0.0162110198
5893,0.2787579,0.705453753,0.015788326
5894,0.982830465,0.0149930166,0.00217651692
5895,0.192152649,0.491092712,0.316754639
5896,0.564426363,0.391881377,0.043692261
5897,0.018622024,0.324714899,0.65666312
5898,0.971093655,0.0198299643,0.00907637831
5899,0.98019743,0.0142912548,0.00551130436
5900,0.918136001,0.0675545335,0.0143094771
5901,0.613301754,0.358695894,0.0280023273
5902,0.032455489,0.713564456,0.25398007
5903,0.967284799,0.0287153907,0.00399975386
5904,0.459724903,0.503311813,0.0369632654
5905,0.362391204,0.545550346,0.0920584276
5906,0.460536867,0.447527945,0.0919352025
5907,0.603007793,0.346687257,0.0503049307
5908,0.279924721,0.603512824,0.116562471
5909,0.994107723,0.00229365169,0.00359862624
5910,0.865598917,0.0848488286,0.049552206
5911,0.843309641,0.147992462,0.00869794097
5912,0.943084896,0.051907327,0.00500773313
5913,0.726636469,0.234522671,0.0388408378
5914,0.980250359,0.0139011722,0.00584845711
5915,0.0531846955,0.364114165,0.582701147
5916,0.371978402,0.579829335,0.0481922626
5917,0.0785099417,0.873238444,0.0482516326
5918,0.472548246,0.45883435,0.0686174184
5919,0.0534080341,0.889429927,0.0571620353
5920,0.852314472,0.137931451,0.00975408684
5921,0.98077631,0.0124134496,0.00681028794
5922,0.980910122,0.0138867656,0.0052031274
5923,0.326054305,0.468836188,0.205109492
5924,0.187404454,0.549669087,0.262926489
5925,0.226782337,0.512384534,0.260833114
5926,0.953710794,0.025989905,0.0202993061
5927,0.00813004561,0.00913502555,0.982734919
5928,0.138200149,0.281818867,0.579980969
5929,0.0328253843,0.0297313426,0.937443256
5930,0.421177447,0.563725471,0.0150970565
5931,0.970431864,0.0220103133,0.00755778514
5932,0.0235552732,0.0304096825,0.946035028
5933,0.986502767,0.00656464603,0.00693257712
5934,0.159504831,0.805246174,0.0352490135
5935,0.0533620715,0.865984142,0.080653809
5936,0.0973780602,0.683980465,0.218641475
5937,0.0576946326,0.11853978,0.823765576
5938,0.645165622,0.0562045127,0.29862988
5939,0.945757508,0.0129359383,0.0413065962
5940,0.625727713,0.360128671,0.014143616
5941,0.0629151314,0.870992064,0.0660928041
5942,0.535374224,0.370895267,0.0937305093
5943,0.148906797,0.472073644,0.379019588
5944,0.0411299691,0.110685393,0.848184645
5945,0.716729164,0.257360011,0.0259108078
5946,0.864588678,0.125149846,0.0102614313
5947,0.971081913,0.0205774419,0.00834063999
5948,0.0943838581,0.864579916,0.0410362333
5949,0.29175818,0.682209134,0.0260327123
5950,0.072088562,0.901766717,0.026144661
5951,0.649174929,0.336587459,0.0142376665
5952,0.0197287332,0.944267929,0.03600334
5953,0.449273556,0.483338356,0.0673880577
5954,0.885523319,0.0910628587,0.0234138314
5955,0.35063836,0.596614242,0.0527473651
5956,0.910428584,0.0557779893,0.0337934121
5957,0.172381386,0.681860685,0.145757943
5958,0.252091974,0.657757819,0.0901502371
5959,0.923523962,0.051825989,0.0246500298
5960,0.26064527,0.713935733,0.02541898
5961,0.0824370459,0.893855512,0.0237075072
5962,0.306540698,0.566318393,0.127140909
5963,0.889977157,0.0901104286,0.0199124236
5964,0.822853208,0.119239815,0.0579069704
5965,0.314771235,0.64592582,0.039302934
5966,0.0252534822,0.229056358,0.745690167
5967,0.756869495,0.226717949,0.0164125469
5968,0.711996853,0.279043853,0.0089593064
5969,0.758804321,0.196876541,0.0443191379
5970,0.291715354,0.311302394,0.396982253
5971,0.278668016,0.652302861,0.0690291449
5972,0.86684972,0.101949133,0.0312011782
5973,0.806949079,0.154731452,0.0383194312
5974,0.0472584032,0.179616377,0.773125231
5975,0.176862374,0.742015243,0.0811223835
5976,0.628512263,0.340841979,0.0306457262
5977,0.977757335,0.0176628083,0.00457988027
5978,0.0473873578,0.0293620657,0.923250616
5979,0.711637497,0.250932217,0.0374302864
5980,0.853910446,0.122411825,0.0236777049
5981,0.91895467,0.0745366886,0.00650864374
5982,0.98431313,0.00982185826,0.00586498342
5983,0.559995413,0.418252438,0.0217521563
5984,0.00556449872,0.0159102585,0.978525221
5985,0.974627018,0.0212838575,0.00408913661
5986,0.970954597,0.0160741117,0.0129713165
5987,0.652698755,0.3142353,0.0330659598
5988,0.91046834,0.0455123335,0.0440193005
5989,0.96726799,0.0285103135,0.00422168477
5990,0.495760322,0.48862493,0.0156147536
5991,0.199139416,0.311688185,0.489172399
5992,0.270579159,0.654201984,0.0752189159
5993,0.675624371,0.246008337,0.0783673152
5994,0.955189586,0.0271719508,0.0176384542
5995,0.970436752,0.0240979549,0.00546531426
5996,0.740724444,0.247297689,0.01197787
5997,0.987012625,0.00788681209,0.00510061206
5998,0.0843372867,0.837817132,0.0778456256
5999,0.9882195,0.00786830951,0.00391222117
6000,0.783023238,0.164425313,0.0525513776
6001,0.95916909,0.0360080898,0.00482274964
6002,0.0696427673,0.739305198,0.191052034
6003,0.306336522,0.670501411,0.0231620483
6004,0.891607344,0.092614308,0.0157783423
6005,0.975493252,0.0167697705,0.00773697393
6006,0.941743672,0.044655595,0.0136007108
6007,0.787203014,0.198931918,0.0138650667
6008,0.694476008,0.256884515,0.0486395285
6009,0.806212604,0.175382242,0.0184051525
6010,0.365544915,0.623707235,0.0107478844
6011,0.946871817,0.0424705073,0.0106576523
6012,0.977748334,0.0144149316,0.00783671439
6013,0.684747696,0.29689303,0.0183592588
6014,0.815472722,0.162163019,0.022364255
6015,0.0225911606,0.946590424,0.0308184735
6016,0.984252453,0.01124507,0.00450246036
6017,0.840040028,0.132741958,0.0272179954
6018,0.369945467,0.605768979,0.0242855642
6019,0.106567189,0.270972699,0.622460127
6020,0.273942381,0.462843299,0.26321429
6021,0.100970842,0.877596855,0.0214322694
6022,0.232833281,0.722959638,0.0442070514
6023,0.954142749,0.029048821,0.0168084279
6024,0.86982435,0.118454315,0.0117213046
6025,0.379076689,0.584697962,0.0362253301
6026,0.944843769,0.0491237454,0.00603243243
6027,0.653665066,0.294739991,0.051594913
6028,0.960797906,0.0337183028,0.00548377773
6029,0.664490342,0.317658722,0.0178509299
6030,0.239974678,0.729301333,0.0307240281
6031,0.0682356507,0.660294712,0.271469653
6032,0.144807816,0.843788803,0.0114034358
6033,0.952454448,0.0233997423,0.0241458341
6034,0.553837001,0.37002182,0.0761411935
6035,0.810130596,0.0507102497,0.139159143
6036,0.959812462,0.0306496769,0.00953786355
6037,0.924701512,0.0288696624,0.0464288406
6038,0.41901359,0.564756215,0.0162302032
6039,0.987999558,0.010031472,0.00196898077
6040,0.55807054,0.372839361,0.0690901279
6041,0.0730017871,0.557744503,0.369253725
6042,0.643148363,0.312524468,0.0443271287
6043,0.122771777,0.836141646,0.0410865434
6044,0.923166633,0.0686609745,0.00817235932
6045,0.112652496,0.862375677,0.0249718372
6046,0.832539678,0.144838855,0.0226214323
6047,0.00623071659,0.0289655831,0.964803696
6048,0.862058342,0.0647103265,0.0732313469
6049,0.780546844,0.136672392,0.0827807784
6050,0.120747566,0.806773663,0.0724788085
6051,0.779235423,0.173982084,0.046782475
6052,0.774128318,0.206512094,0.0193596389
6053,0.959673882,0.0324743167,0.00785177294
6054,0.182948202,0.794530272,0.0225215275
6055,0.203375891,0.202239856,0.594384253
6056,0.33603406,0.622384965,0.0415809788
6057,0.654807568,0.304588437,0.0406040326
6058,0.695555091,0.238371894,0.0660729632
6059,0.0701661929,0.880461931,0.0493718609
6060,0.236771226,0.557202935,0.206025809
6061,0.743459105,0.241190642,0.0153502515
6062,0.513441026,0.449977905,0.0365810692
6063,0.722455621,0.165294975,0.112249419
6064,0.980104625,0.0161750559,0.00372030726
6065,0.138007313,0.424807698,0.437184989
6066,0.264739901,0.695403755,0.0398563147
6067,0.0275294147,0.190586627,0.781883955
6068,0.0313874818,0.239230976,0.729381561
6069,0.150959596,0.838889003,0.0101514142
6070,0.830817938,0.14988482,0.0192972682
6071,0.43412137,0.526204824,0.0396738239
6072,0.2277724,0.403958678,0.368268937
6073,0.218043759,0.763605475,0.0183507819
6074,0.74873662,0.18237403,0.0688893795
6075,0.990609705,0.00335430424,0.00603592023
6076,0.237074003,0.68853122,0.0743948072
6077,0.125588372,0.818873286,0.0555383377
6078,0.162972555,0.799655616,0.0373718292
6079,0.234034374,0.596603513,0.169362143
6080,0.883777738,0.103951246,0.0122710532
6081,0.356184751,0.0192228518,0.624592423
6082,0.979804099,0.010517641,0.00967828091
6083,0.27771166,0.623598933,0.0986894369
6084,0.749783218,0.207289964,0.0429267995
6085,0.907030702,0.0802258775,0.0127434032
6086,0.0976031125,0.621189594,0.281207353
6087,0.0833096579,0.598233342,0.318457037
6088,0.366215378,0.56610328,0.0676813722
6089,0.651043952,0.318005145,0.0309508666
6090,0.452630907,0.339812696,0.207556397
6091,0.511607468,0.445576638,0.0428158939
6092,0.593829274,0.379725546,0.0264451802
6093,0.136652127,0.29071635,0.572631538
6094,0.467213154,0.516928911,0.0158579256
6095,0.31341356,0.651174068,0.0354123488
6096,0.02487785,0.234693006,0.740429163
6097,0.76374948,0.21512343,0.0211271122
6098,0.978412271,0.0179112572,0.00367644476
6099,0.242597491,0.694768369,0.0626341403
6100,0.944550395,0.0486356691,0.00681393733
6101,0.931144595,0.0441855341,0.0246698186
6102,0.0425916724,0.854136288,0.103272043
6103,0.639174938,0.327525049,0.0333000273
6104,0.360318005,0.624635041,0.0150469458
6105,0.0178703461,0.934973598,0.0471560694
6106,0.947771728,0.0398659594,0.0123622799
6107,0.0795665011,0.884961545,0.0354719609
6108,0.895683765,0.0794657394,0.0248504803
6109,0.264214545,0.592340827,0.143444628
6110,0.0428584479,0.905074656,0.0520668924
6111,0.0847886726,0.870519817,0.0446915664
6112,0.0342489816,0.0740757734,0.891675234
6113,0.938815117,0.0409180038,0.0202668924
6114,0.169597283,0.693496048,0.136906669
6115,0.833233356,0.153471425,0.0132952388
6116,0.67070055,0.315009773,0.014289692
6117,0.971963763,0.0206367616,0.0073994901
6118,0.474169701,0.390833139,0.134997189
6119,0.471299946,0.453960389,0.0747396871
6120,0.390389025,0.481696308,0.127914667
6121,0.371395707,0.451917022,0.17668727
6122,0.202208638,0.139984027,0.65780735
6123,0.966310203,0.0225293338,0.0111604389
6124,0.543886781,0.230025664,0.22608754
6125,0.326883197,0.654438496,0.018678261
6126,0.164248303,0.804649591,0.0311021395
6127,0.969060838,0.0242892317,0.00664992491
6128,0.154546976,0.561616004,0.28383702
6129,0.542492688,0.433600992,0.0239063147
6130,0.692797661,0.285363019,0.0218393113
6131,0.390534818,0.559919357,0.0495458171
6132,0.970299065,0.024043778,0.00565716205
6133,0.965691924,0.0251114089,0.00919666234
6134,0.0266497917,0.589138925,0.384211302
6135,0.926897645,0.0597287416,0.0133736478
6136,0.984192014,0.0118805338,0.00392739847
6137,0.88694495,0.100869067,0.0121859806
6138,0.128728509,0.537406921,0.33386454
6139,0.954479635,0.0399271473,0.00559322815
6140,0.933962345,0.0588593446,0.00717834663
6141,0.129376769,0.789922595,0.080700621
6142,0.720006526,0.23840344,0.0415900387
6143,0.182939798,0.795914173,0.0211460181
6144,0.0271514412,0.0659362748,0.906912327
6145,0.960617006,0.0338844135,0.00549858343
6146,0.817673981,0.0684475899,0.113878451
6147,0.478600442,0.494724214,0.0266753584
6148,0.481134683,0.372522116,0.146343201
6149,0.118393689,0.805608988,0.0759973228
6150,0.349317223,0.623923779,0.0267590079
6151,0.766481817,0.151414916,0.0821032524
6152,0.502848506,0.464795768,0.032355722
6153,0.470019937,0.441466421,0.0885136575
6154,0.0357512534,0.921818078,0.0424306914
6155,0.146098897,0.794693649,0.0592074804
6156,0.342758894,0.503058553,0.154182494
6157,0.36418429,0.105393328,0.53042239
6158,0.983704031,0.00920550525,0.00709044002
6159,0.876139224,0.106237844,0.01762289
6160,0.0665754899,0.85843569,0.0749888495
6161,0.936683178,0.0582333058,0.00508350087
6162,0.707637906,0.239210486,0.0531516112
6163,0.913863122,0.0690433085,0.0170935392
6164,0.273880422,0.221186399,0.504933178
6165,0.0213192143,0.830206275,0.148474485
6166,0.0609486587,0.719264328,0.219787031
6167,0.987758815,0.00568178762,0.00655940315
6168,0.0371473394,0.0781886727,0.884663999
6169,0.299117863,0.458981395,0.241900742
6170,0.960940182,0.0188756455,0.0201841295
6171,0.0116122048,0.0203501843,0.968037605
6172,0.450822085,0.374110699,0.175067246
6173,0.0343315192,0.0987620652,0.866906404
6174,0.018970944,0.409228474,0.57180059
6175,0.447779298,0.493135065,0.0590856522
6176,0.451005459,0.518784404,0.0302101541
6177,0.899733007,0.0852804333,0.0149865765
6178,0.983263731,0.0121712917,0.00456496608
6179,0.883725822,0.106702685,0.00957152713
6180,0.0852406546,0.837197185,0.0775621384
6181,0.308077157,0.662629187,0.029293634
6182,0.870481789,0.114836693,0.0146814603
6183,0.392485708,0.228848919,0.378665358
6184,0.167408183,0.711469531,0.121122263
6185,0.202126414,0.784915864,0.012957749
6186,0.983724058,0.0126575511,0.00361842802
6187,0.304193377,0.665451348,0.0303552896
6188,0.989041924,0.00621192576,0.00474614743
6189,0.912141323,0.0723969415,0.015461768
6190,0.220355928,0.742156982,0.0374871045
6191,0.0249796491,0.932408988,0.0426113605
6192,0.0220185444,0.941724598,0.0362568609
6193,0.986313164,0.0105424821,0.00314437132
6194,0.245283142,0.740209937,0.01450691
6195,0.534077406,0.335560739,0.13036184
6196,0.981809437,0.0119202156,0.00627032388
6197,0.897420943,0.0604277439,0.0421513468
6198,0.892338514,0.0801313594,0.0275301356
6199,0.84680146,0.138265237,0.0149332806
6200,0.0993551537,0.694859087,0.205785751
6201,0.259817392,0.721097291,0.0190853179
6202,0.159603864,0.778784633,0.0616115108
6203,0.876486003,0.109492622,0.0140213827
6204,0.636830449,0.324076265,0.0390932411
6205,0.933221757,0.0466043986,0.0201738607
6206,0.0900334045,0.773232698,0.136733904
6207,0.130326331,0.638582647,0.231091022
6208,0.982682467,0.0122228088,0.00509473123
6209,0.952671528,0.0403685421,0.00695995521
6210,0.0789554417,0.900366724,0.020677818
6211,0.779891133,0.0772277415,0.142881125
6212,0.763280571,0.0837871656,0.152932286
6213,0.293548107,0.228962064,0.477489829
6214,0.917703927,0.0733046681,0.00899135042
6215,0.827633202,0.147158161,0.02520868
6216,0.479104966,0.505424976,0.0154700447
6217,0.740271807,0.240259349,0.01946887
6218,0.837666571,0.120876767,0.041456677
6219,0.363625377,0.608234286,0.0281404015
6220,0.674876869,0.306564987,0.0185581353
6221,0.472255349,0.497285038,0.0304595996
6222,0.0237812158,0.535126209,0.441092551
6223,0.077915132,0.905572236,0.0165126249
6224,0.717985988,0.273570687,0.00844335835
6225,0.189112321,0.794150472,0.0167372264
6226,0.701411247,0.283910066,0.0146786692
6227,0.476875067,0.378259212,0.144865721
6228,0.127878949,0.855269253,0.0168518256
6229,0.905756295,0.0634026155,0.0308411028
6230,0.0686930418,0.91751796,0.0137889916
6231,0.197532147,0.57579428,0.226673603
6232,0.115314141,0.731173217,0.153512701
6233,0.228225663,0.584036767,0.187737584
6234,0.967324317,0.0235652085,0.00911047682
6235,0.991154492,0.00377938803,0.00506610051
6236,0.230577633,0.748026371,0.0213960297
6237,0.335311413,0.605632424,0.0590561405
6238,0.568960667,0.261791289,0.169248015
6239,0.961305618,0.0259936266,0.0127007533
6240,0.38220495,0.5984658,0.0193292219
6241,0.603996992,0.310267657,0.0857353285
6242,0.0796600878,0.893894136,0.0264457669
6243,0.286874354,0.599217832,0.113907814
6244,0.0296168663,0.303098142,0.667284966
6245,0.943893373,0.0414747894,0.0146318302
6246,0.0362907872,0.146407142,0.817302108
6247,0.991408825,0.00354631385,0.00504488219
6248,0.851972818,0.120063245,0.0279639382
6249,0.239055559,0.671399891,0.0895445645
6250,0.975019097,0.0212386753,0.00374221313
6251,0.937890172,0.0168836713,0.0452261865
6252,0.0326475091,0.145777285,0.821575224
6253,0.179551587,0.70713073,0.113317728
6254,0.176278234,0.801888108,0.0218336675
6255,0.988621533,0.00778926117,0.00358920009
6256,0.898008466,0.050143145,0.0518483669
6257,0.0548569523,0.930315733,0.0148273269
6258,0.620388448,0.366247177,0.0133643411
6259,0.770319104,0.151987731,0.0776931792
6260,0.014216613,0.955006421,0.0307769962
6261,0.649679303,0.320314318,0.0300063528
6262,0.258447587,0.311992675,0.429559767
6263,0.0998823568,0.614546061,0.285571575
6264,0.904914618,0.0762868524,0.0187984798
6265,0.277962089,0.693192005,0.0288459081
6266,0.913818479,0.0711633787,0.0150181409
6267,0.736336291,0.23850283,0.0251609106
6268,0.184139848,0.741839528,0.0740206167
6269,0.920372128,0.0695964172,0.0100314636
6270,0.127382874,0.1785191,0.694097996
6271,0.0823907778,0.862374544,0.0552346818
6272,0.782904685,0.207558498,0.00953681488
6273,0.0583938845,0.0768853649,0.864720702
6274,0.365099311,0.441526175,0.193374515
6275,0.434184492,0.533001423,0.0328140594
6276,0.169968084,0.351056129,0.478975803
6277,0.92822051,0.0508436039,0.0209359117
6278,0.953724444,0.0268092956,0.0194662604
6279,0.915732801,0.0722420737,0.0120251039
6280,0.0880909041,0.858242631,0.0536664464
6281,0.261413336,0.684711158,0.0538754761
6282,0.119381376,0.707322359,0.173296288
6283,0.803643763,0.185961634,0.0103945844
6284,0.301815718,0.573019207,0.125165075
6285,0.983926833,0.0129878875,0.00308526051
6286,0.936675966,0.0482266024,0.015097416
6287,0.0843217075,0.781245172,0.134433106
6288,0.977625906,0.00919321179,0.0131809227
6289,0.883378625,0.105718046,0.0109033482
6290,0.881189346,0.100559853,0.0182508137
6291,0.987879574,0.00915055349,0.0029698445
6292,0.872372806,0.104415201,0.023211956
6293,0.988982081,0.00777816819,0.00323975272
6294,0.878807187,0.100272983,0.0209197849
6295,0.797820926,0.177406132,0.0247729775
6296,0.989850044,0.0059209154,0.00422905851
6297,0.831753612,0.150024995,0.0182213672
6298,0.940864027,0.0508447662,0.00829121657
6299,0.902094781,0.0694978163,0.0284073912
6300,0.908676088,0.0785123929,0.0128115062
6301,0.0316194855,0.100902319,0.867478192
6302,0.54070878,0.417232364,0.0420588516
6303,0.0533304103,0.00464699883,0.942022622
6304,0.132836103,0.633560598,0.233603299
6305,0.980400264,0.0165488087,0.00305092707
6306,0.887278438,0.0506317131,0.0620898232
6307,0.709801674,0.261730134,0.02846816
6308,0.806144178,0.0472190082,0.146636814
6309,0.975645125,0.0211742651,0.00318060396
6310,0.282382637,0.676144481,0.0414728969
6311,0.911477983,0.0715769827,0.0169450454
6312,0.401987046,0.583336711,0.0146762822
6313,0.851071179,0.116187811,0.0327410027
6314,0.922658563,0.0711586773,0.00618276838
6315,0.0689996108,0.365608841,0.565391541
6316,0.0306563489,0.0392829552,0.930060685
6317,0.834609449,0.0777052119,0.0876853168
6318,0.610158861,0.368648171,0.0211929455
6319,0.98264581,0.00994626246,0.00740791671
6320,0.137259141,0.609135211,0.253605694
6321,0.423346102,0.481993705,0.0946601853
6322,0.125291005,0.859445751,0.0152632371
6323,0.304581016,0.681160688,0.0142583102
6324,0.217046872,0.764227569,0.0187255777
6325,0.491566092,0.370222539,0.13821134
6326,0.986176133,0.0100987144,0.00372514571
6327,0.267079353,0.655761719,0.0771589354
6328,0.387618512,0.589063108,0.0233183708
6329,0.0509097613,0.810419083,0.138671115
6330,0.974275649,0.0200616308,0.00566271693
6331,0.994300663,0.00383264222,0.00186673377
6332,0.528751731,0.386527359,0.0847208798
6333,0.804466546,0.172975063,0.0225583985
6334,0.185068503,0.796747684,0.0181838311
6335,0.00726965489,0.0163156446,0.97641468
6336,0.637043059,0.325312167,0.0376447961
6337,0.901184857,0.0873432606,0.0114718843
6338,0.0889958888,0.50891757,0.402086586
6339,0.619670391,0.36804682,0.0122828046
6340,0.783994198,0.134676352,0.0813294798
6341,0.907583177,0.0637819096,0.02863493
6342,0.964919269,0.0286810864,0.00639967015
6343,0.240689352,0.737577498,0.0217331368
6344,0.438819677,0.497436136,0.0637442246
6345,0.923660219,0.0573390946,0.0190006942
6346,0.123449862,0.695660472,0.180889666
6347,0.603363037,0.363364518,0.0332724564
6348,0.421826065,0.489723772,0.0884501338
6349,0.0922851264,0.872258306,0.0354565382
6350,0.0706540793,0.844760239,0.0845856965
6351,0.961065173,0.0256604794,0.0132743735
6352,0.0366232395,0.0239946172,0.939382136
6353,0.153398588,0.835225105,0.0113763083
6354,0.0126258833,0.0272557326,0.960118413
6355,0.0853636414,0.885301352,0.0293349791
6356,0.29487282,0.682621121,0.0225060638
6357,0.188126445,0.773628235,0.0382453091
6358,0.323647439,0.653514326,0.0228382871
6359,0.850081503,0.132032707,0.0178857539
6360,0.196699932,0.732201815,0.071098268
6361,0.964177549,0.0259830039,0.00983950216
6362,0.176832214,0.798027575,0.0251402706
6363,0.634066045,0.311432093,0.0545018427
6364,0.984451413,0.00392909069,0.0116195185
6365,0.969675958,0.0268317573,0.00349232205
6366,0.796090484,0.158500418,0.0454090945
6367,0.195217177,0.751520693,0.0532620884
6368,0.679985106,0.0514430068,0.268571913
6369,0.982604027,0.011439478,0.00595651241
6370,0.124326661,0.859780073,0.0158933122
6371,0.0627786368,0.836290181,0.100931168
6372,0.529311597,0.436567664,0.0341207385
6373,0.982971072,0.0105448877,0.00648405915
6374,0.862218976,0.125221759,0.0125592453
6375,0.0590385795,0.910074115,0.0308873244
6376,0.0776934698,0.147116408,0.775190115
6377,0.038114775,0.928553522,0.0333316848
6378,0.855621755,0.126331434,0.0180468168
6379,0.961219668,0.0243243668,0.014455935
6380,0.394995898,0.494191319,0.110812753
6381,0.0466010235,0.912927926,0.0404710062
6382,0.245149955,0.698376596,0.0564734377
6383,0.371449143,0.604259312,0.0242915265
6384,0.932399869,0.0523871593,0.0152129848
6385,0.560469091,0.252555877,0.186975032
6386,0.830814362,0.0199050792,0.149280578
6387,0.041187875,0.23083593,0.727976203
6388,0.56256187,0.10351336,0.33392477
6389,0.62935251,0.35568732,0.0149601782
6390,0.853464305,0.0768696666,0.0696660727
6391,0.166038677,0.821849942,0.0121114133
6392,0.900459707,0.0658088773,0.0337314084
6393,0.530542135,0.437569052,0.0318888165
6394,0.981606305,0.0105968462,0.00779686961
6395,0.773913324,0.211075023,0.0150116486
6396,0.110034309,0.879233837,0.0107318442
6397,0.249775887,0.727751434,0.022472674
6398,0.787441313,0.190531403,0.022027269
6399,0.00570182595,0.0246769916,0.969621181
6400,0.777577639,0.167965651,0.0544567071
6401,0.71558708,0.272652805,0.0117601212
6402,0.443323433,0.539315104,0.0173614901
6403,0.156452551,0.814588964,0.0289584864
6404,0.751605868,0.183092877,0.0653012544
6405,0.966436207,0.0178929735,0.0156708043
6406,0.0223216601,0.243756369,0.733922005
6407,0.971476912,0.0175241046,0.0109989708
6408,0.0376937315,0.875192285,0.0871139541
6409,0.996629715,0.00123008213,0.00214016344
6410,0.991737247,0.00404775236,0.00421499927
6411,0.295823634,0.666840971,0.0373354033
6412,0.201178238,0.696349502,0.102472216
6413,0.928156495,0.0639426112,0.0079008583
6414,0.855463862,0.132785261,0.0117508397
6415,0.259058297,0.510790408,0.230151296
6416,0.954666078,0.0307183824,0.0146155348
6417,0.38643375,0.574673057,0.0388932303
6418,0.970297277,0.0216757786,0.00802691188
6419,0.990352392,0.0065358174,0.00311182113
6420,0.949152768,0.0336436555,0.017203562
6421,0.881972551,0.112001158,0.00602626009
6422,0.973004997,0.0237681642,0.0032268858
6423,0.297936857,0.0623757467,0.639687359
6424,0.0337496437,0.870762646,0.0954877809
6425,0.0856070444,0.863779366,0.0506136008
6426,0.0838031396,0.343323827,0.572873056
6427,0.816625893,0.174986497,0.00838761963
6428,0.97882545,0.0181714483,0.00300309155
6429,0.85915035,0.129947558,0.0109021198
6430,0.77515471,0.203187078,0.021658171
6431,0.509775639,0.456412733,0.0338116437
6432,0.352561444,0.61924535,0.0281932056
6433,0.85274291,0.112878747,0.0343783572
6434,0.856812179,0.128103539,0.015084289
6435,0.0102816299,0.0162474643,0.973470926
6436,0.940048873,0.0531881526,0.00676296977
6437,0.801283956,0.160390094,0.0383259319
6438,0.957515955,0.0262954608,0.0161885861
6439,0.798318267,0.0197443981,0.181937322
6440,0.221204683,0.732982516,0.0458128005
6441,0.946000695,0.0452779308,0.00872133393
6442,0.81429261,0.166992515,0.0187148601
6443,0.970636785,0.0192330088,0.0101301819
6444,0.0807783604,0.48980549,0.42941615
6445,0.0807865039,0.755782664,0.16343084
6446,0.0252628606,0.13218379,0.842553377
6447,0.990079105,0.00735195121,0.00256895483
6448,0.00690133171,0.586589754,0.406508893
6449,0.956730723,0.0328089073,0.0104603833
6450,0.571435928,0.297691494,0.130872607
6451,0.651109219,0.311857432,0.0370333456
6452,0.788127244,0.17645134,0.0354214124
6453,0.876769066,0.0880767629,0.0351542011
6454,0.540949643,0.432458252,0.0265921019
6455,0.837672293,0.143640906,0.0186868366
6456,0.700232506,0.151429862,0.148337632
6457,0.868570268,0.120259285,0.0111704562
6458,0.0460767001,0.707598448,0.246324807
6459,0.00921638496,0.012002659,0.978780985
6460,0.764121473,0.216361955,0.0195165575
6461,0.580634475,0.379923671,0.039441824
6462,0.468988627,0.499015987,0.0319953524
6463,0.763952196,0.141776085,0.0942716971
6464,0.280197293,0.657502651,0.062300045
6465,0.0421113409,0.78569752,0.172191143
6466,0.087520875,0.412669659,0.499809474
6467,0.337984025,0.534102738,0.127913252
6468,0.0117878783,0.0516418479,0.936570287
6469,0.218452066,0.734541059,0.04700692
6470,0.120067611,0.861974001,0.0179584064
6471,0.213711455,0.617621124,0.168667465
6472,0.525064409,0.445068359,0.02986723
6473,0.568039656,0.284017444,0.147942916
6474,0.196188629,0.788864315,0.0149470652
6475,0.98129642,0.007206799,0.0114967702
6476,0.719365358,0.26179418,0.0188405085
6477,0.213795736,0.178681076,0.607523203
6478,0.0496135242,0.905697525,0.0446889438
6479,0.393947005,0.409733355,0.19631961
6480,0.419530571,0.473512679,0.106956705
6481,0.974240005,0.0110203885,0.0147395963
6482,0.98195976,0.00894710701,0.00909310579
6483,0.126950651,0.630369782,0.242679536
6484,0.113847494,0.844758689,0.0413938053
6485,0.520660937,0.245143235,0.234195873
6486,0.918956816,0.0299878698,0.0510552712
6487,0.992477536,0.0040470683,0.00347541738
6488,0.467929333,0.50970614,0.0223645046
6489,0.134367034,0.85040462,0.0152283162
6490,0.722392678,0.248816669,0.0287907124
6491,0.958449423,0.0204588901,0.0210916512
6492,0.0593642145,0.924525023,0.0161107201
6493,0.00347747467,0.00765598938,0.988866508
6494,0.874531746,0.104890041,0.0205782112
6495,0.0785606354,0.869473755,0.0519656315
6496,0.878868818,0.111641519,0.00948963966
6497,0.176706657,0.757390797,0.0659025311
6498,0.804171503,0.118444599,0.0773839056
6499,0.865530491,0.0998393223,0.0346301645
6500,0.287719339,0.623558581,0.0887220949
6501,0.572876155,0.395695925,0.0314279422
6502,0.276928008,0.698826194,0.0242457855
6503,0.749396145,0.14326176,0.107342109
6504,0.165996149,0.546479583,0.287524253
6505,0.142329171,0.601683915,0.255986929
6506,0.945121646,0.047510799,0.00736755645
6507,0.867295504,0.119126216,0.0135782994
6508,0.49340713,0.472374916,0.0342179425
6509,0.0496460833,0.619662464,0.330691487
6510,0.0802309886,0.892957747,0.0268112905
6511,0.0756211132,0.809445739,0.114933133
6512,0.210038066,0.722034097,0.067927897
6513,0.0378760472,0.908094347,0.054029651
6514,0.954402208,0.0322280899,0.0133696878
6515,0.887589157,0.0782893971,0.0341214277
6516,0.881681323,0.111286521,0.00703218952
6517,0.099345617,0.870617092,0.0300373025
6518,0.862298727,0.13275972,0.00494156452
6519,0.954886794,0.0376001075,0.00751309795
6520,0.0328023061,0.051187329,0.91601038
6521,0.979547679,0.0162920337,0.00416031387
6522,0.783168256,0.19436112,0.0224705897
6523,0.00224914728,0.00472316751,0.993027687
6524,0.969014347,0.0244376827,0.0065479679
6525,0.0348519683,0.882259071,0.0828889608
6526,0.935867846,0.0555613972,0.00857071858
6527,0.0920916498,0.270214885,0.637693465
6528,0.0466829687,0.598950267,0.35436675
6529,0.94423759,0.037315283,0.0184470937
6530,0.155408084,0.764499068,0.0800928548
6531,0.338930011,0.545032024,0.116037935
6532,0.828168571,0.134583905,0.037247479
6533,0.988266528,0.00859770179,0.00313580967
6534,0.489286393,0.164390132,0.346323431
6535,0.260535002,0.554428577,0.18503648
6536,0.806845188,0.167758554,0.02539628
6537,0.81801796,0.152375981,0.0296060443
6538,0.971073627,0.0183670279,0.0105593447
6539,0.0504745431,0.916226208,0.0332992896
6540,0.940761149,0.0516626984,0.00757610518
6541,0.131223381,0.763438463,0.105338149
6542,0.992637098,0.00275538932,0.00460750796
6543,0.768406928,0.11013066,0.121462367
6544,0.465890914,0.506906867,0.0272021927
6545,0.141114414,0.819258451,0.0396271199
6546,0.974794209,0.0197047498,0.0055010221
6547,0.261968464,0.722420454,0.0156110441
6548,0.121912189,0.859657586,0.0184302405
6549,0.962584138,0.0238840841,0.0135318246
6550,0.911853373,0.0135202957,0.0746263191
6551,0.368185014,0.578672111,0.0531428754
6552,0.0765721276,0.902110279,0.0213176161
6553,0.916271329,0.0678243488,0.0159043949
6554,0.0116486456,0.027000878,0.961350501
6555,0.521686912,0.429014772,0.049298279
6556,0.809032857,0.177670941,0.0132962018
6557,0.989473522,0.0072313007,0.00329514616
6558,0.0151629373,0.31178543,0.673051596
6559,0.442575902,0.467830777,0.0895933062
6560,0.396307886,0.481648326,0.122043826
6561,0.901041985,0.0826578289,0.016300194
6562,0.750400782,0.225156128,0.0244430862
6563,0.686038315,0.177257076,0.136704579
6564,0.526436388,0.452633291,0.0209303237
6565,0.819492221,0.167309433,0.0131983496
6566,0.962551594,0.0284808911,0.00896749925
6567,0.0174501464,0.9058128,0.0767370462
6568,0.09503676,0.859082222,0.0458810553
6569,0.973914564,0.0216646399,0.00442079082
6570,0.716105282,0.269087166,0.0148075633
6571,0.810867012,0.0990132764,0.0901197121
6572,0.240309432,0.735193133,0.0244974364
6573,0.577905834,0.383620322,0.0384738594
6574,0.544977188,0.425229758,0.0297929812
6575,0.794456601,0.184563935,0.0209794529
6576,0.39198485,0.488738984,0.119276188
6577,0.111782543,0.867440403,0.0207770523
6578,0.875256538,0.0102732107,0.114470288
6579,0.975607991,0.0143607389,0.0100312615
6580,0.172126576,0.779915512,0.047957886
6581,0.975322545,0.0167345442,0.00794289354
6582,0.7654531,0.0796909183,0.154856026
6583,0.123983629,0.867991269,0.00802508742
6584,0.642285824,0.270160139,0.0875540301
6585,0.0232719854,0.92333293,0.0533950925
6586,0.904171705,0.025783265,0.070044972
6587,0.946261466,0.0484739691,0.00526458258
6588,0.0608318262,0.925400436,0.0137677509
6589,0.613283813,0.307171285,0.0795448795
6590,0.289361328,0.677017391,0.0336213037
6591,0.660263181,0.0146564255,0.325080365
6592,0.974307716,0.0205136295,0.00517867832
6593,0.811719418,0.181014255,0.00726632401
6594,0.849637747,0.119864993,0.0304972399
6595,0.773295581,0.216764808,0.00993963983
6596,0.56073153,0.387957305,0.0513111167
6597,0.633868635,0.337709695,0.0284216702
6598,0.57248491,0.401937366,0.0255776867
6599,0.905424595,0.0790111572,0.0155641967
6600,0.094638668,0.866545737,0.0388155989
6601,0.0139280101,0.0201156046,0.96595639
6602,0.849433661,0.12763916,0.0229271445
6603,0.954405069,0.0343658403,0.0112290997
6604,0.0473757945,0.919614613,0.0330095515
6605,0.985754073,0.00593510084,0.00831084978
6606,0.799631774,0.14917779,0.0511904247
6607,0.567099571,0.409533054,0.0233673695
6608,0.973910928,0.0201087799,0.00598032726
6609,0.100621611,0.771262527,0.128115848
6610,0.133897051,0.526445627,0.339657336
6611,0.71456641,0.249588057,0.0358455442
6612,0.886404753,0.088569276,0.025025934
6613,0.541460454,0.416867495,0.0416720547
6614,0.15230462,0.77721107,0.0704842806
6615,0.918702483,0.0638033524,0.0174941588
6616,0.992190719,0.00450824574,0.00330104074
6617,0.969901204,0.00990671106,0.0201921258
6618,0.671504378,0.323000968,0.00549468165
6619,0.946452737,0.0430785827,0.0104686925
6620,0.26555407,0.70922178,0.0252241194
6621,0.357295007,0.622338474,0.0203665588
6622,0.390875608,0.583297312,0.0258271229
6623,0.124232106,0.842415512,0.0333523974
6624,0.641666055,0.17066516,0.187668815
6625,0.573554933,0.411486924,0.0149582075
6626,0.0256833229,0.951103568,0.0232130811
6627,0.122367576,0.85961163,0.0180208776
6628,0.249941543,0.726611555,0.0234469306
6629,0.988528132,0.00716457795,0.00430728681
6630,0.0422103293,0.935388803,0.0224008467
6631,0.928755701,0.0342702195,0.0369740762
6632,0.987381458,0.00660623983,0.00601227209
6633,0.263278008,0.71572566,0.0209963303
6634,0.146952629,0.613068342,0.239979073
6635,0.436204761,0.405488282,0.158306971
6636,0.618370235,0.257194281,0.124435477
6637,0.980725288,0.00836933125,0.0109054139
6638,0.772387207,0.213894278,0.0137184933
6639,0.136344805,0.82437259,0.0392826088
6640,0.220178813,0.764723837,0.0150973806
6641,0.893846989,0.0957571343,0.0103959013
6642,0.933517456,0.0367060453,0.0297765136
6643,0.176197588,0.522783041,0.3010194
6644,0.0672872365,0.917142808,0.0155699681
6645,0.14641428,0.82873714,0.0248486269
6646,0.911429822,0.077348277,0.0112218997
6647,0.931442857,0.0609232858,0.00763385417
6648,0.680900455,0.201960728,0.117138825
6649,0.812986195,0.159967571,0.0270462148
6650,0.705601215,0.275233656,0.0191651266
6651,0.837238789,0.130146369,0.0326147676
6652,0.969374657,0.00538468966,0.0252406821
6653,0.948128343,0.0414099321,0.0104617272
6654,0.476126879,0.509833872,0.0140392706
6655,0.971911669,0.0110647827,0.0170235597
6656,0.00628456753,0.00780173112,0.985913694
6657,0.256759644,0.590579212,0.15266116
6658,0.0518225692,0.441573799,0.506603599
6659,0.95602107,0.0201188773,0.0238600187
6660,0.110209987,0.855513155,0.0342768282
6661,0.866779149,0.112268642,0.0209522098
6662,0.433558673,0.524973631,0.0414676853
6663,0.721810818,0.270228952,0.00796027295
6664,0.454922616,0.00894865673,0.536128759
6665,0.860192895,0.125903293,0.0139037929
6666,0.991615355,0.00324791111,0.00513676554
6667,0.0174193904,0.0934586897,0.88912189
6668,0.23624675,0.746765077,0.0169882067
6669,0.714129925,0.272591561,0.0132785626
6670,0.963735402,0.0214938056,0.0147707723
6671,0.791435182,0.0395608619,0.169003993
6672,0.468321204,0.513902068,0.0177767538
6673,0.735108554,0.246682435,0.0182090197
6674,0.248685554,0.737692058,0.0136224236
6675,0.567489207,0.393729031,0.0387817957
6676,0.971705616,0.0215788372,0.00671560038
6677,0.417779356,0.552938104,0.0292825047
6678,0.256183475,0.707912683,0.0359038487
6679,0.92987293,0.0642332584,0.00589379342
6680,0.141375557,0.8344993,0.0241251402
6681,0.236461669,0.715935051,0.0476033092
6682,0.550533473,0.433205217,0.0162613131
6683,0.774641633,0.0475320779,0.177826256
6684,0.0548102818,0.715779185,0.229410559
6685,0.0789213628,0.896918595,0.0241600275
6686,0.591858804,0.396195084,0.0119461324
6687,0.971954405,0.0228047818,0.00524084829
6688,0.902816832,0.0824103877,0.0147727877
6689,0.832450449,0.153602615,0.0139469216
6690,0.791122139,0.199180946,0.00969687477
6691,0.96140635,0.0324406438,0.00615299493
6692,0.518856823,0.467808604,0.0133345779
6693,0.57682097,0.383327097,0.0398519561
6694,0.979931235,0.014940382,0.00512840925
6695,0.780508935,0.0971182585,0.122372739
6696,0.616368473,0.335847259,0.0477842577
6697,0.960817873,0.0298513193,0.00933077745
6698,0.496714711,0.428642273,0.0746430531
6699,0.986580849,0.00735705299,0.00606210064
6700,0.946231365,0.025949236,0.0278193727
6701,0.0184094906,0.959969938,0.0216206219
6702,0.940330148,0.0505191684,0.00915069226
6703,0.198247403,0.767199695,0.0345528871
6704,0.327319384,0.624027908,0.0486526862
6705,0.824003458,0.13987422,0.0361223109
6706,0.04362588,0.94270283,0.0136713376
6707,0.483793557,0.454632103,0.0615743101
6708,0.973206639,0.0113210697,0.0154723115
6709,0.539396107,0.350936115,0.109667756
6710,0.964677572,0.0234956164,0.0118268393
6711,0.0111358818,0.730379224,0.25848493
6712,0.901369035,0.0806743428,0.0179566722
6713,0.500327647,0.394861728,0.104810581
6714,0.937352002,0.0528573878,0.00979063753
6715,0.985021114,0.00907271914,0.00590619678
6716,0.942011595,0.0495699681,0.00841848645
6717,0.922885299,0.0602030903,0.0169116128
6718,0.990288138,0.00529153598,0.00442031026
6719,0.297510713,0.559212327,0.143276945
6720,0.967292786,0.0271140877,0.00559310708
6721,0.0374230444,0.858526111,0.104050882
6722,0.221254155,0.753254056,0.0254917853
6723,0.47503522,0.40064761,0.124317162
6724,0.319452614,0.513843298,0.166704118
6725,0.9888767,0.00569495559,0.00542835239
6726,0.845521092,0.11050956,0.0439693369
6727,0.119933955,0.630374193,0.249691814
6728,0.0276332553,0.463366181,0.50900054
6729,0.85149616,0.118501402,0.0300024338
6730,0.0498712547,0.804883301,0.145245463
6731,0.967919707,0.0158230141,0.0162572321
6732,0.195089415,0.612041473,0.192869112
6733,0.719242513,0.252864987,0.0278925188
6734,0.860126615,0.0890948176,0.0507785752
6735,0.512526453,0.463696599,0.023776954
6736,0.671602547,0.283014059,0.0453834273
6737,0.81009829,0.164126396,0.0257753413
6738,0.41394347,0.562925518,0.023131052
6739,0.871269882,0.1208978,0.00783233065
6740,0.278637528,0.687096536,0.0342659429
6741,0.315453798,0.648468554,0.0360776111
6742,0.0430678912,0.133234113,0.823697984
6743,0.955404341,0.0309474748,0.0136482315
6744,0.986588001,0.00649869768,0.00691327732
6745,0.868782759,0.0347834267,0.0964338034
6746,0.0332961008,0.952037811,0.0146661121
6747,0.882306397,0.0886509717,0.0290426072
6748,0.46924594,0.518051088,0.0127030108
6749,0.399204671,0.587873518,0.0129217943
6750,0.122036956,0.833936036,0.0440269969
6751,0.224778295,0.714392185,0.0608295649
6752,0.282406658,0.670263648,0.0473297313
6753,0.0224190596,0.129701585,0.84787935
6754,0.258676231,0.696885824,0.0444379561
6755,0.947722018,0.0372871608,0.0149908839
6756,0.836305797,0.147711217,0.0159829576
6757,0.978141844,0.0161903612,0.00566778472
6758,0.669789076,0.29295072,0.0372601822
6759,0.964444637,0.0258413851,0.00971394498
6760,0.989581704,0.00440108171,0.00601723278
6761,0.755628526,0.195339322,0.0490321629
6762,0.897144318,0.0820640251,0.0207916535
6763,0.708411217,0.275203228,0.0163855422
6764,0.480284721,0.381542653,0.138172641
6765,0.966239214,0.0239093602,0.00985142495
6766,0.0256783627,0.848818183,0.12550348
6767,0.407634497,0.517289877,0.0750756115
6768,0.690044761,0.277970314,0.0319848843
6769,0.0845777914,0.902688265,0.0127339819
6770,0.993258238,0.0029733968,0.00376838865
6771,0.0952387452,0.70200789,0.20275332
6772,0.775672555,0.208091453,0.016236024
6773,0.76583606,0.152181521,0.0819823891
6774,0.502038479,0.464015365,0.0339461677
6775,0.205345795,0.108881146,0.685773015
6776,0.0405502357,0.0177002363,0.941749513
6777,0.174710453,0.803488314,0.0218011942
6778,0.740223229,0.246461064,0.0133157
6779,0.808652222,0.175026774,0.0163209736
6780,0.969053686,0.021220481,0.00972584262
6781,0.897925735,0.0573160946,0.0447581559
6782,0.259257466,0.716011345,0.024731176
6783,0.148743168,0.832838833,0.018418042
6784,0.642197371,0.338202298,0.0196002685
6785,0.562698603,0.412139654,0.0251617432
6786,0.00408477942,0.00716229063,0.988752961
6787,0.0729686469,0.88554877,0.0414826088
6788,0.0438661426,0.153923512,0.802210331
6789,0.0126689626,0.0318483599,0.955482662
6790,0.0150748296,0.0460237116,0.938901484
6791,0.221443877,0.759411454,0.0191447008
6792,0.988375127,0.0090066595,0.00261824974
6793,0.0641967952,0.883747756,0.0520554185
6794,0.944042742,0.0502882488,0.00566901872
6795,0.913740575,0.0766717046,0.00958771165
6796,0.961833477,0.0332457237,0.0049208086
6797,0.965479255,0.0304567032,0.00406407425
6798,0.802838147,0.181302413,0.0158593971
6799,0.0752353743,0.897687495,0.0270771571
6800,0.142271727,0.798995197,0.0587330163
6801,0.176015586,0.767958999,0.0560253821
6802,0.607122242,0.302108109,0.0907696187
6803,0.216197103,0.670304596,0.113498271
6804,0.235780165,0.716866016,0.047353752
6805,0.00646102335,0.0164274015,0.977111578
6806,0.401281983,0.308650643,0.290067345
6807,0.119412199,0.186413631,0.69417417
6808,0.963716865,0.0226629302,0.0136201857
6809,0.211649984,0.0800039321,0.708346069
6810,0.917396128,0.064305529,0.0182982888
6811,0.0456732586,0.936452031,0.0178747326
6812,0.0904648453,0.886792064,0.0227430761
6813,0.978340864,0.0110643012,0.0105948029
6814,0.598722577,0.336611658,0.0646657944
6815,0.0818055049,0.851750612,0.0664438978
6816,0.968117952,0.0259889048,0.00589318946
6817,0.348237842,0.266663253,0.385098904
6818,0.64127636,0.340429634,0.0182939917
6819,0.625521243,0.223326743,0.151152074
6820,0.257055134,0.255142421,0.487802416
6821,0.304469705,0.173105225,0.522425115
6822,0.00874102954,0.3825019,0.608757079
6823,0.909682631,0.0819412842,0.00837606937
6824,0.959009111,0.036656227,0.00433470216
6825,0.226784945,0.737226725,0.0359883569
6826,0.956930578,0.0330368392,0.0100326007
6827,0.933183372,0.025819378,0.0409972332
6828,0.512387991,0.403307468,0.0843045413
6829,0.168088526,0.436144829,0.395766646
6830,0.983948112,0.0138453394,0.00220651412
6831,0.221798956,0.486428887,0.291772157
6832,0.694234848,0.277038634,0.0287265219
6833,0.712087929,0.275907606,0.0120044854
6834,0.0403123647,0.937387586,0.0223000236
6835,0.480390102,0.386442214,0.133167624
6836,0.878921568,0.10661228,0.0144661386
6837,0.0348881781,0.92756778,0.0375440679
6838,0.537185252,0.408135086,0.0546796285
6839,0.125700802,0.854893625,0.0194055401
6840,0.799050629,0.185137346,0.0158120152
6841,0.739937305,0.249474719,0.0105879735
6842,0.205498859,0.222790778,0.571710348
6843,0.169281885,0.108692907,0.722025216
6844,0.918357074,0.0594234876,0.0222194362
6845,0.164615661,0.815535843,0.0198485199
6846,0.266838849,0.572392046,0.160769045
6847,0.125736237,0.798775136,0.0754885674
6848,0.0595602803,0.870369315,0.0700704306
6849,0.905236661,0.0846351907,0.010128146
6850,0.326998502,0.641657054,0.0313444957
6851,0.989715219,0.00605663378,0.00422816724
6852,0.822896302,0.150442615,0.0266610682
6853,0.311314136,0.664120972,0.024564933
6854,0.721576929,0.262485266,0.0159378611
6855,0.983628094,0.0111787142,0.00519319111
6856,0.240505606,0.133930132,0.625564218
6857,0.52894479,0.438139677,0.0329154953
6858,0.420140833,0.549008846,0.0308503415
6859,0.885238409,0.0820087865,0.0327527709
6860,0.986916363,0.00799235981,0.00509130349
6861,0.549175382,0.422758818,0.028065823
6862,0.843562007,0.140565857,0.0158721153
6863,0.311861247,0.0818897858,0.606248975
6864,0.696507454,0.289695382,0.0137971826
6865,0.971143126,0.0236755721,0.00518130977
6866,0.11774575,0.149159387,0.733094871
6867,0.598404944,0.381579071,0.0200159624
6868,0.0639645159,0.888779223,0.047256276
6869,0.930363536,0.0643483251,0.00528812315
6870,0.191338733,0.357005835,0.451655447
6871,0.348796099,0.196671113,0.454532802
6872,0.877193213,0.114953451,0.00785336364
6873,0.929860651,0.057399258,0.0127400914
6874,0.165700078,0.410685807,0.423614115
6875,0.510432005,0.468217999,0.0213500094
6876,0.97730279,0.0174985453,0.00519862911
6877,0.97946918,0.00750378566,0.0130270794
6878,0.989386976,0.00809207,0.00252102432
6879,0.0545928627,0.924636841,0.020770302
6880,0.412441075,0.558871984,0.028686963
6881,0.061085593,0.886456013,0.0524583943
6882,0.401940256,0.569438457,0.0286212284
6883,0.0328037739,0.932848632,0.0343475714
6884,0.759908617,0.228766546,0.0113248415
6885,0.152281225,0.275533944,0.572184861
6886,0.523212135,0.426883876,0.0499039888
6887,0.389433622,0.59242481,0.0181416143
6888,0.965210378,0.0201136451,0.0146759469
6889,0.970503032,0.0144559937,0.0150409583
6890,0.641423702,0.293948591,0.0646276921
6891,0.869275093,0.11841841,0.0123065067
6892,0.807555914,0.119548619,0.0728954449
6893,0.981770992,0.012140817,0.00608822983
6894,0.917211652,0.0771634951,0.00562485773
6895,0.255503178,0.726325989,0.0181708112
6896,0.848534286,0.132687733,0.0187780019
6897,0.312425435,0.665172398,0.0224021766
6898,0.0440932214,0.661966562,0.293940246
6899,0.0492692031,0.106988154,0.843742669
6900,0.766604722,0.148677215,0.0847180337
6901,0.135333091,0.531282902,0.333384007
6902,0.735214889,0.193088293,0.0716967955
6903,0.120401889,0.843064845,0.0365332402
6904,0.368227959,0.59663409,0.035137929
6905,0.591489971,0.388747603,0.0197624154
6906,0.0152331498,0.886336744,0.0984300897
6907,0.990487695,0.00422488758,0.00528744282
6908,0.953899503,0.0288488008,0.0172516555
6909,0.583570063,0.393248051,0.0231818873
6910,0.695136964,0.290401787,0.0144612454
6911,0.963867843,0.0281865709,0.00794557948
6912,0.00782138854,0.499763131,0.492415458
6913,0.266874611,0.613854051,0.119271383
6914,0.01932781,0.95192194,0.0287502054
6915,0.986184061,0.00476288842,0.00905301422
6916,0.97140193,0.0168432202,0.0117549049
6917,0.703436196,0.224605367,0.0719584227
6918,0.0607520081,0.0285221636,0.910725832
6919,0.649030983,0.333213061,0.0177559145
6920,0.442720592,0.534378588,0.0229007974
6921,0.148406297,0.726782143,0.124811545
6922,0.455292195,0.386941642,0.157766193
6923,0.650006831,0.338997662,0.0109955231
6924,0.971540093,0.0250570308,0.00340286875
6925,0.443392217,0.517722487,0.0388852842
6926,0.862528563,0.128090814,0.00938063674
6927,0.110004142,0.74515003,0.144845828
6928,0.97309202,0.0195323303,0.00737567386
6929,0.236697495,0.737783015,0.0255195089
6930,0.01839027,0.0725116432,0.909098089
6931,0.438731551,0.527815223,0.0334532484
6932,0.852396011,0.141741782,0.00586220389
6933,0.920005739,0.0680804625,0.0119138286
6934,0.976549506,0.0197127089,0.00373782823
6935,0.897649169,0.0977618098,0.00458897231
6936,0.0999694169,0.779091537,0.120939009
6937,0.109354511,0.862955868,0.0276896544
6938,0.0241146255,0.947015166,0.0288702585
6939,0.977572739,0.0165178422,0.00590943033
6940,0.838288665,0.149977192,0.0117341299
6941,0.527543724,0.338102967,0.13435328
6942,0.514770567,0.45234701,0.032882385
6943,0.9332394,0.0483990684,0.0183615703
6944,0.751322269,0.204201415,0.0444763415
6945,0.412766546,0.5649423,0.0222911276
6946,0.158030882,0.817443132,0.0245259665
6947,0.136627093,0.799525678,0.063847214
6948,0.416306138,0.559836209,0.0238575917
6949,0.983341694,0.00981599651,0.0068422975
6950,0.633965135,0.176245451,0.1897894
6951,0.983864129,0.0103161847,0.00581969554
6952,0.573074818,0.397223413,0.0297017358
6953,0.460379958,0.323710501,0.215909585
6954,0.0235754307,0.615377843,0.361046702
6955,0.858638823,0.120327488,0.021033667
6956,0.115910336,0.841678679,0.0424110293
6957,0.959288597,0.0224420186,0.0182694029
6958,0.972830892,0.0190568361,0.00811222848
6959,0.0422663167,0.939123511,0.0186101981
6960,0.177196354,0.809761763,0.013041907
6961,0.0110366717,0.916918993,0.0720443502
6962,0.504914105,0.42862004,0.0664658323
6963,0.93606317,0.053976316,0.00996047258
6964,0.568039656,0.284017444,0.147942916
6965,0.0342313424,0.281590044,0.684178591
6966,0.987580955,0.00901774503,0.00340129994
6967,0.935053349,0.0607542209,0.00419237837
6968,0.244664952,0.726924717,0.0284103379
6969,0.946939409,0.0410227776,0.0120378006
6970,0.0121704377,0.0295257084,0.958303869
6971,0.234877095,0.745002806,0.0201200694
6972,0.937897921,0.0569888428,0.00511325104
6973,0.821724534,0.160761267,0.0175141767
6974,0.0422129519,0.941192925,0.0165941231
6975,0.0440182611,0.330895275,0.625086486
6976,0.735625863,0.236313015,0.0280611385
6977,0.870195746,0.0878513902,0.0419528559
6978,0.414127558,0.367707938,0.218164474
6979,0.640160501,0.340612829,0.0192266703
6980,0.516121268,0.453931421,0.0299473274
6981,0.720113397,0.180093423,0.0997932106
6982,0.398480684,0.448072612,0.153446704
6983,0.98255682,0.0122091928,0.00523398397
6984,0.195224583,0.360118926,0.444656491
6985,0.846505523,0.0721585676,0.0813358948
6986,0.323698461,0.646544874,0.0297566578
6987,0.950611353,0.0295129977,0.0198756326
6988,0.98255688,0.0105442246,0.00689891679
6989,0.824476957,0.149441883,0.0260811672
6990,0.70622772,0.246998414,0.0467738509
6991,0.908594728,0.0828597099,0.00854559522
6992,0.969126105,0.00900979061,0.0218640957
6993,0.474430412,0.509554148,0.0160154402
6994,0.605704725,0.357312053,0.0369832218
6995,0.50557518,0.48230049,0.0121243531
6996,0.892073929,0.0871633366,0.0207627174
6997,0.97418201,0.0219310969,0.00388693437
6998,0.123954847,0.856580913,0.019464219
6999,0.524439216,0.455135912,0.0204249267
7000,0.367879719,0.53468132,0.0974389464
7001,0.632149637,0.356770754,0.0110795777
7002,0.961165011,0.028828755,0.010006235
7003,0.838510156,0.114636764,0.0468530357
7004,0.955515742,0.0384394154,0.00604483392
7005,0.908380032,0.0583839156,0.0332360379
7006,0.989234447,0.00512669235,0.00563887553
7007,0.810582876,0.173563763,0.0158533305
7008,0.356834263,0.616424501,0.0267412048
7009,0.751277387,0.105458796,0.143263787
7010,0.5778566,0.408619165,0.0135242948
7011,0.328486472,0.373393595,0.298119903
7012,0.96198374,0.0255424734,0.0124738123
7013,0.938241184,0.054421477,0.00733735459
7014,0.00136037951,0.0313674621,0.967272162
7015,0.25750035,0.732568026,0.00993162487
7016,0.115830608,0.686110437,0.198058963
7017,0.020326918,0.304342359,0.675330698
7018,0.771545172,0.185548142,0.0429066718
7019,0.390520275,0.56486398,0.0446157269
7020,0.129226953,0.121616296,0.749156713
7021,0.00244464865,0.00761194248,0.989943385
7022,0.553394139,0.381012946,0.0655928925
7023,0.652492762,0.232190549,0.115316667
7024,0.434107989,0.521121979,0.0447700396
7025,0.0179320704,0.0204540715,0.961613834
7026,0.0495908447,0.727139771,0.223269343
7027,0.0251383316,0.959133625,0.0157280546
7028,0.985425174,0.0103021851,0.00427267095
7029,0.978218317,0.0142214447,0.00756022613
7030,0.0331050195,0.792234957,0.174659982
7031,0.890361547,0.0953338221,0.014304609
7032,0.161037356,0.793567598,0.0453950465
7033,0.83454299,0.155573398,0.00988363288
7034,0.598803043,0.291729003,0.109467953
7035,0.566452205,0.266188473,0.167359322
7036,0.741867602,0.242933854,0.0151985241
7037,0.713725805,0.251225412,0.0350487977
7038,0.076577425,0.0211224426,0.902300179
7039,0.967197657,0.0229942147,0.00980813522
7040,0.40218389,0.0549627654,0.542853355
7041,0.0829886645,0.898423851,0.0185874496
7042,0.993538916,0.00203259895,0.00442845561
7043,0.795428634,0.178192437,0.0263789613
7044,0.768630564,0.0753592104,0.156010196
7045,0.990020931,0.00393492356,0.00604411494
7046,0.978292108,0.0126745384,0.00903328322
7047,0.708412588,0.197054476,0.0945329443
7048,0.761660874,0.227426276,0.0109128989
7049,0.452252418,0.525407076,0.0223404542
7050,0.949785173,0.0177612454,0.0324535631
7051,0.0700298324,0.896482527,0.033487618
7052,0.437240541,0.542863548,0.0198959261
7053,0.541679204,0.39430365,0.0640171766
7054,0.396067411,0.451865941,0.152066693
7055,0.994652927,0.00196126173,0.00338584324
7056,0.749441624,0.0778785944,0.172679767
7057,0.345397562,0.631868899,0.0227335654
7058,0.986784995,0.00437282631,0.00884218235
7059,0.658940494,0.316664636,0.0243948344
7060,0.183149412,0.755602539,0.0612479933
7061,0.195790485,0.787248909,0.0169606451
7062,0.883296132,0.109754875,0.00694904942
7063,0.84235698,0.147070974,0.0105720581
7064,0.929363906,0.0603916831,0.0102444049
7065,0.946398854,0.0276594386,0.0259416774
7066,0.226576552,0.408123076,0.365300387
7067,0.101234242,0.882315099,0.0164506566
7068,0.227008983,0.717497945,0.0554930307
7069,0.014386721,0.0179818682,0.9676314
7070,0.967396736,0.0207003597,0.0119028986
7071,0.911557019,0.077884905,0.0105580827
7072,0.0253570229,0.0321314782,0.942511499
7073,0.632934272,0.344893157,0.0221726485
7074,0.665967703,0.298905998,0.0351263583
7075,0.662451327,0.310225785,0.0273229163
7076,0.573836207,0.353078485,0.0730852932
7077,0.0470809005,0.819510043,0.133409038
7078,0.989192843,0.00645714579,0.00435003825
7079,0.14221248,0.765129805,0.09265773
7080,0.793895721,0.116990916,0.0891133994
7081,0.200527728,0.363120556,0.436351687
7082,0.705682218,0.273043543,0.0212742593
7083,0.166219383,0.750444412,0.0833362043
7084,0.0838240832,0.493309438,0.422866493
7085,0.893544793,0.0776663646,0.0287888795
7086,0.872821808,0.102412,0.0247661993
7087,0.37019828,0.178124666,0.451677054
7088,0.096860297,0.860504329,0.042635344
7089,0.862645388,0.123188816,0.0141658075
7090,0.500068665,0.453627378,0.0463039763
7091,0.134805098,0.191211939,0.673982918
7092,0.919854939,0.0763764009,0.00376862963
7093,0.102320395,0.850318372,0.0473612621
7094,0.830463946,0.158336416,0.0111997016
7095,0.805340827,0.141827479,0.0528316833
7096,0.00137903634,0.00758079858,0.99104017
7097,0.0581884086,0.376614809,0.565196812
7098,0.339805663,0.228745028,0.431449324
7099,0.162409604,0.817848742,0.0197416302
7100,0.939015329,0.0405518003,0.0204328876
7101,0.166617051,0.817868173,0.0155148078
7102,0.894075751,0.0661462918,0.0397779532
7103,0.268583357,0.422024012,0.309392631
7104,0.0318391882,0.843705118,0.124455713
7105,0.389848769,0.573827028,0.0363241918
7106,0.00650074286,0.112001553,0.881497681
7107,0.119720131,0.836355746,0.0439241305
7108,0.0244516432,0.00748965889,0.968058705
7109,0.0332201049,0.119832553,0.846947372
7110,0.135224253,0.197640494,0.667135239
7111,0.0471292175,0.110394262,0.842476547
7112,0.49445799,0.459501296,0.0460407175
7113,0.809739172,0.152200118,0.0380606353
7114,0.716804981,0.215610981,0.0675840601
7115,0.0230225753,0.145298943,0.83167845
7116,0.979058206,0.0185876247,0.00235418114
7117,0.537211537,0.432102144,0.0306863021
7118,0.980596781,0.0129177682,0.00648546079
7119,0.78826648,0.100015007,0.111718506
7120,0.971895039,0.023219917,0.00488500623
7121,0.324009925,0.651752472,0.0242376067
7122,0.259781212,0.726222217,0.0139966197
7123,0.779145956,0.191710025,0.0291440468
7124,0.121017478,0.847291589,0.0316909626
7125,0.614511609,0.358227044,0.0272613168
7126,0.859762967,0.125455052,0.0147820394
7127,0.916385114,0.0708111227,0.0128037762
7128,0.832453787,0.151028007,0.0165181663
7129,0.970315695,0.022411501,0.00727280835
7130,0.231660753,0.747649729,0.0206895154
7131,0.391820401,0.566045821,0.042133797
7132,0.888638139,0.036910899,0.0744509622
7133,0.828388691,0.158066541,0.0135447485
7134,0.471825838,0.505178511,0.0229956601
7135,0.0664757192,0.382803112,0.550721169
7136,0.599913418,0.276728421,0.123358153
7137,0.396986067,0.587020755,0.015993176
7138,0.865829885,0.126434103,0.00773602724
7139,0.97696346,0.0194417462,0.00359479687
7140,0.238038078,0.743892431,0.0180695318
7141,0.900919855,0.064098455,0.0349817351
7142,0.0334780999,0.951003432,0.0155184781
7143,0.971941948,0.0231596697,0.00489838235
7144,0.233095244,0.729426324,0.037478473
7145,0.987663567,0.00927164685,0.00306479679
7146,0.223173663,0.765858591,0.0109677697
7147,0.786194444,0.194304407,0.0195011757
7148,0.919296622,0.0554448552,0.0252585039
7149,0.619550109,0.364116132,0.0163337439
7150,0.726271749,0.248799607,0.0249286294
7151,0.375313222,0.571062803,0.0536239594
7152,0.148314759,0.79973644,0.0519488044
7153,0.985869586,0.0109224571,0.00320792431
7154,0.0211526956,0.964503169,0.0143441418
7155,0.873729289,0.118137501,0.00813321769
7156,0.0388971008,0.742753923,0.21834895
7157,0.860102117,0.0869724751,0.0529254302
7158,0.941938519,0.0523925237,0.00566896517
7159,0.921160102,0.0636030957,0.0152367745
7160,0.898734391,0.0750807822,0.0261848867
7161,0.97816956,0.0177317671,0.00409866963
7162,0.33079499,0.580041289,0.0891637802
7163,0.826922596,0.120078787,0.0529986471
7164,0.274087131,0.0754683539,0.650444508
7165,0.397238731,0.555377543,0.0473837182
7166,0.285302639,0.688378215,0.0263191294
7167,0.598071456,0.363865495,0.0380630679
7168,0.0627211183,0.503178477,0.434100419
7169,0.892969906,0.06447611,0.0425539948
7170,0.979646981,0.0166943092,0.00365865626
7171,0.989417315,0.00549052982,0.00509218732
7172,0.963098049,0.0268203281,0.0100816358
7173,0.813270092,0.146372899,0.0403569713
7174,0.977309346,0.0148417335,0.00784895383
7175,0.00191542297,0.00661659287,0.991468012
7176,0.803921223,0.14857462,0.0475041643
7177,0.355594248,0.554702282,0.089703463
7178,0.558745444,0.242656618,0.198597938
7179,0.975555003,0.0202087201,0.00423630187
7180,0.0113496669,0.94102335,0.0476269349
7181,0.128265902,0.83890605,0.0328279957
7182,0.59816283,0.33719486,0.0646423325
7183,0.183211073,0.728014708,0.0887742341
7184,0.934093893,0.0618545748,0.00405152468
7185,0.965678096,0.0223352946,0.0119865872
7186,0.409215659,0.576664507,0.0141198384
7187,0.0280226562,0.948084056,0.0238932353
7188,0.924104333,0.0673780963,0.00851758849
7189,0.969596803,0.0213227831,0.00908040348
7190,0.102943107,0.79391849,0.10313841
7191,0.881877661,0.0748926625,0.0432296656
7192,0.982477307,0.0109119117,0.00661079958
7193,0.901382744,0.0690212026,0.0295961183
7194,0.902236819,0.0865800604,0.0111830728
7195,0.962667108,0.0330553502,0.00427753991
7196,0.923242986,0.0405538343,0.0362031795
7197,0.67452687,0.267767072,0.0577060394
7198,0.230423003,0.736278057,0.0332988948
7199,0.0214496776,0.464321852,0.514228463
7200,0.0872296095,0.891470671,0.0212997608
7201,0.94901067,0.0335046351,0.0174846649
7202,0.0831140354,0.0292275846,0.887658358
7203,0.0319047421,0.916419148,0.0516761318
7204,0.684918523,0.290504247,0.0245772377
7205,0.963625431,0.0165740885,0.0198004916
7206,0.93787396,0.0388484932,0.0232775677
7207,0.978306055,0.0183627978,0.00333114574
7208,0.894451499,0.0799843669,0.0255641341
7209,0.377751887,0.575187385,0.0470607504
7210,0.0889051408,0.890706658,0.0203882121
7211,0.0691622645,0.905769169,0.0250685904
7212,0.0553477332,0.0809177533,0.863734484
7213,0.497171581,0.467622221,0.0352062024
7214,0.971563518,0.0173245911,0.0111118741
7215,0.0845135674,0.851739168,0.0637472868
7216,0.395702213,0.587311029,0.0169868004
7217,0.743125677,0.242343426,0.0145309446
7218,0.907891273,0.0858930871,0.00621562498
7219,0.677664101,0.265497148,0.0568387769
7220,0.00836445764,0.930155456,0.0614801161
7221,0.144925371,0.829644918,0.0254297219
7222,0.211963758,0.776907861,0.0111283464
7223,0.289344847,0.647675574,0.0629796162
7224,0.460629404,0.450251788,0.0891188011
7225,0.589550972,0.377723157,0.0327258781
7226,0.3135975,0.676298499,0.0101039475
7227,0.322269946,0.663960755,0.0137692969
7228,0.0479550622,0.690532744,0.26151222
7229,0.451451093,0.487409592,0.0611393265
7230,0.990239441,0.00701890886,0.00274163089
7231,0.526739776,0.416171312,0.0570888892
7232,0.423115462,0.539318919,0.0375656523
7233,0.754003823,0.105636321,0.140359864
7234,0.00568703236,0.00869322475,0.985619783
7235,0.794183969,0.0805859789,0.125230029
7236,0.326382995,0.34937188,0.324245095
7237,0.800103366,0.155999318,0.0438972637
7238,0.784059405,0.145558521,0.0703820586
7239,0.0852741227,0.84815532,0.0665705353
7240,0.364883065,0.613137424,0.0219795369
7241,0.934328496,0.0498681851,0.0158033986
7242,0.976763427,0.0140733486,0.00916328747
7243,0.978666008,0.0163054094,0.00502860593
7244,0.979600608,0.0123152249,0.0080841817
7245,0.646633863,0.340425789,0.0129403826
7246,0.164543137,0.686036408,0.14942044
7247,0.275646538,0.705162883,0.0191905871
7248,0.851710141,0.133515984,0.0147738764
7249,0.988700807,0.00552980183,0.00576938177
7250,0.379000455,0.440263122,0.180736408
7251,0.465957761,0.510065377,0.023976896
7252,0.918033719,0.0739680752,0.00799822155
7253,0.513810635,0.383399218,0.102790177
7254,0.856333077,0.124037251,0.0196296517
7255,0.161095873,0.640443742,0.19846037
7256,0.29709214,0.550708354,0.152199522
7257,0.984788239,0.0100629935,0.00514875446
7258,0.56560576,0.386056989,0.0483372733
7259,0.748546779,0.239125699,0.0123275146
7260,0.974234402,0.0203684811,0.00539713819
7261,0.00150597969,0.00339485775,0.995099187
7262,0.299281508,0.48848477,0.212233707
7263,0.886372685,0.0861171782,0.0275101215
7264,0.906482995,0.0786550865,0.0148619143
7265,0.602094114,0.357019395,0.0408865102
7266,0.11445082,0.867016256,0.0185329597
7267,0.0193864349,0.0690242574,0.911589324
7268,0.529908657,0.456335783,0.0137555124
7269,0.808335364,0.179229885,0.0124347778
7270,0.187974542,0.762476563,0.0495489128
7271,0.188717157,0.798918068,0.0123647787
7272,0.643466473,0.321265787,0.035267733
7273,0.971848726,0.0213841479,0.00676710159
7274,0.900540531,0.0632910877,0.0361684002
7275,0.963767946,0.0287839584,0.00744806789
7276,0.0860547945,0.877161741,0.0367834866
7277,0.774338782,0.183715627,0.0419455618
7278,0.971173763,0.0208563171,0.00796992611
7279,0.796969593,0.191210389,0.0118200816
7280,0.809551656,0.123095706,0.0673526227
7281,0.117833607,0.795474827,0.0866915435
7282,0.060415145,0.865320623,0.0742642283
7283,0.334476739,0.644575655,0.0209475476
7284,0.0767450035,0.874550402,0.0487046018
7285,0.112562582,0.830669761,0.056767717
7286,0.90967828,0.0658174753,0.0245042406
7287,0.461173296,0.435377717,0.103449017
7288,0.526071131,0.431079447,0.0428494513
7289,0.584279716,0.40334323,0.0123770386
7290,0.557930648,0.341201246,0.100868061
7291,0.920415103,0.0682631209,0.0113217812
7292,0.550356209,0.392871052,0.0567727722
7293,0.710357606,0.281077534,0.00856485311
7294,0.205187514,0.751277506,0.0435349979
7295,0.914526343,0.0606901944,0.0247834958
7296,0.317359388,0.646040618,0.0366000459
7297,0.0893257037,0.543955326,0.366718978
7298,0.0293989796,0.932600617,0.0380004346
7299,0.955265939,0.0382715575,0.00646249717
7300,0.793530524,0.0490270406,0.157442421
7301,0.130030036,0.816617191,0.0533527769
7302,0.160004452,0.803429186,0.0365663432
7303,0.944164574,0.0460989177,0.00973650534
7304,0.0218229014,0.842260182,0.135916859
7305,0.497632176,0.129942879,0.37242496
7306,0.96487695,0.0207408629,0.0143821891
7307,0.992733121,0.00513574714,0.00213112845
7308,0.235272154,0.729199409,0.0355283804
7309,0.767767251,0.186822474,0.0454103015
7310,0.26441288,0.558550656,0.177036464
7311,0.757910728,0.233729109,0.00836017355
7312,0.985317528,0.0102500441,0.0044324249
7313,0.909189701,0.0646201372,0.026190158
7314,0.0325823687,0.890443683,0.0769739747
7315,0.599376559,0.0207370035,0.379886478
7316,0.922481537,0.0672415197,0.0102769388
7317,0.336039096,0.590717614,0.0732432678
7318,0.0377865732,0.145255804,0.816957653
7319,0.550051451,0.42737624,0.0225722883
7320,0.980682492,0.00979736634,0.00952011999
7321,0.976306677,0.0164779108,0.00721539371
7322,0.859545112,0.133013934,0.00744094094
7323,0.125202358,0.86357528,0.0112223839
7324,0.900628746,0.0945848003,0.00478645973
7325,0.881814122,0.109619111,0.00856676139
7326,0.809441507,0.135899842,0.0546586774
7327,0.0173135493,0.0162862185,0.966400266
7328,0.409639269,0.539591372,0.0507693477
7329,0.376068771,0.505068183,0.118863091
7330,0.111687519,0.626757145,0.261555314
7331,0.0528891981,0.918856204,0.0282545984
7332,0.211589426,0.761731207,0.0266793892
7333,0.956291974,0.0357973985,0.00791064464
7334,0.30821234,0.211232841,0.480554819
7335,0.659751832,0.240649164,0.0995990187
7336,0.662409127,0.312926978,0.0246638618
7337,0.90776974,0.0682025999,0.0240276642
7338,0.294876695,0.687070191,0.0180531293
7339,0.355730116,0.339613199,0.304656684
7340,0.0751811638,0.413850993,0.510967851
7341,0.0150922658,0.499961376,0.48494637
7342,0.972942352,0.0157133844,0.0113442494
7343,0.819252193,0.14939037,0.0313574299
7344,0.428020209,0.561714947,0.0102648437
7345,0.47942996,0.275423437,0.245146602
7346,0.234694242,0.754573882,0.010731874
7347,0.6419577,0.334660739,0.0233815573
7348,0.962330222,0.0269084573,0.0107613429
7349,0.756904244,0.229556456,0.0135393096
7350,0.33525461,0.589299619,0.0754458159
7351,0.236882523,0.749071896,0.0140455514
7352,0.962298751,0.0230170824,0.01468419
7353,0.958209395,0.0371302143,0.00466033723
7354,0.933703661,0.043119058,0.023177322
7355,0.967740655,0.0263901241,0.00586923538
7356,0.796589375,0.18787013,0.0155405616
7357,0.407142967,0.575433314,0.0174237657
7358,0.287908703,0.606406033,0.105685264
7359,0.694875896,0.296147466,0.00897660758
7360,0.7451635,0.145416006,0.109420501
7361,0.129221484,0.331632882,0.539145648
7362,0.763810933,0.211331174,0.0248578656
7363,0.0429181047,0.925335407,0.0317464657
7364,0.985490382,0.0103636226,0.00414597383
7365,0.500516772,0.488775879,0.0107073169
7366,0.900523901,0.0897131413,0.00976297073
7367,0.859776735,0.11828988,0.0219333395
7368,0.957299471,0.0382623188,0.00443820283
7369,0.670867145,0.282668173,0.0464646742
7370,0.891248286,0.0550768897,0.0536748432
7371,0.743730783,0.111921802,0.144347399
7372,0.967067897,0.0225194562,0.0104126614
7373,0.986949384,0.00746113621,0.0055894861
7374,0.0916749462,0.887522638,0.020802401
7375,0.254960954,0.724217653,0.0208213665
7376,0.914990664,0.0766764954,0.008332856
7377,0.219216987,0.687274158,0.0935088471
7378,0.717013717,0.264353633,0.0186326802
7379,0.855685294,0.11501541,0.0292992815
7380,0.133881405,0.828955352,0.0371632241
7381,0.188244313,0.792170286,0.0195853971
7382,0.23751688,0.702642024,0.0598411337
7383,0.170410782,0.807318687,0.0222704858
7384,0.207056537,0.72140801,0.0715353787
7385,0.921198606,0.0683708042,0.0104305735
7386,0.758545101,0.213451043,0.0280038174
7387,0.212264299,0.738288522,0.0494471639
7388,0.662084877,0.240560576,0.0973545536
7389,0.922642231,0.068478696,0.00887903105
7390,0.565152943,0.398516566,0.0363305435
7391,0.945209742,0.049913168,0.00487709278
7392,0.189416587,0.672443926,0.138139471
7393,0.0520195849,0.704249561,0.243730873
7394,0.6539101,0.216963068,0.129126847
7395,0.400859863,0.580024123,0.0191160012
7396,0.0410618,0.438717335,0.520220876
7397,0.549123406,0.408401847,0.0424747579
7398,0.882139742,0.0940160826,0.0238441825
7399,0.986814797,0.00787868351,0.00530648464
7400,0.285921752,0.522048771,0.192029476
7401,0.916382074,0.0750892162,0.00852868706
7402,0.331191361,0.639808595,0.0290000048
7403,0.835175276,0.155177712,0.00964700524
7404,0.812864542,0.172056913,0.0150785465
7405,0.393099278,0.591960013,0.0149406632
7406,0.0696043894,0.907812119,0.0225834791
7407,0.591228843,0.385252088,0.0235190485
7408,0.98311758,0.0119884443,0.00489394506
7409,0.0759071857,0.6008057,0.323287129
7410,0.0603880286,0.829604149,0.110007823
7411,0.222529426,0.664465547,0.11300505
7412,0.968065262,0.0208813567,0.0110533964
7413,0.0348256305,0.950508893,0.0146654742
7414,0.287797183,0.256166309,0.456036508
7415,0.234337419,0.698084593,0.0675780252
7416,0.0686856583,0.479598135,0.451716214
7417,0.902810156,0.0851918757,0.0119979428
7418,0.79219836,0.0757019371,0.132099703
7419,0.117058814,0.433882207,0.44905898
7420,0.415685892,0.121098287,0.463215798
7421,0.00528260134,0.0242704805,0.970446885
7422,0.978807211,0.0178445764,0.00334821525
7423,0.56153661,0.387318224,0.0511451587
7424,0.134343922,0.838535428,0.0271206982
7425,0.0232258718,0.681911528,0.294862628
7426,0.0350253396,0.948035657,0.0169389695
7427,0.944662213,0.0489645079,0.00637330906
7428,0.85765177,0.131712109,0.0106360903
7429,0.925499439,0.0519300662,0.0225704629
7430,0.815479398,0.045229286,0.139291361
7431,0.132015094,0.720742941,0.147241935
7432,0.173972666,0.789028645,0.036998719
7433,0.451794922,0.486223072,0.0619819872
7434,0.987949491,0.00979845133,0.00225202553
7435,0.960711002,0.013573302,0.0257157106
7436,0.87359643,0.114378154,0.012025387
7437,0.471765965,0.146851093,0.381382942
7438,0.292466283,0.556296349,0.151237398
7439,0.341491461,0.58458209,0.0739264563
7440,0.00829842873,0.0497332402,0.941968322
7441,0.710002542,0.277115971,0.0128815658
7442,0.0245422218,0.0707296357,0.904728115
7443,0.992717743,0.0042387885,0.00304347626
7444,0.0910119563,0.599761486,0.309226573
7445,0.855261207,0.128241673,0.0164970979
7446,0.828714848,0.162411109,0.00887401029
7447,0.905540526,0.0480371527,0.046422299
7448,0.940161705,0.034076184,0.0257621091
7449,0.652324736,0.312240243,0.0354350023
7450,0.259872586,0.697456717,0.0426706932
7451,0.112864539,0.843834817,0.0433005728
7452,0.222467899,0.587083936,0.19044818
7453,0.895020664,0.0931586921,0.0118206739
7454,0.981603622,0.0109623102,0.00743405521
7455,0.0994548276,0.841618299,0.0589268878
7456,0.877330661,0.107956946,0.014712384
7457,0.544950724,0.443873227,0.0111760581
7458,0.954388559,0.00517335068,0.0404381193
7459,0.964039326,0.0145224556,0.0214381926
7460,0.29937762,0.567897201,0.132725194
7461,0.153662592,0.833966911,0.0123704737
7462,0.0863691866,0.894375384,0.0192554425
7463,0.995226026,0.00125319243,0.00352076069
7464,0.168545946,0.751390398,0.0800636634
7465,0.336760402,0.519144595,0.144094989
7466,0.828801036,0.159203544,0.011995377
7467,0.533187151,0.451345682,0.0154671669
7468,0.28874734,0.68561995,0.0256326832
7469,0.19584398,0.609382987,0.194772989
7470,0.59206605,0.369735658,0.0381983407
7471,0.993495584,0.00389922457,0.00260517304
7472,0.176008582,0.356371403,0.467620015
7473,0.284851909,0.618714392,0.0964337289
7474,0.210880563,0.746551991,0.0425674245
7475,0.958270311,0.0339918844,0.00773778372
7476,0.820805132,0.164817557,0.0143773239
7477,0.987407088,0.00797172543,0.00462122494
7478,0.181878,0.769951761,0.0481702387
7479,0.0294570997,0.946616352,0.0239265226
7480,0.306076586,0.670627654,0.0232957304
7481,0.850441337,0.129309982,0.0202486347
7482,0.917203426,0.0628231019,0.0199734475
7483,0.34344092,0.602217019,0.0543420464
7484,0.141491935,0.820385754,0.0381222591
7485,0.126507908,0.249950215,0.623541892
7486,0.239841446,0.583816886,0.176341712
7487,0.00355661428,0.0397358947,0.956707537
7488,0.986030459,0.00606331695,0.00790615194
7489,0.945567369,0.0453364179,0.00909622479
7490,0.199155733,0.781910956,0.0189333428
7491,0.401426733,0.529517114,0.0690561682
7492,0.988604486,0.00602560397,0.0053698984
7493,0.937781215,0.0422936231,0.0199251492
7494,0.117424473,0.858833075,0.0237424336
7495,0.972598672,0.0225101095,0.00489121908
7496,0.885528743,0.0693072006,0.0451640375
7497,0.679275393,0.117113397,0.20361118
7498,0.957231045,0.0358233266,0.00694565009
7499,0.983814538,0.00929743517,0.00688802218
7500,0.569981635,0.32752198,0.102496393
7501,0.00258295587,0.0147120422,0.982704997
7502,0.958318532,0.017016083,0.0246653333
7503,0.410776317,0.567633867,0.0215898287
7504,0.726533175,0.177588373,0.0958784893
7505,0.951595366,0.0402077138,0.00819696859
7506,0.056319043,0.512858093,0.430822909
7507,0.633262634,0.345689803,0.0210475512
7508,0.948758602,0.0340544432,0.0171869695
7509,0.146430135,0.739025295,0.114544548
7510,0.763945103,0.226432711,0.00962218642
7511,0.860103428,0.102284476,0.037612047
7512,0.200793535,0.660655081,0.138551369
7513,0.677389801,0.303701848,0.0189083293
7514,0.167032063,0.812779188,0.02018876
7515,0.0727204978,0.127182245,0.800097287
7516,0.307018042,0.656726182,0.0362557657
7517,0.974001288,0.0175402164,0.00845854636
7518,0.777771413,0.209260106,0.0129685206
7519,0.98326093,0.012854984,0.0038840652
7520,0.801001489,0.159479588,0.0395188965
7521,0.574982703,0.409497499,0.0155198043
7522,0.124458842,0.788404822,0.087136358
7523,0.0974355042,0.88912189,0.0134426076
7524,0.464594901,0.514425874,0.0209791884
7525,0.498662114,0.469519377,0.0318185017
7526,0.73896277,0.22178632,0.0392509289
7527,0.991330683,0.00596514996,0.00270419801
7528,0.611090004,0.372786015,0.0161239523
7529,0.889030159,0.0826219097,0.0283479802
7530,0.100187913,0.0180940628,0.88171804
7531,0.172779381,0.794448197,0.0327724069
7532,0.087984629,0.828347325,0.0836680457
7533,0.31852743,0.471796453,0.209676132
7534,0.853113234,0.135012284,0.0118744895
7535,0.961638272,0.0313687287,0.00699295243
7536,0.28056863,0.684308589,0.0351227857
7537,0.945176125,0.0193987787,0.0354251079
7538,0.884682536,0.0956037492,0.0197137166
7539,0.730011225,0.231488258,0.0385005325
7540,0.862930834,0.100818112,0.0362511128
7541,0.826014876,0.155031726,0.0189533699
7542,0.883569181,0.0746067986,0.0418240912
7543,0.90855509,0.0811046958,0.0103402706
7544,0.524015844,0.461358905,0.0146252345
7545,0.441449523,0.522461534,0.0360889286
7546,0.989826679,0.00438972423,0.00578362262
7547,0.197126284,0.782146335,0.0207274165
7548,0.492125273,0.488700718,0.0191740207
7549,0.723387599,0.249882326,0.0267300792
7550,0.0388480015,0.1258578,0.835294187
7551,0.0582336038,0.0950219706,0.846744418
7552,0.791028976,0.141270787,0.0677002668
7553,0.00358367921,0.0483489223,0.948067427
7554,0.920284688,0.0675965473,0.0121188238
7555,0.954210579,0.032131765,0.0136576081
7556,0.500588,0.45285818,0.0465537943
7557,0.0118218306,0.0492601804,0.938917935
7558,0.462213635,0.484195888,0.0535904542
7559,0.0509503782,0.901698709,0.0473509245
7560,0.990900576,0.00389164756,0.00520778215
7561,0.173008904,0.753137052,0.073854059
7562,0.96383512,0.0287548844,0.00740998331
7563,0.964580536,0.031537734,0.00388176786
7564,0.396981627,0.576385081,0.0266332589
7565,0.93274951,0.0539641753,0.0132862916
7566,0.772352576,0.208897874,0.0187495183
7567,0.876336515,0.110656805,0.0130066266
7568,0.134977624,0.761071444,0.103950888
7569,0.34463039,0.599044323,0.0563253015
7570,0.172458842,0.804382265,0.0231588706
7571,0.0311179068,0.652743757,0.316138327
7572,0.124128282,0.825270832,0.0506009124
7573,0.363316536,0.38122353,0.255459964
7574,0.0363302827,0.8867715,0.076898247
7575,0.180716082,0.606701672,0.212582275
7576,0.0446616933,0.933076859,0.022261478
7577,0.272908986,0.716754138,0.0103369057
7578,0.4515495,0.53351444,0.0149360392
7579,0.225544095,0.757896423,0.0165594835
7580,0.7314713,0.217047155,0.0514815599
7581,0.983250618,0.0134026203,0.0033467887
7582,0.959279537,0.0281524993,0.0125679336
7583,0.350284338,0.385264963,0.264450669
7584,0.11230316,0.68889147,0.198805392
7585,0.907936811,0.0698614866,0.0222016424
7586,0.0970624313,0.453282982,0.449654609
7587,0.0756284967,0.670749009,0.253622532
7588,0.139467537,0.788169205,0.0723632649
7589,0.972718537,0.0173117649,0.00996967498
7590,0.922677517,0.0585116073,0.0188108832
7591,0.409542471,0.546666324,0.0437911898
7592,0.0241616536,0.964199066,0.0116392924
7593,0.227798715,0.53402251,0.238178775
7594,0.496246517,0.465712875,0.0380405784
7595,0.886057913,0.0665356442,0.0474064425
7596,0.0376855545,0.064533107,0.897781312
7597,0.297151893,0.672446072,0.030402055
7598,0.0531106442,0.93510896,0.0117804166
7599,0.989413023,0.00698849466,0.00359855266
7600,0.836407363,0.045727212,0.117865399
7601,0.0623433702,0.888180077,0.0494765937
7602,0.438920289,0.544711351,0.0163683202
7603,0.977450848,0.0171868354,0.00536231278
7604,0.879615605,0.10501264,0.0153717445
7605,0.850001752,0.144697711,0.00530055538
7606,0.831603467,0.140978754,0.0274177603
7607,0.366216063,0.327469796,0.306314141
7608,0.167358115,0.627035022,0.205606878
7609,0.428951621,0.443464726,0.127583608
7610,0.0110823335,0.194272891,0.794644773
7611,0.34748891,0.373707682,0.278803349
7612,0.537590206,0.419967681,0.0424421355
7613,0.8496508,0.106180042,0.0441691391
7614,0.0357534438,0.887827635,0.0764188543
7615,0.94661057,0.0476366244,0.00575277256
7616,0.393825978,0.575782895,0.0303910915
7617,0.0812030509,0.112977706,0.805819273
7618,0.0644014776,0.880436897,0.0551616028
7619,0.210732207,0.760652304,0.0286154859
7620,0.912813425,0.0788146332,0.00837194733
7621,0.0657179728,0.136956826,0.797325194
7622,0.498191893,0.377388299,0.124419808
7623,0.039715033,0.216172025,0.744112909
7624,0.719079137,0.251273841,0.0296469741
7625,0.0100504793,0.0235992819,0.966350257
7626,0.934280217,0.0571814179,0.0085383486
7627,0.0467686765,0.745183468,0.208047792
7628,0.440805137,0.35401091,0.205183938
7629,0.0877931342,0.13637501,0.775831819
7630,0.0614055693,0.658078074,0.280516326
7631,0.987815917,0.00776960235,0.00441451278
7632,0.749569356,0.224032924,0.0263977554
7633,0.994423389,0.00152279169,0.00405380502
7634,0.19979839,0.495146662,0.305054903
7635,0.815424144,0.153494686,0.0310811158
7636,0.218186766,0.738784194,0.0430290215
7637,0.968235731,0.0173005778,0.0144637115
7638,0.942339242,0.0459401943,0.0117205232
7639,0.853455544,0.114978567,0.0315658748
7640,0.941170573,0.0499680415,0.00886134431
7641,0.35145539,0.160743251,0.487801343
7642,0.955046415,0.0377819128,0.00717171514
7643,0.896128416,0.0946302265,0.00924138166
7644,0.510678649,0.448830903,0.0404904857
7645,0.569898725,0.421521008,0.00858029444
7646,0.152311295,0.825876236,0.0218124352
7647,0.287922591,0.359080642,0.352996767
7648,0.0954114869,0.874764919,0.0298235957
7649,0.858209252,0.12555714,0.0162335951
7650,0.169940695,0.725661099,0.104398206
7651,0.59727031,0.38787055,0.0148591045
7652,0.151753157,0.828623056,0.0196238048
7653,0.0655484125,0.400494814,0.533956766
7654,0.833446443,0.0711263418,0.09542723
7655,0.976852357,0.0153896632,0.00775795849
7656,0.98137933,0.0127066597,0.00591401709
7657,0.4299936,0.519932151,0.0500742272
7658,0.892919302,0.0432245433,0.0638561547
7659,0.924727976,0.0228100233,0.0524620265
7660,0.278869867,0.65057236,0.0705577657
7661,0.96088922,0.018225098,0.0208857339
7662,0.404191077,0.557930708,0.0378782265
7663,0.951025248,0.0189693701,0.0300053768
7664,0.877069116,0.110453293,0.0124776373
7665,0.968865573,0.0165547039,0.0145797543
7666,0.865161777,0.123549834,0.0112884026
7667,0.181957215,0.501869559,0.316173196
7668,0.961849093,0.0267006643,0.0114502804
7669,0.0610306524,0.822291136,0.116678201
7670,0.0276809335,0.411011279,0.561307788
7671,0.822523117,0.0706556216,0.106821254
7672,0.308682978,0.671010256,0.0203067847
7673,0.970321715,0.0228872113,0.0067910403
7674,0.0468573608,0.925038636,0.0281039868
7675,0.975836396,0.0192179102,0.00494566187
7676,0.0223959852,0.138856024,0.838747978
7677,0.81689316,0.115059957,0.0680468753
7678,0.420971096,0.542771816,0.036257077
7679,0.506129682,0.463192761,0.0306776203
7680,0.0329730995,0.939930856,0.0270960499
7681,0.407940596,0.306041569,0.286017865
7682,0.285501182,0.538185477,0.176313311
7683,0.944620848,0.0475111417,0.00786798913
7684,0.88173914,0.107921913,0.0103388894
7685,0.163054228,0.207678691,0.629267097
7686,0.858860075,0.129429668,0.011710275
7687,0.740964651,0.242762417,0.0162729453
7688,0.36494565,0.290289015,0.344765365
7689,0.790133357,0.201377198,0.00848945975
7690,0.972565591,0.0225486048,0.00488582905
7691,0.748890698,0.144508436,0.106600888
7692,0.514465809,0.296026796,0.18950741
7693,0.461422056,0.519373357,0.0192046203
7694,0.0232024752,0.441968173,0.534829319
7695,0.085304819,0.746220887,0.168474331
7696,0.866057158,0.122018896,0.0119239269
7697,0.502607703,0.477925479,0.0194667894
7698,0.269709706,0.38322401,0.347066283
7699,0.0388715081,0.390632659,0.570495844
7700,0.0801274627,0.882769883,0.037102662
7701,0.149480909,0.347695589,0.502823472
7702,0.95222646,0.0220270231,0.0257465485
7703,0.0479550622,0.690532744,0.26151222
7704,0.130916595,0.829699993,0.0393833742
7705,0.859773338,0.118444547,0.0217821095
7706,0.132315665,0.846879721,0.0208046492
7707,0.419808269,0.490591884,0.0895998329
7708,0.886410296,0.0999793261,0.013610363
7709,0.934092343,0.0345690213,0.031338688
7710,0.0013809565,0.00313603808,0.995482981
7711,0.443315446,0.534151971,0.0225325823
7712,0.246499747,0.734157503,0.0193427019
7713,0.49920252,0.40667361,0.0941238627
7714,0.749785662,0.208555982,0.0416583493
7715,0.833089828,0.117401399,0.0495087355
7716,0.495742708,0.492367178,0.0118900919
7717,0.549445808,0.424361259,0.0261929035
7718,0.95049274,0.0375132598,0.0119940229
7719,0.653192997,0.104886211,0.241920829
7720,0.0513563156,0.897894084,0.0507496521
7721,0.43599081,0.524755359,0.0392538384
7722,0.225110903,0.642028868,0.132860273
7723,0.360333294,0.240004033,0.399662673
7724,0.299555033,0.660904706,0.039540261
7725,0.81035018,0.12154264,0.0681071803
7726,0.159090161,0.588645995,0.252263814
7727,0.950802207,0.0421267189,0.00707110763
7728,0.835553825,0.121109441,0.0433367565
7729,0.930696785,0.0148471696,0.054456044
7730,0.980170846,0.0164904799,0.00333866593
7731,0.934129179,0.0511092208,0.0147615802
7732,0.195713535,0.789756894,0.0145296054
7733,0.490216106,0.471281201,0.038502682
7734,0.381122231,0.546471536,0.0724062398
7735,0.631414711,0.241939843,0.126645461
7736,0.982771814,0.0148418248,0.00238630665
7737,0.931874514,0.0526793599,0.015446119
7738,0.339797378,0.629766345,0.0304362793
7739,0.946088076,0.0347647965,0.019147113
7740,0.281339228,0.148504779,0.570155978
7741,0.975919902,0.0202298407,0.00385026471
7742,0.850376129,0.0594340973,0.0901897475
7743,0.21699667,0.7390486,0.0439547487
7744,0.967092276,0.0164930634,0.0164146833
7745,0.129306182,0.799398243,0.0712955967
7746,0.030004723,0.787411153,0.182584152
7747,0.975023687,0.0221888907,0.00278746383
7748,0.700314045,0.200986013,0.0986999497
7749,0.986967146,0.00673869532,0.00629410241
7750,0.200235471,0.754371405,0.0453931466
7751,0.961758792,0.0276362356,0.0106050083
7752,0.513235152,0.195728451,0.291036367
7753,0.846381962,0.139578164,0.0140398936
7754,0.0427061915,0.710994124,0.246299729
7755,0.27368924,0.634638369,0.0916724354
7756,0.0311280247,0.0629932433,0.905878723
7757,0.888201892,0.0842408091,0.0275573041
7758,0.956802011,0.0340535492,0.00914446078
7759,0.857206941,0.0942039415,0.0485891365
7760,0.911437631,0.0547069013,0.0338554643
7761,0.413874656,0.371476829,0.214648515
7762,0.0148398625,0.872542024,0.112618074
7763,0.160755649,0.784628928,0.0546153933
7764,0.855249405,0.0348754935,0.10987512
7765,0.675026596,0.240750536,0.0842228606
7766,0.0198731869,0.0621603467,0.917966425
7767,0.110142015,0.825575113,0.0642828792
7768,0.977269828,0.0151667129,0.00756346434
7769,0.354510695,0.419600517,0.225888804
7770,0.295046508,0.665598035,0.0393554531
7771,0.74167031,0.231875092,0.0264546238
7772,0.0577432178,0.18732363,0.754933119
7773,0.96537447,0.0291004889,0.00552497292
7774,0.586723089,0.123057619,0.290219277
7775,0.482752442,0.397426963,0.119820617
7776,0.434146106,0.482297331,0.0835565552
7777,0.193945706,0.791454554,0.014599775
7778,0.0573691353,0.0610384755,0.881592393
7779,0.272723347,0.436469376,0.290807247
7780,0.356657296,0.619211137,0.0241315383
7781,0.88628763,0.0998492315,0.0138631137
7782,0.138916627,0.310457945,0.550625443
7783,0.0775083899,0.887019932,0.0354716927
7784,0.0164460707,0.969703972,0.0138499374
7785,0.289929956,0.681914568,0.0281554423
7786,0.781864107,0.142456323,0.0756795108
7787,0.781487703,0.118729785,0.0997825488
7788,0.982997835,0.0114855366,0.00551663991
7789,0.861341655,0.104435988,0.0342223719
7790,0.242733315,0.694958031,0.062308643
7791,0.0329124965,0.889591098,0.0774963498
7792,0.946806729,0.0248661526,0.0283271484
7793,0.952790082,0.0218985863,0.0253113713
7794,0.47587797,0.503905535,0.0202164929
7795,0.183008656,0.787347615,0.0296437126
7796,0.4300735,0.101350181,0.468576282
7797,0.0231504906,0.964550138,0.0122993309
7798,0.408305705,0.529308021,0.0623862706
7799,0.966631889,0.0180944279,0.0152736502
7800,0.00669232383,0.0179297701,0.975377917
7801,0.696919262,0.165259644,0.137821108
7802,0.187263429,0.735051572,0.0776850209
7803,0.646565497,0.331709176,0.0217253324
7804,0.234480798,0.728558242,0.0369609483
7805,0.987460971,0.00832653232,0.00421247398
7806,0.475005984,0.463592321,0.0614016801
7807,0.0644550547,0.916896045,0.0186488889
7808,0.908218622,0.0755313039,0.0162500981
7809,0.139435872,0.842282355,0.0182817653
7810,0.0379291698,0.950013995,0.0120568024
7811,0.0648506805,0.143385381,0.791763961
7812,0.213088781,0.774176955,0.0127342781
7813,0.057759732,0.0300385039,0.912201762
7814,0.916148961,0.0377727151,0.0460783578
7815,0.0564175025,0.92298454,0.0205979533
7816,0.564301014,0.343439668,0.0922593251
7817,0.162958771,0.711588264,0.125452965
7818,0.0264811944,0.953229666,0.020289097
7819,0.99540478,0.00209993147,0.00249531725
7820,0.169734105,0.796786904,0.0334790275
7821,0.740264356,0.250379115,0.00935651734
7822,0.931827307,0.0539378934,0.014234785
7823,0.591656864,0.336781949,0.0715611801
7824,0.770901382,0.201893866,0.0272047855
7825,0.339723766,0.582558572,0.0777176917
7826,0.288031399,0.167542309,0.544426322
7827,0.559210718,0.410230935,0.030558344
7828,0.0519537181,0.110921532,0.837124765
7829,0.440454125,0.528146863,0.0313990377
7830,0.875202596,0.109766193,0.0150311999
7831,0.273964405,0.710204959,0.0158306435
7832,0.88357389,0.0774202943,0.0390058309
7833,0.581157684,0.387683719,0.0311585646
7834,0.0595411956,0.661778629,0.278680205
7835,0.923535466,0.0283534583,0.048111096
7836,0.974261045,0.0195413847,0.00619760342
7837,0.866147459,0.128822386,0.0050301617
7838,0.945809424,0.0408410877,0.0133494511
7839,0.568039656,0.284017444,0.147942916
7840,0.967016399,0.0122889839,0.0206946339
7841,0.952407897,0.0402945019,0.00729755964
7842,0.989373982,0.00631775148,0.00430827262
7843,0.95159328,0.0390738584,0.00933287106
7844,0.893558383,0.0639028177,0.0425387919
7845,0.836466491,0.110004656,0.053528849
7846,0.455390453,0.438539863,0.106069714
7847,0.378189236,0.555583119,0.0662276447
7848,0.123012811,0.836909831,0.0400773436
7849,0.960049152,0.0159013253,0.024049513
7850,0.0694731846,0.910296679,0.0202301405
7851,0.179609284,0.788542092,0.0318486243
7852,0.589544654,0.383220762,0.027234612
7853,0.860237479,0.0518378057,0.087924704
7854,0.933089793,0.0554030426,0.011507174
7855,0.128760234,0.738464355,0.132775426
7856,0.124446236,0.776903927,0.0986498073
7857,0.941213727,0.0307897832,0.0279964916
7858,0.949969888,0.0463049151,0.00372522115
7859,0.71596092,0.229115918,0.0549231507
7860,0.796976388,0.159477144,0.0435464531
7861,0.873846591,0.114233598,0.0119197946
7862,0.582496583,0.385543734,0.0319596529
7863,0.787689686,0.190530643,0.021779621
7864,0.911894321,0.0801184252,0.00798725523
7865,0.402716368,0.576491237,0.0207923781
7866,0.013035005,0.956641197,0.030323809
7867,0.960854232,0.0344282202,0.00471754558
7868,0.00864970405,0.0376725532,0.953677773
7869,0.103654087,0.813359439,0.0829865038
7870,0.994473994,0.00303071016,0.00249526487
7871,0.785033882,0.201065436,0.0139006525
7872,0.754967272,0.18654643,0.0584862866
7873,0.627861798,0.330645263,0.0414929613
7874,0.16530703,0.57488966,0.259803325
7875,0.93798542,0.0281013567,0.0339132696
7876,0.00638918951,0.0232899804,0.970320821
7877,0.107560135,0.879780293,0.0126595171
7878,0.791400135,0.190061912,0.0185379535
7879,0.0604950674,0.329400659,0.610104263
7880,0.815809071,0.141917109,0.0422737524
7881,0.954674542,0.0359998271,0.00932565704
7882,0.261503279,0.692809582,0.0456871465
7883,0.562147498,0.392656416,0.0451961271
7884,0.875886977,0.0879163668,0.0361967161
7885,0.958382249,0.02937424,0.0122435438
7886,0.562481225,0.215037674,0.222481102
7887,0.130927041,0.775248289,0.0938246623
7888,0.864385128,0.0966132432,0.0390015915
7889,0.981342554,0.00993317738,0.00872423407
7890,0.200004026,0.513771653,0.286224306
7891,0.937303245,0.0460193828,0.0166773796
7892,0.982141495,0.00760964584,0.0102488538
7893,0.89831841,0.0916232169,0.010058349
7894,0.924273193,0.0296691358,0.0460576676
7895,0.896963358,0.0353786387,0.0676579997
7896,0.931750894,0.0591802634,0.00906881783
7897,0.982099116,0.0101917805,0.00770914648
7898,0.109393977,0.841489196,0.0491168089
7899,0.980027676,0.0163548086,0.00361750717
7900,0.655658126,0.335144728,0.0091971606
7901,0.918150485,0.0717677549,0.010081755
7902,0.10256096,0.823160231,0.0742788166
7903,0.820260584,0.1356121,0.0441272818
7904,0.602940559,0.329658747,0.0674007162
7905,0.88315618,0.0930544287,0.023789363
7906,0.258892953,0.712521613,0.0285854153
7907,0.986594856,0.00526627339,0.00813887641
7908,0.0376479551,0.854930818,0.107421279
7909,0.63510114,0.325480342,0.0394184887
7910,0.946248949,0.0458029211,0.00794810243
7911,0.413916051,0.561207414,0.0248765815
7912,0.00899714604,0.96165967,0.0293431003
7913,0.789360404,0.188255548,0.0223840401
7914,0.983039856,0.0037286221,0.013231514
7915,0.79656148,0.188050181,0.0153882969
7916,0.864324927,0.119010448,0.0166646391
7917,0.94323945,0.038831301,0.0179293118
7918,0.0534859784,0.905237079,0.0412769616
7919,0.0308480486,0.185516447,0.783635497
7920,0.187630475,0.260831058,0.551538467
7921,0.525510907,0.447259992,0.0272291023
7922,0.397800803,0.577810526,0.024388684
7923,0.870347321,0.113276936,0.0163757764
7924,0.167891011,0.813728511,0.0183804985
7925,0.0709214061,0.878227353,0.0508512743
7926,0.242619544,0.727459431,0.0299209692
7927,0.0424743816,0.941524446,0.0160011705
7928,0.215197206,0.742869616,0.0419331715
7929,0.819149911,0.071973525,0.108876541
7930,0.567285717,0.416203886,0.0165104158
7931,0.968935907,0.0178187694,0.0132453153
7932,0.739620864,0.247805536,0.0125736007
7933,0.232541606,0.753321528,0.0141368927
7934,0.662600458,0.322425485,0.014974081
7935,0.48046419,0.503810525,0.0157252792
7936,0.307964534,0.635318458,0.0567170456
7937,0.748005688,0.236647353,0.0153469322
7938,0.955435753,0.0328288749,0.0117353499
7939,0.898886979,0.0749875084,0.0261255298
7940,0.422033787,0.515846014,0.0621202327
7941,0.746891856,0.239365608,0.0137425167
7942,0.975007832,0.0180799868,0.00691213645
7943,0.982503891,0.00646501314,0.0110311015
7944,0.0923083052,0.264264077,0.64342761
7945,0.951524079,0.0262014773,0.0222744197
7946,0.00845200103,0.931679487,0.0598685369
7947,0.248823464,0.600426376,0.15075016
7948,0.53239578,0.401539862,0.0660643727
7949,0.959239781,0.0311553851,0.0096048275
7950,0.449026108,0.377676189,0.173297718
7951,0.613755405,0.218279928,0.167964667
7952,0.550406218,0.436670572,0.0129231941
7953,0.940733612,0.0427618437,0.0165045708
7954,0.100376628,0.874498844,0.0251245424
7955,0.0536969863,0.936116099,0.0101869339
7956,0.325150728,0.655967116,0.018882148
7957,0.565776348,0.363134801,0.0710888654
7958,0.0821190327,0.807323337,0.110557579
7959,0.995273113,0.00196862174,0.002758221
7960,0.0561660193,0.900729358,0.0431046411
7961,0.813433945,0.176003367,0.0105626956
7962,0.757017851,0.17014645,0.0728357136
7963,0.950972438,0.0354479291,0.0135796946
7964,0.916757047,0.0698794797,0.0133634545
7965,0.974433362,0.0130198207,0.0125468047
7966,0.981324017,0.0133310333,0.00534495339
7967,0.654646635,0.295004398,0.0503489748
7968,0.202093363,0.776366293,0.0215403344
7969,0.978150368,0.019479569,0.00237006298
7970,0.25262925,0.284545958,0.462824792
7971,0.0616696775,0.849758208,0.0885721147
7972,0.0494491123,0.767877936,0.182672933
7973,0.988834798,0.00574879721,0.00541640585
7974,0.463672876,0.492664635,0.043662481
7975,0.135582432,0.807120144,0.0572974421
7976,0.0469152033,0.394694775,0.558390021
7977,0.71492213,0.264080614,0.0209972784
7978,0.0595108382,0.886128187,0.0543609895
7979,0.760403514,0.218445167,0.0211513303
7980,0.61296916,0.36887449,0.018156305
7981,0.798363388,0.168809652,0.0328269452
7982,0.949832499,0.0304402392,0.0197273288
7983,0.973361552,0.0177280046,0.00891040452
7984,0.956097126,0.0301866103,0.0137162693
7985,0.0540787838,0.647524953,0.298396289
7986,0.0942597464,0.890532732,0.0152075095
7987,0.896325171,0.0739153102,0.0297595374
7988,0.942687511,0.0451992527,0.0121132499
7989,0.818507731,0.165159926,0.0163323544
7990,0.989175975,0.00645200629,0.00437203515
7991,0.9840886,0.0101247746,0.00578661403
7992,0.639574945,0.259653658,0.100771427
7993,0.96851486,0.0229048003,0.00858036336
7994,0.120975636,0.836796403,0.0422279872
7995,0.931908727,0.0594566762,0.00863458775
7996,0.176631957,0.806244373,0.0171237141
7997,0.726071835,0.213216856,0.0607113577
7998,0.368574053,0.61000818,0.0214178003
7999,0.949442923,0.038391795,0.0121652866
8000,0.939240754,0.0541964844,0.00656275963
8001,0.964374423,0.0169937722,0.0186318066
8002,0.964400232,0.0311196223,0.00448013283
8003,0.480019748,0.469083488,0.050896734
8004,0.127146944,0.557675064,0.315177977
8005,0.0838531405,0.891877472,0.0242693871
8006,0.184141248,0.789897203,0.0259615462
8007,0.0366128162,0.534444153,0.428943038
8008,0.884330273,0.103135817,0.0125338919
8009,0.0971234441,0.879571974,0.0233045593
8010,0.803716719,0.166631848,0.0296514109
8011,0.0125951208,0.212312207,0.775092661
8012,0.679698527,0.245925814,0.0743756741
8013,0.800041854,0.172160313,0.0277977977
8014,0.0562032983,0.151770115,0.792026579
8015,0.0119071044,0.069217369,0.918875575
8016,0.993347466,0.0038994432,0.00275314506
8017,0.661795259,0.132901967,0.20530279
8018,0.0699282214,0.880739152,0.0493325889
8019,0.213950932,0.739037335,0.0470117107
8020,0.192596376,0.384390146,0.423013479
8021,0.91219902,0.0696790144,0.0181219336
8022,0.528042555,0.251637578,0.220319912
8023,0.0813058615,0.886319339,0.0323747993
8024,0.0916448161,0.841177225,0.0671779588
8025,0.855226636,0.131127283,0.0136460811
8026,0.100391649,0.257401645,0.642206728
8027,0.990154088,0.00623392034,0.00361196441
8028,0.330549449,0.484583884,0.184866667
8029,0.16802761,0.555578172,0.276394188
8030,0.804390192,0.119714007,0.075895749
8031,0.717191935,0.243508324,0.0392997339
8032,0.448188037,0.378628701,0.173183262
8033,0.172685444,0.244840816,0.582473755
8034,0.517010331,0.446597964,0.0363917314
8035,0.124386445,0.85842073,0.0171928816
8036,0.808615327,0.162525743,0.0288589541
8037,0.463446319,0.101779059,0.434774637
8038,0.917234838,0.0591395572,0.023625616
8039,0.0404205211,0.121717125,0.837862313
8040,0.0670346245,0.797650218,0.135315135
8041,0.54735893,0.438149899,0.0144911902
8042,0.984703839,0.00749426428,0.00780192437
8043,0.596959829,0.320098966,0.0829412267
8044,0.883605897,0.0958378688,0.0205562357
8045,0.973747492,0.0229404923,0.00331200846
8046,0.710323453,0.24842687,0.0412496589
8047,0.402683496,0.506098986,0.0912175402
8048,0.975781739,0.0186478961,0.00557036558
8049,0.0504310131,0.7992419,0.150327072
8050,0.169909805,0.777063012,0.0530271903
8051,0.700592518,0.0311883409,0.268219173
8052,0.00479125744,0.0119945891,0.98321414
8053,0.683314383,0.207974687,0.108710922
8054,0.954589546,0.0373033173,0.00810714066
8055,0.905427396,0.0880218521,0.006550733
8056,0.12395969,0.1110209,0.765019417
8057,0.109431639,0.858090878,0.0324775353
8058,0.973767638,0.0133995134,0.0128328558
8059,0.954480946,0.0422766805,0.0032424035
8060,0.548136353,0.435777903,0.0160857216
8061,0.555850446,0.393202811,0.0509467795
8062,0.946214378,0.0419153869,0.0118702808
8063,0.398890555,0.121765316,0.479344159
8064,0.934246063,0.0353375413,0.0304164365
8065,0.966007769,0.018184498,0.0158077199
8066,0.220690012,0.680443466,0.0988665521
8067,0.867301106,0.116542555,0.0161563735
8068,0.139508545,0.826719701,0.033771757
8069,0.253897995,0.713964701,0.0321372822
8070,0.143712386,0.749150634,0.107136987
8071,0.0672585517,0.770208061,0.162533373
8072,0.294362485,0.520830274,0.184807286
8073,0.485676676,0.46993956,0.0443837456
8074,0.36917147,0.494643331,0.136185169
8075,0.969398141,0.0185959376,0.0120059466
8076,0.544292867,0.38577497,0.0699321702
8077,0.111404672,0.767728686,0.120866641
8078,0.0641967952,0.883747756,0.0520554185
8079,0.597998381,0.373587966,0.0284136795
8080,0.920209646,0.0649485514,0.0148418481
8081,0.972211123,0.0162064433,0.0115824305
8082,0.82272023,0.112144552,0.0651352704
8083,0.990355015,0.0073999064,0.00224503968
8084,0.988373101,0.00561542483,0.0060115275
8085,0.47943154,0.506471932,0.0140965488
8086,0.513844848,0.453360409,0.0327947922
8087,0.437565207,0.516801536,0.0456332751
8088,0.381926656,0.524870872,0.0932025239
8089,0.00579210278,0.0487266183,0.945481241
8090,0.93547684,0.057989981,0.00653316546
8091,0.738247275,0.248880401,0.0128723839
8092,0.970971286,0.0229342636,0.00609445851
8093,0.0102873277,0.315397859,0.674314797
8094,0.872902632,0.106821187,0.020276159
8095,0.0560142212,0.178317651,0.765668154
8096,0.763738036,0.210752711,0.025509242
8097,0.521172762,0.294897109,0.183930129
8098,0.784792304,0.20432514,0.01088259
8099,0.113627195,0.739926696,0.146446139
8100,0.386720926,0.442911804,0.170367286
8101,0.886673033,0.0665670782,0.0467599258
8102,0.984113753,0.0104308631,0.00545539521
8103,0.45818007,0.517631531,0.0241883546
8104,0.817302883,0.137177378,0.0455197617
8105,0.728321731,0.259908438,0.0117698275
8106,0.256830454,0.718629599,0.0245399605
8107,0.197696149,0.743382812,0.0589210205
8108,0.726299584,0.26223284,0.0114675807
8109,0.932436705,0.0505675972,0.0169957336
8110,0.0193065722,0.358627737,0.622065663
8111,0.0269778166,0.91591543,0.0571067706
8112,0.861033916,0.0541130751,0.0848530307
8113,0.985072672,0.00564254774,0.00928476918
8114,0.215060502,0.722147524,0.0627919957
8115,0.146626592,0.804321527,0.0490518995
8116,0.946463823,0.0370777212,0.0164584666
8117,0.208170503,0.453900009,0.337929457
8118,0.125508249,0.683783352,0.190708414
8119,0.69509244,0.285802275,0.0191053078
8120,0.931965828,0.0595611259,0.0084730275
8121,0.0551481359,0.437045127,0.507806718
8122,0.732202768,0.145710304,0.122086912
8123,0.75834024,0.228066117,0.0135936234
8124,0.0766479298,0.743685365,0.179666698
8125,0.97796005,0.0155987144,0.00644124532
8126,0.97340256,0.0172392558,0.00935821421
8127,0.97374624,0.0193368327,0.00691692671
8128,0.212273151,0.0471571609,0.740569711
8129,0.117999345,0.833707929,0.0482927337
8130,0.128100753,0.84116143,0.0307378583
8131,0.454862952,0.42075786,0.124379143
8132,0.0163578019,0.0421980359,0.941444159
8133,0.786154151,0.0496498421,0.16419597
8134,0.548730195,0.371872693,0.0793971196
8135,0.618270159,0.361993492,0.0197363514
8136,0.834472299,0.151862189,0.0136654954
8137,0.939421892,0.0453577936,0.0152203478
8138,0.840575814,0.137739211,0.0216849837
8139,0.987326324,0.0062291366,0.00644451426
8140,0.946941495,0.0294952504,0.0235632434
8141,0.114933163,0.86063391,0.0244329404
8142,0.287986726,0.667117417,0.044895906
8143,0.447430581,0.0929544047,0.459614992
8144,0.942925096,0.0510775074,0.00599747198
8145,0.220960528,0.753568292,0.02547119
8146,0.416385233,0.56155628,0.0220584963
8147,0.706838548,0.263079226,0.0300822575
8148,0.951410353,0.0409513414,0.00763831055
8149,0.89339292,0.0940918326,0.0125152254
8150,0.841202676,0.15029417,0.00850318093
8151,0.141477138,0.823619902,0.0349029228
8152,0.939649642,0.0519150384,0.0084353881
8153,0.581811905,0.390739858,0.0274482556
8154,0.921871364,0.0657597706,0.0123688253
8155,0.711393058,0.270607054,0.0179998446
8156,0.980816483,0.0136531033,0.00553043745
8157,0.427173316,0.547474205,0.0253524613
8158,0.547811747,0.431233823,0.0209544115
8159,0.953858435,0.0401164256,0.00602513878
8160,0.324236661,0.506426275,0.169337094
8161,0.980904043,0.0100882016,0.00900779013
8162,0.951958299,0.0372013673,0.0108403265
8163,0.9062379,0.0671481565,0.0266139619
8164,0.0407372899,0.919762611,0.039500095
8165,0.00963114481,0.0133131845,0.977055669
8166,0.876571596,0.113995202,0.00943321455
8167,0.0492606573,0.9203403,0.030399086
8168,0.0247935336,0.922373712,0.0528327413
8169,0.937131584,0.0476846807,0.0151837319
8170,0.0922336727,0.837540865,0.0702254698
8171,0.566579461,0.327344626,0.106075928
8172,0.979906023,0.0136974789,0.00639650133
8173,0.675938487,0.308252633,0.0158088505
8174,0.669324994,0.318779409,0.0118956184
8175,0.0555779636,0.912805438,0.0316166058
8176,0.0243793335,0.491823494,0.483797193
8177,0.414808065,0.525755703,0.0594361797
8178,0.608637154,0.336573452,0.054789409
8179,0.473827928,0.448560327,0.0776117444
8180,0.742325962,0.209993646,0.0476803519
8181,0.291751385,0.693517208,0.0147313923
8182,0.322635472,0.660108805,0.0172557142
8183,0.0243328661,0.887205958,0.0884611532
8184,0.489390612,0.494571149,0.0160382167
8185,0.991090119,0.00217450433,0.00673537143
8186,0.425306648,0.490929276,0.083764039
8187,0.264876157,0.678753018,0.0563708171
8188,0.0821882784,0.870698154,0.0471135452
8189,0.975920141,0.00957100373,0.0145088183
8190,0.134874165,0.659515798,0.205610037
8191,0.977728844,0.0142025938,0.00806855131
8192,0.897249103,0.0896493867,0.0131015051
8193,0.0384009965,0.0799185857,0.881680429
8194,0.529628396,0.407488137,0.0628834739
8195,0.682623565,0.288778186,0.0285982285
8196,0.136741593,0.846946418,0.0163119938
8197,0.197936997,0.165410936,0.636652052
8198,0.358915985,0.614860475,0.0262235161
8199,0.717925787,0.260433376,0.0216408428
8200,0.0358935706,0.382404029,0.581702411
8201,0.701674938,0.172881663,0.125443444
8202,0.300546199,0.683659196,0.0157945808
8203,0.795660436,0.192326888,0.0120127248
8204,0.214957654,0.738487482,0.0465548672
8205,0.152522311,0.795268059,0.0522096753
8206,0.0601530671,0.277836561,0.662010372
8207,0.0943099111,0.736857235,0.168832883
8208,0.474884242,0.306205511,0.218910232
8209,0.340420961,0.407732993,0.251846045
8210,0.279022157,0.359370738,0.361607075
8211,0.327369481,0.639166594,0.0334638953
8212,0.945508599,0.0233854782,0.031105902
8213,0.480903149,0.307527065,0.211569816
8214,0.361147344,0.477897644,0.160955027
8215,0.232614517,0.744375229,0.0230102483
8216,0.536582351,0.411218494,0.0521991625
8217,0.946093261,0.0373656787,0.0165410601
8218,0.341328621,0.642427385,0.0162439719
8219,0.672155619,0.316418946,0.0114254523
8220,0.996766269,0.001359749,0.00187395688
8221,0.994276226,0.00387958856,0.00184420089
8222,0.411397457,0.562113941,0.0264885593
8223,0.647029519,0.320237339,0.03273312
8224,0.223420829,0.747123241,0.0294559281
8225,0.259667277,0.648507953,0.0918247253
8226,0.864435494,0.109098166,0.0264663287
8227,0.0976729318,0.865984499,0.0363425873
8228,0.83483994,0.139126554,0.0260334443
8229,0.237085298,0.0701288432,0.692785859
8230,0.264958113,0.66793263,0.0671092644
8231,0.0863801241,0.268330932,0.645288944
8232,0.986285865,0.00976788159,0.00394625077
8233,0.216099456,0.760478795,0.0234217625
8234,0.985723019,0.00690192264,0.00737504056
8235,0.193371832,0.775470436,0.0311577208
8236,0.010421508,0.0228783246,0.966700137
8237,0.203382716,0.754619241,0.041998066
8238,0.805918872,0.154045641,0.0400354713
8239,0.223028526,0.758004367,0.0189671088
8240,0.834000766,0.157116339,0.00888285879
8241,0.884158909,0.103654087,0.0121870153
8242,0.970340729,0.0136941085,0.0159651488
8243,0.878938138,0.105029285,0.0160325803
8244,0.129472852,0.854534447,0.0159927011
8245,0.605788469,0.376797289,0.017414242
8246,0.975470424,0.020781396,0.00374822365
8247,0.359001726,0.51847738,0.122520879
8248,0.410868824,0.5738855,0.0152456593
8249,0.230036408,0.749939084,0.0200245101
8250,0.135914639,0.49854371,0.365541667
8251,0.96400249,0.0318302959,0.0041672131
8252,0.271902919,0.705304682,0.0227923933
8253,0.413383931,0.555753052,0.0308630057
8254,0.256926626,0.718292832,0.0247805864
8255,0.380838305,0.58238107,0.0367805995
8256,0.304144621,0.675880432,0.0199748613
8257,0.416335076,0.565719843,0.0179450866
8258,0.960080802,0.0354970582,0.00442215661
8259,0.018191848,0.216172218,0.765635967
8260,0.322346956,0.66398406,0.0136689665
8261,0.788099587,0.145987898,0.0659125373
8262,0.99045974,0.00584816234,0.00369211729
8263,0.404836804,0.538498223,0.0566649735
8264,0.995093882,0.00256845052,0.00233770441
8265,0.851079941,0.120713405,0.0282066651
8266,0.929095149,0.018187372,0.052717492
8267,0.120419338,0.86265713,0.0169235393
8268,0.52157557,0.370999932,0.10742449
8269,0.0375520289,0.170194536,0.792253435
8270,0.902943254,0.0841239393,0.0129327765
8271,0.458035171,0.146016121,0.395948708
8272,0.945902884,0.0292562991,0.0248407871
8273,0.936022341,0.0569048971,0.00707279425
8274,0.151446298,0.755716026,0.0928376764
8275,0.113255553,0.865997672,0.0207468048
8276,0.987082958,0.00440929458,0.00850772019
8277,0.14881891,0.78533113,0.0658499375
8278,0.452444047,0.200241521,0.347314417
8279,0.0559497736,0.621677935,0.322372288
8280,0.966709971,0.0285663102,0.00472370815
8281,0.871328175,0.121245869,0.00742595457
8282,0.556696892,0.404613405,0.0386896506
8283,0.982105732,0.0135920327,0.00430227118
8284,0.772300005,0.189279199,0.0384208262
8285,0.0506166182,0.030291846,0.919091523
8286,0.976582766,0.0192661881,0.00415102579
8287,0.532880962,0.262910783,0.20420824
8288,0.067032218,0.886478543,0.0464891829
8289,0.856946528,0.120338969,0.0227144863
8290,0.0837555975,0.763657868,0.152586579
8291,0.283040643,0.662358642,0.0546007007
8292,0.0515663698,0.913463473,0.0349701494
8293,0.303855777,0.665065169,0.0310790762
8294,0.503150761,0.462131411,0.0347178243
8295,0.795012951,0.174616799,0.0303702001
8296,0.0478176698,0.055532869,0.89664948
8297,0.470360309,0.444665819,0.0849738792
8298,0.077896364,0.900887668,0.0212159771
8299,0.447772413,0.532583594,0.0196440257
8300,0.0602785237,0.217003956,0.722717464
8301,0.970544517,0.0206428319,0.00881265104
8302,0.76159209,0.224484995,0.0139229018
8303,0.0451066792,0.891883016,0.0630103126
8304,0.985414803,0.00980732962,0.00477786828
8305,0.974392772,0.0204149652,0.00519227609
8306,0.873327971,0.113429964,0.0132420762
8307,0.978446424,0.0162237007,0.00532988133
8308,0.963065088,0.0316295214,0.00530537264
8309,0.928526342,0.0572315417,0.0142421154
8310,0.942882001,0.051199194,0.00591883902
8311,0.570397735,0.393085063,0.0365171619
8312,0.409576952,0.543814361,0.0466087274
8313,0.91904211,0.0633523166,0.0176055469
8314,0.371562153,0.604384065,0.0240538083
8315,0.0353927277,0.684464335,0.280142933
8316,0.775060534,0.156264544,0.0686749145
8317,0.114179134,0.729223609,0.156597242
8318,0.0996510983,0.833556175,0.0667927489
8319,0.605749905,0.305868775,0.0883813128
8320,0.0143690631,0.896260023,0.0893708915
8321,0.617473185,0.151501149,0.231025666
8322,0.743429005,0.163614377,0.0929566026
8323,0.0842849985,0.880185902,0.0355291031
8324,0.986405253,0.00828081649,0.00531388354
8325,0.861665487,0.132464185,0.0058703362
8326,0.913995624,0.0580810457,0.0279233772
8327,0.766250789,0.219982252,0.0137669072
8328,0.590516806,0.362470061,0.0470131598
8329,0.0510444865,0.23491329,0.714042187
8330,0.827956378,0.159890279,0.0121533563
8331,0.33874777,0.382724404,0.278527796
8332,0.892381847,0.09399499,0.0136231882
8333,0.553591192,0.409341007,0.0370678231
8334,0.311989874,0.58348012,0.104530036
8335,0.0702922568,0.808862448,0.120845273
8336,0.246373832,0.699723423,0.0539027639
8337,0.109616943,0.804103792,0.0862792581
8338,0.917335391,0.0672061369,0.0154584814
8339,0.102127239,0.870465636,0.0274071284
8340,0.225064129,0.644841313,0.130094573
8341,0.215351209,0.621967554,0.162681177
8342,0.807753503,0.175067395,0.0171791222
8343,0.505121052,0.200573444,0.294305503
8344,0.216232941,0.733038723,0.0507283434
8345,0.352166861,0.630065739,0.0177673921
8346,0.236089811,0.671150208,0.0927599967
8347,0.985424459,0.0110767577,0.00349876401
8348,0.923915744,0.0517816767,0.0243025627
8349,0.965007067,0.0229688622,0.0120240608
8350,0.145560235,0.840206325,0.0142334178
8351,0.353006154,0.580846727,0.066147089
8352,0.981945455,0.00814734492,0.00990725122
8353,0.799385488,0.143177688,0.0574368499
8354,0.971174181,0.0240294933,0.00479629636
8355,0.0311433487,0.938120246,0.0307363626
8356,0.765439987,0.217061237,0.017498767
8357,0.109660506,0.615161777,0.275177717
8358,0.0932413191,0.817485034,0.0892736912
8359,0.973949611,0.02008342,0.00596694788
8360,0.913172483,0.0677606389,0.0190668721
8361,0.4021945,0.505985618,0.0918198824
8362,0.913472056,0.0797066391,0.00682132132
8363,0.976706207,0.0160859488,0.00720784161
8364,0.861562908,0.0920438245,0.0463932641
8365,0.907741249,0.0800423622,0.0122163808
8366,0.741002917,0.243371516,0.01562557
8367,0.422813565,0.546061933,0.031124508
8368,0.980688989,0.00297094951,0.0163400825
8369,0.809905648,0.181256056,0.00883833878
8370,0.859222412,0.0691489875,0.0716285929
8371,0.986788034,0.00855615083,0.00465580821
