row,teacher_normalized,candidate-s42-orig,candidate-s42-norm,control-s42-orig,control-s42-norm,candidate-s1337-orig,candidate-s1337-norm,control-s1337-orig,control-s1337-norm,candidate-s2024-orig,candidate-s2024-norm,control-s2024-orig,control-s2024-norm,candidate-s7-orig,candidate-s7-norm,control-s7-orig,control-s7-norm,candidate-s31337-orig,candidate-s31337-norm,control-s31337-orig,control-s31337-norm
0,negative,negative,negative,negative,negative,negative,negative,negative,negative,negative,negative,negative,negative,negative,negative,negative,negative,negative,negative,negative,negative
1,positive,positive,positive,positive,positive,positive,positive,positive,positive,positive,positive,positive,positive,positive,positive,positive,positive,positive,positive,positive,positive
2,neutral,neutral,neutral,negative,neutral,negative,neutral,negative,negative,negative,neutral,negative,neutral,negative,neutral,neutral,neutral,neutral,neutral,neutral,neutral
3,negative,neutral,neutral,negative,negative,neutral,neutral,negative,negative,neutral,neutral,negative,negative,neutral,neutral,negative,negative,neutral,neutral,negative,negative
4,negative,negative,negative,negative,negative,negative,negative,negative,negative,negative,negative,negative,negative,negative,negative,negative,negative,negative,negative,negative,neutral
5,negative,negative,negative,negative,negative,negative,negative,negative,negative,negative,negative,negative,negative,negative,negative,negative,negative,negative,negative,negative,negative
6,negative,negative,negative,negative,negative,negative,negative,negative,negative,negative,negative,negative,negative,negative,negative,negative,negative,negative,negative,neutral,negative
7,negative,negative,negative,negative,negative,negative,negative,negative,negative,negative,negative,negative,negative,negative,negative,negative,negative,negative,negative,negative,negative
8,negative,negative,negative,negative,negative,negative,negative,negative,negative,negative,negative,negative,negative,negative,negative,negative,negative,negative,negative,negative,negative
9,negative,negative,negative,negative,negative,negative,negative,negative,negative,negative,negative,negative,negative,negative,negative,negative,negative,negative,negative,negative,negative
10,neutral,neutral,neutral,neutral,neutral,neutral,neutral,neutral,neutral,neutral,neutral,neutral,neutral,neutral,neutral,neutral,neutral,neutral,neutral,neutral,neutral
11,negative,negative,negative,negative,negative,negative,negative,negative,negative,negative,negative,negative,negative,negative,negative,negative,negative,negative,negative,negative,negative
12,negative,negative,negative,negative,negative,negative,negative,negative,negative,negative,negative,negative,negative,negative,negative,negative,negative,negative,negative,negative,negative
13,negative,negative,negative,negative,negative,negative,negative,negative,negative,negative,negative,negative,negative,negative,negative,negative,negative,negative,negative,negative,negative
14,neutral,neutral,neutral,neutral,neutral,neutral,neutral,neutral,neutral,neutral,neutral,neutral,neutral,neutral,neutral,neutral,neutral,neutral,neutral,neutral,neutral
15,negative,negative,negative,negative,negative,negative,negative,negative,negative,negative,negative,negative,positive,negative,positive,negative,negative,negative,negative,negative,negative
16,positive,positive,positive,positive,positive,positive,positive,positive,positive,positive,positive,positive,positive,positive,positive,positive,positive,positive,positive,positive,positive
17,negative,negative,negative,negative,negative,negative,negative,negative,negative,negative,negative,negative,negative,negative,negative,negative,negative,negative,negative,negative,negative
18,negative,negative,negative,negative,negative,negative,negative,negative,negative,negative,negative,negative,negative,negative,negative,negative,negative,negative,negative,negative,negative
19,negative,negative,negative,negative,negative,negative,negative,negative,negative,negative,negative,negative,negative,negative,negative,negative,negative,negative,negative,negative,negative
20,neutral,positive,neutral,negative,neutral,positive,neutral,negative,negative,negative,neutral,negative,neutral,positive,neutral,negative,neutral,neutral,neutral,neutral,negative
21,negative,negative,negative,negative,negative,negative,negative,negative,negative,negative,negative,negative,negative,negative,negative,negative,negative,negative,negative,negative,negative
22,neutral,neutral,neutral,neutral,neutral,neutral,neutral,neutral,neutral,neutral,neutral,neutral,neutral,neutral,neutral,neutral,neutral,neutral,neutral,neutral,neutral
23,negative,negative,negative,negative,negative,negative,negative,negative,negative,negative,negative,negative,negative,negative,negative,negative,negative,negative,negative,negative,negative
24,neutral,neutral,neutral,neutral,neutral,neutral,neutral,negative,neutral,neutral,neutral,neutral,neutral,neutral,neutral,neutral,neutral,neutral,neutral,neutral,neutral
25,neutral,neutral,neutral,neutral,neutral,neutral,neutral,negative,negative,neutral,neutral,neutral,neutral,neutral,neutral,neutral,neutral,neutral,neutral,neutral,neutral
26,negative,negative,negative,negative,negative,negative,negative,negative,negative,negative,negative,negative,negative,negative,negative,negative,negative,negative,negative,negative,negative
27,negative,negative,negative,negative,negative,negative,negative,negative,negative,negative,negative,negative,neutral,negative,negative,negative,neutral,negative,negative,negative,negative
28,negative,negative,negative,negative,negative,negative,negative,negative,negative,negative,negative,negative,negative,negative,negative,negative,negative,negative,negative,negative,negative
29,negative,negative,negative,negative,negative,negative,negative,negative,negative,negative,negative,neutral,neutral,negative,negative,negative,negative,negative,negative,negative,negative
30,negative,negative,neutral,neutral,neutral,negative,negative,negative,negative,negative,negative,negative,negative,negative,negative,negative,negative,negative,neutral,negative,negative
31,negative,negative,negative,negative,negative,negative,negative,negative,negative,negative,negative,negative,negative,negative,negative,negative,negative,negative,negative,negative,negative
32,neutral,neutral,neutral,neutral,neutral,neutral,neutral,negative,negative,neutral,neutral,neutral,neutral,neutral,neutral,neutral,neutral,neutral,neutral,positive,neutral
33,negative,negative,negative,negative,negative,negative,negative,negative,negative,negative,negative,negative,negative,negative,negative,negative,negative,negative,negative,negative,negative
34,negative,negative,negative,negative,negative,negative,negative,negative,negative,negative,negative,negative,negative,negative,negative,negative,negative,negative,negative,neutral,negative
35,negative,negative,negative,negative,negative,negative,negative,negative,negative,negative,negative,negative,negative,negative,negative,negative,negative,negative,negative,negative,negative
36,negative,neutral,negative,neutral,negative,neutral,negative,neutral,negative,neutral,negative,neutral,negative,neutral,negative,neutral,negative,neutral,negative,neutral,negative
37,negative,negative,negative,negative,neutral,negative,negative,negative,negative,negative,negative,negative,negative,negative,negative,neutral,negative,negative,negative,neutral,neutral
38,negative,negative,negative,negative,negative,negative,negative,negative,negative,negative,negative,negative,negative,negative,negative,negative,negative,negative,negative,negative,negative
39,negative,negative,negative,negative,negative,negative,negative,negative,negative,negative,neutral,negative,neutral,negative,neutral,negative,neutral,negative,negative,negative,negative
40,positive,neutral,neutral,neutral,neutral,neutral,neutral,negative,negative,neutral,neutral,neutral,neutral,neutral,neutral,positive,positive,neutral,neutral,neutral,neutral
41,negative,negative,negative,negative,negative,negative,negative,negative,negative,negative,negative,negative,negative,negative,negative,negative,negative,negative,negative,negative,negative
42,neutral,neutral,neutral,neutral,neutral,negative,neutral,negative,neutral,neutral,neutral,negative,neutral,negative,neutral,neutral,neutral,negative,neutral,neutral,neutral
43,negative,neutral,negative,neutral,negative,negative,negative,negative,negative,neutral,negative,negative,negative,negative,negative,neutral,negative,neutral,negative,neutral,neutral
44,negative,negative,negative,neutral,negative,negative,negative,negative,negative,negative,negative,negative,negative,negative,negative,neutral,neutral,negative,negative,negative,negative
45,neutral,neutral,neutral,neutral,neutral,neutral,neutral,negative,neutral,neutral,neutral,negative,neutral,neutral,neutral,negative,neutral,negative,neutral,neutral,neutral
46,negative,negative,negative,negative,negative,negative,negative,negative,negative,negative,negative,negative,negative,negative,negative,negative,negative,negative,negative,negative,negative
47,neutral,neutral,neutral,neutral,neutral,negative,negative,negative,negative,negative,negative,neutral,neutral,negative,negative,neutral,neutral,negative,negative,neutral,neutral
48,negative,negative,negative,negative,negative,negative,negative,negative,negative,negative,negative,negative,negative,negative,negative,negative,negative,negative,negative,negative,negative
49,negative,neutral,negative,negative,negative,negative,negative,negative,negative,negative,negative,negative,negative,negative,negative,negative,negative,negative,negative,positive,negative
50,positive,positive,positive,neutral,neutral,neutral,neutral,positive,positive,positive,positive,positive,positive,positive,positive,positive,positive,positive,positive,positive,positive
51,positive,positive,positive,positive,neutral,positive,neutral,positive,neutral,positive,neutral,positive,positive,positive,neutral,positive,positive,positive,neutral,positive,neutral
52,negative,negative,negative,negative,negative,negative,negative,negative,negative,negative,negative,negative,negative,negative,negative,negative,negative,negative,negative,negative,negative
53,neutral,neutral,neutral,neutral,neutral,neutral,neutral,neutral,neutral,neutral,neutral,neutral,neutral,neutral,neutral,neutral,neutral,neutral,neutral,neutral,neutral
54,neutral,neutral,neutral,neutral,neutral,neutral,neutral,neutral,neutral,neutral,neutral,neutral,neutral,neutral,neutral,neutral,neutral,neutral,neutral,neutral,neutral
55,negative,negative,negative,negative,negative,negative,negative,negative,negative,negative,negative,negative,negative,negative,negative,negative,negative,negative,negative,negative,negative
56,neutral,neutral,neutral,neutral,neutral,neutral,neutral,neutral,neutral,neutral,neutral,neutral,neutral,neutral,neutral,neutral,neutral,neutral,neutral,neutral,neutral
57,negative,negative,negative,negative,negative,negative,negative,negative,negative,negative,negative,negative,negative,negative,negative,negative,negative,negative,negative,negative,negative
58,negative,negative,negative,negative,negative,negative,negative,negative,negative,positive,negative,negative,negative,negative,negative,negative,negative,negative,negative,negative,negative
59,neutral,neutral,neutral,neutral,neutral,neutral,neutral,neutral,neutral,neutral,neutral,neutral,neutral,neutral,neutral,neutral,neutral,neutral,neutral,neutral,neutral
60,negative,negative,negative,negative,negative,negative,negative,negative,negative,negative,negative,negative,negative,negative,negative,negative,negative,negative,negative,negative,negative
61,negative,negative,negative,negative,negative,negative,negative,negative,negative,negative,negative,negative,negative,negative,negative,negative,negative,negative,negative,negative,negative
62,negative,neutral,negative,neutral,neutral,negative,negative,negative,negative,neutral,negative,negative,negative,neutral,negative,neutral,neutral,neutral,negative,negative,negative
63,positive,positive,positive,negative,positive,positive,positive,positive,neutral,positive,positive,positive,positive,positive,positive,positive,positive,positive,positive,positive,positive
64,negative,negative,negative,negative,negative,negative,negative,negative,negative,negative,negative,negative,negative,negative,negative,negative,negative,negative,negative,negative,negative
65,negative,negative,negative,negative,negative,negative,negative,negative,negative,negative,negative,negative,negative,negative,negative,negative,negative,negative,negative,negative,negative
66,negative,negative,negative,negative,negative,negative,negative,negative,negative,negative,negative,negative,negative,negative,negative,negative,negative,negative,negative,negative,negative
67,negative,negative,negative,negative,negative,negative,negative,negative,negative,negative,negative,negative,negative,negative,negative,negative,neutral,negative,negative,negative,negative
68,negative,negative,negative,negative,negative,negative,negative,negative,negative,negative,negative,negative,negative,negative,negative,negative,negative,negative,negative,negative,negative
69,negative,negative,negative,positive,negative,positive,negative,positive,negative,negative,negative,positive,neutral,negative,negative,positive,negative,negative,negative,positive,negative
70,neutral,negative,negative,neutral,neutral,negative,negative,negative,negative,neutral,negative,neutral,neutral,neutral,negative,neutral,neutral,negative,negative,neutral,neutral
71,neutral,neutral,neutral,neutral,neutral,neutral,neutral,negative,negative,neutral,neutral,neutral,neutral,neutral,neutral,neutral,neutral,neutral,neutral,neutral,neutral
72,negative,negative,negative,neutral,negative,negative,negative,negative,negative,negative,negative,positive,negative,negative,negative,positive,negative,negative,negative,negative,negative
73,negative,negative,negative,negative,negative,negative,negative,negative,negative,negative,negative,negative,negative,negative,negative,negative,negative,negative,negative,neutral,negative
74,neutral,negative,negative,neutral,neutral,negative,negative,negative,negative,neutral,neutral,negative,negative,neutral,neutral,neutral,neutral,negative,negative,neutral,neutral
75,negative,neutral,neutral,neutral,neutral,neutral,neutral,negative,negative,neutral,neutral,negative,negative,neutral,neutral,neutral,neutral,neutral,neutral,neutral,negative
76,negative,negative,negative,negative,negative,negative,negative,negative,negative,negative,negative,negative,negative,negative,negative,negative,negative,negative,negative,negative,negative
77,negative,negative,negative,negative,negative,negative,negative,negative,negative,negative,negative,negative,negative,negative,negative,negative,negative,negative,negative,negative,negative
78,negative,negative,negative,negative,negative,negative,negative,negative,negative,negative,negative,negative,negative,negative,negative,negative,negative,negative,negative,positive,negative
79,negative,neutral,neutral,neutral,neutral,neutral,negative,negative,negative,positive,negative,positive,negative,neutral,negative,neutral,negative,neutral,negative,neutral,neutral
80,negative,negative,negative,negative,negative,negative,negative,negative,negative,negative,negative,negative,negative,negative,negative,negative,negative,negative,negative,negative,negative
81,negative,negative,negative,negative,negative,negative,negative,negative,negative,negative,negative,negative,negative,negative,negative,negative,negative,negative,negative,negative,negative
82,neutral,neutral,neutral,neutral,neutral,neutral,neutral,neutral,neutral,neutral,neutral,neutral,neutral,neutral,neutral,neutral,neutral,neutral,neutral,neutral,neutral
83,positive,positive,positive,positive,positive,positive,positive,positive,positive,positive,positive,positive,positive,positive,positive,positive,positive,positive,positive,positive,positive
84,negative,negative,negative,negative,negative,negative,negative,negative,negative,negative,negative,negative,negative,negative,negative,negative,negative,negative,negative,negative,negative
85,negative,negative,negative,negative,negative,negative,negative,negative,negative,negative,negative,negative,negative,negative,negative,negative,negative,negative,negative,negative,negative
86,negative,negative,negative,negative,negative,negative,negative,negative,negative,negative,negative,negative,negative,negative,negative,negative,negative,negative,negative,negative,negative
87,positive,positive,positive,positive,positive,positive,positive,positive,positive,positive,positive,positive,positive,positive,positive,positive,positive,positive,positive,positive,positive
88,neutral,neutral,neutral,neutral,neutral,neutral,neutral,neutral,neutral,neutral,neutral,neutral,neutral,neutral,neutral,neutral,neutral,neutral,neutral,neutral,neutral
89,neutral,positive,positive,neutral,neutral,positive,positive,negative,neutral,neutral,positive,neutral,neutral,positive,positive,positive,positive,neutral,neutral,positive,neutral
90,negative,positive,positive,negative,negative,positive,negative,negative,negative,positive,negative,negative,positive,positive,positive,negative,negative,positive,negative,positive,negative
91,neutral,neutral,neutral,neutral,neutral,neutral,neutral,negative,neutral,neutral,neutral,negative,neutral,neutral,neutral,neutral,neutral,neutral,neutral,neutral,neutral
92,neutral,neutral,neutral,neutral,neutral,neutral,neutral,neutral,neutral,neutral,neutral,neutral,neutral,neutral,neutral,neutral,positive,neutral,neutral,neutral,neutral
93,negative,negative,negative,negative,negative,negative,negative,negative,negative,negative,negative,negative,negative,negative,negative,negative,negative,negative,negative,negative,negative
94,negative,negative,negative,negative,negative,negative,negative,negative,negative,negative,negative,negative,negative,negative,negative,negative,negative,negative,negative,negative,negative
95,negative,negative,negative,negative,negative,negative,negative,negative,negative,negative,negative,negative,negative,negative,negative,negative,negative,negative,negative,negative,negative
96,negative,negative,negative,negative,negative,negative,negative,negative,negative,negative,negative,negative,negative,negative,negative,negative,negative,negative,negative,negative,negative
97,negative,neutral,negative,neutral,negative,neutral,negative,neutral,negative,neutral,negative,neutral,negative,neutral,neutral,neutral,negative,neutral,neutral,neutral,negative
98,neutral,neutral,neutral,neutral,neutral,neutral,neutral,neutral,neutral,neutral,neutral,neutral,neutral,neutral,neutral,neutral,neutral,neutral,neutral,neutral,neutral
99,negative,negative,negative,negative,negative,negative,negative,negative,negative,negative,negative,negative,negative,negative,negative,negative,negative,negative,negative,negative,negative
100,negative,negative,negative,negative,negative,negative,negative,negative,negative,negative,negative,negative,negative,negative,negative,negative,negative,negative,negative,negative,negative
101,positive,neutral,neutral,neutral,neutral,neutral,neutral,negative,negative,neutral,positive,positive,positive,neutral,positive,positive,positive,neutral,neutral,neutral,negative
102,negative,negative,negative,negative,negative,negative,negative,negative,negative,negative,negative,negative,negative,negative,negative,negative,negative,negative,negative,negative,negative
103,neutral,neutral,neutral,neutral,neutral,neutral,neutral,negative,neutral,neutral,neutral,neutral,neutral,neutral,neutral,neutral,neutral,neutral,neutral,neutral,neutral
104,negative,negative,negative,negative,negative,negative,negative,negative,negative,negative,negative,negative,neutral,negative,negative,negative,negative,negative,negative,negative,negative
105,neutral,neutral,neutral,neutral,neutral,neutral,neutral,negative,neutral,neutral,neutral,neutral,neutral,neutral,neutral,neutral,neutral,neutral,neutral,neutral,neutral
106,negative,negative,negative,negative,negative,negative,negative,negative,negative,negative,negative,negative,negative,negative,negative,negative,negative,negative,negative,negative,negative
107,positive,positive,negative,positive,negative,positive,negative,positive,positive,positive,negative,positive,positive,positive,positive,positive,positive,positive,positive,positive,negative
108,positive,neutral,neutral,neutral,neutral,positive,neutral,neutral,neutral,neutral,neutral,positive,positive,neutral,neutral,positive,positive,neutral,neutral,neutral,neutral
109,neutral,neutral,neutral,neutral,neutral,neutral,neutral,negative,neutral,neutral,neutral,neutral,neutral,neutral,neutral,neutral,neutral,neutral,neutral,neutral,neutral
110,negative,negative,negative,negative,negative,negative,negative,negative,negative,negative,negative,negative,negative,negative,negative,negative,negative,negative,negative,negative,negative
111,negative,negative,negative,negative,negative,negative,negative,negative,negative,negative,negative,negative,negative,negative,negative,negative,negative,negative,negative,negative,negative
112,positive,positive,positive,positive,positive,positive,positive,negative,negative,positive,positive,negative,positive,positive,positive,positive,positive,positive,positive,positive,positive
113,negative,negative,negative,negative,negative,negative,negative,negative,negative,negative,negative,negative,negative,negative,negative,negative,negative,negative,negative,negative,negative
114,positive,positive,neutral,positive,neutral,positive,positive,neutral,neutral,positive,neutral,positive,positive,positive,positive,positive,positive,positive,positive,positive,positive
115,negative,negative,negative,negative,negative,negative,negative,negative,negative,negative,neutral,negative,negative,negative,neutral,negative,negative,negative,neutral,neutral,neutral
116,neutral,neutral,neutral,neutral,neutral,neutral,neutral,neutral,neutral,neutral,neutral,neutral,positive,neutral,neutral,neutral,neutral,neutral,neutral,neutral,neutral
117,neutral,neutral,neutral,neutral,neutral,neutral,neutral,negative,neutral,neutral,neutral,neutral,neutral,neutral,neutral,neutral,neutral,neutral,neutral,neutral,neutral
118,negative,neutral,negative,negative,negative,positive,negative,negative,negative,negative,negative,negative,negative,positive,negative,positive,negative,neutral,negative,neutral,negative
119,neutral,neutral,neutral,neutral,neutral,negative,neutral,negative,negative,negative,neutral,negative,neutral,neutral,neutral,negative,neutral,neutral,neutral,negative,negative
120,neutral,negative,neutral,neutral,negative,negative,negative,negative,negative,negative,neutral,negative,neutral,negative,neutral,negative,neutral,negative,negative,negative,negative
121,negative,negative,neutral,negative,neutral,negative,neutral,negative,negative,negative,negative,negative,neutral,negative,negative,negative,negative,negative,neutral,negative,neutral
122,negative,negative,negative,negative,negative,negative,negative,negative,negative,negative,negative,negative,negative,negative,negative,negative,negative,negative,negative,negative,negative
123,neutral,neutral,negative,negative,neutral,neutral,negative,negative,negative,neutral,negative,negative,neutral,neutral,neutral,negative,neutral,neutral,negative,neutral,neutral
124,negative,negative,negative,negative,negative,negative,negative,negative,negative,negative,negative,negative,negative,negative,negative,negative,negative,negative,negative,negative,negative
125,negative,negative,negative,negative,negative,negative,negative,negative,negative,negative,negative,negative,negative,negative,negative,negative,negative,negative,negative,negative,negative
126,negative,negative,negative,negative,negative,negative,negative,negative,negative,negative,negative,negative,negative,negative,negative,negative,negative,negative,negative,negative,negative
127,negative,negative,negative,negative,negative,negative,negative,negative,negative,negative,negative,negative,negative,negative,negative,negative,negative,negative,negative,negative,negative
128,positive,positive,positive,positive,positive,positive,positive,negative,negative,positive,positive,positive,positive,positive,positive,negative,negative,positive,positive,positive,positive
129,negative,negative,negative,positive,negative,negative,negative,negative,negative,negative,negative,negative,negative,negative,negative,negative,neutral,negative,negative,negative,negative
130,neutral,positive,positive,positive,positive,neutral,neutral,neutral,neutral,positive,neutral,neutral,neutral,positive,neutral,neutral,positive,neutral,neutral,neutral,neutral
131,negative,negative,negative,negative,negative,negative,negative,negative,negative,negative,negative,negative,negative,negative,negative,negative,negative,negative,negative,negative,negative
132,negative,negative,negative,negative,negative,negative,negative,negative,negative,negative,negative,negative,negative,negative,negative,negative,negative,negative,negative,neutral,negative
133,negative,positive,negative,neutral,negative,positive,negative,negative,neutral,positive,negative,negative,negative,neutral,negative,negative,negative,neutral,negative,neutral,neutral
134,positive,neutral,positive,neutral,positive,neutral,positive,negative,positive,neutral,positive,neutral,positive,neutral,positive,positive,positive,neutral,positive,neutral,positive
135,neutral,neutral,neutral,neutral,neutral,neutral,neutral,neutral,neutral,neutral,neutral,neutral,neutral,neutral,neutral,neutral,neutral,neutral,neutral,neutral,neutral
136,neutral,negative,neutral,negative,neutral,negative,neutral,negative,negative,negative,neutral,negative,neutral,neutral,neutral,negative,negative,negative,neutral,negative,neutral
137,neutral,neutral,neutral,neutral,neutral,neutral,neutral,negative,negative,neutral,neutral,neutral,neutral,neutral,neutral,neutral,neutral,neutral,neutral,neutral,negative
138,neutral,neutral,neutral,negative,negative,neutral,neutral,negative,negative,neutral,neutral,neutral,neutral,neutral,neutral,neutral,neutral,neutral,neutral,neutral,positive
139,neutral,negative,neutral,neutral,neutral,neutral,neutral,negative,negative,neutral,neutral,neutral,neutral,neutral,neutral,neutral,neutral,neutral,neutral,negative,negative
140,negative,negative,negative,negative,negative,negative,negative,negative,negative,negative,negative,negative,negative,negative,negative,negative,negative,negative,negative,negative,negative
141,negative,negative,negative,negative,negative,negative,negative,negative,negative,negative,negative,negative,negative,negative,negative,negative,negative,neutral,negative,neutral,negative
142,neutral,neutral,neutral,neutral,neutral,neutral,neutral,neutral,neutral,neutral,neutral,neutral,neutral,neutral,neutral,neutral,neutral,neutral,neutral,neutral,neutral
143,negative,negative,negative,negative,negative,negative,negative,negative,negative,negative,negative,negative,negative,negative,negative,negative,negative,negative,negative,negative,negative
144,neutral,neutral,negative,neutral,neutral,negative,negative,negative,negative,neutral,negative,neutral,neutral,negative,negative,neutral,neutral,neutral,negative,neutral,neutral
145,positive,negative,positive,negative,positive,negative,positive,negative,positive,negative,positive,negative,positive,negative,positive,negative,positive,negative,positive,negative,positive
146,positive,positive,positive,neutral,positive,positive,positive,negative,positive,neutral,positive,neutral,positive,positive,positive,neutral,positive,positive,positive,neutral,positive
147,negative,negative,negative,negative,negative,negative,negative,negative,negative,negative,negative,negative,negative,negative,negative,negative,negative,negative,negative,negative,negative
148,negative,positive,positive,positive,negative,negative,negative,negative,negative,negative,negative,negative,negative,negative,positive,negative,negative,negative,negative,positive,positive
149,negative,negative,negative,negative,negative,negative,negative,negative,negative,negative,negative,negative,negative,negative,negative,negative,negative,negative,negative,neutral,neutral
150,neutral,neutral,neutral,neutral,neutral,neutral,neutral,negative,negative,neutral,neutral,neutral,neutral,neutral,neutral,neutral,neutral,neutral,neutral,neutral,neutral
151,negative,negative,negative,negative,negative,negative,negative,negative,negative,negative,negative,negative,neutral,negative,negative,negative,negative,negative,negative,negative,negative
152,negative,negative,negative,negative,negative,negative,negative,negative,negative,negative,negative,negative,negative,negative,negative,negative,negative,negative,negative,negative,negative
153,positive,positive,positive,positive,positive,positive,positive,positive,positive,positive,positive,positive,positive,positive,positive,positive,positive,positive,positive,positive,positive
154,negative,negative,negative,negative,negative,negative,negative,negative,negative,negative,negative,negative,negative,negative,negative,negative,negative,negative,negative,negative,negative
155,neutral,positive,positive,neutral,neutral,positive,positive,negative,negative,positive,neutral,neutral,neutral,positive,positive,neutral,neutral,positive,positive,positive,neutral
156,negative,neutral,negative,neutral,negative,negative,negative,negative,negative,negative,negative,neutral,negative,negative,negative,positive,negative,negative,negative,neutral,negative
157,negative,negative,negative,negative,negative,negative,negative,negative,negative,negative,negative,negative,negative,negative,negative,negative,negative,negative,negative,negative,negative
158,neutral,neutral,neutral,neutral,neutral,neutral,neutral,negative,negative,neutral,neutral,neutral,neutral,neutral,neutral,neutral,neutral,neutral,neutral,neutral,neutral
159,negative,negative,negative,negative,negative,negative,negative,negative,negative,negative,negative,negative,negative,negative,negative,negative,negative,negative,negative,negative,negative
160,positive,neutral,neutral,neutral,neutral,neutral,neutral,negative,positive,neutral,neutral,negative,positive,neutral,neutral,negative,positive,neutral,neutral,neutral,positive
161,negative,negative,negative,negative,negative,negative,negative,negative,negative,negative,negative,negative,negative,negative,negative,negative,negative,negative,negative,neutral,negative
162,negative,negative,negative,negative,negative,negative,negative,negative,negative,negative,negative,negative,negative,negative,negative,negative,negative,negative,negative,negative,negative
163,neutral,neutral,neutral,neutral,neutral,neutral,neutral,neutral,neutral,neutral,neutral,neutral,neutral,neutral,neutral,neutral,neutral,neutral,neutral,neutral,neutral
164,negative,negative,negative,negative,negative,negative,negative,negative,negative,negative,negative,negative,negative,negative,negative,negative,negative,negative,negative,neutral,negative
165,negative,negative,negative,negative,negative,negative,negative,negative,negative,negative,negative,negative,negative,negative,negative,negative,negative,negative,negative,negative,negative
166,negative,negative,negative,negative,negative,negative,negative,negative,negative,negative,negative,negative,negative,negative,negative,negative,negative,negative,negative,negative,negative
167,neutral,neutral,neutral,neutral,neutral,neutral,neutral,negative,negative,neutral,neutral,negative,negative,neutral,neutral,negative,neutral,neutral,neutral,neutral,neutral
168,negative,negative,negative,negative,negative,negative,negative,negative,negative,negative,negative,negative,negative,negative,negative,negative,negative,negative,negative,neutral,negative
169,neutral,neutral,neutral,neutral,neutral,neutral,neutral,neutral,neutral,neutral,neutral,neutral,neutral,neutral,neutral,neutral,neutral,neutral,neutral,neutral,neutral
170,neutral,negative,negative,neutral,neutral,negative,negative,negative,negative,negative,negative,negative,negative,negative,negative,negative,neutral,negative,negative,neutral,neutral
171,negative,negative,negative,negative,negative,negative,negative,negative,negative,negative,negative,negative,negative,negative,negative,negative,negative,negative,negative,negative,negative
172,neutral,neutral,neutral,neutral,neutral,neutral,neutral,negative,negative,neutral,neutral,neutral,negative,neutral,neutral,neutral,neutral,neutral,neutral,neutral,neutral
173,negative,negative,negative,negative,negative,negative,negative,negative,negative,negative,negative,negative,negative,negative,negative,negative,negative,negative,negative,negative,negative
174,negative,negative,neutral,negative,neutral,negative,negative,negative,negative,negative,negative,negative,negative,negative,neutral,negative,negative,negative,neutral,neutral,neutral
175,positive,positive,positive,positive,positive,positive,positive,positive,positive,positive,positive,positive,positive,positive,positive,positive,positive,positive,positive,positive,positive
176,positive,positive,positive,positive,positive,positive,positive,positive,positive,positive,positive,positive,positive,positive,positive,positive,positive,positive,positive,positive,positive
177,neutral,negative,negative,neutral,neutral,negative,negative,negative,negative,negative,negative,neutral,neutral,negative,negative,positive,neutral,negative,negative,positive,neutral
178,neutral,neutral,neutral,neutral,neutral,negative,neutral,negative,negative,negative,neutral,negative,neutral,neutral,neutral,negative,neutral,negative,neutral,neutral,negative
179,negative,negative,negative,negative,negative,negative,negative,negative,negative,negative,negative,negative,negative,negative,negative,negative,negative,negative,negative,negative,negative
180,negative,negative,negative,neutral,neutral,negative,negative,negative,negative,negative,negative,positive,negative,negative,negative,positive,negative,negative,negative,positive,negative
181,negative,negative,negative,neutral,neutral,negative,negative,negative,negative,negative,negative,negative,negative,negative,negative,negative,negative,negative,negative,negative,negative
182,negative,negative,negative,negative,negative,negative,negative,negative,negative,negative,negative,negative,negative,negative,negative,negative,negative,negative,negative,negative,negative
183,negative,negative,negative,negative,negative,negative,negative,negative,negative,negative,negative,negative,neutral,negative,negative,negative,negative,negative,negative,negative,negative
184,negative,negative,negative,negative,negative,negative,negative,negative,negative,neutral,negative,neutral,neutral,negative,negative,neutral,negative,negative,negative,neutral,negative
185,positive,positive,positive,positive,positive,positive,positive,positive,positive,positive,positive,positive,positive,positive,positive,positive,positive,positive,positive,positive,positive
186,negative,negative,negative,negative,negative,negative,negative,negative,negative,negative,negative,negative,negative,negative,negative,negative,negative,negative,negative,negative,negative
187,negative,neutral,negative,neutral,negative,negative,negative,negative,negative,negative,negative,negative,negative,negative,negative,neutral,neutral,neutral,neutral,neutral,negative
188,negative,negative,negative,negative,negative,negative,negative,negative,negative,negative,negative,negative,negative,negative,negative,negative,negative,negative,negative,negative,negative
189,negative,negative,negative,negative,negative,negative,negative,negative,negative,negative,negative,negative,negative,negative,negative,negative,negative,negative,negative,negative,negative
190,positive,positive,positive,positive,positive,positive,positive,positive,negative,positive,positive,positive,positive,positive,positive,positive,positive,positive,positive,positive,positive
191,positive,positive,positive,positive,positive,positive,positive,positive,positive,positive,positive,positive,positive,positive,positive,positive,positive,positive,positive,positive,positive
192,neutral,negative,negative,neutral,neutral,negative,negative,negative,negative,negative,negative,neutral,neutral,negative,negative,neutral,neutral,neutral,neutral,neutral,neutral
193,neutral,neutral,neutral,neutral,neutral,neutral,neutral,negative,negative,neutral,neutral,negative,neutral,neutral,neutral,neutral,neutral,neutral,neutral,neutral,neutral
194,negative,negative,negative,negative,negative,negative,negative,negative,negative,negative,negative,negative,negative,negative,negative,negative,negative,negative,negative,negative,negative
195,neutral,neutral,neutral,neutral,neutral,negative,negative,negative,negative,neutral,neutral,negative,neutral,negative,neutral,negative,neutral,negative,negative,neutral,neutral
196,negative,negative,negative,negative,negative,negative,negative,negative,negative,negative,negative,negative,negative,negative,negative,negative,negative,negative,negative,negative,negative
197,neutral,neutral,neutral,neutral,neutral,neutral,neutral,negative,neutral,neutral,neutral,neutral,neutral,neutral,neutral,neutral,neutral,neutral,neutral,positive,neutral
198,neutral,neutral,neutral,neutral,neutral,neutral,neutral,neutral,neutral,neutral,neutral,neutral,neutral,neutral,neutral,neutral,neutral,neutral,neutral,neutral,neutral
199,neutral,neutral,neutral,neutral,neutral,neutral,neutral,negative,neutral,neutral,neutral,neutral,neutral,neutral,neutral,negative,neutral,neutral,neutral,neutral,neutral
200,negative,neutral,negative,neutral,negative,neutral,negative,negative,neutral,neutral,neutral,neutral,negative,neutral,neutral,negative,negative,neutral,negative,neutral,negative
201,negative,negative,negative,negative,neutral,negative,neutral,negative,negative,negative,negative,negative,negative,negative,negative,negative,neutral,negative,negative,negative,negative
202,negative,negative,negative,negative,negative,negative,negative,negative,negative,negative,negative,negative,negative,negative,negative,negative,negative,negative,negative,negative,negative
203,negative,negative,negative,negative,negative,negative,negative,negative,negative,negative,negative,negative,negative,negative,negative,negative,negative,negative,negative,negative,negative
204,neutral,neutral,neutral,neutral,neutral,neutral,neutral,negative,negative,neutral,neutral,neutral,neutral,neutral,neutral,neutral,neutral,neutral,neutral,neutral,neutral
205,negative,negative,negative,negative,negative,negative,negative,negative,negative,negative,negative,negative,negative,negative,negative,negative,negative,negative,negative,negative,negative
206,neutral,negative,negative,neutral,neutral,negative,negative,negative,negative,negative,negative,negative,negative,negative,neutral,neutral,neutral,negative,neutral,neutral,neutral
207,neutral,neutral,neutral,neutral,neutral,neutral,neutral,negative,neutral,neutral,neutral,positive,neutral,neutral,neutral,positive,neutral,neutral,neutral,positive,neutral
208,neutral,neutral,neutral,neutral,neutral,neutral,neutral,neutral,neutral,neutral,neutral,neutral,neutral,neutral,neutral,neutral,neutral,neutral,neutral,neutral,neutral
209,neutral,neutral,neutral,neutral,neutral,neutral,neutral,neutral,neutral,neutral,neutral,neutral,neutral,neutral,neutral,neutral,neutral,neutral,neutral,neutral,neutral
210,negative,negative,negative,negative,negative,negative,negative,negative,negative,negative,negative,negative,negative,negative,negative,negative,negative,negative,negative,negative,negative
211,neutral,neutral,neutral,neutral,neutral,neutral,neutral,negative,negative,neutral,neutral,neutral,neutral,neutral,neutral,neutral,neutral,neutral,neutral,neutral,neutral
212,positive,positive,positive,positive,positive,positive,positive,positive,positive,positive,positive,positive,positive,positive,positive,positive,positive,positive,positive,positive,positive
213,neutral,neutral,neutral,neutral,neutral,neutral,neutral,neutral,neutral,neutral,neutral,neutral,neutral,neutral,neutral,neutral,neutral,neutral,neutral,neutral,neutral
214,negative,negative,negative,negative,negative,negative,negative,negative,negative,negative,negative,negative,negative,negative,negative,negative,negative,negative,negative,negative,negative
215,positive,positive,positive,positive,positive,positive,positive,negative,negative,positive,positive,positive,positive,positive,positive,positive,positive,positive,positive,positive,positive
216,neutral,negative,neutral,negative,neutral,neutral,neutral,negative,negative,neutral,neutral,neutral,neutral,neutral,neutral,negative,negative,neutral,neutral,neutral,neutral
217,negative,neutral,negative,neutral,negative,neutral,negative,neutral,negative,neutral,neutral,neutral,neutral,neutral,negative,negative,negative,neutral,negative,neutral,neutral
218,negative,negative,negative,negative,negative,negative,negative,negative,negative,negative,negative,negative,negative,negative,negative,negative,negative,negative,negative,neutral,neutral
219,negative,negative,negative,negative,negative,negative,negative,negative,negative,negative,negative,negative,negative,negative,negative,negative,negative,negative,negative,negative,negative
220,negative,negative,neutral,negative,negative,negative,negative,negative,negative,negative,negative,negative,negative,negative,negative,negative,negative,negative,negative,negative,negative
221,neutral,negative,negative,neutral,neutral,neutral,neutral,neutral,neutral,neutral,neutral,neutral,neutral,neutral,neutral,neutral,neutral,negative,negative,neutral,neutral
222,neutral,negative,negative,negative,negative,negative,negative,negative,negative,negative,negative,negative,negative,negative,negative,neutral,neutral,negative,neutral,neutral,neutral
223,neutral,neutral,neutral,neutral,neutral,neutral,neutral,neutral,neutral,neutral,neutral,neutral,neutral,neutral,neutral,neutral,neutral,neutral,neutral,neutral,neutral
224,negative,negative,negative,negative,negative,negative,negative,negative,negative,negative,negative,negative,negative,negative,negative,negative,negative,negative,negative,negative,negative
225,negative,negative,negative,negative,negative,negative,negative,negative,negative,negative,negative,negative,negative,negative,negative,negative,negative,negative,negative,negative,negative
226,neutral,neutral,neutral,neutral,neutral,neutral,neutral,negative,negative,neutral,neutral,neutral,neutral,neutral,neutral,neutral,neutral,neutral,neutral,neutral,neutral
227,neutral,neutral,neutral,neutral,neutral,neutral,neutral,negative,neutral,neutral,neutral,neutral,neutral,neutral,neutral,neutral,neutral,neutral,neutral,neutral,neutral
228,neutral,neutral,neutral,neutral,neutral,neutral,neutral,neutral,neutral,neutral,neutral,neutral,neutral,neutral,neutral,neutral,neutral,neutral,neutral,neutral,neutral
229,negative,negative,negative,negative,negative,negative,negative,negative,negative,negative,negative,negative,negative,negative,negative,negative,negative,negative,negative,negative,negative
230,neutral,neutral,neutral,neutral,neutral,neutral,neutral,negative,negative,neutral,neutral,neutral,neutral,neutral,neutral,neutral,neutral,neutral,neutral,neutral,neutral
231,neutral,neutral,neutral,neutral,neutral,neutral,neutral,negative,neutral,neutral,neutral,neutral,neutral,neutral,neutral,neutral,neutral,neutral,neutral,neutral,neutral
232,negative,negative,negative,negative,negative,negative,negative,negative,negative,negative,negative,negative,negative,negative,negative,negative,negative,negative,negative,negative,negative
233,neutral,neutral,neutral,neutral,neutral,neutral,neutral,negative,neutral,neutral,neutral,neutral,neutral,neutral,neutral,neutral,neutral,neutral,neutral,neutral,neutral
234,negative,negative,negative,negative,negative,negative,negative,negative,negative,negative,negative,negative,neutral,negative,negative,negative,negative,negative,negative,negative,negative
235,positive,negative,positive,positive,positive,positive,positive,positive,positive,positive,positive,positive,positive,neutral,positive,positive,positive,negative,positive,positive,positive
236,negative,negative,negative,negative,negative,negative,negative,negative,negative,negative,negative,negative,negative,negative,negative,negative,negative,negative,negative,negative,negative
237,negative,negative,negative,negative,negative,negative,negative,negative,negative,negative,negative,negative,negative,negative,negative,negative,negative,negative,negative,negative,negative
238,negative,negative,negative,negative,negative,negative,negative,negative,negative,negative,negative,negative,negative,negative,negative,negative,negative,negative,negative,negative,negative
239,neutral,neutral,neutral,neutral,neutral,neutral,neutral,negative,negative,neutral,neutral,neutral,neutral,neutral,neutral,neutral,neutral,neutral,neutral,neutral,neutral
240,negative,negative,negative,negative,negative,negative,negative,negative,negative,negative,negative,negative,negative,negative,negative,neutral,neutral,negative,negative,neutral,neutral
241,neutral,neutral,neutral,neutral,neutral,neutral,neutral,negative,neutral,neutral,neutral,neutral,neutral,neutral,neutral,neutral,neutral,neutral,neutral,neutral,neutral
242,positive,positive,positive,positive,positive,positive,positive,positive,positive,positive,neutral,positive,positive,positive,positive,positive,positive,positive,positive,positive,positive
243,positive,positive,positive,positive,positive,positive,positive,positive,positive,positive,positive,positive,positive,positive,positive,positive,positive,positive,positive,negative,positive
244,negative,negative,negative,negative,negative,negative,negative,negative,negative,negative,negative,negative,negative,negative,negative,negative,negative,negative,negative,negative,negative
245,neutral,neutral,neutral,neutral,neutral,neutral,neutral,negative,negative,neutral,neutral,neutral,neutral,neutral,neutral,neutral,neutral,neutral,neutral,neutral,neutral
246,negative,negative,negative,neutral,negative,negative,negative,negative,negative,negative,negative,neutral,negative,negative,negative,negative,negative,negative,negative,negative,negative
247,neutral,neutral,neutral,neutral,neutral,neutral,neutral,negative,negative,neutral,neutral,neutral,neutral,neutral,neutral,neutral,neutral,neutral,neutral,neutral,neutral
248,neutral,neutral,neutral,neutral,neutral,neutral,neutral,negative,neutral,neutral,neutral,negative,neutral,neutral,neutral,neutral,neutral,neutral,neutral,neutral,neutral
249,positive,negative,positive,negative,positive,positive,positive,negative,positive,negative,positive,negative,positive,negative,positive,negative,positive,positive,positive,positive,positive
250,positive,positive,positive,positive,positive,positive,positive,positive,positive,positive,positive,positive,positive,positive,positive,positive,positive,positive,positive,positive,positive
251,negative,negative,negative,negative,negative,negative,negative,negative,negative,negative,negative,negative,negative,negative,negative,negative,negative,negative,negative,negative,negative
252,positive,positive,positive,positive,positive,positive,positive,positive,positive,positive,positive,positive,positive,positive,positive,positive,positive,positive,positive,positive,positive
253,neutral,neutral,neutral,neutral,neutral,neutral,neutral,negative,neutral,neutral,neutral,neutral,neutral,neutral,neutral,neutral,neutral,neutral,neutral,neutral,neutral
254,neutral,negative,negative,neutral,neutral,negative,negative,negative,negative,negative,negative,negative,negative,negative,negative,neutral,neutral,negative,negative,neutral,neutral
255,negative,positive,positive,neutral,negative,positive,positive,negative,negative,positive,positive,positive,positive,positive,positive,positive,positive,positive,positive,negative,negative
256,neutral,neutral,negative,negative,neutral,negative,negative,negative,negative,negative,negative,negative,neutral,negative,negative,negative,neutral,negative,neutral,negative,neutral
257,negative,negative,negative,negative,negative,negative,negative,negative,negative,negative,negative,negative,negative,negative,negative,negative,negative,negative,negative,negative,negative
258,negative,negative,negative,negative,negative,negative,negative,negative,negative,negative,negative,negative,negative,negative,negative,negative,negative,negative,negative,negative,negative
259,negative,negative,negative,negative,negative,negative,negative,negative,negative,negative,negative,negative,negative,negative,negative,negative,negative,negative,negative,negative,negative
260,negative,negative,negative,negative,negative,negative,negative,negative,negative,negative,negative,neutral,negative,negative,negative,neutral,negative,negative,negative,neutral,negative
261,neutral,neutral,neutral,neutral,neutral,neutral,neutral,negative,negative,neutral,neutral,negative,neutral,neutral,neutral,negative,negative,neutral,neutral,neutral,neutral
262,negative,neutral,neutral,neutral,neutral,neutral,neutral,negative,negative,neutral,neutral,negative,negative,neutral,neutral,neutral,neutral,neutral,neutral,negative,neutral
263,negative,negative,negative,negative,negative,negative,negative,negative,negative,negative,negative,negative,negative,negative,negative,negative,negative,negative,negative,negative,negative
264,negative,negative,negative,negative,negative,negative,negative,negative,negative,negative,negative,negative,negative,negative,negative,negative,negative,negative,negative,positive,neutral
265,positive,positive,positive,neutral,neutral,positive,positive,positive,positive,positive,positive,positive,positive,positive,positive,positive,positive,positive,positive,positive,positive
266,negative,negative,negative,negative,negative,negative,negative,negative,negative,negative,negative,negative,negative,negative,negative,negative,negative,negative,negative,neutral,negative
267,negative,negative,negative,negative,negative,negative,negative,negative,negative,negative,negative,negative,negative,negative,negative,negative,negative,negative,negative,negative,negative
268,neutral,neutral,neutral,neutral,neutral,neutral,neutral,neutral,neutral,neutral,neutral,neutral,neutral,neutral,neutral,neutral,neutral,neutral,neutral,neutral,neutral
269,negative,negative,negative,neutral,neutral,negative,negative,negative,negative,negative,negative,negative,negative,negative,negative,negative,negative,negative,neutral,neutral,neutral
270,neutral,neutral,neutral,neutral,neutral,neutral,neutral,negative,negative,neutral,neutral,negative,negative,neutral,neutral,neutral,neutral,neutral,neutral,neutral,neutral
271,negative,negative,negative,negative,negative,negative,negative,negative,negative,negative,negative,negative,negative,negative,negative,negative,negative,negative,negative,negative,negative
272,neutral,neutral,neutral,neutral,neutral,neutral,negative,negative,negative,neutral,neutral,neutral,neutral,neutral,neutral,neutral,neutral,neutral,neutral,neutral,negative
273,negative,positive,negative,negative,negative,negative,negative,negative,negative,negative,negative,negative,negative,negative,negative,negative,negative,negative,negative,positive,negative
274,neutral,neutral,neutral,neutral,neutral,neutral,neutral,neutral,neutral,neutral,neutral,neutral,neutral,neutral,neutral,neutral,neutral,neutral,neutral,neutral,neutral
275,negative,neutral,neutral,neutral,neutral,neutral,negative,negative,negative,negative,negative,neutral,negative,neutral,neutral,neutral,negative,neutral,neutral,neutral,neutral
276,negative,negative,negative,negative,negative,negative,negative,negative,negative,negative,negative,negative,negative,negative,negative,negative,negative,negative,negative,negative,negative
277,negative,negative,negative,neutral,neutral,negative,negative,negative,negative,negative,negative,negative,negative,negative,negative,negative,negative,neutral,negative,neutral,neutral
278,negative,neutral,neutral,neutral,negative,neutral,negative,negative,negative,neutral,negative,negative,negative,neutral,neutral,neutral,negative,neutral,neutral,neutral,neutral
279,negative,neutral,negative,negative,negative,neutral,negative,negative,negative,neutral,negative,negative,negative,neutral,negative,negative,negative,neutral,negative,neutral,negative
280,positive,positive,positive,positive,positive,positive,positive,negative,negative,negative,negative,positive,positive,positive,positive,positive,positive,negative,positive,positive,positive
281,positive,positive,positive,positive,neutral,positive,neutral,negative,neutral,neutral,neutral,positive,positive,neutral,positive,positive,positive,positive,positive,positive,positive
282,negative,negative,negative,negative,negative,negative,negative,negative,negative,negative,negative,negative,negative,negative,negative,negative,negative,negative,negative,negative,negative
283,negative,negative,negative,negative,negative,negative,negative,negative,negative,negative,negative,negative,negative,negative,negative,negative,negative,negative,negative,negative,negative
284,negative,negative,negative,neutral,negative,negative,negative,negative,negative,negative,negative,positive,negative,negative,negative,positive,negative,negative,negative,positive,negative
285,neutral,negative,neutral,negative,neutral,negative,neutral,negative,negative,negative,neutral,negative,neutral,negative,neutral,negative,neutral,negative,neutral,negative,neutral
286,negative,negative,negative,negative,negative,negative,negative,negative,negative,negative,negative,positive,negative,negative,negative,negative,negative,negative,negative,neutral,negative
287,negative,negative,negative,negative,negative,negative,negative,negative,negative,negative,negative,negative,negative,negative,negative,negative,negative,negative,negative,negative,negative
288,negative,negative,negative,negative,negative,negative,negative,negative,negative,negative,negative,neutral,neutral,negative,negative,negative,negative,negative,negative,negative,negative
289,negative,neutral,neutral,negative,negative,neutral,neutral,negative,negative,neutral,negative,negative,negative,neutral,neutral,negative,negative,neutral,neutral,negative,negative
290,negative,negative,negative,negative,negative,negative,negative,negative,negative,negative,negative,negative,negative,negative,negative,negative,negative,negative,negative,negative,negative
291,negative,negative,negative,negative,neutral,negative,negative,negative,negative,negative,negative,negative,negative,negative,negative,negative,negative,negative,negative,negative,negative
292,neutral,neutral,neutral,neutral,neutral,neutral,neutral,neutral,neutral,neutral,neutral,neutral,neutral,neutral,neutral,neutral,neutral,neutral,neutral,neutral,neutral
293,neutral,negative,neutral,neutral,neutral,negative,negative,negative,negative,negative,neutral,neutral,neutral,negative,neutral,negative,neutral,negative,neutral,negative,negative
294,negative,negative,negative,negative,negative,negative,negative,negative,negative,negative,negative,negative,negative,negative,negative,negative,neutral,negative,negative,positive,neutral
295,negative,negative,negative,negative,negative,negative,negative,negative,negative,negative,negative,negative,negative,negative,negative,negative,negative,negative,negative,negative,neutral
296,negative,negative,negative,negative,negative,negative,negative,negative,negative,negative,negative,negative,negative,negative,negative,negative,negative,negative,negative,negative,negative
297,neutral,neutral,neutral,neutral,neutral,negative,negative,negative,negative,neutral,neutral,neutral,neutral,neutral,neutral,neutral,neutral,neutral,neutral,neutral,neutral
298,neutral,neutral,neutral,neutral,neutral,neutral,neutral,neutral,neutral,neutral,neutral,neutral,neutral,neutral,neutral,neutral,neutral,neutral,neutral,neutral,neutral
299,negative,negative,negative,negative,negative,negative,negative,negative,negative,neutral,negative,negative,negative,neutral,negative,negative,negative,neutral,negative,negative,negative
300,negative,negative,negative,negative,negative,negative,negative,negative,negative,negative,negative,negative,negative,negative,negative,negative,negative,negative,negative,positive,negative
301,negative,negative,negative,negative,negative,negative,negative,negative,negative,negative,negative,negative,negative,negative,negative,negative,negative,negative,negative,negative,negative
302,positive,negative,negative,negative,positive,negative,negative,negative,negative,negative,negative,positive,positive,negative,negative,positive,positive,negative,negative,positive,positive
303,neutral,neutral,neutral,neutral,neutral,neutral,neutral,neutral,neutral,neutral,neutral,neutral,neutral,neutral,neutral,neutral,neutral,neutral,neutral,neutral,neutral
304,neutral,neutral,neutral,neutral,neutral,neutral,neutral,neutral,neutral,neutral,neutral,neutral,neutral,neutral,neutral,neutral,neutral,neutral,neutral,neutral,neutral
305,neutral,neutral,neutral,negative,neutral,neutral,neutral,negative,neutral,neutral,neutral,negative,negative,neutral,neutral,negative,neutral,neutral,neutral,neutral,neutral
306,negative,negative,negative,negative,negative,negative,negative,negative,negative,negative,negative,negative,negative,negative,negative,negative,negative,negative,negative,negative,negative
307,negative,negative,negative,neutral,negative,negative,negative,negative,negative,negative,negative,negative,negative,negative,negative,negative,negative,negative,negative,negative,negative
308,positive,positive,neutral,positive,neutral,positive,positive,positive,positive,positive,neutral,positive,positive,positive,positive,positive,positive,positive,positive,positive,positive
309,neutral,neutral,neutral,neutral,neutral,neutral,neutral,neutral,neutral,neutral,neutral,neutral,neutral,neutral,neutral,neutral,neutral,neutral,neutral,neutral,neutral
310,negative,negative,negative,neutral,negative,negative,negative,negative,negative,negative,negative,negative,negative,negative,negative,negative,negative,negative,negative,negative,negative
311,neutral,negative,negative,negative,neutral,negative,negative,negative,negative,negative,negative,negative,neutral,negative,negative,negative,neutral,negative,negative,negative,negative
312,negative,negative,negative,negative,negative,negative,negative,negative,negative,negative,negative,negative,negative,negative,negative,negative,negative,negative,negative,negative,negative
313,negative,negative,negative,negative,negative,negative,negative,negative,negative,negative,negative,negative,negative,negative,negative,negative,negative,negative,negative,negative,negative
314,negative,negative,negative,negative,negative,negative,negative,negative,negative,negative,negative,negative,negative,negative,negative,negative,negative,negative,negative,negative,negative
315,negative,negative,neutral,negative,negative,negative,negative,negative,negative,negative,neutral,negative,neutral,negative,negative,negative,negative,negative,negative,neutral,neutral
316,negative,negative,negative,negative,negative,negative,negative,negative,negative,negative,negative,negative,negative,negative,negative,negative,negative,negative,negative,negative,negative
317,positive,positive,positive,positive,positive,positive,positive,positive,positive,positive,positive,positive,positive,positive,positive,positive,positive,positive,positive,positive,positive
318,neutral,neutral,neutral,neutral,neutral,neutral,neutral,negative,negative,neutral,neutral,neutral,neutral,neutral,neutral,neutral,neutral,neutral,neutral,neutral,negative
319,neutral,negative,neutral,neutral,negative,negative,neutral,negative,negative,negative,neutral,neutral,neutral,negative,neutral,negative,negative,negative,neutral,neutral,neutral
320,positive,negative,positive,negative,positive,negative,positive,negative,negative,negative,positive,negative,positive,negative,positive,negative,positive,negative,positive,negative,positive
321,neutral,neutral,neutral,neutral,neutral,neutral,neutral,negative,negative,neutral,neutral,positive,neutral,neutral,neutral,neutral,neutral,neutral,neutral,neutral,neutral
322,neutral,neutral,neutral,neutral,neutral,neutral,neutral,neutral,neutral,neutral,neutral,neutral,neutral,neutral,neutral,positive,positive,neutral,neutral,neutral,neutral
323,negative,negative,negative,negative,negative,negative,negative,negative,negative,negative,negative,neutral,negative,negative,negative,negative,negative,negative,negative,neutral,neutral
324,negative,neutral,negative,negative,negative,negative,negative,negative,negative,negative,negative,negative,negative,negative,negative,negative,negative,neutral,negative,negative,negative
325,neutral,neutral,positive,neutral,neutral,negative,neutral,negative,negative,positive,neutral,positive,positive,negative,negative,positive,positive,positive,positive,negative,positive
326,neutral,neutral,neutral,neutral,neutral,neutral,neutral,negative,negative,neutral,neutral,negative,negative,neutral,neutral,neutral,neutral,neutral,neutral,neutral,neutral
327,neutral,neutral,neutral,neutral,neutral,neutral,neutral,negative,negative,neutral,neutral,neutral,neutral,neutral,neutral,neutral,neutral,neutral,neutral,positive,neutral
328,negative,negative,negative,negative,negative,negative,negative,negative,negative,negative,negative,negative,negative,negative,negative,negative,negative,negative,negative,negative,negative
329,negative,negative,negative,negative,negative,negative,negative,negative,negative,negative,negative,negative,negative,negative,negative,negative,negative,negative,negative,negative,negative
330,neutral,neutral,neutral,neutral,neutral,neutral,neutral,negative,neutral,neutral,neutral,neutral,neutral,neutral,neutral,neutral,neutral,neutral,neutral,neutral,neutral
331,negative,negative,negative,negative,negative,negative,negative,negative,negative,negative,negative,negative,negative,negative,negative,negative,negative,negative,negative,neutral,negative
332,neutral,neutral,neutral,neutral,neutral,neutral,neutral,neutral,neutral,neutral,neutral,neutral,neutral,neutral,neutral,neutral,neutral,neutral,neutral,neutral,neutral
333,neutral,neutral,neutral,neutral,neutral,neutral,neutral,neutral,neutral,neutral,neutral,neutral,neutral,neutral,neutral,neutral,neutral,neutral,neutral,neutral,neutral
334,neutral,negative,neutral,negative,neutral,negative,negative,negative,negative,negative,neutral,negative,neutral,negative,negative,negative,neutral,negative,negative,negative,negative
335,neutral,positive,neutral,negative,neutral,positive,neutral,negative,neutral,positive,neutral,positive,neutral,positive,neutral,positive,neutral,positive,neutral,positive,negative
336,negative,negative,negative,negative,neutral,negative,negative,negative,negative,negative,negative,negative,negative,negative,negative,negative,negative,negative,negative,negative,negative
337,negative,negative,negative,negative,negative,negative,negative,negative,negative,negative,negative,negative,negative,negative,negative,negative,negative,negative,negative,negative,negative
338,negative,negative,negative,negative,negative,negative,negative,negative,negative,negative,negative,negative,negative,negative,negative,negative,negative,negative,negative,negative,negative
339,negative,negative,negative,negative,negative,negative,negative,negative,negative,negative,negative,negative,negative,negative,negative,negative,negative,negative,negative,neutral,negative
340,neutral,neutral,negative,neutral,neutral,neutral,negative,negative,negative,neutral,negative,neutral,neutral,neutral,neutral,neutral,neutral,neutral,neutral,neutral,neutral
341,neutral,neutral,neutral,neutral,neutral,neutral,neutral,negative,negative,neutral,neutral,neutral,neutral,neutral,neutral,neutral,neutral,neutral,neutral,neutral,neutral
342,neutral,neutral,neutral,neutral,neutral,neutral,positive,negative,neutral,neutral,neutral,positive,positive,neutral,neutral,neutral,neutral,neutral,neutral,neutral,neutral
343,negative,negative,negative,negative,negative,negative,negative,negative,negative,negative,negative,negative,negative,negative,negative,negative,negative,negative,negative,negative,negative
344,negative,negative,negative,negative,negative,negative,negative,negative,negative,negative,negative,negative,negative,negative,negative,negative,negative,negative,negative,negative,negative
345,negative,negative,negative,negative,negative,negative,negative,negative,negative,negative,negative,negative,negative,negative,negative,negative,negative,negative,negative,negative,negative
346,negative,negative,negative,negative,negative,negative,negative,negative,negative,negative,negative,negative,negative,negative,negative,negative,negative,negative,negative,negative,negative
347,negative,negative,negative,negative,negative,negative,negative,negative,negative,negative,negative,negative,negative,negative,negative,neutral,negative,negative,negative,negative,negative
348,negative,negative,negative,negative,negative,negative,negative,negative,negative,negative,negative,negative,negative,negative,negative,negative,negative,negative,negative,negative,negative
349,neutral,neutral,neutral,negative,negative,negative,neutral,negative,negative,neutral,neutral,negative,neutral,neutral,neutral,negative,negative,neutral,neutral,neutral,positive
350,negative,negative,negative,negative,negative,negative,negative,negative,negative,negative,negative,negative,negative,negative,negative,negative,negative,negative,negative,negative,negative
351,neutral,neutral,neutral,neutral,neutral,neutral,neutral,neutral,neutral,neutral,neutral,neutral,neutral,neutral,neutral,neutral,neutral,neutral,neutral,neutral,neutral
352,negative,negative,negative,negative,negative,negative,negative,negative,negative,negative,negative,negative,negative,negative,negative,negative,negative,negative,negative,negative,neutral
353,neutral,negative,neutral,neutral,neutral,negative,neutral,negative,negative,negative,negative,negative,neutral,neutral,neutral,negative,neutral,negative,neutral,neutral,neutral
354,negative,negative,negative,negative,negative,negative,negative,negative,negative,negative,negative,negative,negative,negative,negative,negative,negative,negative,negative,negative,negative
355,positive,positive,positive,positive,positive,positive,positive,positive,positive,positive,positive,positive,positive,positive,positive,positive,positive,positive,positive,positive,positive
356,positive,positive,positive,positive,positive,positive,positive,positive,positive,positive,positive,positive,positive,positive,positive,positive,positive,positive,positive,positive,positive
357,negative,negative,negative,negative,negative,negative,negative,negative,negative,negative,negative,negative,negative,negative,negative,negative,negative,negative,negative,negative,negative
358,neutral,neutral,neutral,neutral,neutral,neutral,neutral,negative,neutral,neutral,neutral,negative,neutral,neutral,neutral,negative,neutral,neutral,neutral,neutral,neutral
359,negative,neutral,negative,negative,negative,neutral,negative,negative,negative,neutral,negative,negative,negative,neutral,negative,negative,negative,neutral,negative,neutral,negative
360,positive,negative,positive,neutral,neutral,positive,positive,negative,positive,negative,positive,positive,positive,negative,negative,neutral,neutral,negative,positive,negative,positive
361,positive,positive,positive,neutral,neutral,positive,positive,positive,positive,positive,positive,positive,positive,positive,positive,positive,positive,positive,positive,positive,positive
362,positive,positive,positive,positive,positive,positive,positive,positive,positive,positive,positive,positive,positive,positive,positive,positive,positive,positive,positive,positive,positive
363,negative,negative,negative,negative,neutral,negative,negative,negative,negative,negative,negative,negative,negative,negative,negative,negative,neutral,negative,negative,negative,negative
364,positive,positive,positive,positive,positive,positive,positive,negative,negative,positive,positive,positive,positive,positive,positive,positive,positive,positive,positive,positive,positive
365,negative,negative,negative,negative,negative,negative,negative,negative,negative,negative,negative,negative,negative,negative,negative,negative,negative,negative,negative,negative,negative
366,neutral,neutral,neutral,neutral,neutral,neutral,neutral,neutral,neutral,neutral,neutral,neutral,neutral,neutral,neutral,neutral,neutral,neutral,neutral,neutral,neutral
367,negative,negative,negative,negative,negative,negative,negative,negative,negative,negative,negative,negative,negative,negative,negative,negative,negative,negative,negative,negative,negative
368,neutral,neutral,neutral,neutral,neutral,neutral,neutral,neutral,neutral,neutral,neutral,neutral,neutral,neutral,neutral,neutral,neutral,neutral,neutral,neutral,neutral
369,negative,neutral,negative,neutral,negative,neutral,negative,negative,negative,neutral,negative,neutral,negative,neutral,negative,neutral,negative,neutral,negative,neutral,negative
370,neutral,neutral,neutral,neutral,neutral,neutral,neutral,negative,negative,neutral,neutral,neutral,neutral,neutral,neutral,neutral,neutral,neutral,neutral,neutral,neutral
371,negative,negative,negative,neutral,negative,negative,negative,negative,negative,negative,negative,negative,negative,negative,negative,negative,negative,negative,negative,neutral,negative
372,positive,positive,positive,positive,positive,positive,positive,positive,positive,positive,positive,positive,positive,positive,positive,positive,positive,positive,positive,positive,positive
373,neutral,neutral,neutral,neutral,neutral,neutral,neutral,negative,neutral,neutral,neutral,neutral,neutral,neutral,neutral,neutral,neutral,neutral,neutral,neutral,neutral
374,neutral,neutral,neutral,neutral,neutral,neutral,neutral,neutral,neutral,neutral,neutral,neutral,neutral,neutral,neutral,neutral,neutral,neutral,neutral,neutral,neutral
375,negative,positive,negative,positive,negative,negative,negative,negative,negative,negative,negative,negative,negative,positive,negative,negative,negative,negative,negative,positive,negative
376,neutral,neutral,neutral,neutral,neutral,neutral,neutral,negative,neutral,neutral,neutral,neutral,neutral,neutral,neutral,positive,neutral,neutral,neutral,neutral,neutral
377,negative,negative,negative,negative,negative,negative,negative,negative,negative,negative,negative,negative,negative,negative,negative,negative,negative,negative,negative,negative,negative
378,negative,negative,negative,negative,negative,negative,negative,negative,negative,negative,negative,negative,negative,negative,negative,negative,negative,negative,negative,negative,negative
379,neutral,negative,neutral,negative,negative,neutral,neutral,negative,negative,neutral,neutral,neutral,neutral,neutral,neutral,negative,neutral,negative,neutral,neutral,neutral
380,positive,positive,positive,positive,positive,positive,positive,positive,positive,positive,positive,positive,positive,positive,positive,positive,positive,positive,positive,positive,positive
381,negative,positive,negative,neutral,negative,positive,negative,negative,negative,negative,negative,positive,negative,positive,negative,negative,negative,negative,negative,positive,neutral
382,neutral,neutral,neutral,neutral,neutral,negative,negative,negative,negative,neutral,neutral,neutral,neutral,neutral,neutral,negative,neutral,neutral,neutral,negative,negative
383,neutral,neutral,neutral,neutral,neutral,neutral,neutral,neutral,neutral,neutral,neutral,neutral,neutral,neutral,neutral,neutral,neutral,neutral,neutral,neutral,neutral
384,negative,neutral,neutral,neutral,neutral,neutral,negative,negative,negative,neutral,neutral,neutral,neutral,neutral,neutral,negative,negative,neutral,neutral,neutral,negative
385,negative,negative,neutral,negative,neutral,negative,neutral,negative,negative,negative,neutral,negative,negative,negative,negative,negative,negative,negative,neutral,negative,negative
386,neutral,negative,negative,negative,neutral,negative,neutral,negative,negative,negative,negative,negative,neutral,negative,neutral,negative,neutral,negative,neutral,neutral,neutral
387,negative,negative,negative,negative,neutral,negative,negative,negative,negative,negative,negative,negative,neutral,negative,negative,negative,negative,negative,neutral,negative,negative
388,negative,negative,negative,negative,negative,negative,negative,negative,negative,negative,negative,negative,negative,negative,negative,negative,negative,negative,negative,negative,negative
389,negative,negative,negative,neutral,neutral,negative,negative,negative,negative,negative,negative,negative,negative,negative,negative,negative,negative,negative,negative,neutral,negative
390,negative,neutral,negative,negative,negative,negative,negative,negative,negative,negative,negative,negative,negative,negative,negative,negative,negative,negative,negative,neutral,neutral
391,neutral,neutral,neutral,neutral,neutral,neutral,neutral,negative,neutral,neutral,neutral,neutral,neutral,neutral,neutral,neutral,neutral,neutral,neutral,neutral,neutral
392,negative,negative,negative,negative,negative,negative,negative,negative,negative,negative,negative,negative,negative,negative,negative,negative,negative,negative,negative,negative,negative
393,neutral,neutral,neutral,neutral,neutral,neutral,neutral,negative,neutral,neutral,neutral,neutral,neutral,neutral,neutral,neutral,neutral,neutral,neutral,neutral,neutral
394,neutral,neutral,neutral,neutral,neutral,neutral,neutral,negative,neutral,neutral,neutral,negative,neutral,neutral,neutral,neutral,neutral,neutral,neutral,neutral,negative
395,negative,negative,neutral,negative,neutral,negative,neutral,negative,negative,negative,neutral,negative,negative,negative,negative,negative,negative,negative,neutral,negative,negative
396,positive,positive,positive,positive,positive,positive,positive,positive,positive,positive,positive,positive,positive,positive,positive,positive,positive,positive,positive,positive,positive
397,neutral,neutral,neutral,neutral,neutral,neutral,neutral,neutral,neutral,neutral,neutral,neutral,neutral,neutral,neutral,neutral,neutral,neutral,neutral,neutral,neutral
398,neutral,neutral,neutral,neutral,neutral,neutral,neutral,negative,neutral,neutral,neutral,positive,neutral,neutral,neutral,positive,neutral,neutral,neutral,neutral,neutral
399,neutral,negative,neutral,negative,neutral,negative,neutral,negative,negative,negative,neutral,negative,positive,negative,neutral,negative,positive,negative,neutral,positive,positive
400,neutral,neutral,neutral,neutral,neutral,neutral,neutral,neutral,neutral,neutral,neutral,neutral,neutral,neutral,neutral,neutral,neutral,neutral,neutral,neutral,neutral
401,negative,negative,negative,negative,negative,negative,negative,negative,negative,negative,negative,negative,negative,negative,negative,negative,negative,negative,negative,negative,negative
402,negative,negative,negative,negative,negative,negative,negative,negative,negative,negative,negative,negative,negative,negative,negative,negative,negative,negative,negative,neutral,neutral
403,neutral,neutral,neutral,neutral,neutral,neutral,neutral,neutral,neutral,neutral,neutral,neutral,neutral,neutral,neutral,neutral,neutral,neutral,neutral,neutral,neutral
404,neutral,negative,neutral,negative,neutral,negative,neutral,negative,negative,negative,neutral,negative,neutral,negative,neutral,negative,neutral,neutral,neutral,negative,neutral
405,negative,negative,negative,positive,neutral,negative,positive,negative,negative,negative,negative,positive,positive,negative,negative,negative,negative,negative,negative,positive,positive
406,positive,positive,positive,positive,positive,positive,positive,positive,positive,positive,positive,positive,positive,positive,positive,positive,positive,positive,positive,positive,positive
407,negative,negative,negative,negative,negative,negative,negative,negative,negative,negative,negative,negative,negative,negative,negative,negative,negative,negative,negative,negative,negative
408,negative,neutral,neutral,neutral,neutral,negative,negative,negative,negative,negative,negative,negative,negative,negative,neutral,negative,neutral,negative,negative,negative,negative
409,neutral,neutral,neutral,neutral,neutral,neutral,neutral,negative,neutral,neutral,neutral,neutral,neutral,neutral,neutral,neutral,neutral,neutral,neutral,neutral,neutral
410,negative,negative,negative,negative,negative,negative,negative,negative,negative,negative,negative,negative,negative,negative,negative,negative,negative,negative,negative,negative,negative
411,neutral,neutral,neutral,neutral,neutral,positive,neutral,neutral,neutral,positive,neutral,positive,positive,positive,neutral,neutral,neutral,positive,neutral,neutral,neutral
412,negative,negative,negative,neutral,neutral,negative,negative,negative,negative,negative,negative,negative,negative,negative,negative,negative,negative,negative,negative,negative,negative
413,negative,negative,negative,neutral,negative,negative,negative,negative,negative,negative,negative,negative,negative,negative,negative,negative,negative,negative,negative,neutral,neutral
414,negative,neutral,negative,neutral,negative,neutral,negative,negative,negative,neutral,negative,neutral,negative,neutral,negative,neutral,negative,neutral,negative,neutral,negative
415,negative,negative,negative,negative,negative,negative,negative,negative,negative,negative,negative,negative,negative,negative,negative,negative,negative,negative,negative,negative,positive
416,negative,neutral,negative,neutral,negative,neutral,negative,negative,negative,neutral,negative,positive,negative,neutral,negative,negative,negative,neutral,negative,positive,positive
417,negative,negative,negative,negative,negative,negative,negative,negative,negative,negative,negative,negative,negative,negative,negative,negative,negative,negative,negative,negative,negative
418,neutral,neutral,neutral,neutral,neutral,neutral,neutral,neutral,neutral,neutral,neutral,positive,neutral,neutral,neutral,positive,neutral,neutral,neutral,neutral,neutral
419,negative,neutral,negative,neutral,negative,neutral,negative,negative,negative,neutral,neutral,neutral,neutral,neutral,negative,positive,negative,neutral,negative,neutral,neutral
420,negative,negative,negative,negative,negative,negative,negative,negative,negative,negative,negative,negative,negative,negative,negative,negative,negative,negative,negative,negative,negative
421,negative,negative,negative,neutral,neutral,negative,negative,negative,negative,negative,negative,negative,negative,negative,negative,negative,negative,negative,negative,neutral,negative
422,negative,negative,neutral,negative,neutral,negative,neutral,negative,negative,negative,neutral,negative,negative,negative,neutral,negative,negative,neutral,neutral,negative,negative
423,positive,positive,positive,positive,positive,positive,positive,positive,positive,positive,positive,positive,positive,positive,positive,positive,positive,positive,positive,positive,positive
424,negative,negative,negative,negative,negative,negative,negative,negative,negative,negative,negative,negative,negative,negative,negative,negative,negative,negative,negative,negative,negative
425,negative,negative,negative,negative,negative,negative,negative,negative,negative,negative,negative,negative,negative,negative,negative,negative,negative,negative,negative,negative,negative
426,positive,positive,positive,positive,positive,positive,positive,positive,positive,positive,positive,positive,positive,positive,positive,positive,positive,positive,positive,positive,positive
427,negative,negative,negative,negative,negative,negative,negative,negative,negative,negative,negative,negative,negative,negative,negative,negative,negative,negative,negative,negative,negative
428,negative,negative,negative,negative,negative,negative,negative,negative,negative,negative,negative,negative,negative,negative,negative,negative,negative,negative,negative,negative,negative
429,positive,positive,positive,positive,negative,positive,positive,negative,negative,positive,positive,positive,positive,positive,positive,positive,positive,positive,positive,positive,positive
430,neutral,neutral,neutral,positive,neutral,positive,positive,positive,neutral,neutral,neutral,positive,positive,positive,positive,positive,neutral,positive,positive,positive,positive
431,neutral,neutral,neutral,negative,neutral,neutral,neutral,negative,negative,neutral,neutral,neutral,neutral,neutral,neutral,neutral,neutral,neutral,neutral,neutral,neutral
432,negative,negative,negative,negative,negative,negative,negative,negative,negative,negative,negative,negative,negative,negative,negative,negative,negative,negative,negative,negative,negative
433,neutral,neutral,neutral,neutral,neutral,neutral,neutral,negative,neutral,neutral,neutral,neutral,neutral,neutral,neutral,neutral,neutral,neutral,neutral,neutral,neutral
434,neutral,neutral,neutral,neutral,neutral,neutral,neutral,negative,negative,neutral,neutral,negative,negative,neutral,neutral,neutral,neutral,neutral,neutral,neutral,neutral
435,negative,negative,negative,negative,negative,negative,negative,negative,negative,negative,negative,negative,negative,negative,negative,negative,negative,negative,negative,negative,negative
436,neutral,neutral,neutral,neutral,neutral,neutral,neutral,neutral,neutral,neutral,neutral,neutral,neutral,neutral,neutral,neutral,neutral,neutral,neutral,neutral,neutral
437,neutral,neutral,neutral,neutral,neutral,neutral,neutral,negative,neutral,neutral,neutral,negative,neutral,neutral,neutral,neutral,neutral,negative,neutral,neutral,neutral
438,neutral,neutral,neutral,neutral,neutral,neutral,neutral,negative,neutral,neutral,neutral,neutral,neutral,neutral,neutral,neutral,neutral,neutral,neutral,neutral,neutral
439,negative,negative,negative,negative,negative,negative,negative,negative,negative,negative,negative,negative,negative,negative,negative,negative,negative,negative,negative,negative,negative
440,negative,negative,negative,negative,negative,negative,negative,negative,negative,negative,negative,negative,negative,negative,negative,negative,negative,negative,negative,negative,negative
441,negative,negative,negative,negative,neutral,negative,negative,negative,negative,negative,negative,negative,negative,negative,negative,negative,negative,negative,negative,positive,negative
442,negative,negative,negative,neutral,negative,negative,negative,neutral,negative,negative,negative,negative,negative,negative,negative,neutral,neutral,negative,negative,neutral,negative
443,negative,negative,negative,negative,neutral,negative,negative,negative,negative,negative,negative,negative,negative,negative,negative,negative,neutral,negative,negative,negative,negative
444,negative,negative,negative,negative,negative,negative,negative,negative,negative,negative,negative,negative,negative,negative,negative,negative,negative,negative,negative,negative,negative
445,neutral,negative,negative,neutral,neutral,negative,negative,negative,negative,negative,negative,positive,neutral,negative,negative,positive,neutral,negative,negative,negative,negative
446,positive,positive,positive,positive,positive,positive,positive,negative,negative,positive,positive,positive,positive,positive,positive,negative,positive,positive,positive,positive,positive
447,neutral,negative,negative,neutral,neutral,negative,negative,negative,negative,negative,negative,neutral,neutral,negative,negative,neutral,neutral,negative,negative,neutral,neutral
448,neutral,neutral,neutral,positive,neutral,neutral,neutral,negative,neutral,neutral,neutral,neutral,neutral,neutral,neutral,neutral,neutral,neutral,neutral,neutral,neutral
449,negative,negative,negative,negative,negative,negative,negative,negative,negative,negative,negative,negative,negative,negative,negative,negative,negative,negative,negative,negative,negative
450,negative,negative,negative,negative,negative,negative,negative,negative,negative,negative,negative,negative,negative,negative,negative,negative,negative,negative,negative,negative,negative
451,neutral,neutral,neutral,neutral,neutral,neutral,neutral,neutral,neutral,neutral,neutral,neutral,neutral,neutral,neutral,neutral,neutral,neutral,neutral,neutral,neutral
452,negative,negative,negative,negative,negative,neutral,negative,negative,negative,negative,negative,negative,negative,neutral,negative,negative,neutral,negative,negative,neutral,negative
453,negative,negative,negative,negative,neutral,negative,negative,negative,negative,negative,negative,negative,negative,negative,negative,negative,neutral,negative,negative,negative,negative
454,neutral,neutral,neutral,positive,neutral,neutral,neutral,positive,neutral,neutral,neutral,neutral,neutral,neutral,neutral,positive,neutral,neutral,neutral,positive,neutral
455,neutral,neutral,neutral,neutral,neutral,neutral,neutral,neutral,neutral,neutral,neutral,neutral,neutral,neutral,neutral,neutral,neutral,neutral,neutral,neutral,neutral
456,neutral,neutral,neutral,neutral,neutral,neutral,neutral,negative,neutral,neutral,neutral,neutral,neutral,neutral,neutral,negative,positive,neutral,neutral,neutral,neutral
457,neutral,neutral,neutral,neutral,neutral,neutral,neutral,neutral,neutral,neutral,neutral,neutral,neutral,neutral,neutral,neutral,neutral,neutral,neutral,neutral,neutral
458,neutral,neutral,neutral,neutral,neutral,neutral,neutral,neutral,neutral,neutral,neutral,neutral,neutral,neutral,neutral,neutral,neutral,neutral,neutral,neutral,neutral
459,positive,positive,positive,positive,positive,positive,positive,positive,positive,positive,positive,positive,positive,positive,positive,positive,positive,positive,positive,positive,positive
460,negative,negative,negative,negative,negative,negative,negative,negative,negative,negative,negative,negative,negative,negative,negative,negative,negative,negative,negative,negative,negative
461,negative,negative,negative,negative,negative,negative,negative,negative,negative,negative,negative,negative,negative,negative,negative,neutral,neutral,negative,negative,negative,negative
462,negative,negative,negative,negative,negative,negative,negative,negative,negative,negative,negative,negative,negative,negative,negative,negative,negative,negative,negative,negative,negative
463,neutral,negative,neutral,negative,neutral,negative,neutral,negative,negative,negative,neutral,negative,neutral,negative,neutral,negative,neutral,negative,neutral,negative,neutral
464,negative,neutral,negative,neutral,negative,neutral,negative,negative,negative,neutral,negative,positive,negative,neutral,negative,negative,negative,neutral,negative,neutral,neutral
465,negative,negative,negative,negative,negative,negative,negative,negative,negative,negative,negative,negative,negative,negative,negative,negative,negative,negative,negative,neutral,negative
466,negative,negative,negative,negative,negative,negative,negative,negative,negative,negative,negative,positive,positive,negative,negative,negative,negative,negative,negative,negative,negative
467,negative,negative,negative,negative,negative,negative,negative,negative,negative,negative,negative,negative,negative,negative,negative,negative,negative,negative,negative,negative,negative
468,negative,neutral,neutral,neutral,neutral,neutral,neutral,negative,negative,neutral,neutral,neutral,negative,neutral,neutral,neutral,neutral,neutral,neutral,negative,negative
469,negative,neutral,neutral,neutral,negative,negative,negative,negative,negative,neutral,negative,negative,negative,negative,negative,negative,neutral,neutral,negative,neutral,negative
470,negative,negative,negative,negative,negative,negative,negative,negative,negative,negative,negative,negative,negative,negative,negative,negative,negative,negative,negative,negative,negative
471,neutral,negative,neutral,negative,neutral,negative,negative,negative,negative,negative,neutral,negative,neutral,negative,negative,negative,negative,negative,neutral,neutral,neutral
472,neutral,negative,neutral,negative,neutral,negative,neutral,negative,neutral,negative,neutral,negative,neutral,negative,neutral,negative,neutral,negative,negative,negative,negative
473,positive,positive,positive,positive,positive,positive,positive,positive,positive,positive,positive,positive,positive,positive,positive,positive,positive,positive,positive,positive,positive
474,negative,negative,negative,negative,negative,negative,negative,negative,negative,negative,negative,negative,negative,negative,negative,negative,negative,negative,negative,negative,negative
475,neutral,neutral,neutral,positive,neutral,neutral,neutral,negative,negative,neutral,neutral,positive,neutral,neutral,neutral,neutral,neutral,neutral,neutral,neutral,neutral
476,neutral,negative,neutral,negative,neutral,negative,neutral,negative,negative,negative,negative,neutral,neutral,negative,negative,neutral,neutral,negative,negative,negative,neutral
477,negative,negative,negative,negative,negative,negative,negative,negative,negative,negative,negative,negative,negative,negative,negative,negative,negative,negative,neutral,negative,negative
478,neutral,neutral,neutral,neutral,neutral,neutral,neutral,negative,negative,neutral,neutral,neutral,neutral,neutral,neutral,neutral,neutral,neutral,neutral,neutral,neutral
479,positive,positive,positive,positive,positive,positive,positive,positive,neutral,positive,positive,positive,positive,positive,positive,positive,positive,positive,positive,positive,neutral
480,negative,neutral,negative,neutral,neutral,negative,negative,negative,negative,neutral,negative,negative,negative,neutral,neutral,negative,neutral,neutral,negative,neutral,negative
481,positive,neutral,positive,neutral,neutral,positive,positive,neutral,positive,positive,positive,positive,positive,positive,positive,positive,positive,positive,positive,positive,positive
482,negative,negative,negative,negative,negative,negative,negative,negative,negative,negative,negative,negative,negative,negative,negative,negative,negative,negative,negative,neutral,neutral
483,neutral,neutral,neutral,neutral,neutral,neutral,neutral,negative,negative,neutral,neutral,positive,positive,neutral,neutral,neutral,neutral,neutral,neutral,negative,neutral
484,neutral,neutral,neutral,neutral,neutral,neutral,neutral,negative,neutral,neutral,neutral,negative,neutral,neutral,neutral,neutral,neutral,neutral,neutral,neutral,neutral
485,neutral,neutral,neutral,neutral,neutral,neutral,neutral,neutral,neutral,neutral,neutral,neutral,neutral,neutral,neutral,neutral,neutral,neutral,neutral,neutral,neutral
486,negative,negative,negative,negative,negative,negative,negative,negative,negative,negative,negative,negative,negative,negative,negative,negative,negative,negative,negative,negative,negative
487,negative,negative,negative,negative,negative,negative,negative,negative,negative,negative,negative,negative,negative,negative,negative,negative,negative,negative,negative,negative,negative
488,negative,negative,negative,negative,neutral,neutral,negative,negative,negative,negative,negative,negative,negative,neutral,neutral,negative,negative,negative,negative,neutral,neutral
489,neutral,negative,neutral,negative,neutral,negative,neutral,negative,neutral,negative,neutral,negative,neutral,negative,neutral,negative,neutral,neutral,neutral,neutral,neutral
490,negative,negative,negative,negative,negative,negative,negative,negative,negative,negative,negative,negative,negative,negative,negative,negative,negative,neutral,neutral,positive,positive
491,negative,negative,negative,negative,negative,negative,negative,negative,negative,negative,negative,negative,negative,negative,negative,negative,negative,negative,negative,negative,negative
492,neutral,negative,neutral,negative,neutral,negative,neutral,negative,negative,negative,neutral,negative,neutral,negative,neutral,negative,neutral,negative,neutral,negative,negative
493,negative,negative,negative,negative,negative,negative,negative,negative,negative,negative,negative,negative,negative,neutral,neutral,neutral,neutral,neutral,neutral,neutral,negative
494,neutral,negative,neutral,neutral,neutral,negative,neutral,negative,neutral,negative,neutral,positive,neutral,negative,positive,neutral,neutral,neutral,neutral,neutral,neutral
495,negative,negative,negative,negative,negative,negative,negative,negative,negative,negative,negative,negative,negative,negative,negative,neutral,negative,negative,negative,negative,negative
496,negative,neutral,negative,neutral,negative,neutral,negative,negative,negative,negative,negative,neutral,negative,negative,negative,neutral,negative,neutral,negative,neutral,neutral
497,negative,negative,negative,negative,negative,negative,negative,negative,negative,negative,negative,negative,negative,negative,negative,negative,negative,negative,negative,negative,negative
498,positive,positive,positive,positive,positive,positive,positive,positive,positive,positive,positive,positive,positive,positive,positive,positive,positive,positive,positive,positive,positive
499,negative,negative,negative,negative,negative,negative,negative,negative,negative,negative,negative,positive,negative,negative,negative,negative,negative,negative,negative,positive,negative
500,negative,neutral,neutral,neutral,neutral,neutral,negative,negative,negative,neutral,neutral,neutral,neutral,neutral,negative,neutral,negative,neutral,neutral,neutral,neutral
501,negative,negative,negative,neutral,negative,negative,negative,negative,negative,negative,negative,negative,negative,negative,negative,negative,negative,negative,negative,negative,negative
502,negative,positive,negative,positive,negative,positive,negative,negative,negative,neutral,negative,positive,negative,positive,negative,positive,negative,negative,negative,positive,negative
503,negative,negative,negative,negative,negative,negative,negative,negative,negative,negative,negative,negative,negative,negative,negative,negative,negative,negative,negative,negative,negative
504,neutral,negative,neutral,negative,neutral,negative,neutral,negative,neutral,negative,neutral,negative,neutral,negative,neutral,neutral,neutral,negative,neutral,neutral,neutral
505,negative,negative,negative,negative,negative,negative,negative,negative,negative,negative,negative,negative,negative,negative,negative,negative,negative,negative,negative,negative,negative
506,neutral,negative,neutral,negative,neutral,negative,negative,negative,neutral,negative,neutral,negative,neutral,negative,negative,negative,negative,negative,neutral,negative,neutral
507,neutral,neutral,neutral,neutral,neutral,neutral,neutral,neutral,neutral,neutral,neutral,neutral,neutral,neutral,neutral,neutral,neutral,neutral,neutral,neutral,neutral
508,negative,negative,neutral,negative,neutral,negative,neutral,negative,negative,neutral,neutral,negative,neutral,negative,neutral,negative,negative,neutral,neutral,negative,negative
509,negative,negative,negative,negative,negative,negative,negative,negative,negative,negative,negative,negative,negative,negative,negative,negative,negative,negative,negative,negative,negative
510,negative,negative,neutral,negative,neutral,negative,negative,negative,negative,negative,neutral,negative,negative,negative,neutral,negative,negative,negative,neutral,neutral,neutral
511,negative,negative,negative,negative,negative,negative,negative,negative,negative,negative,negative,negative,negative,negative,negative,negative,negative,negative,negative,negative,neutral
512,negative,negative,negative,negative,negative,negative,negative,negative,negative,negative,negative,negative,negative,negative,negative,negative,negative,negative,negative,negative,negative
513,negative,negative,negative,negative,negative,negative,negative,negative,negative,negative,negative,negative,negative,negative,negative,negative,neutral,negative,negative,negative,negative
514,negative,negative,negative,negative,negative,negative,negative,negative,negative,negative,negative,neutral,negative,negative,negative,negative,negative,negative,negative,neutral,negative
515,negative,negative,negative,negative,negative,negative,negative,negative,negative,negative,negative,negative,negative,negative,negative,negative,negative,negative,negative,negative,negative
516,negative,negative,negative,negative,negative,negative,negative,negative,negative,negative,negative,negative,negative,negative,negative,negative,negative,negative,negative,neutral,negative
517,negative,negative,negative,negative,negative,negative,negative,negative,negative,negative,negative,negative,negative,negative,negative,negative,negative,negative,negative,negative,negative
518,negative,negative,negative,negative,negative,negative,negative,negative,negative,negative,negative,negative,negative,negative,negative,negative,negative,negative,negative,negative,negative
519,negative,negative,negative,negative,negative,negative,negative,negative,negative,negative,negative,negative,negative,negative,negative,negative,negative,negative,negative,negative,negative
520,neutral,neutral,neutral,neutral,neutral,neutral,neutral,negative,negative,neutral,neutral,neutral,neutral,neutral,neutral,negative,negative,neutral,neutral,neutral,neutral
521,negative,negative,negative,negative,negative,negative,negative,negative,negative,negative,negative,negative,negative,negative,negative,negative,negative,negative,negative,negative,negative
522,neutral,neutral,neutral,neutral,neutral,neutral,neutral,neutral,neutral,neutral,neutral,neutral,neutral,neutral,neutral,positive,neutral,neutral,neutral,neutral,neutral
523,negative,negative,negative,positive,neutral,positive,negative,positive,negative,neutral,negative,positive,neutral,negative,negative,positive,negative,negative,negative,positive,neutral
524,positive,negative,positive,negative,positive,negative,positive,negative,negative,negative,positive,negative,positive,negative,positive,negative,positive,negative,positive,negative,positive
525,neutral,neutral,neutral,neutral,neutral,neutral,neutral,negative,neutral,neutral,neutral,neutral,neutral,neutral,neutral,neutral,neutral,neutral,neutral,neutral,neutral
526,neutral,neutral,neutral,neutral,neutral,neutral,neutral,neutral,neutral,neutral,neutral,neutral,neutral,neutral,neutral,neutral,neutral,neutral,neutral,neutral,neutral
527,neutral,negative,neutral,negative,neutral,negative,neutral,negative,negative,negative,neutral,negative,neutral,negative,neutral,negative,neutral,negative,neutral,negative,neutral
528,negative,negative,negative,negative,negative,negative,negative,negative,negative,negative,negative,negative,negative,negative,negative,negative,negative,negative,negative,negative,negative
529,negative,negative,negative,negative,negative,negative,negative,negative,negative,negative,negative,negative,negative,negative,negative,negative,negative,negative,negative,positive,negative
530,negative,negative,negative,negative,negative,negative,negative,negative,negative,negative,negative,negative,negative,negative,negative,negative,negative,negative,negative,negative,negative
531,negative,negative,negative,negative,negative,negative,negative,negative,negative,negative,negative,negative,negative,negative,negative,neutral,negative,negative,negative,neutral,negative
532,neutral,neutral,neutral,negative,neutral,neutral,neutral,neutral,neutral,neutral,neutral,neutral,neutral,neutral,neutral,neutral,neutral,neutral,neutral,neutral,negative
533,negative,negative,negative,negative,negative,negative,negative,negative,negative,negative,neutral,negative,negative,negative,negative,negative,negative,negative,negative,negative,negative
534,negative,negative,negative,negative,negative,negative,negative,negative,negative,negative,negative,negative,negative,negative,negative,negative,negative,negative,negative,negative,negative
535,negative,negative,negative,negative,negative,negative,negative,negative,negative,negative,negative,negative,negative,negative,negative,negative,negative,negative,negative,negative,negative
536,positive,positive,positive,positive,positive,positive,positive,positive,positive,positive,positive,positive,positive,positive,positive,positive,positive,positive,positive,positive,positive
537,neutral,neutral,neutral,negative,negative,neutral,neutral,negative,negative,neutral,neutral,negative,negative,neutral,neutral,negative,neutral,neutral,neutral,negative,neutral
538,negative,negative,negative,negative,negative,negative,negative,negative,negative,negative,negative,negative,negative,negative,negative,negative,negative,negative,negative,negative,negative
539,positive,neutral,positive,neutral,positive,positive,positive,positive,positive,positive,positive,positive,positive,positive,positive,positive,positive,positive,positive,positive,positive
540,neutral,neutral,neutral,neutral,neutral,neutral,neutral,neutral,neutral,neutral,neutral,neutral,neutral,neutral,neutral,neutral,neutral,neutral,neutral,neutral,neutral
541,negative,negative,negative,negative,negative,negative,negative,negative,negative,negative,negative,negative,negative,negative,negative,negative,negative,negative,negative,negative,negative
542,negative,negative,negative,negative,negative,negative,negative,negative,negative,negative,negative,negative,negative,negative,negative,negative,negative,negative,negative,negative,negative
543,negative,negative,negative,negative,negative,negative,negative,negative,negative,negative,negative,negative,negative,negative,negative,negative,negative,negative,negative,negative,negative
544,neutral,neutral,neutral,neutral,neutral,neutral,neutral,neutral,neutral,neutral,neutral,neutral,neutral,neutral,neutral,neutral,neutral,neutral,neutral,neutral,neutral
545,positive,positive,positive,negative,positive,positive,positive,negative,negative,positive,positive,positive,positive,positive,positive,negative,positive,positive,positive,negative,positive
546,neutral,neutral,neutral,neutral,neutral,neutral,neutral,negative,negative,neutral,neutral,negative,negative,neutral,neutral,neutral,neutral,neutral,neutral,neutral,neutral
547,positive,positive,positive,neutral,positive,positive,positive,negative,positive,positive,positive,negative,positive,positive,positive,negative,positive,positive,positive,negative,positive
548,positive,positive,positive,positive,positive,positive,positive,neutral,positive,positive,positive,positive,positive,positive,positive,positive,positive,positive,positive,positive,positive
549,neutral,neutral,neutral,neutral,neutral,neutral,neutral,negative,neutral,neutral,neutral,neutral,neutral,neutral,neutral,negative,neutral,neutral,neutral,neutral,neutral
550,positive,positive,positive,neutral,positive,positive,positive,negative,positive,positive,positive,positive,positive,positive,positive,positive,positive,positive,positive,positive,positive
551,negative,negative,negative,negative,negative,negative,negative,negative,negative,negative,negative,negative,negative,negative,negative,negative,negative,negative,negative,negative,negative
552,negative,negative,negative,negative,negative,negative,negative,negative,negative,negative,negative,negative,negative,negative,negative,negative,negative,negative,negative,negative,negative
553,negative,negative,negative,negative,negative,negative,negative,negative,negative,negative,negative,negative,negative,negative,negative,negative,negative,negative,negative,negative,neutral
554,neutral,neutral,neutral,neutral,neutral,neutral,neutral,neutral,neutral,neutral,neutral,neutral,neutral,neutral,neutral,neutral,neutral,neutral,neutral,neutral,neutral
555,negative,neutral,neutral,negative,negative,negative,negative,negative,negative,negative,negative,negative,negative,negative,negative,neutral,neutral,neutral,negative,neutral,negative
556,negative,negative,negative,negative,negative,negative,negative,negative,negative,negative,negative,negative,negative,negative,negative,negative,negative,negative,negative,negative,negative
557,neutral,neutral,neutral,neutral,neutral,neutral,neutral,negative,neutral,neutral,neutral,neutral,neutral,neutral,neutral,neutral,neutral,neutral,neutral,neutral,neutral
558,positive,positive,positive,positive,positive,positive,positive,positive,positive,positive,positive,positive,positive,positive,positive,positive,positive,positive,positive,positive,positive
559,negative,negative,negative,negative,neutral,negative,negative,negative,negative,negative,negative,negative,negative,negative,negative,negative,negative,negative,negative,negative,negative
560,neutral,negative,negative,negative,neutral,neutral,neutral,negative,negative,negative,neutral,negative,neutral,neutral,neutral,neutral,neutral,neutral,neutral,negative,negative
561,negative,negative,negative,negative,negative,negative,negative,negative,negative,negative,negative,negative,positive,negative,negative,negative,positive,negative,negative,negative,negative
562,neutral,negative,neutral,negative,neutral,negative,neutral,negative,negative,negative,neutral,negative,neutral,neutral,neutral,negative,neutral,neutral,neutral,neutral,neutral
563,positive,positive,positive,negative,positive,positive,positive,negative,negative,positive,positive,negative,positive,positive,positive,negative,positive,positive,positive,negative,negative
564,negative,negative,negative,negative,negative,negative,negative,negative,negative,negative,negative,negative,negative,negative,negative,negative,negative,negative,negative,neutral,negative
565,negative,negative,negative,negative,negative,negative,negative,negative,negative,negative,negative,negative,negative,negative,negative,negative,negative,negative,negative,negative,negative
566,positive,negative,negative,negative,positive,neutral,negative,positive,negative,positive,positive,positive,positive,neutral,negative,positive,positive,positive,positive,positive,positive
567,negative,negative,negative,negative,negative,negative,negative,negative,negative,negative,negative,negative,negative,negative,negative,negative,negative,negative,negative,negative,negative
568,negative,negative,negative,negative,negative,negative,negative,negative,negative,negative,negative,negative,negative,negative,negative,negative,neutral,negative,negative,negative,neutral
569,neutral,neutral,neutral,neutral,neutral,neutral,neutral,negative,neutral,neutral,neutral,neutral,neutral,neutral,neutral,neutral,neutral,neutral,neutral,neutral,neutral
570,negative,negative,negative,neutral,neutral,negative,negative,negative,negative,negative,negative,negative,negative,negative,negative,negative,negative,negative,negative,negative,negative
571,neutral,neutral,neutral,neutral,neutral,neutral,neutral,neutral,neutral,neutral,neutral,neutral,neutral,neutral,neutral,neutral,neutral,neutral,neutral,neutral,neutral
572,negative,negative,negative,negative,negative,negative,negative,negative,negative,negative,negative,negative,negative,negative,negative,negative,negative,negative,negative,neutral,negative
573,negative,positive,negative,positive,negative,positive,negative,positive,negative,positive,negative,positive,negative,positive,negative,positive,negative,positive,negative,positive,positive
574,negative,negative,negative,negative,negative,negative,negative,negative,negative,negative,negative,negative,negative,negative,negative,negative,negative,negative,negative,negative,negative
575,neutral,neutral,neutral,neutral,neutral,neutral,neutral,neutral,neutral,neutral,neutral,neutral,neutral,neutral,neutral,neutral,neutral,neutral,neutral,neutral,neutral
576,negative,negative,negative,negative,negative,negative,negative,negative,negative,negative,negative,negative,negative,negative,negative,negative,negative,negative,negative,negative,negative
577,neutral,negative,negative,negative,neutral,negative,negative,negative,negative,negative,negative,negative,neutral,neutral,neutral,neutral,neutral,negative,negative,neutral,neutral
578,negative,negative,negative,negative,neutral,negative,negative,negative,negative,negative,neutral,negative,neutral,negative,neutral,negative,negative,negative,negative,negative,negative
579,neutral,neutral,neutral,neutral,neutral,neutral,neutral,negative,negative,neutral,neutral,neutral,neutral,neutral,neutral,neutral,neutral,neutral,neutral,neutral,negative
580,negative,negative,negative,negative,negative,negative,negative,negative,negative,negative,negative,negative,negative,negative,negative,negative,negative,negative,negative,negative,negative
581,negative,negative,negative,negative,negative,negative,negative,negative,negative,negative,negative,negative,negative,negative,negative,negative,negative,negative,negative,negative,negative
582,negative,negative,negative,negative,negative,negative,negative,negative,negative,negative,negative,neutral,negative,negative,negative,negative,negative,negative,negative,negative,negative
583,positive,positive,positive,positive,positive,positive,positive,positive,positive,positive,positive,positive,positive,positive,positive,positive,positive,positive,positive,positive,positive
584,negative,negative,negative,negative,negative,negative,negative,negative,negative,negative,negative,negative,negative,negative,negative,negative,negative,negative,negative,negative,negative
585,negative,neutral,negative,negative,negative,neutral,neutral,negative,negative,negative,negative,neutral,negative,neutral,neutral,neutral,neutral,neutral,negative,neutral,neutral
586,positive,negative,negative,positive,positive,negative,negative,negative,negative,negative,negative,positive,positive,negative,negative,positive,positive,negative,negative,positive,negative
587,neutral,neutral,neutral,neutral,neutral,neutral,neutral,negative,negative,neutral,neutral,neutral,neutral,neutral,neutral,neutral,neutral,neutral,neutral,neutral,neutral
588,positive,neutral,neutral,neutral,neutral,neutral,neutral,neutral,positive,neutral,neutral,neutral,positive,neutral,neutral,neutral,positive,neutral,neutral,neutral,neutral
589,negative,negative,negative,neutral,negative,negative,negative,negative,negative,negative,negative,negative,negative,negative,negative,neutral,neutral,negative,negative,negative,negative
590,negative,negative,negative,negative,negative,negative,negative,negative,negative,negative,negative,negative,negative,negative,negative,negative,negative,negative,negative,negative,negative
591,positive,positive,positive,positive,positive,positive,positive,positive,positive,positive,positive,positive,positive,positive,positive,positive,positive,positive,positive,positive,positive
592,negative,negative,negative,negative,negative,negative,positive,negative,negative,negative,negative,positive,negative,negative,positive,negative,positive,negative,negative,positive,negative
593,neutral,neutral,neutral,negative,neutral,negative,neutral,negative,neutral,negative,neutral,negative,neutral,neutral,neutral,negative,neutral,neutral,neutral,neutral,neutral
594,neutral,neutral,neutral,neutral,neutral,neutral,neutral,positive,positive,neutral,neutral,positive,positive,neutral,neutral,positive,positive,neutral,neutral,neutral,neutral
595,negative,negative,negative,negative,negative,negative,negative,negative,negative,negative,negative,negative,negative,negative,negative,negative,negative,negative,negative,negative,negative
596,negative,neutral,negative,neutral,neutral,negative,negative,negative,negative,neutral,negative,negative,negative,neutral,neutral,negative,negative,neutral,neutral,neutral,negative
597,neutral,neutral,neutral,neutral,neutral,neutral,neutral,neutral,neutral,neutral,neutral,neutral,neutral,neutral,neutral,neutral,neutral,neutral,neutral,neutral,neutral
598,negative,negative,negative,negative,negative,negative,negative,negative,negative,negative,negative,negative,negative,negative,negative,negative,negative,negative,negative,negative,negative
599,negative,negative,negative,negative,negative,negative,negative,negative,negative,negative,negative,negative,negative,negative,negative,negative,negative,negative,negative,negative,negative
600,negative,negative,negative,negative,neutral,negative,negative,negative,negative,negative,negative,negative,negative,negative,negative,negative,negative,negative,negative,negative,negative
601,neutral,neutral,neutral,neutral,neutral,neutral,neutral,negative,negative,neutral,neutral,negative,negative,neutral,neutral,neutral,neutral,neutral,neutral,neutral,neutral
602,negative,negative,negative,negative,negative,negative,negative,negative,negative,negative,negative,negative,negative,negative,negative,negative,negative,negative,negative,negative,negative
603,positive,negative,negative,negative,positive,negative,negative,negative,negative,negative,negative,positive,positive,positive,positive,positive,positive,negative,negative,negative,negative
604,neutral,neutral,neutral,neutral,neutral,neutral,neutral,neutral,neutral,neutral,neutral,neutral,neutral,neutral,neutral,neutral,neutral,neutral,neutral,neutral,neutral
605,neutral,negative,positive,neutral,neutral,neutral,neutral,negative,negative,negative,negative,neutral,positive,positive,positive,neutral,neutral,neutral,positive,neutral,neutral
606,negative,negative,negative,negative,negative,negative,negative,negative,negative,negative,negative,negative,negative,negative,negative,negative,negative,negative,negative,negative,negative
607,neutral,neutral,neutral,neutral,neutral,neutral,neutral,negative,negative,neutral,neutral,negative,negative,neutral,neutral,neutral,neutral,neutral,neutral,neutral,neutral
608,positive,positive,positive,positive,positive,positive,positive,positive,positive,positive,positive,positive,positive,positive,positive,positive,positive,positive,positive,positive,positive
609,neutral,neutral,neutral,neutral,neutral,neutral,neutral,neutral,negative,neutral,neutral,neutral,neutral,neutral,neutral,neutral,neutral,neutral,neutral,neutral,neutral
610,neutral,neutral,neutral,neutral,neutral,neutral,neutral,neutral,neutral,neutral,neutral,neutral,neutral,neutral,neutral,neutral,neutral,neutral,neutral,neutral,neutral
611,neutral,neutral,neutral,neutral,neutral,neutral,neutral,negative,negative,neutral,neutral,negative,neutral,neutral,neutral,negative,neutral,neutral,neutral,neutral,neutral
612,neutral,neutral,neutral,neutral,neutral,neutral,neutral,neutral,neutral,neutral,neutral,neutral,neutral,neutral,neutral,neutral,neutral,neutral,neutral,neutral,neutral
613,negative,negative,negative,negative,negative,negative,negative,negative,negative,negative,negative,negative,negative,negative,negative,negative,negative,negative,negative,negative,negative
614,negative,negative,negative,negative,negative,negative,negative,negative,negative,negative,negative,negative,negative,negative,negative,negative,negative,negative,negative,neutral,negative
615,negative,neutral,neutral,neutral,neutral,neutral,neutral,negative,negative,neutral,neutral,negative,negative,neutral,neutral,positive,neutral,neutral,neutral,negative,negative
616,positive,positive,negative,positive,positive,positive,positive,positive,negative,positive,positive,positive,positive,positive,positive,positive,positive,positive,positive,positive,positive
617,negative,negative,negative,neutral,neutral,negative,negative,negative,negative,negative,negative,negative,negative,negative,negative,negative,negative,negative,negative,negative,negative
618,negative,negative,negative,negative,negative,negative,negative,negative,negative,negative,negative,negative,negative,negative,negative,negative,negative,negative,negative,negative,negative
619,neutral,negative,neutral,negative,neutral,negative,negative,negative,negative,negative,neutral,negative,neutral,negative,neutral,negative,neutral,negative,neutral,negative,neutral
620,positive,neutral,neutral,neutral,neutral,neutral,neutral,negative,negative,neutral,neutral,positive,positive,neutral,positive,positive,positive,neutral,neutral,positive,positive
621,negative,negative,negative,negative,negative,negative,negative,negative,negative,negative,negative,negative,negative,negative,neutral,negative,neutral,negative,negative,neutral,neutral
622,negative,negative,negative,negative,negative,negative,negative,negative,negative,negative,negative,negative,negative,negative,negative,negative,negative,negative,negative,negative,negative
623,negative,negative,negative,neutral,negative,negative,negative,negative,negative,negative,negative,negative,negative,negative,negative,negative,negative,neutral,neutral,neutral,neutral
624,negative,negative,negative,negative,negative,negative,negative,negative,negative,negative,negative,negative,negative,negative,negative,negative,negative,negative,negative,negative,negative
625,negative,neutral,neutral,negative,negative,neutral,neutral,negative,negative,neutral,neutral,negative,negative,neutral,neutral,neutral,negative,neutral,neutral,neutral,neutral
626,neutral,neutral,neutral,neutral,neutral,neutral,neutral,neutral,neutral,neutral,neutral,neutral,neutral,neutral,neutral,neutral,neutral,neutral,neutral,neutral,neutral
627,negative,negative,negative,negative,negative,negative,negative,negative,negative,neutral,negative,negative,negative,negative,negative,negative,negative,neutral,negative,neutral,negative
628,negative,negative,negative,negative,negative,negative,negative,negative,negative,negative,negative,negative,negative,negative,negative,negative,negative,negative,negative,negative,negative
629,neutral,neutral,neutral,neutral,neutral,neutral,neutral,neutral,neutral,neutral,neutral,neutral,neutral,neutral,neutral,neutral,neutral,neutral,neutral,neutral,neutral
630,neutral,neutral,neutral,neutral,neutral,neutral,neutral,negative,negative,neutral,neutral,neutral,neutral,neutral,neutral,neutral,neutral,neutral,neutral,neutral,neutral
631,negative,negative,negative,negative,negative,negative,negative,negative,negative,negative,negative,negative,negative,negative,negative,negative,negative,negative,negative,neutral,negative
632,neutral,neutral,neutral,neutral,neutral,neutral,neutral,neutral,neutral,neutral,neutral,neutral,neutral,neutral,neutral,neutral,neutral,neutral,neutral,neutral,neutral
633,negative,neutral,neutral,negative,negative,neutral,neutral,negative,negative,neutral,neutral,neutral,negative,neutral,neutral,neutral,neutral,neutral,neutral,neutral,neutral
634,negative,negative,negative,negative,negative,negative,negative,negative,negative,negative,negative,negative,negative,negative,negative,negative,negative,negative,negative,negative,negative
635,negative,negative,negative,negative,negative,negative,negative,negative,negative,negative,negative,negative,negative,negative,negative,negative,negative,negative,negative,negative,negative
636,neutral,neutral,neutral,neutral,neutral,neutral,neutral,neutral,neutral,neutral,neutral,neutral,neutral,neutral,neutral,neutral,neutral,neutral,neutral,neutral,neutral
637,negative,negative,negative,negative,neutral,negative,negative,negative,negative,negative,negative,negative,negative,negative,negative,negative,neutral,negative,negative,negative,neutral
638,negative,negative,negative,neutral,negative,negative,negative,neutral,negative,negative,negative,neutral,negative,neutral,negative,neutral,negative,negative,negative,neutral,negative
639,negative,neutral,negative,negative,negative,neutral,negative,negative,negative,neutral,negative,neutral,negative,neutral,negative,neutral,negative,negative,negative,neutral,negative
640,neutral,neutral,neutral,neutral,neutral,neutral,neutral,negative,neutral,neutral,neutral,neutral,neutral,neutral,neutral,neutral,neutral,neutral,neutral,neutral,neutral
641,negative,negative,negative,negative,negative,negative,negative,negative,negative,negative,negative,negative,negative,negative,negative,negative,negative,negative,negative,negative,negative
642,neutral,neutral,neutral,neutral,neutral,neutral,neutral,negative,neutral,neutral,neutral,neutral,neutral,neutral,neutral,neutral,neutral,neutral,neutral,neutral,neutral
643,negative,negative,negative,negative,negative,negative,negative,negative,negative,negative,negative,negative,negative,negative,negative,negative,negative,negative,negative,negative,negative
644,negative,negative,negative,negative,negative,negative,negative,negative,negative,negative,negative,negative,negative,negative,negative,negative,negative,negative,negative,negative,negative
645,positive,positive,positive,neutral,neutral,positive,positive,negative,negative,positive,positive,positive,neutral,positive,positive,positive,positive,positive,positive,neutral,positive
646,negative,negative,positive,positive,negative,negative,positive,negative,negative,neutral,neutral,positive,negative,neutral,neutral,positive,negative,neutral,negative,positive,positive
647,neutral,neutral,neutral,neutral,neutral,neutral,neutral,negative,neutral,neutral,neutral,neutral,neutral,neutral,neutral,neutral,neutral,neutral,neutral,neutral,neutral
648,negative,negative,positive,negative,positive,negative,positive,negative,negative,negative,negative,negative,negative,negative,negative,negative,negative,negative,negative,negative,positive
649,positive,neutral,neutral,neutral,neutral,positive,neutral,negative,positive,neutral,positive,positive,positive,neutral,neutral,positive,positive,neutral,neutral,positive,positive
650,neutral,neutral,negative,negative,neutral,negative,negative,negative,negative,neutral,negative,negative,neutral,negative,negative,negative,neutral,negative,negative,negative,negative
651,neutral,negative,negative,neutral,neutral,negative,negative,negative,negative,neutral,negative,neutral,negative,negative,negative,neutral,negative,neutral,negative,neutral,neutral
652,positive,neutral,neutral,negative,neutral,positive,positive,negative,neutral,positive,neutral,positive,positive,neutral,positive,negative,positive,neutral,positive,positive,neutral
653,neutral,neutral,neutral,neutral,neutral,neutral,neutral,negative,negative,neutral,neutral,neutral,neutral,neutral,neutral,neutral,neutral,neutral,neutral,neutral,neutral
654,negative,negative,negative,negative,negative,negative,negative,negative,negative,negative,negative,negative,negative,negative,negative,negative,negative,negative,negative,negative,negative
655,positive,positive,positive,positive,positive,positive,positive,positive,positive,positive,positive,positive,positive,positive,positive,positive,positive,positive,positive,positive,positive
656,negative,negative,negative,negative,negative,negative,negative,negative,negative,negative,negative,negative,negative,negative,negative,negative,negative,negative,negative,negative,negative
657,negative,negative,negative,negative,negative,negative,negative,negative,negative,negative,negative,negative,negative,negative,negative,negative,negative,negative,negative,neutral,negative
658,neutral,neutral,neutral,neutral,neutral,neutral,neutral,negative,neutral,neutral,neutral,negative,neutral,neutral,neutral,neutral,neutral,neutral,neutral,neutral,neutral
659,neutral,neutral,neutral,neutral,neutral,neutral,neutral,neutral,neutral,neutral,neutral,neutral,neutral,neutral,neutral,neutral,neutral,neutral,neutral,neutral,neutral
660,negative,negative,negative,negative,negative,negative,negative,negative,negative,negative,negative,negative,negative,negative,negative,negative,negative,negative,negative,negative,negative
661,negative,negative,negative,negative,negative,negative,negative,negative,negative,negative,negative,negative,negative,negative,negative,negative,negative,negative,negative,neutral,negative
662,negative,negative,negative,neutral,negative,negative,negative,negative,negative,negative,negative,negative,negative,negative,negative,neutral,negative,negative,negative,neutral,negative
663,negative,negative,negative,negative,negative,negative,negative,negative,negative,negative,negative,negative,negative,negative,negative,negative,negative,negative,negative,negative,negative
664,neutral,neutral,neutral,neutral,neutral,neutral,neutral,negative,negative,neutral,neutral,neutral,neutral,neutral,neutral,neutral,neutral,neutral,neutral,neutral,neutral
665,negative,negative,negative,negative,negative,negative,negative,negative,negative,negative,negative,negative,negative,negative,negative,negative,negative,negative,negative,negative,negative
666,negative,negative,negative,positive,negative,negative,negative,negative,negative,negative,negative,positive,negative,neutral,negative,positive,negative,neutral,negative,positive,negative
667,neutral,neutral,neutral,neutral,neutral,neutral,neutral,negative,negative,neutral,neutral,neutral,neutral,negative,neutral,neutral,neutral,neutral,neutral,neutral,neutral
668,negative,negative,negative,negative,negative,negative,negative,negative,negative,negative,negative,negative,negative,negative,negative,negative,negative,negative,negative,negative,negative
669,negative,negative,negative,negative,negative,negative,negative,negative,negative,negative,negative,negative,negative,negative,negative,negative,negative,negative,negative,negative,negative
670,neutral,negative,negative,neutral,neutral,negative,negative,negative,negative,negative,negative,negative,neutral,neutral,neutral,neutral,neutral,neutral,neutral,neutral,neutral
671,positive,positive,positive,positive,positive,positive,positive,negative,negative,positive,positive,positive,positive,positive,positive,positive,positive,positive,positive,positive,positive
672,negative,negative,neutral,negative,negative,negative,neutral,negative,negative,neutral,neutral,negative,negative,negative,neutral,negative,negative,neutral,neutral,negative,neutral
673,negative,negative,negative,neutral,negative,negative,negative,negative,negative,negative,negative,negative,negative,negative,negative,negative,negative,negative,negative,negative,negative
674,positive,positive,positive,positive,positive,positive,positive,positive,positive,positive,positive,positive,positive,positive,positive,positive,positive,positive,positive,positive,positive
675,neutral,negative,neutral,negative,neutral,negative,neutral,negative,neutral,neutral,neutral,negative,neutral,negative,neutral,neutral,neutral,negative,neutral,neutral,neutral
676,neutral,neutral,neutral,neutral,neutral,neutral,neutral,negative,negative,neutral,neutral,negative,neutral,neutral,neutral,negative,neutral,neutral,neutral,neutral,neutral
677,negative,negative,neutral,negative,negative,negative,negative,negative,negative,negative,negative,negative,positive,negative,negative,negative,negative,negative,negative,neutral,neutral
678,neutral,neutral,neutral,neutral,neutral,neutral,neutral,negative,neutral,neutral,neutral,neutral,neutral,neutral,neutral,neutral,neutral,neutral,neutral,neutral,neutral
679,negative,negative,negative,negative,negative,negative,negative,negative,negative,negative,negative,negative,negative,negative,negative,negative,neutral,negative,negative,negative,negative
680,positive,positive,positive,neutral,neutral,positive,positive,neutral,neutral,positive,positive,positive,positive,positive,positive,neutral,positive,positive,positive,positive,positive
681,neutral,negative,neutral,negative,neutral,negative,neutral,negative,neutral,negative,neutral,negative,neutral,negative,neutral,negative,neutral,negative,neutral,negative,neutral
682,neutral,negative,neutral,negative,neutral,negative,neutral,negative,negative,negative,neutral,negative,neutral,negative,neutral,negative,neutral,negative,neutral,negative,neutral
683,neutral,negative,negative,negative,neutral,negative,negative,negative,negative,negative,negative,negative,neutral,negative,negative,negative,neutral,negative,negative,negative,neutral
684,negative,negative,negative,negative,negative,negative,negative,negative,negative,negative,negative,positive,positive,negative,negative,positive,negative,negative,negative,negative,negative
685,neutral,neutral,neutral,neutral,neutral,neutral,neutral,negative,neutral,neutral,neutral,neutral,neutral,neutral,neutral,negative,neutral,neutral,neutral,neutral,neutral
686,neutral,neutral,neutral,neutral,neutral,negative,neutral,negative,neutral,neutral,neutral,negative,neutral,neutral,neutral,neutral,neutral,neutral,neutral,neutral,neutral
687,neutral,neutral,neutral,neutral,neutral,neutral,neutral,positive,positive,neutral,neutral,neutral,neutral,neutral,positive,positive,positive,neutral,neutral,neutral,neutral
688,negative,negative,negative,negative,negative,negative,negative,negative,negative,negative,negative,negative,negative,negative,negative,negative,negative,negative,negative,negative,negative
689,neutral,neutral,neutral,positive,neutral,neutral,neutral,negative,neutral,neutral,neutral,negative,neutral,neutral,neutral,positive,neutral,neutral,neutral,positive,neutral
690,negative,negative,negative,negative,negative,negative,negative,negative,negative,negative,negative,negative,negative,negative,neutral,negative,negative,negative,neutral,positive,neutral
691,neutral,neutral,negative,neutral,neutral,neutral,negative,negative,negative,neutral,neutral,neutral,negative,neutral,neutral,neutral,neutral,neutral,negative,neutral,neutral
692,negative,negative,negative,negative,negative,negative,negative,negative,negative,negative,negative,negative,negative,negative,negative,negative,negative,negative,negative,negative,negative
693,negative,negative,negative,negative,negative,negative,negative,negative,negative,negative,negative,negative,negative,negative,negative,negative,negative,negative,negative,negative,negative
694,neutral,neutral,neutral,neutral,neutral,neutral,neutral,neutral,neutral,neutral,neutral,positive,neutral,neutral,neutral,neutral,neutral,neutral,neutral,neutral,neutral
695,negative,negative,negative,negative,negative,negative,negative,negative,negative,negative,negative,negative,negative,negative,negative,negative,negative,negative,negative,negative,negative
696,neutral,negative,neutral,neutral,neutral,neutral,neutral,negative,negative,negative,negative,negative,neutral,negative,neutral,neutral,neutral,neutral,neutral,neutral,neutral
697,negative,negative,negative,negative,negative,negative,negative,negative,negative,negative,negative,negative,negative,negative,negative,negative,negative,negative,negative,negative,negative
698,neutral,neutral,neutral,neutral,neutral,neutral,neutral,neutral,neutral,neutral,neutral,neutral,neutral,neutral,neutral,neutral,positive,neutral,neutral,neutral,neutral
699,negative,negative,negative,negative,negative,negative,negative,negative,negative,negative,negative,negative,negative,negative,negative,negative,negative,negative,negative,positive,positive
700,negative,negative,negative,negative,negative,negative,negative,negative,negative,negative,negative,negative,negative,negative,negative,negative,negative,negative,negative,negative,negative
701,negative,negative,negative,negative,negative,negative,negative,negative,negative,negative,negative,negative,negative,negative,negative,negative,negative,negative,negative,negative,negative
702,neutral,neutral,neutral,neutral,neutral,neutral,neutral,negative,neutral,neutral,neutral,neutral,neutral,neutral,neutral,neutral,neutral,neutral,neutral,neutral,neutral
703,negative,negative,negative,negative,negative,negative,negative,negative,negative,negative,negative,negative,negative,negative,negative,negative,negative,negative,negative,negative,negative
704,negative,neutral,neutral,negative,neutral,neutral,neutral,negative,negative,neutral,neutral,negative,negative,neutral,neutral,negative,negative,negative,neutral,neutral,neutral
705,negative,negative,negative,negative,negative,negative,negative,negative,negative,negative,negative,negative,negative,negative,negative,negative,negative,negative,negative,negative,negative
706,negative,negative,negative,negative,negative,negative,negative,negative,negative,negative,negative,negative,negative,negative,negative,negative,negative,negative,negative,positive,neutral
707,negative,negative,negative,neutral,neutral,negative,negative,negative,negative,negative,negative,negative,negative,negative,negative,negative,negative,negative,negative,negative,negative
708,negative,negative,negative,negative,negative,negative,negative,negative,negative,negative,negative,negative,negative,negative,negative,negative,negative,negative,negative,neutral,neutral
709,negative,negative,negative,negative,negative,negative,negative,negative,negative,negative,negative,negative,positive,negative,negative,negative,positive,negative,negative,positive,negative
710,negative,negative,negative,negative,negative,negative,negative,negative,negative,negative,negative,negative,negative,negative,negative,negative,negative,negative,negative,negative,negative
711,negative,negative,negative,negative,negative,negative,negative,negative,negative,negative,negative,negative,negative,negative,negative,negative,negative,negative,negative,negative,negative
712,negative,negative,negative,negative,negative,negative,negative,negative,negative,negative,negative,negative,negative,negative,negative,negative,negative,negative,negative,negative,negative
713,negative,negative,negative,negative,negative,negative,negative,negative,negative,negative,negative,negative,negative,negative,negative,negative,negative,negative,negative,negative,negative
714,negative,negative,negative,negative,negative,negative,negative,negative,negative,negative,negative,negative,negative,negative,negative,negative,negative,negative,negative,negative,negative
715,negative,negative,negative,negative,negative,negative,negative,negative,negative,negative,negative,negative,negative,negative,negative,negative,negative,negative,negative,negative,negative
716,negative,negative,negative,negative,negative,negative,negative,negative,negative,negative,negative,negative,negative,negative,negative,negative,negative,negative,negative,negative,negative
717,neutral,positive,neutral,positive,neutral,positive,neutral,positive,negative,positive,neutral,positive,neutral,positive,neutral,positive,positive,positive,neutral,positive,neutral
718,positive,positive,positive,positive,positive,positive,positive,positive,positive,positive,positive,positive,positive,positive,positive,positive,positive,positive,positive,positive,positive
719,neutral,neutral,neutral,neutral,neutral,neutral,neutral,neutral,neutral,neutral,neutral,neutral,neutral,neutral,neutral,neutral,neutral,neutral,neutral,neutral,neutral
720,neutral,neutral,neutral,neutral,neutral,neutral,neutral,neutral,neutral,neutral,neutral,neutral,neutral,neutral,neutral,neutral,neutral,neutral,neutral,neutral,neutral
721,negative,negative,negative,negative,negative,negative,negative,negative,negative,negative,negative,negative,negative,negative,negative,negative,negative,negative,negative,negative,negative
722,neutral,neutral,neutral,neutral,neutral,neutral,neutral,negative,negative,neutral,neutral,neutral,neutral,neutral,neutral,neutral,neutral,neutral,neutral,neutral,neutral
723,negative,negative,negative,negative,negative,negative,negative,negative,negative,negative,negative,negative,negative,negative,negative,negative,negative,negative,negative,positive,negative
724,neutral,negative,neutral,negative,neutral,negative,negative,negative,neutral,negative,neutral,negative,neutral,negative,neutral,negative,neutral,negative,neutral,neutral,positive
725,negative,negative,negative,negative,negative,negative,negative,negative,negative,negative,negative,negative,negative,negative,negative,negative,negative,negative,negative,negative,negative
726,negative,negative,negative,negative,negative,negative,negative,negative,negative,negative,negative,negative,negative,negative,negative,negative,negative,negative,negative,negative,negative
727,negative,negative,negative,negative,negative,negative,negative,negative,negative,negative,negative,negative,negative,negative,negative,negative,negative,negative,negative,negative,negative
728,negative,positive,positive,negative,negative,positive,negative,negative,negative,positive,negative,positive,positive,positive,positive,positive,negative,positive,positive,positive,positive
729,neutral,neutral,neutral,neutral,neutral,neutral,neutral,negative,neutral,neutral,neutral,neutral,positive,neutral,neutral,neutral,neutral,neutral,neutral,neutral,neutral
730,neutral,neutral,neutral,neutral,neutral,neutral,neutral,negative,neutral,neutral,neutral,negative,neutral,neutral,neutral,neutral,neutral,neutral,neutral,neutral,neutral
731,negative,negative,negative,negative,negative,negative,negative,negative,negative,negative,negative,negative,negative,negative,negative,negative,negative,negative,negative,neutral,negative
732,neutral,neutral,neutral,negative,neutral,neutral,neutral,negative,neutral,negative,neutral,negative,neutral,negative,neutral,negative,neutral,neutral,neutral,neutral,neutral
733,negative,negative,negative,negative,negative,negative,negative,negative,negative,negative,negative,negative,negative,negative,negative,negative,negative,negative,negative,negative,negative
734,negative,negative,negative,negative,negative,negative,negative,negative,negative,negative,negative,negative,negative,negative,negative,negative,negative,neutral,negative,neutral,negative
735,neutral,neutral,neutral,neutral,neutral,neutral,neutral,neutral,neutral,neutral,neutral,neutral,neutral,neutral,neutral,neutral,neutral,neutral,neutral,neutral,neutral
736,negative,neutral,negative,neutral,negative,negative,negative,negative,negative,neutral,negative,neutral,negative,neutral,negative,neutral,negative,neutral,negative,neutral,negative
737,neutral,positive,neutral,neutral,neutral,neutral,neutral,neutral,neutral,neutral,neutral,neutral,neutral,neutral,neutral,neutral,neutral,neutral,neutral,neutral,neutral
738,neutral,neutral,neutral,neutral,neutral,neutral,neutral,neutral,neutral,neutral,neutral,neutral,neutral,neutral,neutral,neutral,neutral,neutral,neutral,neutral,neutral
739,neutral,negative,neutral,negative,neutral,negative,neutral,negative,neutral,neutral,neutral,negative,neutral,negative,neutral,negative,neutral,negative,neutral,negative,neutral
740,negative,neutral,negative,neutral,negative,neutral,neutral,neutral,negative,neutral,neutral,neutral,negative,neutral,neutral,neutral,negative,neutral,negative,neutral,neutral
741,positive,positive,positive,positive,negative,positive,positive,negative,positive,positive,positive,positive,positive,positive,positive,positive,positive,positive,positive,positive,positive
742,negative,negative,negative,negative,negative,negative,negative,negative,negative,negative,negative,negative,negative,negative,negative,negative,negative,negative,negative,negative,negative
743,negative,negative,negative,negative,negative,negative,negative,negative,negative,negative,negative,negative,negative,negative,negative,negative,negative,negative,negative,negative,negative
744,positive,positive,positive,positive,positive,negative,positive,negative,positive,negative,negative,negative,positive,negative,negative,negative,positive,negative,negative,positive,positive
745,negative,negative,negative,negative,negative,negative,negative,negative,negative,negative,negative,negative,negative,negative,negative,negative,negative,negative,negative,negative,negative
746,negative,negative,negative,negative,negative,negative,negative,negative,negative,negative,negative,negative,negative,negative,negative,negative,negative,negative,negative,negative,negative
747,neutral,neutral,neutral,neutral,neutral,neutral,neutral,neutral,neutral,neutral,neutral,neutral,neutral,neutral,neutral,neutral,neutral,neutral,neutral,neutral,neutral
748,neutral,neutral,neutral,neutral,neutral,neutral,neutral,neutral,neutral,neutral,neutral,neutral,neutral,neutral,neutral,neutral,neutral,neutral,neutral,neutral,neutral
749,negative,negative,negative,negative,negative,negative,negative,negative,negative,negative,negative,negative,negative,negative,negative,negative,negative,negative,negative,negative,negative
750,negative,negative,negative,negative,negative,negative,negative,negative,negative,negative,negative,negative,negative,negative,negative,negative,negative,negative,negative,negative,negative
751,neutral,neutral,neutral,neutral,neutral,neutral,neutral,negative,neutral,neutral,neutral,neutral,neutral,neutral,neutral,neutral,neutral,neutral,neutral,neutral,neutral
752,negative,negative,negative,negative,negative,negative,negative,negative,negative,negative,negative,negative,negative,negative,negative,negative,negative,negative,negative,negative,negative
753,neutral,neutral,neutral,negative,neutral,neutral,neutral,negative,negative,neutral,neutral,negative,neutral,neutral,neutral,negative,neutral,neutral,neutral,positive,neutral
754,negative,negative,negative,negative,negative,negative,negative,negative,negative,negative,negative,negative,negative,negative,negative,negative,negative,negative,negative,negative,negative
755,neutral,neutral,neutral,negative,neutral,negative,neutral,negative,neutral,neutral,neutral,negative,positive,neutral,neutral,negative,neutral,neutral,neutral,neutral,neutral
756,neutral,neutral,neutral,neutral,neutral,neutral,neutral,negative,negative,neutral,neutral,neutral,neutral,neutral,neutral,neutral,neutral,neutral,neutral,neutral,neutral
757,negative,negative,negative,neutral,neutral,neutral,negative,negative,negative,negative,negative,negative,neutral,neutral,positive,negative,negative,negative,negative,negative,negative
758,neutral,neutral,neutral,neutral,neutral,neutral,neutral,negative,neutral,neutral,neutral,negative,neutral,neutral,neutral,negative,neutral,neutral,neutral,neutral,neutral
759,negative,negative,negative,neutral,negative,negative,negative,negative,negative,negative,negative,negative,negative,negative,negative,neutral,negative,negative,negative,neutral,neutral
760,neutral,neutral,neutral,neutral,neutral,neutral,neutral,neutral,neutral,neutral,neutral,neutral,neutral,neutral,neutral,neutral,neutral,neutral,neutral,neutral,neutral
761,negative,positive,negative,positive,negative,positive,neutral,positive,negative,positive,negative,positive,negative,positive,negative,positive,neutral,positive,negative,positive,neutral
762,neutral,neutral,neutral,neutral,neutral,neutral,neutral,negative,negative,neutral,neutral,neutral,neutral,neutral,neutral,neutral,neutral,neutral,neutral,neutral,neutral
763,negative,negative,negative,negative,negative,negative,negative,negative,negative,negative,negative,negative,negative,negative,negative,negative,negative,negative,negative,neutral,negative
764,neutral,negative,neutral,neutral,neutral,negative,negative,negative,negative,negative,negative,negative,neutral,negative,negative,negative,neutral,negative,negative,neutral,neutral
765,neutral,neutral,neutral,neutral,neutral,neutral,neutral,negative,neutral,neutral,neutral,neutral,neutral,neutral,neutral,neutral,neutral,neutral,neutral,positive,neutral
766,negative,negative,negative,negative,negative,negative,negative,negative,negative,negative,negative,negative,negative,negative,negative,negative,negative,negative,negative,negative,negative
767,neutral,neutral,neutral,neutral,neutral,neutral,neutral,negative,negative,neutral,neutral,negative,neutral,neutral,neutral,neutral,neutral,neutral,neutral,positive,neutral
768,positive,positive,positive,positive,positive,negative,positive,negative,negative,negative,negative,negative,positive,negative,neutral,negative,negative,negative,positive,positive,positive
769,negative,negative,negative,negative,negative,negative,negative,negative,negative,negative,negative,negative,negative,negative,negative,negative,negative,negative,negative,negative,negative
770,negative,negative,negative,negative,negative,negative,negative,negative,negative,negative,negative,negative,negative,negative,negative,negative,negative,negative,negative,negative,negative
771,negative,negative,negative,negative,negative,negative,negative,negative,negative,negative,negative,negative,negative,negative,negative,negative,negative,negative,negative,negative,negative
772,neutral,neutral,neutral,neutral,neutral,neutral,neutral,negative,negative,neutral,neutral,negative,negative,neutral,neutral,negative,negative,neutral,neutral,neutral,neutral
773,negative,neutral,negative,neutral,negative,neutral,negative,negative,negative,neutral,negative,negative,neutral,neutral,negative,negative,negative,neutral,negative,neutral,neutral
774,negative,negative,negative,negative,negative,negative,negative,negative,negative,negative,negative,negative,negative,negative,negative,negative,negative,negative,negative,negative,negative
775,neutral,neutral,neutral,neutral,neutral,neutral,neutral,negative,negative,neutral,neutral,neutral,neutral,neutral,neutral,neutral,neutral,neutral,neutral,neutral,neutral
776,negative,negative,negative,negative,negative,negative,negative,negative,negative,negative,negative,negative,negative,negative,negative,negative,negative,negative,negative,negative,negative
777,positive,positive,positive,negative,positive,positive,positive,negative,positive,positive,positive,negative,positive,positive,positive,negative,positive,positive,positive,positive,positive
778,negative,negative,negative,negative,negative,negative,negative,negative,negative,negative,negative,negative,negative,negative,negative,negative,negative,negative,negative,negative,negative
779,neutral,neutral,neutral,neutral,neutral,neutral,neutral,negative,neutral,neutral,neutral,neutral,neutral,neutral,neutral,neutral,neutral,neutral,neutral,neutral,neutral
780,negative,neutral,neutral,neutral,neutral,neutral,neutral,negative,negative,neutral,neutral,positive,neutral,neutral,neutral,positive,negative,neutral,neutral,positive,neutral
781,neutral,neutral,neutral,neutral,neutral,neutral,neutral,negative,neutral,neutral,neutral,neutral,neutral,neutral,neutral,negative,neutral,neutral,neutral,neutral,neutral
782,neutral,neutral,neutral,neutral,neutral,neutral,negative,negative,negative,neutral,neutral,neutral,neutral,neutral,neutral,neutral,neutral,neutral,neutral,neutral,neutral
783,neutral,neutral,neutral,neutral,neutral,neutral,neutral,negative,negative,neutral,neutral,neutral,neutral,neutral,neutral,neutral,neutral,neutral,neutral,neutral,neutral
784,positive,positive,positive,positive,positive,positive,positive,positive,negative,positive,positive,positive,positive,positive,positive,positive,positive,positive,positive,positive,positive
785,negative,negative,negative,negative,negative,negative,negative,negative,negative,negative,negative,negative,negative,negative,negative,negative,negative,negative,negative,negative,negative
786,neutral,negative,negative,neutral,negative,negative,neutral,negative,negative,negative,negative,neutral,neutral,negative,neutral,negative,neutral,negative,neutral,neutral,neutral
787,neutral,neutral,neutral,neutral,neutral,neutral,neutral,neutral,neutral,neutral,neutral,neutral,neutral,neutral,neutral,neutral,neutral,neutral,neutral,neutral,neutral
788,neutral,neutral,neutral,neutral,neutral,neutral,neutral,negative,neutral,neutral,neutral,neutral,neutral,neutral,neutral,neutral,neutral,neutral,neutral,neutral,neutral
789,negative,neutral,negative,negative,negative,negative,negative,negative,negative,negative,negative,negative,negative,negative,negative,negative,negative,neutral,negative,neutral,negative
790,negative,neutral,negative,neutral,negative,neutral,negative,negative,negative,neutral,negative,neutral,negative,neutral,negative,neutral,negative,neutral,negative,neutral,negative
791,neutral,neutral,neutral,neutral,neutral,neutral,neutral,negative,negative,neutral,neutral,neutral,neutral,neutral,neutral,positive,neutral,neutral,neutral,neutral,neutral
792,negative,negative,negative,negative,negative,negative,negative,negative,negative,negative,negative,negative,negative,negative,negative,negative,negative,negative,negative,negative,negative
793,negative,negative,negative,negative,negative,negative,negative,negative,negative,negative,negative,negative,negative,negative,negative,negative,negative,negative,negative,negative,negative
794,neutral,negative,neutral,neutral,neutral,neutral,neutral,negative,neutral,neutral,neutral,negative,neutral,negative,neutral,neutral,neutral,neutral,neutral,neutral,neutral
795,negative,neutral,neutral,neutral,neutral,neutral,neutral,negative,negative,neutral,neutral,negative,negative,neutral,neutral,negative,negative,neutral,neutral,negative,negative
796,negative,negative,negative,negative,negative,negative,negative,negative,negative,negative,negative,negative,negative,negative,negative,negative,negative,negative,negative,negative,negative
797,neutral,neutral,neutral,neutral,neutral,neutral,neutral,negative,neutral,neutral,neutral,negative,neutral,neutral,neutral,negative,neutral,neutral,neutral,negative,negative
798,negative,negative,negative,negative,negative,negative,negative,negative,negative,negative,negative,negative,negative,negative,negative,negative,negative,negative,negative,negative,negative
799,neutral,neutral,neutral,neutral,neutral,neutral,neutral,negative,negative,neutral,neutral,neutral,neutral,neutral,neutral,neutral,neutral,neutral,neutral,neutral,neutral
800,neutral,neutral,neutral,neutral,neutral,neutral,neutral,neutral,neutral,neutral,neutral,neutral,neutral,neutral,neutral,neutral,neutral,neutral,neutral,neutral,neutral
801,positive,negative,positive,negative,positive,positive,positive,negative,negative,negative,positive,negative,positive,negative,positive,negative,positive,negative,positive,negative,positive
802,positive,neutral,neutral,neutral,neutral,positive,positive,neutral,neutral,positive,positive,positive,positive,positive,neutral,positive,positive,positive,positive,positive,positive
803,neutral,negative,negative,neutral,negative,negative,negative,negative,negative,negative,negative,neutral,neutral,negative,negative,negative,negative,neutral,negative,neutral,neutral
804,negative,negative,negative,negative,negative,negative,negative,negative,negative,negative,negative,negative,negative,negative,negative,negative,negative,negative,negative,negative,negative
805,neutral,neutral,neutral,neutral,neutral,neutral,neutral,neutral,neutral,neutral,neutral,neutral,neutral,neutral,neutral,neutral,neutral,neutral,neutral,neutral,neutral
806,negative,negative,negative,negative,negative,negative,negative,negative,negative,negative,negative,negative,negative,negative,negative,negative,negative,negative,negative,negative,negative
807,neutral,negative,negative,neutral,neutral,negative,negative,negative,negative,negative,neutral,negative,neutral,negative,neutral,positive,neutral,negative,neutral,neutral,neutral
808,negative,negative,negative,negative,negative,negative,negative,negative,negative,negative,negative,negative,negative,negative,negative,negative,negative,negative,negative,negative,negative
809,neutral,neutral,neutral,neutral,positive,neutral,neutral,neutral,neutral,neutral,neutral,neutral,neutral,neutral,neutral,neutral,neutral,neutral,neutral,neutral,neutral
810,negative,negative,negative,negative,negative,negative,negative,negative,negative,negative,negative,negative,negative,negative,negative,negative,negative,negative,negative,neutral,neutral
811,negative,negative,negative,negative,negative,negative,negative,negative,negative,negative,negative,negative,negative,negative,negative,negative,negative,negative,negative,negative,negative
812,negative,negative,negative,negative,negative,negative,negative,negative,negative,negative,negative,negative,negative,negative,negative,negative,negative,negative,negative,negative,negative
813,positive,positive,positive,positive,positive,positive,positive,positive,positive,positive,positive,positive,positive,positive,positive,positive,positive,positive,positive,positive,positive
814,negative,negative,negative,negative,negative,negative,negative,negative,negative,negative,negative,negative,negative,negative,negative,negative,negative,negative,negative,negative,negative
815,negative,negative,negative,negative,negative,negative,negative,negative,negative,negative,negative,negative,neutral,negative,negative,negative,negative,negative,negative,negative,negative
816,neutral,neutral,neutral,neutral,neutral,neutral,neutral,neutral,neutral,neutral,neutral,neutral,neutral,neutral,neutral,neutral,neutral,neutral,neutral,neutral,neutral
817,negative,negative,negative,negative,negative,negative,negative,negative,negative,negative,negative,negative,negative,negative,negative,negative,negative,negative,negative,negative,negative
818,positive,positive,positive,positive,neutral,positive,positive,positive,neutral,positive,neutral,positive,positive,positive,positive,positive,positive,neutral,neutral,neutral,neutral
819,negative,negative,negative,neutral,neutral,negative,negative,negative,negative,negative,negative,negative,negative,neutral,neutral,neutral,neutral,neutral,negative,neutral,negative
820,negative,negative,negative,negative,negative,negative,negative,negative,negative,negative,negative,negative,negative,negative,negative,negative,negative,negative,negative,negative,negative
821,negative,negative,negative,negative,negative,negative,negative,negative,negative,negative,negative,negative,negative,negative,negative,neutral,neutral,negative,negative,negative,negative
822,neutral,negative,neutral,positive,neutral,positive,neutral,negative,negative,negative,neutral,negative,neutral,negative,neutral,negative,positive,neutral,neutral,positive,neutral
823,negative,negative,negative,negative,negative,negative,negative,negative,negative,negative,negative,negative,negative,negative,negative,negative,negative,negative,negative,negative,negative
824,negative,negative,negative,negative,negative,negative,negative,negative,negative,negative,negative,negative,negative,negative,negative,negative,negative,negative,negative,positive,negative
825,negative,negative,negative,neutral,negative,negative,negative,negative,negative,negative,negative,negative,negative,negative,negative,negative,negative,negative,negative,negative,negative
826,negative,negative,negative,negative,negative,negative,negative,negative,negative,negative,negative,negative,negative,negative,negative,negative,negative,negative,negative,negative,negative
827,negative,negative,negative,negative,negative,negative,negative,negative,negative,negative,negative,negative,negative,negative,negative,negative,negative,negative,negative,negative,negative
828,neutral,neutral,neutral,neutral,neutral,neutral,neutral,neutral,neutral,neutral,neutral,neutral,neutral,neutral,neutral,neutral,neutral,neutral,neutral,neutral,neutral
829,negative,negative,negative,negative,negative,negative,negative,negative,negative,negative,negative,negative,negative,negative,negative,negative,negative,negative,negative,neutral,negative
830,neutral,neutral,neutral,neutral,neutral,neutral,neutral,neutral,neutral,neutral,neutral,neutral,neutral,neutral,neutral,neutral,neutral,neutral,neutral,neutral,neutral
831,negative,negative,negative,negative,negative,negative,negative,negative,negative,negative,negative,negative,negative,negative,negative,negative,negative,negative,negative,negative,negative
832,negative,neutral,neutral,neutral,neutral,neutral,neutral,negative,negative,neutral,neutral,neutral,negative,neutral,neutral,neutral,negative,neutral,neutral,neutral,negative
833,neutral,neutral,neutral,neutral,neutral,neutral,neutral,neutral,neutral,neutral,neutral,neutral,neutral,neutral,neutral,neutral,neutral,neutral,neutral,neutral,neutral
834,negative,negative,neutral,negative,negative,negative,negative,negative,negative,negative,negative,negative,negative,negative,neutral,negative,negative,negative,negative,negative,neutral
835,neutral,positive,neutral,positive,neutral,positive,neutral,neutral,neutral,positive,neutral,positive,positive,positive,neutral,positive,positive,positive,neutral,positive,neutral
836,negative,negative,negative,negative,negative,negative,negative,negative,negative,negative,negative,negative,negative,negative,negative,negative,negative,negative,negative,negative,negative
837,negative,negative,negative,negative,negative,negative,negative,negative,negative,negative,negative,negative,negative,negative,negative,negative,negative,negative,negative,negative,positive
838,positive,positive,positive,neutral,neutral,positive,positive,neutral,neutral,positive,positive,positive,positive,positive,positive,positive,positive,positive,positive,positive,positive
839,negative,negative,negative,negative,negative,negative,negative,negative,negative,negative,negative,negative,negative,negative,negative,negative,negative,negative,negative,positive,negative
840,neutral,neutral,neutral,neutral,neutral,neutral,neutral,neutral,neutral,neutral,neutral,neutral,neutral,neutral,neutral,neutral,neutral,neutral,neutral,neutral,neutral
841,neutral,neutral,neutral,neutral,neutral,neutral,neutral,negative,neutral,neutral,neutral,neutral,neutral,neutral,neutral,neutral,neutral,neutral,neutral,neutral,neutral
842,negative,negative,negative,negative,negative,negative,negative,negative,negative,negative,negative,negative,negative,negative,negative,negative,negative,negative,negative,negative,negative
843,negative,negative,negative,negative,negative,negative,negative,negative,negative,negative,negative,negative,negative,negative,negative,negative,neutral,negative,negative,negative,negative
844,negative,negative,negative,negative,negative,negative,negative,negative,negative,negative,negative,negative,negative,negative,negative,negative,negative,negative,negative,negative,negative
845,neutral,neutral,neutral,neutral,neutral,neutral,neutral,negative,negative,neutral,neutral,positive,neutral,neutral,neutral,positive,neutral,neutral,neutral,neutral,neutral
846,neutral,neutral,negative,positive,neutral,neutral,neutral,negative,negative,neutral,neutral,neutral,neutral,neutral,neutral,positive,neutral,neutral,neutral,neutral,neutral
847,neutral,neutral,neutral,negative,negative,neutral,neutral,negative,neutral,neutral,neutral,negative,neutral,neutral,neutral,negative,neutral,neutral,neutral,neutral,neutral
848,neutral,neutral,neutral,neutral,neutral,neutral,neutral,neutral,negative,neutral,neutral,neutral,neutral,neutral,neutral,positive,neutral,neutral,neutral,neutral,neutral
849,negative,negative,negative,negative,negative,negative,negative,negative,negative,negative,negative,negative,negative,negative,negative,negative,negative,negative,negative,negative,negative
850,negative,negative,negative,negative,negative,negative,negative,negative,negative,negative,negative,negative,negative,negative,negative,negative,negative,negative,negative,neutral,neutral
851,positive,neutral,neutral,neutral,neutral,neutral,neutral,neutral,neutral,neutral,neutral,positive,positive,neutral,neutral,neutral,neutral,neutral,positive,neutral,neutral
852,negative,negative,negative,negative,negative,negative,negative,negative,negative,negative,negative,negative,negative,negative,negative,negative,negative,negative,negative,negative,negative
853,neutral,neutral,neutral,neutral,neutral,neutral,neutral,neutral,neutral,neutral,neutral,neutral,neutral,neutral,neutral,neutral,neutral,neutral,neutral,neutral,neutral
854,positive,positive,positive,positive,positive,positive,positive,negative,negative,positive,positive,positive,positive,positive,positive,positive,positive,positive,positive,positive,positive
855,neutral,neutral,neutral,neutral,neutral,negative,neutral,negative,negative,negative,neutral,negative,negative,negative,neutral,negative,neutral,negative,neutral,neutral,neutral
856,neutral,negative,neutral,negative,neutral,negative,negative,negative,negative,negative,neutral,negative,neutral,negative,negative,negative,neutral,negative,negative,neutral,neutral
857,negative,negative,negative,negative,negative,negative,negative,negative,negative,negative,negative,negative,negative,negative,negative,negative,negative,negative,negative,negative,negative
858,negative,negative,negative,negative,negative,negative,negative,negative,negative,negative,neutral,negative,negative,negative,negative,negative,negative,negative,neutral,negative,neutral
859,negative,negative,negative,neutral,neutral,negative,negative,negative,negative,negative,negative,negative,negative,negative,negative,negative,negative,negative,negative,neutral,negative
860,neutral,neutral,neutral,neutral,neutral,negative,negative,negative,negative,neutral,neutral,negative,neutral,negative,negative,neutral,neutral,neutral,neutral,neutral,neutral
861,neutral,negative,neutral,negative,neutral,negative,negative,negative,negative,neutral,neutral,negative,neutral,neutral,neutral,negative,neutral,neutral,neutral,negative,negative
862,negative,negative,negative,neutral,neutral,negative,negative,negative,negative,neutral,negative,neutral,negative,neutral,neutral,neutral,neutral,negative,neutral,neutral,neutral
863,neutral,negative,neutral,negative,neutral,negative,neutral,negative,negative,negative,neutral,negative,neutral,negative,neutral,negative,neutral,negative,neutral,neutral,neutral
864,negative,negative,negative,negative,negative,negative,negative,negative,negative,negative,negative,negative,negative,negative,negative,negative,negative,negative,negative,negative,negative
865,neutral,neutral,neutral,neutral,neutral,neutral,neutral,neutral,neutral,neutral,neutral,neutral,neutral,neutral,neutral,neutral,neutral,neutral,neutral,neutral,neutral
866,neutral,neutral,neutral,neutral,neutral,negative,neutral,negative,negative,neutral,neutral,negative,neutral,neutral,neutral,negative,neutral,neutral,neutral,neutral,neutral
867,neutral,neutral,neutral,neutral,neutral,neutral,neutral,negative,negative,neutral,neutral,neutral,neutral,neutral,neutral,positive,neutral,neutral,neutral,neutral,negative
868,negative,neutral,neutral,negative,negative,positive,positive,negative,negative,neutral,positive,negative,positive,neutral,positive,positive,positive,neutral,positive,neutral,neutral
869,negative,negative,negative,negative,negative,negative,negative,negative,negative,negative,negative,negative,negative,negative,negative,negative,negative,negative,negative,negative,negative
870,negative,negative,negative,negative,negative,negative,negative,negative,negative,negative,negative,negative,negative,negative,negative,negative,negative,negative,negative,negative,negative
871,neutral,negative,negative,neutral,neutral,negative,negative,negative,negative,negative,negative,neutral,neutral,negative,negative,neutral,neutral,negative,negative,negative,negative
872,negative,negative,negative,negative,negative,negative,negative,negative,negative,negative,negative,negative,negative,negative,negative,negative,negative,negative,negative,negative,negative
873,neutral,neutral,neutral,negative,neutral,negative,negative,negative,negative,negative,negative,negative,neutral,negative,neutral,negative,negative,negative,neutral,neutral,neutral
874,neutral,neutral,neutral,neutral,neutral,neutral,neutral,neutral,neutral,neutral,neutral,neutral,neutral,neutral,neutral,neutral,neutral,neutral,neutral,neutral,neutral
875,negative,negative,neutral,negative,negative,negative,negative,negative,negative,neutral,neutral,negative,negative,negative,neutral,negative,neutral,negative,negative,negative,negative
876,negative,negative,negative,negative,negative,negative,negative,negative,negative,negative,negative,negative,negative,negative,negative,negative,negative,negative,negative,negative,negative
877,negative,negative,negative,negative,negative,negative,negative,negative,negative,negative,negative,negative,negative,negative,negative,negative,negative,negative,negative,positive,negative
878,positive,neutral,neutral,neutral,neutral,neutral,positive,positive,positive,positive,positive,positive,positive,neutral,positive,positive,positive,neutral,positive,positive,positive
879,neutral,neutral,neutral,negative,neutral,negative,neutral,negative,neutral,negative,neutral,negative,neutral,negative,neutral,positive,neutral,negative,neutral,positive,neutral
880,negative,negative,negative,negative,negative,negative,negative,negative,negative,negative,negative,negative,negative,negative,negative,negative,negative,negative,negative,negative,negative
881,neutral,neutral,neutral,neutral,neutral,neutral,neutral,neutral,neutral,neutral,neutral,neutral,neutral,neutral,neutral,neutral,neutral,neutral,neutral,neutral,neutral
882,neutral,neutral,neutral,neutral,neutral,neutral,neutral,neutral,neutral,neutral,neutral,neutral,neutral,neutral,neutral,neutral,neutral,neutral,neutral,neutral,neutral
883,neutral,neutral,neutral,neutral,neutral,neutral,neutral,negative,negative,neutral,neutral,neutral,neutral,neutral,neutral,neutral,neutral,neutral,neutral,neutral,neutral
884,negative,neutral,neutral,neutral,neutral,neutral,neutral,negative,negative,neutral,neutral,negative,negative,neutral,neutral,negative,negative,neutral,neutral,neutral,neutral
885,negative,negative,positive,negative,positive,negative,positive,negative,negative,negative,neutral,negative,negative,negative,positive,negative,positive,negative,positive,negative,positive
886,negative,negative,negative,negative,negative,negative,negative,negative,negative,negative,negative,negative,negative,negative,negative,negative,negative,negative,negative,negative,neutral
887,negative,neutral,negative,neutral,negative,neutral,negative,negative,negative,neutral,negative,neutral,negative,negative,negative,negative,negative,neutral,negative,negative,negative
888,negative,negative,negative,negative,negative,negative,negative,negative,negative,negative,negative,negative,negative,negative,negative,negative,negative,negative,negative,negative,negative
889,negative,negative,negative,negative,negative,negative,negative,negative,negative,negative,negative,negative,negative,negative,negative,negative,negative,negative,negative,negative,negative
890,negative,negative,negative,negative,negative,negative,negative,negative,negative,negative,negative,negative,negative,negative,negative,negative,negative,negative,negative,negative,negative
891,negative,negative,negative,negative,negative,negative,negative,negative,negative,negative,negative,negative,negative,negative,negative,negative,negative,negative,negative,negative,negative
892,negative,negative,negative,negative,negative,negative,negative,negative,negative,negative,negative,negative,negative,negative,negative,negative,negative,negative,negative,negative,negative
893,negative,negative,negative,negative,negative,negative,negative,negative,negative,negative,negative,negative,negative,negative,negative,negative,negative,negative,negative,negative,negative
894,positive,positive,positive,positive,positive,positive,positive,positive,positive,positive,positive,positive,positive,positive,positive,positive,positive,positive,positive,positive,positive
895,neutral,neutral,neutral,neutral,neutral,neutral,neutral,negative,negative,neutral,neutral,neutral,neutral,neutral,neutral,neutral,neutral,neutral,neutral,neutral,neutral
896,negative,negative,negative,negative,negative,negative,negative,negative,negative,negative,negative,negative,negative,negative,negative,negative,negative,negative,negative,negative,negative
897,negative,negative,negative,negative,negative,negative,negative,negative,negative,negative,negative,negative,negative,negative,negative,negative,negative,negative,negative,neutral,negative
898,neutral,negative,negative,neutral,negative,negative,negative,negative,negative,negative,negative,positive,negative,neutral,neutral,positive,neutral,negative,negative,positive,neutral
899,neutral,neutral,neutral,neutral,neutral,neutral,neutral,positive,positive,neutral,neutral,neutral,positive,neutral,neutral,positive,positive,neutral,neutral,neutral,neutral
900,positive,positive,positive,positive,positive,positive,positive,negative,positive,positive,positive,positive,positive,positive,positive,positive,positive,positive,positive,neutral,positive
901,negative,negative,negative,negative,negative,negative,negative,negative,negative,negative,negative,negative,neutral,negative,negative,negative,negative,negative,negative,neutral,negative
902,negative,negative,negative,negative,negative,negative,negative,negative,negative,negative,negative,negative,negative,negative,negative,negative,negative,negative,negative,negative,negative
903,negative,negative,negative,negative,negative,negative,negative,negative,negative,negative,negative,negative,negative,negative,negative,negative,negative,negative,negative,negative,negative
904,negative,negative,neutral,negative,neutral,negative,neutral,negative,negative,neutral,neutral,negative,negative,negative,neutral,negative,neutral,negative,neutral,negative,neutral
905,neutral,neutral,neutral,neutral,neutral,neutral,neutral,negative,negative,neutral,neutral,neutral,negative,neutral,neutral,neutral,neutral,neutral,neutral,neutral,neutral
906,negative,negative,negative,neutral,neutral,negative,negative,negative,negative,negative,negative,negative,neutral,negative,negative,negative,negative,negative,neutral,negative,negative
907,negative,negative,negative,negative,negative,negative,negative,negative,negative,negative,negative,negative,negative,negative,negative,negative,negative,negative,negative,negative,negative
908,negative,negative,negative,negative,negative,negative,positive,negative,negative,negative,negative,negative,neutral,negative,negative,negative,negative,negative,negative,neutral,negative
909,negative,neutral,neutral,neutral,neutral,neutral,neutral,negative,negative,neutral,neutral,negative,negative,negative,negative,negative,negative,negative,neutral,neutral,neutral
910,neutral,neutral,neutral,neutral,neutral,neutral,neutral,neutral,neutral,neutral,neutral,neutral,neutral,neutral,neutral,neutral,neutral,neutral,neutral,neutral,neutral
911,neutral,neutral,neutral,neutral,neutral,neutral,neutral,negative,negative,neutral,neutral,neutral,neutral,neutral,neutral,neutral,neutral,neutral,neutral,positive,neutral
912,negative,neutral,neutral,neutral,negative,neutral,neutral,neutral,negative,neutral,neutral,negative,negative,neutral,neutral,negative,negative,neutral,neutral,neutral,neutral
913,negative,negative,negative,negative,negative,negative,negative,negative,negative,negative,negative,negative,negative,negative,negative,negative,negative,negative,negative,negative,negative
914,negative,negative,negative,negative,negative,negative,negative,negative,negative,negative,negative,negative,neutral,negative,negative,negative,negative,negative,negative,negative,neutral
915,negative,neutral,neutral,neutral,neutral,negative,negative,negative,negative,neutral,neutral,negative,neutral,neutral,neutral,negative,negative,neutral,neutral,negative,negative
916,neutral,neutral,neutral,neutral,neutral,neutral,neutral,neutral,neutral,neutral,neutral,negative,neutral,neutral,neutral,neutral,neutral,neutral,neutral,neutral,neutral
917,negative,negative,negative,negative,negative,negative,negative,negative,negative,negative,negative,negative,negative,negative,negative,negative,neutral,negative,negative,neutral,neutral
918,negative,negative,negative,negative,negative,negative,negative,negative,negative,negative,negative,negative,negative,negative,negative,negative,negative,negative,negative,positive,negative
919,negative,neutral,neutral,neutral,neutral,neutral,neutral,negative,negative,neutral,neutral,neutral,neutral,neutral,neutral,negative,negative,neutral,neutral,positive,neutral
920,negative,negative,negative,negative,negative,negative,negative,negative,negative,negative,negative,negative,negative,negative,negative,negative,negative,negative,neutral,negative,negative
921,negative,negative,negative,negative,negative,negative,negative,negative,negative,negative,negative,negative,negative,negative,negative,negative,negative,negative,negative,negative,negative
922,negative,positive,positive,neutral,neutral,positive,positive,negative,negative,positive,positive,neutral,neutral,neutral,positive,negative,negative,positive,positive,positive,positive
923,neutral,neutral,neutral,negative,neutral,neutral,neutral,negative,neutral,neutral,neutral,negative,neutral,neutral,neutral,negative,neutral,neutral,neutral,negative,neutral
924,neutral,neutral,neutral,neutral,neutral,neutral,neutral,negative,neutral,neutral,neutral,neutral,neutral,neutral,neutral,neutral,neutral,neutral,neutral,neutral,neutral
925,positive,positive,positive,positive,positive,positive,positive,positive,positive,positive,positive,positive,positive,positive,positive,positive,positive,positive,positive,positive,positive
926,neutral,negative,neutral,neutral,neutral,neutral,neutral,neutral,neutral,negative,neutral,neutral,neutral,neutral,neutral,neutral,neutral,neutral,neutral,neutral,neutral
927,neutral,negative,neutral,negative,neutral,negative,positive,negative,negative,negative,positive,negative,neutral,negative,positive,negative,positive,negative,neutral,negative,negative
928,neutral,neutral,neutral,neutral,neutral,neutral,neutral,negative,neutral,neutral,neutral,neutral,negative,neutral,neutral,neutral,neutral,neutral,neutral,neutral,neutral
929,negative,negative,negative,negative,neutral,negative,negative,negative,negative,negative,negative,negative,negative,negative,negative,negative,neutral,negative,negative,negative,negative
930,negative,negative,negative,negative,neutral,negative,negative,negative,negative,negative,negative,negative,negative,negative,negative,negative,negative,negative,negative,neutral,neutral
931,negative,negative,negative,negative,negative,negative,negative,negative,negative,negative,negative,negative,negative,negative,negative,negative,negative,negative,negative,negative,negative
932,neutral,neutral,neutral,neutral,neutral,neutral,neutral,negative,neutral,neutral,neutral,negative,neutral,neutral,neutral,neutral,neutral,neutral,neutral,neutral,neutral
933,positive,neutral,neutral,positive,positive,neutral,neutral,positive,positive,neutral,neutral,positive,positive,neutral,neutral,positive,positive,neutral,positive,neutral,neutral
934,neutral,negative,neutral,negative,neutral,neutral,neutral,negative,negative,neutral,neutral,negative,neutral,neutral,neutral,negative,negative,negative,neutral,positive,neutral
935,neutral,neutral,neutral,neutral,neutral,neutral,neutral,negative,neutral,neutral,neutral,neutral,neutral,neutral,neutral,neutral,neutral,neutral,neutral,neutral,neutral
936,negative,neutral,neutral,neutral,neutral,neutral,neutral,negative,negative,neutral,neutral,negative,negative,neutral,neutral,neutral,neutral,neutral,neutral,negative,negative
937,neutral,neutral,neutral,positive,positive,neutral,neutral,negative,negative,neutral,neutral,positive,neutral,neutral,neutral,negative,neutral,neutral,neutral,positive,positive
938,neutral,neutral,neutral,neutral,neutral,neutral,neutral,negative,negative,neutral,neutral,neutral,neutral,neutral,neutral,neutral,neutral,neutral,neutral,neutral,neutral
939,negative,negative,negative,negative,negative,negative,negative,positive,negative,negative,negative,positive,negative,negative,negative,negative,negative,negative,negative,positive,negative
940,negative,negative,negative,negative,negative,negative,negative,negative,negative,negative,negative,negative,negative,negative,negative,negative,negative,negative,negative,negative,negative
941,negative,negative,negative,negative,negative,negative,negative,negative,negative,negative,negative,negative,negative,negative,negative,negative,negative,negative,negative,negative,negative
942,negative,negative,negative,negative,negative,negative,negative,negative,negative,negative,negative,negative,negative,negative,negative,negative,negative,negative,negative,negative,negative
943,negative,negative,negative,neutral,negative,negative,negative,negative,negative,negative,negative,neutral,negative,negative,negative,neutral,negative,negative,negative,neutral,negative
944,neutral,neutral,neutral,neutral,neutral,neutral,neutral,negative,neutral,neutral,neutral,neutral,neutral,neutral,neutral,neutral,neutral,negative,neutral,neutral,neutral
945,negative,negative,negative,negative,neutral,negative,negative,negative,negative,negative,negative,negative,negative,negative,negative,negative,negative,negative,negative,negative,negative
946,negative,negative,negative,negative,neutral,negative,negative,negative,negative,negative,negative,negative,negative,negative,negative,negative,negative,negative,negative,negative,neutral
947,neutral,neutral,neutral,neutral,neutral,neutral,neutral,neutral,neutral,neutral,neutral,neutral,neutral,neutral,neutral,neutral,neutral,neutral,neutral,neutral,neutral
948,positive,positive,positive,positive,positive,positive,positive,positive,positive,positive,positive,positive,positive,positive,positive,positive,positive,positive,positive,positive,positive
949,neutral,neutral,neutral,neutral,neutral,neutral,neutral,neutral,neutral,neutral,neutral,neutral,neutral,neutral,neutral,neutral,neutral,neutral,neutral,neutral,neutral
950,neutral,neutral,neutral,neutral,neutral,positive,neutral,negative,neutral,neutral,neutral,neutral,negative,neutral,neutral,neutral,negative,neutral,neutral,neutral,neutral
951,positive,neutral,neutral,neutral,neutral,neutral,neutral,positive,positive,neutral,neutral,positive,neutral,neutral,neutral,positive,positive,neutral,neutral,positive,positive
952,negative,negative,negative,neutral,negative,neutral,negative,negative,negative,negative,negative,negative,negative,negative,negative,negative,negative,neutral,negative,negative,negative
953,positive,positive,positive,positive,positive,positive,positive,positive,negative,positive,positive,positive,positive,positive,positive,positive,positive,positive,positive,positive,positive
954,negative,negative,negative,negative,negative,negative,negative,negative,negative,negative,negative,negative,negative,negative,negative,negative,negative,negative,negative,negative,negative
955,neutral,neutral,neutral,neutral,neutral,neutral,neutral,neutral,neutral,neutral,neutral,neutral,neutral,neutral,neutral,neutral,neutral,neutral,neutral,neutral,neutral
956,negative,negative,negative,negative,negative,negative,negative,negative,negative,negative,negative,negative,negative,negative,negative,negative,negative,negative,negative,negative,negative
957,negative,negative,negative,negative,negative,negative,negative,negative,negative,negative,negative,negative,negative,negative,negative,negative,negative,negative,negative,negative,negative
958,neutral,neutral,neutral,neutral,neutral,neutral,neutral,neutral,neutral,neutral,neutral,negative,neutral,neutral,neutral,negative,neutral,neutral,neutral,neutral,neutral
959,negative,negative,negative,negative,negative,negative,negative,negative,negative,negative,negative,negative,negative,negative,negative,negative,negative,negative,negative,negative,negative
960,negative,negative,negative,negative,negative,negative,negative,negative,negative,negative,negative,negative,negative,negative,negative,negative,negative,negative,negative,positive,negative
961,neutral,neutral,neutral,neutral,neutral,neutral,neutral,negative,negative,neutral,neutral,neutral,neutral,neutral,neutral,neutral,neutral,neutral,neutral,neutral,neutral
962,negative,negative,negative,negative,negative,negative,negative,negative,negative,negative,negative,negative,negative,negative,negative,negative,negative,negative,negative,negative,negative
963,negative,negative,negative,negative,negative,negative,negative,negative,negative,negative,negative,negative,negative,negative,negative,negative,negative,negative,negative,negative,neutral
964,negative,negative,negative,negative,negative,negative,negative,negative,negative,negative,negative,negative,negative,negative,negative,negative,negative,negative,negative,negative,negative
965,neutral,negative,positive,negative,negative,positive,positive,negative,neutral,positive,positive,negative,neutral,positive,positive,negative,neutral,positive,positive,negative,neutral
966,neutral,negative,neutral,neutral,neutral,negative,negative,negative,negative,negative,neutral,negative,neutral,neutral,neutral,negative,neutral,neutral,neutral,neutral,neutral
967,negative,neutral,negative,negative,negative,negative,negative,negative,negative,negative,negative,negative,negative,neutral,negative,negative,negative,negative,negative,neutral,negative
968,neutral,neutral,neutral,neutral,neutral,neutral,neutral,negative,negative,neutral,neutral,neutral,neutral,neutral,neutral,neutral,neutral,neutral,neutral,positive,neutral
969,neutral,neutral,neutral,neutral,neutral,neutral,neutral,neutral,neutral,neutral,neutral,neutral,neutral,neutral,neutral,neutral,neutral,neutral,neutral,neutral,neutral
970,negative,negative,negative,negative,negative,negative,negative,negative,negative,negative,negative,negative,negative,negative,negative,negative,negative,negative,negative,negative,negative
971,neutral,neutral,neutral,neutral,neutral,neutral,neutral,neutral,neutral,neutral,neutral,neutral,neutral,neutral,neutral,neutral,neutral,neutral,neutral,neutral,neutral
972,positive,neutral,neutral,neutral,neutral,positive,neutral,positive,positive,neutral,neutral,positive,neutral,neutral,neutral,positive,positive,neutral,neutral,positive,neutral
973,neutral,neutral,neutral,neutral,neutral,neutral,neutral,negative,neutral,negative,neutral,negative,neutral,negative,neutral,negative,neutral,neutral,neutral,neutral,neutral
974,negative,neutral,neutral,negative,negative,negative,negative,negative,negative,neutral,neutral,neutral,neutral,neutral,neutral,negative,negative,neutral,neutral,neutral,neutral
975,negative,negative,negative,negative,negative,negative,negative,negative,negative,negative,negative,negative,negative,negative,negative,negative,negative,negative,negative,negative,negative
976,neutral,neutral,negative,neutral,neutral,neutral,negative,negative,negative,neutral,neutral,neutral,neutral,negative,negative,neutral,neutral,neutral,negative,neutral,neutral
977,positive,neutral,positive,neutral,positive,negative,positive,negative,negative,neutral,positive,neutral,positive,positive,positive,positive,positive,negative,positive,neutral,positive
978,neutral,neutral,neutral,neutral,negative,neutral,neutral,neutral,neutral,neutral,neutral,neutral,neutral,neutral,neutral,neutral,neutral,neutral,neutral,neutral,neutral
979,positive,positive,positive,positive,positive,positive,positive,positive,positive,positive,positive,positive,positive,positive,positive,positive,positive,positive,positive,positive,positive
980,negative,neutral,neutral,negative,negative,neutral,neutral,negative,negative,neutral,neutral,negative,negative,neutral,neutral,negative,neutral,neutral,neutral,positive,negative
981,negative,neutral,neutral,positive,negative,neutral,neutral,negative,negative,neutral,neutral,positive,negative,neutral,neutral,positive,neutral,neutral,neutral,positive,neutral
982,neutral,neutral,neutral,negative,neutral,neutral,neutral,negative,neutral,neutral,neutral,negative,neutral,negative,neutral,negative,neutral,negative,neutral,neutral,neutral
983,negative,negative,negative,negative,negative,negative,negative,negative,negative,negative,negative,negative,negative,negative,negative,negative,negative,negative,negative,negative,negative
984,negative,negative,negative,negative,negative,negative,negative,negative,negative,negative,negative,negative,negative,negative,negative,negative,negative,negative,negative,negative,negative
985,positive,neutral,positive,neutral,positive,neutral,positive,negative,positive,neutral,positive,negative,positive,neutral,positive,negative,positive,neutral,positive,neutral,positive
986,negative,negative,negative,positive,negative,negative,negative,negative,negative,neutral,negative,positive,neutral,positive,negative,positive,negative,negative,negative,positive,negative
987,neutral,neutral,neutral,neutral,neutral,neutral,neutral,negative,neutral,neutral,neutral,neutral,neutral,neutral,neutral,neutral,neutral,neutral,neutral,neutral,neutral
988,positive,positive,positive,positive,positive,positive,positive,negative,positive,positive,positive,positive,positive,positive,positive,positive,positive,positive,positive,positive,positive
989,neutral,neutral,neutral,neutral,neutral,neutral,neutral,negative,negative,neutral,neutral,neutral,neutral,neutral,neutral,neutral,neutral,neutral,neutral,neutral,neutral
990,neutral,neutral,neutral,neutral,neutral,neutral,negative,negative,negative,neutral,negative,neutral,negative,neutral,neutral,neutral,neutral,neutral,neutral,neutral,neutral
991,neutral,neutral,neutral,neutral,neutral,neutral,neutral,neutral,neutral,neutral,neutral,neutral,neutral,neutral,neutral,positive,neutral,neutral,neutral,neutral,neutral
992,neutral,neutral,neutral,neutral,neutral,neutral,neutral,negative,negative,neutral,neutral,neutral,negative,neutral,neutral,neutral,neutral,neutral,neutral,neutral,neutral
993,neutral,neutral,neutral,neutral,neutral,neutral,neutral,neutral,neutral,neutral,neutral,neutral,neutral,neutral,neutral,neutral,neutral,neutral,neutral,neutral,neutral
994,negative,neutral,negative,neutral,negative,neutral,negative,neutral,negative,neutral,negative,neutral,negative,neutral,negative,neutral,neutral,neutral,neutral,neutral,negative
995,negative,negative,negative,negative,negative,negative,negative,negative,negative,negative,negative,negative,negative,negative,negative,negative,negative,negative,negative,neutral,negative
996,negative,negative,negative,negative,negative,negative,negative,negative,negative,negative,negative,negative,negative,negative,negative,negative,neutral,negative,negative,negative,negative
997,negative,negative,negative,negative,negative,negative,negative,negative,negative,negative,negative,negative,negative,negative,negative,negative,negative,negative,negative,negative,negative
998,neutral,neutral,neutral,neutral,neutral,neutral,neutral,neutral,neutral,neutral,neutral,neutral,neutral,neutral,neutral,neutral,neutral,neutral,neutral,neutral,neutral
999,positive,positive,positive,positive,positive,positive,positive,positive,positive,positive,positive,positive,positive,positive,positive,positive,positive,positive,positive,positive,positive
1000,negative,neutral,negative,neutral,negative,negative,negative,negative,negative,negative,negative,negative,negative,negative,negative,neutral,negative,negative,negative,neutral,negative
1001,negative,negative,negative,negative,negative,negative,negative,negative,negative,negative,negative,negative,negative,negative,negative,negative,negative,negative,negative,negative,negative
1002,negative,neutral,neutral,neutral,neutral,neutral,neutral,negative,negative,neutral,neutral,negative,negative,neutral,neutral,negative,neutral,neutral,neutral,neutral,neutral
1003,negative,negative,negative,neutral,negative,neutral,negative,negative,negative,negative,negative,negative,negative,negative,negative,neutral,negative,negative,negative,neutral,negative
1004,neutral,neutral,neutral,neutral,neutral,neutral,neutral,neutral,neutral,neutral,neutral,neutral,neutral,neutral,neutral,neutral,neutral,neutral,neutral,neutral,neutral
1005,neutral,neutral,neutral,positive,neutral,positive,neutral,negative,negative,neutral,neutral,positive,neutral,neutral,neutral,positive,neutral,neutral,neutral,positive,neutral
1006,negative,negative,negative,negative,negative,negative,negative,negative,negative,negative,negative,negative,negative,negative,negative,negative,negative,negative,negative,negative,negative
1007,neutral,neutral,neutral,neutral,neutral,neutral,neutral,neutral,neutral,neutral,neutral,neutral,neutral,neutral,neutral,neutral,neutral,neutral,neutral,neutral,neutral
1008,positive,positive,positive,positive,positive,positive,positive,positive,positive,positive,positive,positive,positive,positive,positive,positive,positive,positive,positive,positive,positive
1009,positive,positive,positive,positive,positive,positive,positive,negative,negative,positive,positive,positive,positive,positive,positive,negative,positive,positive,positive,positive,positive
1010,negative,negative,negative,negative,negative,negative,negative,negative,negative,negative,negative,negative,negative,negative,negative,negative,negative,negative,negative,negative,negative
1011,positive,negative,positive,neutral,positive,neutral,positive,negative,positive,neutral,positive,neutral,positive,negative,positive,neutral,positive,neutral,positive,neutral,positive
1012,positive,positive,positive,positive,positive,positive,positive,negative,negative,positive,positive,positive,positive,positive,positive,positive,positive,positive,positive,positive,positive
1013,negative,negative,negative,negative,negative,negative,negative,negative,negative,negative,negative,negative,negative,negative,negative,negative,negative,negative,negative,negative,negative
1014,neutral,neutral,neutral,neutral,neutral,neutral,neutral,neutral,neutral,neutral,neutral,neutral,neutral,neutral,neutral,neutral,neutral,neutral,neutral,neutral,neutral
1015,negative,negative,negative,negative,negative,negative,negative,negative,negative,negative,negative,negative,negative,negative,negative,negative,negative,negative,negative,negative,negative
1016,positive,positive,positive,positive,positive,positive,positive,negative,negative,positive,positive,negative,positive,positive,positive,positive,positive,positive,positive,positive,positive
1017,negative,negative,negative,negative,negative,negative,negative,negative,negative,negative,negative,negative,negative,negative,negative,negative,negative,negative,negative,negative,negative
1018,negative,negative,negative,negative,negative,negative,negative,negative,negative,negative,negative,negative,negative,negative,negative,negative,negative,negative,negative,negative,negative
1019,negative,negative,negative,negative,negative,negative,negative,negative,negative,negative,negative,negative,negative,negative,negative,negative,negative,negative,negative,negative,negative
1020,negative,negative,negative,negative,negative,negative,negative,negative,negative,negative,negative,negative,negative,negative,negative,negative,negative,negative,negative,negative,negative
1021,neutral,neutral,neutral,neutral,neutral,neutral,neutral,negative,negative,neutral,neutral,neutral,negative,neutral,neutral,neutral,neutral,neutral,neutral,neutral,neutral
1022,negative,negative,negative,negative,negative,negative,negative,negative,negative,negative,negative,negative,negative,negative,negative,negative,negative,negative,negative,negative,negative
1023,positive,positive,negative,negative,negative,positive,negative,negative,negative,negative,negative,negative,positive,negative,negative,positive,positive,positive,negative,positive,negative
1024,negative,negative,negative,negative,negative,negative,negative,negative,negative,negative,negative,negative,negative,negative,negative,negative,negative,negative,negative,negative,negative
1025,neutral,neutral,neutral,neutral,neutral,neutral,neutral,neutral,neutral,neutral,neutral,neutral,neutral,neutral,neutral,neutral,neutral,neutral,neutral,neutral,neutral
1026,neutral,neutral,neutral,neutral,neutral,neutral,neutral,neutral,neutral,neutral,neutral,neutral,neutral,neutral,neutral,neutral,neutral,neutral,neutral,neutral,neutral
1027,neutral,neutral,neutral,neutral,neutral,neutral,neutral,neutral,neutral,neutral,neutral,neutral,neutral,neutral,neutral,neutral,neutral,neutral,neutral,neutral,neutral
1028,negative,neutral,neutral,negative,negative,neutral,negative,negative,negative,neutral,neutral,negative,negative,neutral,neutral,negative,neutral,neutral,neutral,negative,neutral
1029,negative,negative,negative,negative,negative,negative,negative,negative,negative,negative,negative,negative,negative,negative,negative,negative,negative,negative,negative,negative,negative
1030,negative,negative,negative,negative,negative,negative,negative,negative,negative,negative,negative,negative,negative,negative,negative,negative,negative,negative,negative,negative,negative
1031,negative,neutral,neutral,neutral,negative,neutral,neutral,neutral,negative,neutral,negative,neutral,neutral,neutral,negative,neutral,negative,neutral,neutral,neutral,neutral
1032,negative,negative,negative,negative,negative,negative,negative,negative,negative,negative,negative,negative,negative,negative,negative,negative,negative,negative,negative,neutral,negative
1033,neutral,negative,neutral,negative,neutral,negative,neutral,negative,neutral,neutral,neutral,negative,neutral,neutral,neutral,negative,negative,negative,neutral,neutral,neutral
1034,negative,negative,negative,negative,negative,negative,negative,negative,negative,negative,negative,negative,negative,negative,negative,negative,negative,negative,negative,negative,negative
1035,neutral,neutral,neutral,neutral,neutral,neutral,neutral,neutral,neutral,neutral,neutral,neutral,neutral,neutral,neutral,neutral,neutral,neutral,neutral,neutral,neutral
1036,negative,negative,negative,negative,negative,negative,negative,negative,negative,negative,negative,negative,negative,negative,negative,negative,negative,negative,negative,negative,negative
1037,negative,neutral,negative,neutral,neutral,neutral,negative,negative,negative,neutral,neutral,negative,negative,neutral,negative,neutral,negative,neutral,neutral,neutral,neutral
1038,negative,negative,negative,negative,negative,negative,negative,negative,negative,negative,negative,negative,negative,negative,negative,negative,negative,negative,negative,negative,negative
1039,positive,positive,positive,positive,positive,positive,positive,positive,negative,positive,positive,positive,positive,positive,positive,positive,positive,positive,positive,positive,positive
1040,neutral,neutral,neutral,neutral,neutral,neutral,neutral,negative,negative,neutral,neutral,negative,neutral,neutral,neutral,neutral,neutral,neutral,neutral,negative,neutral
1041,positive,positive,neutral,positive,positive,positive,positive,positive,positive,positive,neutral,positive,positive,positive,neutral,positive,positive,positive,neutral,positive,positive
1042,negative,negative,negative,negative,negative,negative,negative,negative,negative,negative,negative,negative,negative,negative,negative,negative,negative,negative,negative,negative,negative
1043,negative,negative,negative,negative,negative,negative,negative,negative,negative,negative,negative,negative,negative,negative,negative,negative,negative,negative,negative,negative,negative
1044,negative,negative,negative,neutral,negative,negative,negative,positive,neutral,negative,negative,positive,negative,negative,negative,positive,negative,negative,negative,positive,neutral
1045,negative,negative,negative,negative,negative,negative,negative,negative,negative,negative,negative,negative,negative,negative,negative,negative,negative,negative,negative,negative,negative
1046,negative,negative,negative,negative,negative,negative,negative,negative,negative,negative,negative,negative,negative,negative,negative,negative,negative,negative,negative,negative,negative
1047,positive,positive,positive,positive,positive,positive,positive,positive,positive,positive,positive,positive,positive,positive,positive,positive,positive,positive,positive,positive,positive
1048,negative,negative,negative,neutral,neutral,negative,negative,negative,negative,negative,negative,negative,negative,negative,negative,neutral,negative,negative,negative,neutral,neutral
1049,negative,neutral,neutral,neutral,neutral,neutral,neutral,negative,negative,neutral,neutral,negative,negative,neutral,neutral,neutral,neutral,neutral,negative,neutral,neutral
1050,negative,negative,negative,negative,negative,negative,negative,negative,negative,negative,negative,negative,negative,negative,negative,negative,negative,negative,negative,negative,negative
1051,negative,positive,negative,positive,negative,positive,negative,negative,negative,negative,negative,positive,negative,positive,negative,positive,negative,positive,negative,positive,negative
1052,negative,negative,negative,negative,negative,negative,negative,negative,negative,negative,negative,negative,negative,negative,negative,negative,negative,negative,negative,negative,negative
1053,negative,negative,negative,negative,negative,negative,negative,negative,negative,negative,negative,negative,negative,negative,negative,negative,negative,negative,negative,positive,negative
1054,negative,negative,negative,negative,negative,negative,negative,negative,negative,negative,negative,negative,negative,negative,negative,negative,negative,negative,negative,negative,negative
1055,negative,neutral,neutral,neutral,neutral,negative,negative,negative,negative,neutral,negative,negative,negative,neutral,negative,negative,negative,neutral,neutral,neutral,neutral
1056,neutral,neutral,neutral,neutral,neutral,neutral,neutral,negative,negative,neutral,neutral,neutral,negative,neutral,neutral,neutral,neutral,neutral,neutral,neutral,neutral
1057,negative,negative,negative,negative,negative,negative,negative,negative,negative,negative,negative,negative,negative,negative,negative,negative,negative,negative,negative,negative,negative
1058,negative,negative,negative,negative,negative,negative,negative,negative,negative,negative,negative,negative,negative,negative,negative,negative,negative,negative,negative,neutral,negative
1059,neutral,neutral,neutral,neutral,neutral,neutral,neutral,neutral,neutral,neutral,neutral,neutral,neutral,neutral,neutral,neutral,neutral,neutral,neutral,neutral,neutral
1060,neutral,neutral,neutral,neutral,neutral,neutral,neutral,neutral,neutral,neutral,neutral,neutral,neutral,neutral,neutral,neutral,neutral,neutral,neutral,neutral,neutral
1061,negative,negative,negative,negative,negative,negative,negative,negative,negative,negative,negative,negative,negative,negative,negative,negative,negative,negative,negative,negative,negative
1062,neutral,neutral,neutral,neutral,neutral,neutral,neutral,neutral,neutral,neutral,neutral,neutral,neutral,neutral,neutral,neutral,neutral,neutral,neutral,neutral,neutral
1063,negative,negative,neutral,negative,neutral,negative,negative,negative,negative,neutral,neutral,negative,negative,negative,negative,negative,neutral,negative,negative,negative,negative
1064,neutral,neutral,neutral,neutral,neutral,neutral,neutral,positive,neutral,neutral,neutral,positive,neutral,neutral,neutral,positive,neutral,neutral,neutral,positive,positive
1065,negative,negative,negative,negative,neutral,negative,neutral,negative,negative,negative,negative,negative,negative,neutral,neutral,negative,negative,negative,neutral,negative,neutral
1066,neutral,neutral,neutral,neutral,neutral,neutral,neutral,negative,negative,neutral,neutral,neutral,neutral,neutral,neutral,neutral,neutral,neutral,neutral,neutral,neutral
1067,negative,neutral,neutral,neutral,neutral,negative,negative,negative,neutral,negative,negative,negative,negative,neutral,negative,negative,negative,negative,negative,neutral,neutral
1068,negative,negative,neutral,neutral,neutral,negative,negative,negative,negative,negative,negative,negative,negative,negative,negative,negative,negative,negative,negative,negative,negative
1069,neutral,negative,negative,neutral,neutral,negative,neutral,negative,negative,negative,neutral,negative,negative,negative,neutral,neutral,neutral,negative,neutral,negative,neutral
1070,neutral,neutral,neutral,neutral,neutral,neutral,neutral,neutral,neutral,neutral,neutral,neutral,neutral,neutral,neutral,positive,neutral,neutral,neutral,neutral,neutral
1071,positive,positive,positive,positive,positive,positive,positive,positive,positive,positive,positive,positive,positive,positive,positive,positive,positive,positive,positive,positive,positive
1072,neutral,neutral,neutral,neutral,neutral,neutral,neutral,negative,neutral,neutral,neutral,neutral,neutral,neutral,neutral,neutral,neutral,neutral,neutral,neutral,neutral
1073,negative,negative,negative,negative,negative,negative,negative,negative,negative,negative,negative,negative,negative,negative,negative,negative,negative,negative,negative,negative,negative
1074,negative,negative,neutral,negative,neutral,negative,negative,negative,negative,negative,negative,negative,negative,negative,negative,negative,negative,negative,neutral,negative,negative
1075,neutral,neutral,neutral,neutral,neutral,neutral,neutral,neutral,neutral,neutral,neutral,positive,neutral,neutral,neutral,neutral,neutral,neutral,neutral,neutral,neutral
1076,neutral,neutral,neutral,neutral,neutral,neutral,neutral,negative,neutral,neutral,neutral,negative,neutral,neutral,neutral,neutral,neutral,neutral,neutral,neutral,neutral
1077,negative,negative,negative,negative,negative,negative,negative,negative,negative,negative,negative,negative,negative,negative,negative,negative,negative,negative,negative,negative,negative
1078,negative,negative,negative,negative,negative,negative,negative,negative,negative,negative,negative,negative,negative,negative,negative,negative,negative,negative,negative,negative,negative
1079,neutral,neutral,neutral,neutral,neutral,neutral,neutral,neutral,neutral,neutral,neutral,neutral,neutral,neutral,neutral,neutral,neutral,neutral,neutral,neutral,neutral
1080,negative,negative,negative,negative,negative,negative,negative,negative,negative,negative,negative,negative,neutral,negative,negative,negative,neutral,negative,negative,negative,neutral
1081,negative,negative,negative,negative,negative,negative,negative,negative,negative,negative,negative,negative,negative,negative,negative,negative,negative,negative,negative,negative,negative
1082,negative,negative,negative,negative,negative,negative,negative,negative,negative,negative,neutral,negative,neutral,negative,negative,negative,negative,negative,negative,negative,negative
1083,negative,negative,negative,negative,negative,negative,negative,negative,negative,negative,negative,negative,negative,negative,negative,negative,negative,negative,negative,negative,negative
1084,neutral,neutral,neutral,neutral,neutral,neutral,neutral,neutral,negative,neutral,neutral,neutral,positive,neutral,neutral,neutral,neutral,neutral,neutral,neutral,positive
1085,negative,negative,negative,negative,negative,negative,negative,negative,negative,negative,negative,negative,negative,negative,negative,negative,negative,negative,negative,negative,negative
1086,neutral,neutral,neutral,neutral,neutral,neutral,neutral,negative,negative,neutral,neutral,neutral,neutral,neutral,neutral,neutral,neutral,neutral,neutral,negative,negative
1087,negative,negative,negative,negative,negative,negative,negative,negative,negative,negative,negative,negative,negative,negative,negative,negative,negative,negative,negative,negative,positive
1088,negative,neutral,neutral,neutral,neutral,negative,negative,negative,negative,negative,negative,negative,negative,negative,negative,negative,negative,negative,negative,neutral,neutral
1089,negative,negative,negative,negative,negative,negative,negative,negative,negative,negative,negative,negative,negative,negative,negative,negative,negative,negative,negative,negative,negative
1090,positive,positive,positive,positive,positive,positive,positive,positive,positive,positive,positive,positive,positive,positive,positive,positive,positive,positive,positive,positive,positive
1091,negative,negative,negative,negative,negative,negative,negative,negative,negative,negative,negative,negative,negative,negative,negative,negative,negative,negative,negative,negative,negative
1092,neutral,neutral,neutral,neutral,neutral,neutral,neutral,neutral,neutral,neutral,neutral,positive,neutral,neutral,neutral,neutral,neutral,neutral,neutral,neutral,neutral
1093,neutral,negative,neutral,negative,neutral,negative,neutral,negative,negative,negative,neutral,negative,negative,negative,neutral,negative,neutral,negative,neutral,neutral,neutral
1094,negative,negative,negative,negative,negative,negative,negative,negative,negative,negative,negative,negative,negative,negative,negative,negative,negative,negative,negative,negative,negative
1095,neutral,neutral,neutral,neutral,neutral,neutral,neutral,negative,negative,neutral,neutral,neutral,neutral,neutral,neutral,neutral,neutral,neutral,neutral,neutral,negative
1096,negative,negative,negative,negative,negative,negative,negative,negative,negative,negative,negative,negative,negative,negative,negative,negative,negative,negative,negative,negative,negative
1097,negative,negative,negative,negative,negative,negative,negative,negative,negative,negative,negative,negative,neutral,negative,negative,negative,neutral,negative,negative,negative,negative
1098,positive,positive,positive,positive,positive,positive,positive,positive,neutral,positive,positive,positive,positive,positive,positive,positive,positive,positive,positive,positive,neutral
1099,neutral,negative,negative,neutral,neutral,negative,negative,negative,negative,negative,negative,negative,negative,negative,negative,positive,neutral,negative,negative,positive,neutral
1100,negative,neutral,negative,neutral,neutral,neutral,negative,negative,negative,neutral,negative,negative,negative,neutral,negative,negative,negative,neutral,negative,neutral,neutral
1101,neutral,neutral,negative,neutral,neutral,negative,negative,negative,negative,negative,neutral,negative,neutral,neutral,neutral,positive,positive,negative,neutral,positive,neutral
1102,negative,negative,negative,neutral,negative,negative,negative,negative,negative,negative,negative,neutral,negative,negative,negative,negative,negative,negative,negative,neutral,negative
1103,neutral,neutral,neutral,neutral,neutral,neutral,neutral,negative,negative,neutral,neutral,negative,neutral,neutral,neutral,neutral,neutral,neutral,neutral,neutral,neutral
1104,negative,negative,negative,negative,negative,negative,negative,negative,negative,negative,negative,negative,negative,negative,negative,negative,negative,negative,negative,negative,negative
1105,neutral,neutral,neutral,neutral,neutral,neutral,neutral,neutral,neutral,neutral,neutral,neutral,neutral,neutral,neutral,neutral,neutral,neutral,neutral,neutral,neutral
1106,negative,negative,negative,negative,negative,negative,negative,negative,negative,negative,negative,negative,negative,negative,negative,negative,negative,negative,negative,negative,negative
1107,neutral,neutral,neutral,neutral,neutral,neutral,neutral,negative,negative,neutral,neutral,negative,negative,neutral,neutral,neutral,neutral,negative,negative,negative,negative
1108,neutral,neutral,neutral,negative,neutral,neutral,neutral,negative,negative,neutral,neutral,negative,neutral,neutral,neutral,negative,neutral,neutral,neutral,neutral,negative
1109,neutral,positive,neutral,neutral,neutral,positive,neutral,negative,neutral,positive,neutral,positive,neutral,positive,neutral,positive,neutral,positive,neutral,positive,neutral
1110,positive,positive,positive,positive,positive,positive,positive,positive,positive,positive,positive,positive,positive,positive,positive,positive,positive,positive,positive,positive,positive
1111,negative,negative,negative,neutral,neutral,negative,negative,negative,negative,negative,negative,neutral,neutral,negative,negative,negative,negative,negative,neutral,negative,neutral
1112,neutral,negative,neutral,negative,neutral,negative,neutral,negative,negative,negative,neutral,negative,neutral,negative,neutral,negative,neutral,negative,neutral,negative,neutral
1113,neutral,neutral,neutral,neutral,neutral,negative,neutral,negative,neutral,neutral,neutral,negative,neutral,neutral,neutral,negative,neutral,neutral,neutral,neutral,neutral
1114,negative,negative,negative,negative,neutral,negative,negative,negative,negative,negative,negative,negative,negative,neutral,neutral,negative,neutral,negative,negative,negative,neutral
1115,negative,positive,negative,negative,negative,positive,positive,negative,negative,positive,negative,negative,negative,positive,negative,negative,negative,positive,negative,positive,negative
1116,negative,negative,negative,negative,negative,negative,negative,negative,negative,negative,negative,negative,negative,negative,negative,negative,negative,negative,negative,negative,negative
1117,neutral,neutral,neutral,neutral,neutral,neutral,neutral,negative,negative,neutral,neutral,neutral,neutral,neutral,neutral,negative,neutral,neutral,neutral,neutral,neutral
1118,negative,negative,negative,negative,negative,negative,negative,negative,negative,negative,negative,positive,positive,negative,negative,positive,negative,negative,negative,positive,negative
1119,negative,negative,negative,negative,negative,negative,negative,negative,negative,negative,negative,negative,neutral,negative,negative,negative,negative,negative,negative,neutral,neutral
1120,neutral,neutral,neutral,neutral,neutral,neutral,neutral,neutral,neutral,neutral,neutral,neutral,neutral,neutral,neutral,neutral,neutral,neutral,neutral,neutral,neutral
1121,negative,negative,negative,negative,negative,negative,negative,negative,negative,negative,negative,negative,negative,negative,negative,negative,negative,negative,negative,negative,negative
1122,negative,negative,negative,negative,negative,negative,negative,negative,negative,negative,negative,negative,negative,negative,negative,negative,negative,negative,negative,negative,negative
1123,neutral,neutral,neutral,neutral,neutral,neutral,neutral,neutral,neutral,neutral,neutral,positive,neutral,neutral,neutral,neutral,neutral,neutral,neutral,neutral,neutral
1124,neutral,negative,neutral,negative,neutral,negative,neutral,negative,neutral,negative,neutral,negative,neutral,negative,neutral,negative,neutral,negative,neutral,neutral,neutral
1125,negative,neutral,negative,negative,negative,neutral,negative,negative,negative,neutral,negative,negative,negative,neutral,negative,negative,negative,negative,negative,negative,negative
1126,negative,negative,negative,negative,negative,negative,negative,negative,negative,negative,negative,negative,negative,negative,negative,negative,negative,negative,negative,negative,negative
1127,negative,negative,negative,negative,negative,negative,negative,negative,negative,negative,negative,negative,negative,negative,negative,negative,negative,negative,negative,negative,negative
1128,negative,negative,negative,negative,negative,negative,negative,negative,negative,negative,negative,negative,negative,negative,negative,negative,neutral,negative,negative,neutral,negative
1129,neutral,negative,negative,neutral,neutral,negative,negative,negative,negative,negative,negative,negative,negative,negative,negative,negative,neutral,negative,negative,negative,neutral
1130,negative,negative,negative,neutral,neutral,negative,negative,negative,negative,negative,negative,negative,negative,negative,negative,negative,negative,negative,negative,negative,negative
1131,neutral,neutral,neutral,neutral,neutral,neutral,neutral,neutral,negative,neutral,neutral,neutral,neutral,neutral,neutral,neutral,neutral,neutral,neutral,neutral,neutral
1132,neutral,positive,positive,neutral,positive,positive,positive,neutral,neutral,neutral,neutral,neutral,neutral,neutral,neutral,positive,positive,neutral,neutral,positive,positive
1133,negative,negative,negative,negative,negative,negative,negative,negative,negative,negative,negative,negative,negative,negative,negative,negative,negative,negative,negative,negative,negative
1134,negative,negative,negative,negative,negative,negative,negative,negative,negative,negative,negative,negative,negative,negative,negative,negative,negative,negative,negative,negative,negative
1135,negative,negative,negative,negative,negative,negative,negative,negative,negative,negative,negative,negative,negative,negative,negative,negative,negative,negative,negative,negative,negative
1136,negative,negative,negative,negative,negative,negative,negative,negative,negative,negative,negative,negative,negative,negative,negative,negative,negative,negative,negative,negative,negative
1137,negative,negative,negative,negative,negative,negative,negative,negative,negative,negative,negative,negative,negative,negative,negative,negative,negative,negative,negative,negative,negative
1138,negative,neutral,negative,neutral,negative,neutral,neutral,negative,negative,neutral,neutral,positive,negative,neutral,neutral,positive,neutral,neutral,negative,positive,negative
1139,neutral,neutral,negative,neutral,negative,neutral,neutral,negative,neutral,neutral,neutral,neutral,neutral,neutral,neutral,neutral,neutral,neutral,neutral,neutral,neutral
1140,neutral,positive,neutral,positive,neutral,negative,neutral,negative,neutral,negative,neutral,negative,neutral,negative,neutral,negative,neutral,negative,neutral,negative,negative
1141,negative,negative,negative,negative,negative,negative,negative,negative,negative,negative,negative,negative,negative,negative,negative,negative,negative,negative,negative,negative,negative
1142,negative,negative,negative,negative,negative,negative,negative,negative,negative,negative,negative,negative,negative,negative,negative,negative,negative,negative,negative,negative,negative
1143,negative,negative,negative,negative,negative,negative,negative,negative,negative,negative,negative,negative,negative,negative,negative,negative,negative,negative,negative,negative,negative
1144,neutral,neutral,neutral,negative,neutral,neutral,neutral,negative,neutral,neutral,neutral,neutral,neutral,neutral,neutral,neutral,neutral,neutral,neutral,negative,neutral
1145,negative,neutral,neutral,neutral,neutral,neutral,neutral,negative,negative,neutral,neutral,negative,negative,neutral,neutral,negative,negative,neutral,neutral,neutral,neutral
1146,negative,negative,negative,negative,negative,negative,negative,negative,negative,negative,negative,negative,negative,negative,negative,negative,negative,negative,negative,negative,negative
1147,neutral,neutral,neutral,neutral,neutral,neutral,neutral,negative,negative,neutral,neutral,negative,neutral,neutral,neutral,neutral,neutral,neutral,neutral,neutral,negative
1148,negative,negative,negative,negative,negative,negative,negative,negative,negative,negative,negative,negative,negative,negative,negative,negative,negative,negative,negative,neutral,neutral
1149,negative,negative,negative,negative,negative,negative,negative,negative,negative,negative,negative,negative,negative,negative,negative,negative,negative,negative,negative,negative,negative
1150,negative,negative,negative,negative,negative,negative,negative,negative,negative,negative,negative,negative,positive,negative,negative,negative,negative,negative,negative,neutral,neutral
1151,positive,positive,positive,neutral,positive,positive,positive,neutral,negative,positive,positive,positive,positive,positive,positive,positive,neutral,positive,positive,positive,positive
1152,neutral,neutral,neutral,negative,neutral,neutral,neutral,negative,neutral,neutral,neutral,positive,neutral,neutral,neutral,negative,neutral,neutral,neutral,positive,neutral
1153,negative,negative,negative,negative,negative,negative,negative,negative,negative,negative,negative,negative,negative,negative,negative,negative,negative,negative,negative,negative,negative
1154,negative,negative,negative,negative,negative,negative,negative,negative,negative,negative,negative,negative,negative,negative,negative,negative,negative,negative,negative,negative,negative
1155,neutral,neutral,neutral,neutral,neutral,neutral,neutral,negative,negative,neutral,neutral,neutral,neutral,neutral,neutral,negative,neutral,neutral,neutral,negative,negative
1156,negative,neutral,neutral,negative,neutral,negative,neutral,negative,negative,neutral,neutral,negative,neutral,neutral,neutral,negative,negative,neutral,neutral,negative,negative
1157,negative,negative,negative,negative,negative,negative,negative,negative,negative,negative,negative,negative,negative,negative,negative,negative,negative,negative,negative,neutral,negative
1158,neutral,neutral,neutral,neutral,neutral,neutral,neutral,negative,negative,neutral,neutral,neutral,negative,neutral,negative,neutral,neutral,neutral,negative,neutral,neutral
1159,negative,negative,negative,negative,negative,negative,negative,negative,negative,negative,negative,negative,negative,negative,negative,negative,negative,negative,negative,negative,negative
1160,negative,negative,negative,negative,negative,negative,negative,negative,negative,negative,negative,neutral,negative,negative,negative,negative,negative,negative,negative,negative,negative
1161,neutral,neutral,neutral,neutral,neutral,neutral,neutral,negative,neutral,neutral,neutral,neutral,neutral,neutral,neutral,neutral,neutral,neutral,neutral,neutral,neutral
1162,neutral,neutral,neutral,neutral,neutral,neutral,neutral,negative,negative,neutral,neutral,negative,negative,neutral,neutral,negative,neutral,neutral,neutral,neutral,neutral
1163,negative,negative,negative,negative,negative,negative,negative,negative,negative,negative,negative,negative,negative,negative,negative,negative,negative,negative,negative,negative,negative
1164,negative,negative,negative,negative,negative,negative,negative,negative,negative,negative,negative,negative,negative,negative,negative,negative,negative,negative,negative,negative,negative
1165,positive,positive,positive,positive,positive,positive,positive,negative,negative,positive,positive,positive,positive,positive,positive,positive,positive,positive,positive,positive,positive
1166,neutral,neutral,neutral,negative,neutral,neutral,neutral,negative,negative,neutral,neutral,neutral,neutral,negative,neutral,negative,neutral,neutral,neutral,negative,neutral
1167,neutral,neutral,neutral,neutral,neutral,neutral,neutral,negative,negative,neutral,neutral,neutral,neutral,neutral,neutral,neutral,neutral,neutral,neutral,neutral,neutral
1168,negative,negative,negative,negative,negative,negative,negative,negative,negative,negative,negative,negative,neutral,negative,negative,negative,negative,negative,negative,negative,negative
1169,negative,negative,negative,negative,negative,negative,negative,negative,negative,negative,negative,negative,negative,negative,negative,negative,negative,negative,negative,negative,negative
1170,negative,negative,negative,negative,negative,negative,negative,negative,negative,negative,negative,negative,negative,negative,negative,negative,negative,negative,negative,neutral,negative
1171,neutral,neutral,neutral,neutral,neutral,neutral,neutral,negative,neutral,neutral,neutral,negative,negative,neutral,neutral,neutral,neutral,neutral,neutral,neutral,neutral
1172,negative,negative,negative,negative,negative,negative,negative,negative,negative,negative,negative,negative,negative,negative,negative,negative,negative,negative,negative,negative,negative
1173,neutral,negative,neutral,negative,neutral,negative,neutral,negative,neutral,negative,neutral,negative,neutral,negative,neutral,negative,neutral,negative,neutral,negative,neutral
1174,negative,negative,negative,negative,negative,negative,negative,negative,negative,negative,negative,negative,negative,negative,negative,negative,negative,negative,negative,negative,negative
1175,negative,negative,negative,neutral,negative,negative,negative,negative,negative,negative,negative,negative,negative,negative,negative,negative,negative,negative,negative,neutral,negative
1176,positive,positive,positive,positive,positive,positive,positive,negative,positive,positive,positive,positive,positive,positive,positive,positive,positive,positive,positive,positive,positive
1177,neutral,neutral,neutral,neutral,neutral,neutral,neutral,neutral,neutral,neutral,neutral,neutral,neutral,neutral,neutral,neutral,neutral,neutral,neutral,neutral,neutral
1178,negative,negative,negative,negative,neutral,negative,negative,negative,negative,negative,negative,negative,negative,negative,negative,negative,negative,negative,negative,neutral,negative
1179,negative,negative,negative,negative,negative,negative,negative,negative,negative,negative,negative,negative,negative,negative,negative,negative,negative,negative,negative,negative,negative
1180,neutral,negative,negative,negative,neutral,negative,neutral,negative,neutral,negative,neutral,negative,negative,negative,negative,neutral,neutral,negative,neutral,neutral,neutral
1181,negative,negative,neutral,negative,neutral,negative,negative,negative,negative,negative,negative,negative,negative,negative,neutral,negative,negative,negative,neutral,negative,neutral
1182,negative,negative,negative,neutral,neutral,negative,negative,negative,negative,neutral,negative,neutral,neutral,negative,negative,neutral,neutral,negative,negative,negative,negative
1183,neutral,neutral,neutral,neutral,neutral,negative,neutral,negative,negative,neutral,neutral,neutral,neutral,neutral,neutral,neutral,neutral,neutral,neutral,neutral,neutral
1184,neutral,neutral,neutral,neutral,neutral,neutral,neutral,negative,neutral,neutral,neutral,neutral,positive,neutral,neutral,neutral,neutral,neutral,neutral,neutral,neutral
1185,negative,negative,negative,negative,negative,negative,negative,negative,negative,negative,negative,negative,negative,negative,negative,negative,negative,negative,negative,negative,negative
1186,neutral,neutral,neutral,neutral,neutral,negative,neutral,negative,negative,neutral,neutral,neutral,neutral,neutral,neutral,neutral,neutral,neutral,neutral,negative,neutral
1187,negative,negative,negative,negative,negative,negative,negative,negative,negative,negative,negative,negative,negative,negative,negative,negative,negative,negative,negative,negative,neutral
1188,positive,negative,positive,negative,positive,negative,positive,negative,negative,negative,positive,negative,positive,negative,positive,negative,positive,negative,negative,negative,negative
1189,neutral,neutral,neutral,neutral,neutral,neutral,neutral,negative,neutral,neutral,neutral,positive,neutral,neutral,neutral,neutral,neutral,neutral,neutral,neutral,neutral
1190,negative,negative,negative,negative,negative,negative,negative,negative,negative,negative,negative,negative,negative,negative,negative,negative,negative,negative,negative,positive,negative
1191,negative,negative,negative,negative,negative,negative,negative,negative,negative,negative,negative,negative,negative,negative,negative,negative,negative,negative,negative,negative,negative
1192,neutral,neutral,neutral,neutral,neutral,neutral,neutral,neutral,neutral,neutral,neutral,neutral,neutral,neutral,neutral,neutral,neutral,neutral,neutral,neutral,neutral
1193,negative,negative,negative,negative,negative,negative,negative,negative,negative,negative,negative,negative,negative,negative,negative,negative,negative,negative,negative,negative,negative
1194,neutral,negative,neutral,negative,neutral,negative,neutral,negative,negative,negative,neutral,negative,neutral,negative,neutral,negative,positive,negative,neutral,negative,neutral
1195,negative,negative,negative,negative,negative,negative,negative,negative,negative,negative,negative,negative,negative,negative,negative,negative,negative,negative,negative,negative,negative
1196,negative,neutral,neutral,neutral,negative,neutral,negative,negative,negative,neutral,negative,neutral,neutral,neutral,negative,neutral,negative,neutral,negative,neutral,neutral
1197,negative,positive,negative,negative,negative,positive,negative,negative,negative,negative,negative,negative,negative,negative,negative,negative,negative,negative,negative,negative,negative
1198,positive,positive,neutral,positive,neutral,positive,neutral,neutral,positive,neutral,neutral,positive,positive,neutral,positive,positive,positive,positive,neutral,positive,positive
1199,neutral,neutral,neutral,neutral,neutral,neutral,neutral,neutral,neutral,neutral,neutral,neutral,neutral,neutral,neutral,neutral,neutral,neutral,neutral,neutral,neutral
1200,neutral,neutral,neutral,neutral,neutral,neutral,neutral,neutral,neutral,neutral,neutral,neutral,neutral,neutral,neutral,neutral,neutral,neutral,neutral,neutral,neutral
1201,neutral,neutral,neutral,neutral,neutral,neutral,neutral,neutral,neutral,neutral,neutral,neutral,neutral,neutral,neutral,neutral,neutral,neutral,neutral,neutral,neutral
1202,negative,negative,negative,negative,negative,negative,negative,negative,negative,negative,negative,negative,negative,negative,negative,negative,negative,negative,negative,negative,negative
1203,neutral,neutral,neutral,neutral,neutral,neutral,neutral,neutral,neutral,neutral,neutral,neutral,neutral,neutral,neutral,neutral,neutral,neutral,neutral,neutral,neutral
1204,positive,positive,positive,positive,positive,positive,positive,positive,positive,positive,positive,positive,positive,positive,positive,positive,positive,positive,positive,positive,positive
1205,neutral,neutral,negative,neutral,negative,neutral,negative,negative,negative,neutral,neutral,neutral,negative,negative,negative,neutral,neutral,neutral,neutral,neutral,neutral
1206,negative,negative,negative,negative,negative,negative,negative,negative,negative,negative,negative,negative,negative,negative,negative,negative,negative,negative,negative,negative,negative
1207,neutral,neutral,neutral,neutral,neutral,neutral,neutral,neutral,negative,neutral,neutral,neutral,neutral,neutral,neutral,neutral,neutral,neutral,neutral,neutral,neutral
1208,positive,positive,positive,positive,positive,positive,positive,negative,negative,positive,positive,positive,positive,positive,positive,positive,positive,positive,positive,positive,negative
1209,negative,negative,negative,negative,negative,negative,negative,negative,negative,negative,negative,negative,negative,negative,negative,negative,negative,negative,negative,negative,negative
1210,neutral,neutral,neutral,neutral,neutral,negative,neutral,negative,negative,neutral,neutral,negative,neutral,neutral,neutral,neutral,neutral,neutral,neutral,neutral,neutral
1211,negative,negative,negative,negative,negative,negative,negative,negative,negative,negative,negative,negative,negative,negative,negative,negative,negative,negative,negative,negative,negative
1212,neutral,negative,neutral,negative,neutral,negative,neutral,negative,negative,negative,neutral,negative,neutral,negative,neutral,negative,neutral,negative,neutral,negative,neutral
1213,neutral,neutral,neutral,neutral,neutral,neutral,neutral,negative,neutral,neutral,neutral,positive,neutral,neutral,neutral,neutral,neutral,neutral,neutral,neutral,neutral
1214,neutral,neutral,neutral,neutral,neutral,neutral,neutral,negative,neutral,neutral,neutral,positive,neutral,neutral,neutral,positive,neutral,neutral,neutral,positive,neutral
1215,negative,negative,negative,negative,negative,negative,negative,negative,negative,negative,negative,negative,negative,negative,negative,negative,negative,negative,negative,negative,negative
1216,negative,negative,negative,negative,negative,negative,negative,negative,negative,negative,negative,negative,negative,negative,negative,negative,negative,negative,negative,negative,negative
1217,neutral,neutral,neutral,neutral,neutral,neutral,neutral,negative,neutral,neutral,neutral,neutral,neutral,neutral,neutral,neutral,neutral,neutral,neutral,neutral,neutral
1218,negative,negative,negative,negative,negative,negative,negative,negative,negative,negative,negative,negative,negative,negative,negative,negative,negative,negative,negative,negative,negative
1219,negative,negative,negative,negative,negative,negative,negative,negative,negative,negative,negative,negative,negative,negative,negative,negative,negative,negative,negative,negative,negative
1220,negative,negative,negative,negative,negative,negative,negative,negative,negative,negative,negative,negative,negative,negative,negative,negative,negative,negative,negative,negative,negative
1221,neutral,neutral,neutral,positive,neutral,neutral,neutral,negative,neutral,neutral,neutral,negative,neutral,neutral,neutral,negative,neutral,neutral,neutral,positive,neutral
1222,negative,neutral,negative,neutral,negative,negative,negative,negative,negative,neutral,negative,neutral,negative,negative,negative,neutral,negative,negative,negative,neutral,neutral
1223,neutral,neutral,neutral,neutral,neutral,neutral,neutral,neutral,neutral,neutral,neutral,neutral,neutral,neutral,neutral,neutral,neutral,neutral,neutral,neutral,neutral
1224,neutral,neutral,neutral,neutral,neutral,neutral,neutral,negative,negative,neutral,neutral,neutral,neutral,neutral,neutral,neutral,neutral,neutral,neutral,neutral,neutral
1225,neutral,neutral,neutral,neutral,neutral,neutral,neutral,negative,negative,neutral,neutral,neutral,neutral,neutral,neutral,neutral,negative,neutral,neutral,neutral,neutral
1226,negative,negative,negative,negative,negative,negative,negative,negative,negative,negative,negative,negative,negative,negative,negative,negative,negative,negative,negative,negative,negative
1227,neutral,neutral,neutral,neutral,neutral,neutral,neutral,negative,neutral,neutral,neutral,negative,neutral,neutral,neutral,negative,neutral,neutral,neutral,neutral,neutral
1228,neutral,neutral,negative,neutral,neutral,neutral,negative,negative,negative,neutral,negative,neutral,neutral,neutral,negative,neutral,negative,neutral,negative,negative,negative
1229,negative,negative,negative,negative,negative,negative,negative,negative,negative,negative,negative,negative,negative,negative,negative,negative,negative,negative,negative,negative,positive
1230,negative,negative,negative,negative,negative,negative,negative,negative,negative,negative,negative,negative,negative,negative,negative,negative,negative,negative,negative,negative,negative
1231,negative,negative,negative,negative,negative,negative,negative,negative,negative,negative,negative,negative,negative,negative,negative,negative,negative,negative,negative,negative,negative
1232,negative,negative,negative,negative,negative,negative,negative,negative,negative,negative,negative,negative,negative,negative,negative,negative,negative,negative,negative,neutral,negative
1233,neutral,neutral,neutral,neutral,neutral,neutral,neutral,negative,negative,neutral,neutral,positive,neutral,neutral,neutral,neutral,neutral,neutral,neutral,positive,neutral
1234,positive,neutral,neutral,neutral,positive,neutral,neutral,negative,negative,neutral,neutral,neutral,positive,neutral,neutral,neutral,positive,neutral,positive,neutral,positive
1235,negative,negative,positive,negative,positive,negative,positive,negative,negative,negative,positive,positive,neutral,negative,positive,negative,negative,negative,positive,positive,negative
1236,neutral,neutral,neutral,neutral,neutral,neutral,neutral,negative,negative,neutral,neutral,neutral,neutral,neutral,neutral,positive,neutral,neutral,neutral,neutral,neutral
1237,neutral,neutral,neutral,neutral,neutral,neutral,neutral,negative,negative,neutral,neutral,neutral,neutral,neutral,neutral,neutral,neutral,neutral,neutral,neutral,neutral
1238,neutral,neutral,neutral,neutral,neutral,neutral,neutral,negative,negative,neutral,neutral,negative,neutral,neutral,neutral,neutral,neutral,neutral,neutral,neutral,neutral
1239,negative,negative,negative,negative,negative,negative,negative,negative,negative,negative,negative,negative,negative,negative,negative,negative,negative,negative,negative,neutral,negative
1240,neutral,neutral,neutral,neutral,neutral,neutral,neutral,negative,neutral,neutral,neutral,neutral,neutral,neutral,neutral,neutral,neutral,neutral,neutral,neutral,neutral
1241,negative,negative,negative,negative,negative,negative,negative,negative,negative,negative,negative,negative,negative,negative,neutral,negative,negative,negative,negative,negative,neutral
1242,negative,negative,negative,negative,negative,negative,negative,negative,negative,negative,negative,negative,negative,negative,negative,negative,negative,negative,negative,negative,negative
1243,negative,negative,neutral,negative,neutral,negative,neutral,negative,negative,negative,negative,negative,negative,neutral,neutral,negative,neutral,negative,neutral,negative,negative
1244,negative,negative,negative,negative,negative,negative,negative,negative,negative,negative,negative,negative,negative,negative,negative,negative,negative,negative,negative,negative,negative
1245,negative,negative,negative,negative,negative,negative,negative,negative,negative,negative,negative,negative,negative,negative,negative,negative,negative,negative,negative,negative,negative
1246,negative,negative,negative,negative,neutral,negative,negative,negative,negative,negative,negative,negative,negative,negative,negative,negative,negative,negative,negative,neutral,neutral
1247,negative,negative,negative,negative,negative,negative,negative,negative,negative,negative,negative,negative,negative,negative,negative,negative,negative,negative,negative,negative,negative
1248,neutral,neutral,neutral,neutral,neutral,neutral,neutral,neutral,neutral,neutral,neutral,positive,positive,neutral,neutral,positive,positive,neutral,neutral,neutral,neutral
1249,neutral,neutral,neutral,neutral,neutral,neutral,neutral,neutral,neutral,neutral,neutral,neutral,neutral,neutral,neutral,neutral,neutral,neutral,neutral,neutral,neutral
1250,negative,neutral,negative,neutral,negative,neutral,neutral,negative,negative,neutral,negative,negative,negative,negative,negative,negative,neutral,neutral,neutral,neutral,neutral
1251,neutral,neutral,neutral,neutral,neutral,neutral,neutral,neutral,negative,neutral,neutral,neutral,neutral,neutral,neutral,neutral,neutral,neutral,neutral,neutral,neutral
1252,negative,neutral,neutral,neutral,neutral,neutral,neutral,negative,negative,neutral,neutral,negative,negative,negative,negative,negative,negative,neutral,negative,neutral,neutral
1253,positive,positive,positive,positive,positive,positive,positive,positive,positive,positive,positive,positive,positive,positive,positive,positive,positive,positive,positive,positive,neutral
1254,negative,negative,negative,negative,negative,negative,negative,negative,negative,negative,negative,negative,negative,negative,negative,negative,negative,negative,negative,negative,negative
1255,negative,negative,negative,negative,negative,negative,negative,negative,negative,negative,negative,negative,negative,negative,negative,negative,negative,negative,negative,negative,negative
1256,neutral,neutral,neutral,neutral,neutral,positive,neutral,positive,neutral,positive,neutral,positive,neutral,positive,neutral,positive,neutral,positive,neutral,positive,neutral
1257,negative,negative,neutral,negative,neutral,neutral,neutral,negative,negative,negative,negative,negative,negative,neutral,neutral,negative,neutral,negative,neutral,negative,neutral
1258,negative,negative,negative,negative,negative,negative,negative,negative,negative,negative,negative,negative,negative,negative,negative,negative,negative,neutral,negative,positive,neutral
1259,neutral,neutral,neutral,neutral,neutral,neutral,negative,negative,negative,neutral,neutral,neutral,neutral,neutral,negative,neutral,neutral,neutral,negative,neutral,neutral
1260,negative,negative,negative,negative,negative,negative,negative,negative,negative,negative,negative,negative,negative,negative,negative,negative,negative,negative,negative,negative,negative
1261,negative,negative,negative,negative,negative,negative,negative,negative,negative,negative,negative,negative,negative,negative,negative,negative,negative,neutral,negative,negative,negative
1262,negative,negative,negative,negative,negative,negative,negative,negative,negative,negative,negative,negative,negative,negative,negative,negative,negative,negative,negative,negative,negative
1263,negative,negative,negative,negative,negative,negative,negative,negative,negative,negative,negative,negative,negative,negative,negative,negative,negative,negative,negative,negative,negative
1264,negative,negative,negative,negative,negative,negative,negative,negative,negative,negative,negative,negative,negative,negative,negative,negative,negative,negative,negative,negative,negative
1265,neutral,negative,neutral,negative,neutral,negative,negative,negative,negative,negative,negative,negative,neutral,negative,neutral,negative,neutral,negative,neutral,negative,neutral
1266,neutral,neutral,neutral,neutral,neutral,neutral,neutral,neutral,neutral,neutral,neutral,neutral,neutral,neutral,neutral,neutral,neutral,neutral,neutral,neutral,neutral
1267,negative,negative,negative,neutral,neutral,negative,negative,negative,negative,negative,negative,neutral,negative,negative,negative,neutral,negative,negative,negative,neutral,neutral
1268,neutral,neutral,neutral,neutral,neutral,neutral,neutral,negative,neutral,neutral,neutral,neutral,neutral,neutral,neutral,neutral,neutral,neutral,neutral,neutral,neutral
1269,neutral,neutral,neutral,neutral,neutral,neutral,neutral,neutral,neutral,neutral,neutral,neutral,neutral,neutral,neutral,neutral,neutral,neutral,neutral,neutral,neutral
1270,negative,negative,negative,neutral,neutral,negative,negative,negative,negative,negative,negative,negative,negative,negative,negative,negative,negative,negative,negative,negative,negative
1271,negative,negative,negative,negative,negative,negative,negative,negative,negative,negative,negative,negative,negative,negative,negative,negative,negative,negative,negative,negative,negative
1272,negative,neutral,negative,neutral,neutral,neutral,neutral,neutral,negative,neutral,negative,neutral,negative,neutral,neutral,neutral,negative,neutral,neutral,neutral,neutral
1273,negative,negative,negative,negative,negative,negative,negative,negative,negative,negative,negative,negative,negative,negative,negative,negative,negative,negative,negative,negative,negative
1274,negative,negative,negative,negative,negative,negative,negative,negative,negative,negative,negative,negative,negative,negative,negative,positive,negative,negative,negative,neutral,negative
1275,negative,negative,negative,neutral,negative,negative,negative,negative,negative,negative,negative,negative,negative,negative,negative,negative,negative,negative,negative,negative,negative
1276,negative,negative,negative,neutral,neutral,negative,negative,negative,negative,negative,negative,negative,negative,negative,negative,negative,negative,negative,negative,neutral,negative
1277,neutral,neutral,neutral,neutral,neutral,neutral,neutral,neutral,neutral,neutral,neutral,neutral,neutral,neutral,neutral,neutral,neutral,neutral,neutral,neutral,neutral
1278,neutral,neutral,neutral,neutral,neutral,neutral,neutral,neutral,neutral,neutral,neutral,neutral,neutral,neutral,neutral,neutral,neutral,neutral,neutral,neutral,neutral
1279,neutral,neutral,neutral,neutral,neutral,neutral,neutral,negative,negative,neutral,neutral,neutral,neutral,neutral,neutral,neutral,neutral,neutral,neutral,neutral,neutral
1280,positive,positive,positive,positive,neutral,positive,positive,positive,positive,positive,positive,positive,positive,positive,positive,positive,positive,positive,neutral,positive,positive
1281,neutral,neutral,neutral,neutral,neutral,neutral,neutral,neutral,neutral,neutral,neutral,neutral,neutral,neutral,neutral,neutral,neutral,neutral,neutral,neutral,neutral
1282,negative,negative,negative,negative,negative,negative,negative,negative,negative,negative,negative,negative,negative,negative,negative,negative,negative,negative,negative,negative,negative
1283,negative,negative,negative,neutral,negative,negative,negative,negative,negative,negative,negative,positive,negative,negative,negative,positive,neutral,negative,negative,positive,neutral
1284,positive,positive,positive,positive,positive,positive,positive,negative,positive,positive,positive,positive,positive,positive,positive,positive,positive,positive,positive,positive,positive
1285,negative,negative,negative,neutral,negative,negative,neutral,negative,negative,negative,negative,negative,negative,negative,negative,negative,negative,negative,negative,positive,negative
1286,positive,neutral,neutral,neutral,positive,neutral,neutral,positive,positive,neutral,neutral,neutral,positive,positive,positive,positive,positive,neutral,neutral,neutral,neutral
1287,negative,negative,negative,negative,negative,negative,negative,negative,negative,negative,negative,neutral,negative,negative,negative,negative,negative,negative,negative,negative,negative
1288,negative,negative,negative,negative,negative,negative,negative,negative,negative,negative,negative,negative,neutral,negative,neutral,negative,negative,negative,negative,neutral,neutral
1289,negative,negative,negative,negative,negative,negative,negative,negative,negative,negative,negative,negative,negative,neutral,neutral,negative,neutral,negative,negative,neutral,neutral
1290,positive,positive,negative,negative,positive,negative,negative,negative,negative,negative,negative,positive,positive,positive,positive,positive,positive,negative,negative,positive,negative
1291,neutral,neutral,neutral,neutral,neutral,neutral,neutral,negative,neutral,neutral,neutral,neutral,neutral,neutral,neutral,neutral,neutral,neutral,neutral,neutral,neutral
1292,negative,positive,positive,negative,negative,positive,positive,negative,negative,negative,negative,negative,negative,positive,positive,negative,negative,positive,negative,negative,neutral
1293,negative,negative,negative,negative,neutral,negative,negative,negative,negative,negative,negative,negative,negative,negative,negative,negative,neutral,negative,negative,negative,negative
1294,negative,negative,negative,negative,negative,negative,negative,negative,negative,negative,negative,negative,negative,negative,negative,negative,negative,negative,negative,negative,negative
1295,neutral,neutral,neutral,neutral,neutral,neutral,neutral,negative,negative,neutral,neutral,neutral,neutral,neutral,neutral,neutral,neutral,neutral,neutral,neutral,neutral
1296,negative,neutral,neutral,negative,negative,neutral,neutral,negative,negative,neutral,neutral,neutral,neutral,negative,neutral,neutral,neutral,neutral,neutral,neutral,negative
1297,negative,negative,negative,negative,negative,negative,negative,negative,negative,negative,negative,negative,negative,negative,negative,negative,negative,negative,negative,negative,negative
1298,negative,negative,negative,negative,negative,negative,negative,negative,negative,negative,negative,negative,negative,negative,negative,negative,negative,negative,negative,negative,negative
1299,negative,negative,negative,negative,negative,negative,negative,negative,negative,negative,negative,negative,negative,negative,negative,neutral,negative,negative,negative,neutral,negative
1300,negative,negative,negative,negative,negative,negative,negative,negative,negative,negative,negative,negative,negative,negative,negative,negative,negative,negative,negative,negative,negative
1301,neutral,neutral,neutral,neutral,neutral,neutral,neutral,neutral,neutral,neutral,neutral,neutral,neutral,neutral,neutral,neutral,neutral,neutral,neutral,neutral,neutral
1302,negative,negative,negative,negative,negative,negative,negative,negative,negative,negative,negative,negative,negative,negative,negative,negative,negative,negative,negative,negative,negative
1303,neutral,positive,positive,neutral,neutral,positive,positive,neutral,neutral,neutral,neutral,positive,positive,neutral,neutral,positive,neutral,neutral,neutral,positive,positive
1304,neutral,neutral,neutral,neutral,neutral,neutral,neutral,negative,negative,neutral,neutral,positive,positive,neutral,neutral,positive,positive,neutral,neutral,neutral,neutral
1305,positive,positive,positive,positive,positive,positive,positive,positive,positive,positive,positive,positive,positive,positive,positive,positive,positive,positive,positive,positive,positive
1306,neutral,neutral,neutral,neutral,neutral,neutral,neutral,neutral,neutral,neutral,neutral,neutral,neutral,neutral,neutral,neutral,neutral,neutral,neutral,neutral,neutral
1307,positive,positive,positive,positive,positive,positive,positive,negative,positive,positive,positive,positive,positive,positive,positive,negative,positive,positive,positive,positive,positive
1308,negative,negative,negative,neutral,negative,negative,negative,negative,negative,negative,negative,negative,negative,negative,negative,negative,negative,negative,negative,negative,negative
1309,neutral,negative,neutral,negative,neutral,negative,neutral,negative,negative,negative,neutral,negative,neutral,neutral,neutral,negative,positive,negative,neutral,negative,neutral
1310,neutral,positive,positive,positive,positive,positive,negative,positive,negative,positive,neutral,positive,negative,positive,positive,positive,positive,positive,positive,positive,neutral
1311,negative,negative,negative,negative,negative,negative,negative,negative,negative,negative,negative,negative,neutral,negative,negative,negative,negative,negative,negative,neutral,neutral
1312,neutral,neutral,neutral,neutral,neutral,neutral,neutral,negative,neutral,neutral,neutral,neutral,neutral,neutral,neutral,neutral,neutral,neutral,neutral,neutral,neutral
1313,neutral,neutral,neutral,neutral,neutral,neutral,neutral,negative,neutral,neutral,neutral,positive,neutral,neutral,neutral,negative,neutral,neutral,neutral,neutral,neutral
1314,negative,negative,negative,negative,negative,negative,negative,negative,negative,negative,negative,negative,negative,negative,negative,negative,negative,negative,negative,negative,negative
1315,negative,negative,negative,negative,negative,negative,negative,negative,negative,negative,negative,negative,negative,negative,negative,negative,negative,negative,negative,negative,negative
1316,neutral,neutral,neutral,neutral,neutral,neutral,neutral,neutral,neutral,neutral,neutral,neutral,neutral,neutral,neutral,neutral,neutral,neutral,neutral,neutral,neutral
1317,neutral,neutral,neutral,neutral,neutral,neutral,negative,negative,negative,neutral,negative,neutral,neutral,neutral,neutral,negative,neutral,neutral,neutral,neutral,neutral
1318,negative,negative,negative,negative,negative,negative,negative,negative,negative,negative,negative,negative,negative,negative,negative,negative,negative,negative,negative,negative,negative
1319,negative,neutral,neutral,negative,negative,negative,negative,negative,negative,neutral,neutral,negative,negative,neutral,neutral,negative,negative,neutral,neutral,neutral,neutral
1320,negative,negative,negative,negative,negative,negative,negative,negative,negative,negative,negative,negative,negative,negative,negative,negative,negative,negative,negative,negative,negative
1321,negative,negative,negative,negative,negative,negative,negative,negative,negative,negative,negative,negative,negative,negative,negative,negative,negative,negative,negative,positive,positive
1322,positive,positive,positive,positive,positive,positive,positive,negative,negative,positive,positive,negative,positive,positive,positive,negative,positive,positive,positive,positive,positive
1323,negative,negative,negative,negative,negative,negative,negative,negative,negative,negative,negative,negative,negative,negative,negative,negative,negative,negative,negative,negative,negative
1324,neutral,neutral,neutral,neutral,neutral,neutral,neutral,negative,negative,neutral,neutral,neutral,neutral,neutral,neutral,neutral,neutral,neutral,neutral,neutral,neutral
1325,positive,positive,positive,positive,positive,positive,positive,positive,positive,positive,positive,positive,positive,positive,positive,positive,positive,positive,positive,positive,positive
1326,positive,positive,positive,positive,positive,positive,positive,positive,positive,positive,positive,neutral,positive,positive,positive,neutral,positive,positive,positive,positive,positive
1327,neutral,neutral,neutral,neutral,neutral,neutral,neutral,negative,neutral,neutral,neutral,neutral,neutral,neutral,neutral,negative,neutral,neutral,neutral,negative,neutral
1328,neutral,neutral,neutral,neutral,neutral,neutral,neutral,negative,neutral,neutral,neutral,neutral,neutral,neutral,neutral,neutral,neutral,neutral,neutral,negative,neutral
1329,negative,negative,negative,negative,negative,negative,negative,negative,negative,negative,negative,negative,negative,negative,negative,negative,negative,negative,negative,negative,negative
1330,negative,negative,negative,negative,negative,negative,negative,negative,negative,negative,negative,negative,negative,negative,negative,negative,negative,negative,negative,negative,negative
1331,negative,negative,negative,negative,negative,negative,negative,negative,negative,negative,negative,negative,negative,negative,negative,negative,negative,negative,negative,negative,negative
1332,negative,negative,negative,negative,negative,negative,negative,negative,negative,negative,negative,negative,negative,negative,negative,negative,negative,negative,negative,negative,negative
1333,neutral,negative,negative,negative,neutral,negative,neutral,negative,negative,negative,negative,negative,negative,negative,negative,negative,neutral,neutral,neutral,neutral,neutral
1334,neutral,neutral,neutral,neutral,neutral,neutral,neutral,neutral,negative,neutral,neutral,neutral,neutral,neutral,neutral,neutral,neutral,neutral,neutral,neutral,neutral
1335,negative,negative,negative,negative,negative,negative,negative,negative,negative,negative,negative,negative,negative,negative,negative,negative,negative,negative,negative,negative,negative
1336,negative,negative,negative,negative,negative,negative,negative,negative,negative,negative,negative,negative,negative,negative,negative,negative,negative,negative,negative,negative,negative
1337,negative,negative,negative,negative,negative,negative,negative,negative,negative,negative,negative,negative,negative,negative,negative,negative,negative,negative,negative,negative,negative
1338,positive,negative,positive,negative,positive,negative,positive,negative,positive,negative,positive,negative,positive,negative,positive,positive,positive,neutral,positive,positive,positive
1339,negative,negative,negative,negative,negative,negative,negative,negative,negative,negative,negative,negative,negative,negative,negative,negative,negative,negative,negative,negative,negative
1340,neutral,neutral,neutral,neutral,neutral,neutral,neutral,negative,neutral,neutral,neutral,neutral,neutral,neutral,neutral,neutral,neutral,neutral,neutral,neutral,neutral
1341,negative,negative,negative,negative,negative,negative,negative,negative,negative,neutral,negative,negative,negative,negative,negative,negative,negative,neutral,negative,negative,neutral
1342,neutral,neutral,neutral,neutral,neutral,neutral,neutral,neutral,neutral,neutral,neutral,neutral,neutral,neutral,neutral,neutral,neutral,neutral,neutral,neutral,neutral
1343,neutral,neutral,neutral,neutral,neutral,neutral,neutral,negative,negative,neutral,neutral,neutral,neutral,neutral,neutral,neutral,neutral,neutral,neutral,neutral,neutral
1344,negative,negative,negative,negative,negative,negative,negative,negative,negative,negative,negative,negative,negative,negative,negative,negative,negative,negative,negative,negative,negative
1345,negative,negative,negative,negative,negative,negative,negative,negative,negative,negative,negative,negative,negative,negative,negative,negative,negative,negative,negative,negative,negative
1346,neutral,neutral,neutral,neutral,neutral,neutral,neutral,neutral,negative,neutral,neutral,neutral,neutral,neutral,neutral,neutral,neutral,neutral,neutral,neutral,neutral
1347,negative,negative,negative,negative,negative,negative,negative,negative,negative,negative,negative,negative,negative,negative,negative,negative,negative,negative,negative,negative,negative
1348,neutral,neutral,neutral,neutral,neutral,neutral,neutral,negative,negative,neutral,neutral,positive,neutral,neutral,neutral,positive,neutral,neutral,neutral,positive,neutral
1349,negative,negative,negative,negative,negative,negative,negative,negative,negative,negative,negative,negative,negative,negative,negative,negative,negative,negative,negative,negative,negative
1350,neutral,negative,neutral,negative,negative,negative,neutral,negative,neutral,neutral,neutral,negative,neutral,neutral,neutral,neutral,neutral,negative,neutral,negative,neutral
1351,negative,negative,negative,negative,negative,negative,negative,negative,negative,negative,negative,negative,negative,negative,negative,negative,negative,negative,negative,neutral,negative
1352,negative,negative,negative,neutral,negative,negative,negative,negative,negative,negative,negative,negative,negative,negative,negative,neutral,neutral,neutral,negative,neutral,neutral
1353,neutral,neutral,neutral,neutral,neutral,neutral,neutral,neutral,neutral,neutral,neutral,neutral,neutral,neutral,neutral,neutral,neutral,neutral,neutral,neutral,neutral
1354,negative,negative,negative,negative,negative,negative,negative,negative,negative,negative,negative,negative,negative,negative,negative,negative,negative,negative,negative,negative,negative
1355,negative,negative,negative,negative,negative,negative,negative,negative,negative,negative,negative,negative,negative,negative,negative,negative,negative,negative,negative,negative,negative
1356,negative,neutral,negative,neutral,negative,neutral,negative,negative,negative,neutral,negative,positive,negative,neutral,negative,negative,negative,neutral,negative,neutral,negative
1357,positive,positive,positive,positive,neutral,positive,positive,positive,neutral,positive,positive,positive,positive,positive,positive,positive,positive,positive,positive,positive,positive
1358,negative,neutral,neutral,neutral,neutral,neutral,neutral,negative,negative,neutral,neutral,negative,neutral,negative,negative,negative,neutral,neutral,neutral,negative,negative
1359,positive,positive,positive,positive,positive,positive,positive,positive,positive,positive,positive,positive,positive,positive,positive,positive,positive,positive,positive,positive,positive
1360,negative,negative,negative,negative,negative,negative,negative,negative,negative,negative,negative,neutral,negative,negative,negative,negative,negative,negative,negative,neutral,negative
1361,negative,negative,negative,negative,negative,negative,negative,negative,negative,negative,negative,negative,negative,negative,negative,negative,negative,negative,negative,negative,negative
1362,negative,negative,negative,neutral,negative,negative,negative,negative,negative,negative,negative,negative,negative,negative,negative,neutral,negative,negative,negative,neutral,negative
1363,negative,negative,negative,negative,negative,negative,negative,negative,negative,negative,negative,negative,negative,negative,negative,negative,negative,negative,negative,negative,negative
1364,negative,neutral,neutral,negative,negative,negative,negative,negative,negative,neutral,negative,negative,negative,neutral,negative,negative,negative,neutral,negative,negative,negative
1365,positive,negative,negative,negative,positive,negative,negative,negative,negative,negative,negative,positive,positive,negative,negative,positive,positive,negative,negative,negative,positive
1366,negative,positive,negative,negative,negative,positive,negative,negative,negative,positive,negative,negative,neutral,positive,neutral,negative,positive,positive,negative,negative,neutral
1367,neutral,negative,negative,negative,neutral,negative,negative,negative,negative,negative,neutral,negative,neutral,negative,neutral,negative,neutral,negative,neutral,negative,negative
1368,neutral,negative,neutral,negative,neutral,negative,neutral,negative,negative,negative,neutral,negative,negative,negative,neutral,negative,neutral,negative,neutral,negative,neutral
1369,neutral,neutral,negative,neutral,neutral,neutral,neutral,negative,negative,neutral,neutral,positive,negative,neutral,negative,positive,positive,neutral,neutral,positive,positive
1370,neutral,neutral,neutral,neutral,neutral,neutral,neutral,negative,neutral,neutral,neutral,neutral,neutral,neutral,neutral,neutral,neutral,neutral,neutral,neutral,neutral
1371,neutral,neutral,neutral,neutral,neutral,neutral,neutral,neutral,neutral,neutral,neutral,neutral,neutral,neutral,neutral,positive,neutral,neutral,neutral,neutral,neutral
1372,negative,neutral,neutral,negative,neutral,neutral,negative,negative,negative,neutral,neutral,negative,negative,neutral,negative,negative,negative,neutral,negative,negative,neutral
1373,positive,positive,positive,positive,positive,positive,positive,positive,positive,positive,positive,positive,positive,positive,positive,positive,positive,positive,positive,positive,positive
1374,neutral,neutral,neutral,neutral,neutral,neutral,neutral,negative,neutral,neutral,neutral,positive,neutral,neutral,neutral,neutral,neutral,neutral,neutral,neutral,neutral
1375,neutral,neutral,neutral,neutral,neutral,neutral,neutral,negative,negative,neutral,neutral,neutral,neutral,neutral,neutral,neutral,neutral,neutral,neutral,neutral,neutral
1376,negative,negative,negative,negative,negative,negative,negative,negative,negative,negative,negative,negative,negative,negative,negative,negative,negative,negative,negative,negative,negative
1377,neutral,neutral,neutral,neutral,neutral,neutral,neutral,negative,negative,neutral,neutral,neutral,neutral,neutral,neutral,neutral,neutral,neutral,neutral,neutral,neutral
1378,negative,negative,negative,negative,negative,negative,negative,negative,negative,negative,negative,negative,negative,negative,negative,negative,negative,negative,negative,negative,negative
1379,negative,negative,negative,negative,negative,negative,negative,negative,negative,negative,negative,negative,negative,negative,negative,negative,negative,negative,negative,negative,negative
1380,neutral,neutral,neutral,neutral,neutral,neutral,neutral,neutral,neutral,neutral,neutral,neutral,neutral,neutral,neutral,neutral,neutral,neutral,neutral,neutral,neutral
1381,positive,negative,neutral,positive,neutral,positive,positive,negative,neutral,negative,positive,positive,positive,negative,positive,negative,positive,negative,positive,positive,neutral
1382,neutral,negative,negative,neutral,neutral,negative,negative,negative,negative,neutral,neutral,neutral,neutral,negative,negative,negative,negative,negative,negative,negative,negative
1383,negative,negative,negative,negative,negative,negative,negative,negative,negative,negative,negative,negative,negative,negative,negative,negative,negative,negative,negative,negative,negative
1384,neutral,neutral,neutral,neutral,neutral,neutral,neutral,neutral,neutral,neutral,neutral,neutral,neutral,neutral,neutral,neutral,neutral,neutral,neutral,neutral,neutral
1385,neutral,neutral,neutral,positive,neutral,neutral,neutral,negative,neutral,neutral,neutral,neutral,neutral,neutral,neutral,negative,neutral,positive,neutral,positive,neutral
1386,negative,negative,negative,negative,negative,negative,negative,negative,negative,negative,negative,negative,negative,negative,negative,negative,negative,negative,negative,negative,negative
1387,negative,negative,negative,negative,negative,negative,negative,negative,negative,negative,negative,negative,negative,negative,negative,negative,negative,negative,negative,negative,negative
1388,negative,negative,negative,negative,negative,negative,negative,negative,negative,negative,negative,negative,negative,negative,negative,negative,negative,negative,negative,negative,negative
1389,neutral,neutral,neutral,neutral,neutral,neutral,neutral,negative,neutral,neutral,neutral,neutral,neutral,neutral,neutral,neutral,neutral,neutral,neutral,neutral,neutral
1390,neutral,neutral,neutral,neutral,neutral,neutral,neutral,negative,negative,neutral,neutral,neutral,neutral,neutral,neutral,neutral,neutral,neutral,neutral,neutral,neutral
1391,positive,neutral,neutral,neutral,neutral,neutral,neutral,neutral,neutral,neutral,neutral,positive,positive,neutral,neutral,positive,positive,neutral,neutral,neutral,neutral
1392,negative,negative,negative,negative,negative,negative,negative,negative,negative,negative,negative,negative,negative,negative,negative,negative,negative,negative,negative,negative,negative
1393,negative,negative,negative,negative,negative,negative,negative,negative,negative,negative,negative,negative,negative,negative,negative,negative,negative,negative,negative,negative,negative
1394,neutral,negative,neutral,negative,neutral,negative,neutral,negative,negative,negative,neutral,negative,neutral,negative,neutral,negative,negative,negative,neutral,negative,negative
1395,negative,neutral,neutral,neutral,neutral,neutral,negative,negative,negative,neutral,neutral,negative,negative,neutral,negative,neutral,neutral,neutral,negative,neutral,negative
1396,negative,negative,negative,negative,negative,negative,negative,negative,negative,negative,negative,negative,negative,negative,negative,negative,negative,negative,negative,negative,negative
1397,negative,negative,negative,neutral,neutral,negative,negative,negative,negative,negative,negative,negative,negative,negative,negative,negative,negative,negative,negative,negative,negative
1398,neutral,negative,neutral,negative,neutral,negative,neutral,negative,neutral,negative,neutral,negative,neutral,neutral,neutral,negative,neutral,neutral,neutral,negative,neutral
1399,neutral,neutral,neutral,positive,neutral,positive,neutral,neutral,negative,positive,neutral,positive,neutral,neutral,neutral,positive,neutral,positive,neutral,positive,neutral
1400,negative,negative,negative,negative,negative,negative,negative,negative,negative,negative,negative,negative,negative,negative,negative,negative,negative,negative,negative,negative,negative
1401,negative,negative,negative,negative,negative,negative,negative,negative,negative,negative,negative,negative,negative,negative,negative,negative,negative,negative,negative,negative,negative
1402,neutral,neutral,neutral,neutral,neutral,neutral,neutral,negative,negative,neutral,neutral,neutral,neutral,neutral,neutral,neutral,neutral,neutral,neutral,neutral,neutral
1403,negative,negative,negative,negative,negative,negative,negative,negative,negative,negative,negative,negative,negative,negative,negative,negative,negative,negative,negative,negative,negative
1404,positive,positive,positive,positive,positive,positive,positive,positive,positive,positive,positive,positive,positive,positive,positive,positive,positive,positive,positive,positive,positive
1405,negative,negative,negative,negative,negative,negative,negative,negative,negative,negative,negative,negative,neutral,negative,negative,negative,negative,negative,negative,negative,negative
1406,negative,negative,negative,negative,negative,negative,negative,negative,negative,negative,negative,negative,negative,negative,negative,negative,negative,negative,negative,neutral,neutral
1407,negative,negative,negative,negative,negative,negative,negative,negative,negative,negative,negative,negative,negative,negative,negative,negative,negative,negative,negative,negative,negative
1408,negative,neutral,negative,neutral,negative,neutral,negative,negative,negative,neutral,negative,negative,negative,negative,negative,negative,negative,neutral,negative,neutral,negative
1409,positive,positive,positive,positive,positive,positive,positive,positive,positive,positive,positive,positive,positive,positive,positive,positive,positive,positive,positive,positive,positive
1410,neutral,neutral,neutral,neutral,neutral,neutral,neutral,negative,negative,neutral,positive,positive,positive,neutral,positive,positive,positive,neutral,neutral,negative,positive
1411,neutral,neutral,neutral,negative,negative,negative,neutral,negative,negative,neutral,neutral,negative,negative,neutral,neutral,negative,neutral,neutral,neutral,neutral,neutral
1412,negative,negative,negative,neutral,neutral,negative,negative,negative,negative,negative,negative,negative,negative,negative,negative,negative,negative,negative,negative,positive,negative
1413,negative,negative,negative,negative,negative,negative,negative,negative,negative,negative,negative,negative,negative,negative,negative,negative,negative,negative,negative,neutral,negative
1414,negative,negative,negative,negative,negative,negative,negative,negative,negative,negative,negative,negative,negative,negative,negative,negative,negative,negative,negative,negative,negative
1415,negative,neutral,neutral,neutral,neutral,neutral,neutral,neutral,negative,neutral,positive,neutral,negative,neutral,neutral,neutral,neutral,neutral,neutral,neutral,negative
1416,neutral,neutral,neutral,neutral,neutral,neutral,neutral,neutral,neutral,neutral,neutral,neutral,neutral,neutral,neutral,neutral,neutral,neutral,neutral,neutral,neutral
1417,positive,negative,positive,negative,positive,positive,positive,negative,positive,negative,positive,negative,positive,negative,positive,negative,positive,negative,positive,positive,positive
1418,negative,negative,negative,negative,negative,negative,negative,negative,negative,negative,negative,negative,negative,negative,negative,negative,negative,negative,negative,negative,negative
1419,negative,negative,negative,negative,negative,negative,negative,negative,negative,negative,negative,negative,negative,negative,negative,negative,negative,neutral,negative,negative,negative
1420,negative,neutral,negative,neutral,negative,neutral,negative,negative,negative,neutral,negative,neutral,negative,neutral,negative,negative,negative,neutral,negative,neutral,negative
1421,negative,negative,negative,negative,neutral,negative,negative,negative,negative,negative,negative,negative,negative,negative,negative,negative,negative,negative,negative,negative,negative
1422,negative,negative,negative,negative,negative,negative,negative,negative,negative,negative,negative,negative,negative,negative,negative,negative,negative,negative,negative,negative,negative
1423,neutral,neutral,neutral,neutral,neutral,negative,neutral,negative,negative,neutral,neutral,negative,neutral,neutral,neutral,neutral,neutral,neutral,neutral,neutral,neutral
1424,neutral,negative,negative,negative,negative,negative,negative,negative,negative,negative,negative,negative,neutral,negative,negative,negative,neutral,negative,negative,negative,neutral
1425,negative,negative,negative,negative,negative,negative,negative,negative,negative,negative,negative,negative,negative,negative,negative,negative,negative,negative,negative,negative,negative
1426,neutral,neutral,neutral,neutral,neutral,neutral,neutral,negative,neutral,neutral,neutral,neutral,neutral,neutral,neutral,neutral,neutral,neutral,neutral,neutral,neutral
1427,negative,positive,negative,negative,negative,positive,negative,negative,negative,negative,negative,negative,negative,negative,negative,negative,negative,negative,negative,positive,negative
1428,neutral,neutral,neutral,neutral,neutral,neutral,neutral,neutral,neutral,neutral,neutral,neutral,neutral,neutral,neutral,neutral,neutral,neutral,neutral,neutral,neutral
1429,negative,negative,negative,negative,negative,negative,negative,negative,negative,negative,negative,negative,negative,negative,negative,negative,negative,negative,negative,negative,negative
1430,neutral,neutral,neutral,negative,neutral,negative,neutral,negative,negative,negative,negative,negative,neutral,negative,neutral,negative,neutral,negative,neutral,neutral,negative
1431,negative,negative,negative,negative,negative,negative,negative,negative,negative,negative,negative,negative,negative,negative,negative,negative,negative,negative,negative,negative,negative
1432,negative,negative,negative,negative,negative,negative,negative,negative,negative,negative,negative,negative,negative,negative,negative,negative,negative,negative,negative,negative,negative
1433,negative,negative,negative,negative,negative,negative,negative,negative,negative,negative,negative,negative,negative,negative,negative,negative,negative,negative,negative,negative,negative
1434,neutral,negative,neutral,negative,neutral,negative,neutral,negative,negative,negative,neutral,negative,neutral,negative,neutral,negative,neutral,negative,neutral,negative,neutral
1435,negative,negative,negative,negative,negative,negative,negative,negative,negative,negative,negative,negative,negative,negative,negative,negative,negative,negative,negative,negative,neutral
1436,negative,negative,negative,negative,negative,negative,negative,negative,negative,negative,negative,negative,negative,negative,negative,neutral,negative,negative,negative,neutral,negative
1437,positive,positive,positive,positive,positive,positive,positive,positive,positive,positive,positive,positive,positive,positive,positive,positive,positive,positive,positive,positive,neutral
1438,negative,negative,negative,negative,negative,negative,negative,negative,negative,negative,negative,negative,negative,negative,negative,negative,negative,negative,negative,negative,negative
1439,neutral,neutral,neutral,negative,neutral,neutral,neutral,negative,negative,neutral,neutral,neutral,neutral,neutral,neutral,negative,neutral,neutral,neutral,negative,negative
1440,neutral,neutral,neutral,neutral,neutral,negative,neutral,negative,negative,neutral,neutral,negative,neutral,neutral,neutral,negative,neutral,neutral,neutral,negative,neutral
1441,neutral,neutral,neutral,neutral,neutral,neutral,neutral,negative,negative,neutral,neutral,neutral,neutral,neutral,neutral,neutral,neutral,neutral,neutral,neutral,neutral
1442,negative,negative,negative,neutral,negative,negative,negative,negative,negative,negative,negative,positive,negative,negative,negative,positive,negative,negative,negative,positive,neutral
1443,negative,negative,neutral,negative,negative,negative,neutral,negative,negative,negative,neutral,negative,neutral,negative,neutral,negative,negative,negative,neutral,negative,negative
1444,neutral,neutral,neutral,neutral,neutral,neutral,neutral,negative,neutral,neutral,neutral,neutral,neutral,neutral,neutral,neutral,neutral,neutral,neutral,neutral,neutral
1445,negative,negative,negative,negative,negative,negative,negative,negative,negative,negative,negative,negative,negative,negative,negative,negative,negative,negative,negative,negative,negative
1446,neutral,negative,neutral,positive,neutral,positive,positive,negative,negative,negative,neutral,positive,neutral,neutral,neutral,positive,neutral,negative,neutral,neutral,neutral
1447,negative,negative,negative,neutral,negative,negative,negative,negative,negative,negative,negative,negative,negative,negative,negative,positive,negative,negative,negative,negative,negative
1448,negative,negative,negative,negative,negative,negative,negative,negative,negative,negative,neutral,negative,neutral,negative,neutral,negative,neutral,negative,neutral,negative,neutral
1449,negative,negative,negative,negative,negative,negative,negative,negative,negative,negative,negative,negative,negative,negative,negative,negative,negative,negative,negative,negative,negative
1450,negative,negative,negative,negative,negative,negative,negative,negative,negative,negative,negative,negative,negative,negative,negative,negative,negative,negative,negative,negative,negative
1451,negative,negative,negative,negative,negative,negative,negative,negative,negative,negative,negative,negative,negative,negative,negative,negative,negative,negative,negative,neutral,negative
1452,negative,negative,negative,negative,negative,negative,negative,negative,negative,negative,negative,negative,negative,negative,negative,negative,negative,negative,negative,negative,negative
1453,negative,negative,negative,negative,negative,negative,negative,negative,negative,negative,negative,negative,negative,negative,negative,negative,negative,negative,negative,negative,negative
1454,neutral,neutral,neutral,neutral,neutral,neutral,neutral,neutral,neutral,neutral,neutral,neutral,negative,neutral,neutral,neutral,neutral,neutral,neutral,neutral,neutral
1455,negative,negative,negative,negative,negative,negative,negative,negative,negative,negative,negative,negative,negative,negative,negative,negative,negative,negative,negative,negative,negative
1456,neutral,neutral,neutral,neutral,neutral,neutral,neutral,neutral,neutral,neutral,neutral,neutral,neutral,neutral,neutral,neutral,neutral,neutral,neutral,neutral,neutral
1457,negative,negative,negative,negative,negative,negative,negative,negative,negative,negative,negative,negative,negative,negative,negative,negative,negative,negative,negative,negative,negative
1458,neutral,neutral,neutral,neutral,neutral,neutral,neutral,negative,negative,neutral,neutral,neutral,neutral,neutral,neutral,neutral,neutral,neutral,negative,neutral,neutral
1459,negative,negative,negative,negative,negative,negative,negative,negative,negative,negative,negative,negative,negative,negative,negative,negative,negative,negative,negative,negative,negative
1460,negative,negative,negative,negative,negative,negative,negative,negative,negative,negative,negative,negative,negative,negative,negative,negative,negative,negative,negative,neutral,neutral
1461,negative,negative,negative,neutral,negative,negative,negative,negative,negative,negative,negative,neutral,neutral,neutral,negative,neutral,negative,negative,negative,negative,negative
1462,negative,negative,negative,positive,negative,positive,negative,negative,negative,positive,negative,positive,positive,negative,negative,positive,negative,positive,positive,positive,positive
1463,negative,negative,negative,negative,negative,neutral,negative,negative,negative,negative,negative,neutral,negative,negative,negative,neutral,negative,neutral,neutral,neutral,neutral
1464,negative,positive,negative,positive,negative,negative,negative,negative,negative,positive,negative,positive,negative,negative,negative,positive,positive,positive,negative,neutral,negative
1465,negative,negative,negative,negative,negative,negative,negative,negative,negative,negative,negative,negative,negative,negative,negative,negative,negative,negative,negative,negative,negative
1466,positive,positive,positive,positive,positive,positive,positive,positive,negative,positive,positive,positive,positive,positive,positive,positive,positive,positive,positive,positive,positive
1467,negative,negative,negative,negative,negative,negative,negative,negative,negative,negative,negative,negative,negative,negative,negative,negative,negative,negative,negative,negative,negative
1468,neutral,negative,negative,neutral,neutral,negative,neutral,negative,negative,negative,neutral,neutral,neutral,negative,neutral,neutral,neutral,neutral,neutral,negative,negative
1469,negative,negative,negative,negative,negative,negative,negative,negative,negative,negative,negative,negative,negative,negative,negative,negative,negative,negative,negative,negative,negative
1470,negative,negative,negative,negative,negative,negative,negative,negative,negative,negative,negative,negative,negative,negative,negative,negative,negative,negative,negative,negative,negative
1471,negative,negative,negative,neutral,negative,neutral,negative,negative,negative,neutral,neutral,neutral,neutral,negative,negative,neutral,neutral,negative,negative,negative,negative
1472,negative,negative,negative,negative,negative,negative,negative,negative,negative,negative,negative,negative,neutral,negative,negative,positive,negative,negative,neutral,positive,neutral
1473,neutral,neutral,neutral,neutral,negative,neutral,neutral,negative,neutral,neutral,neutral,neutral,neutral,neutral,neutral,neutral,neutral,neutral,neutral,neutral,neutral
1474,neutral,neutral,neutral,neutral,neutral,neutral,neutral,negative,neutral,neutral,neutral,negative,neutral,neutral,neutral,neutral,positive,neutral,neutral,neutral,neutral
1475,negative,negative,negative,negative,negative,negative,negative,negative,negative,negative,negative,negative,negative,negative,negative,negative,negative,negative,negative,negative,negative
1476,negative,negative,neutral,negative,negative,negative,negative,negative,negative,negative,neutral,negative,negative,negative,neutral,negative,neutral,negative,neutral,negative,negative
1477,negative,negative,negative,negative,negative,negative,negative,negative,negative,negative,negative,negative,negative,negative,negative,negative,negative,negative,negative,negative,negative
1478,negative,negative,negative,neutral,neutral,negative,negative,negative,negative,negative,negative,neutral,neutral,negative,negative,negative,negative,negative,negative,negative,negative
1479,neutral,neutral,neutral,neutral,neutral,neutral,neutral,neutral,negative,neutral,neutral,neutral,neutral,neutral,neutral,neutral,neutral,neutral,neutral,neutral,neutral
1480,negative,negative,negative,negative,negative,negative,negative,negative,negative,negative,negative,negative,negative,negative,negative,negative,negative,negative,negative,negative,negative
1481,negative,negative,negative,negative,neutral,negative,negative,negative,negative,negative,negative,negative,negative,negative,negative,negative,neutral,negative,negative,negative,neutral
1482,negative,negative,negative,neutral,neutral,negative,negative,negative,negative,negative,negative,negative,negative,negative,negative,negative,negative,negative,negative,negative,negative
1483,negative,negative,negative,negative,negative,negative,negative,negative,negative,negative,negative,negative,negative,negative,negative,negative,negative,negative,negative,negative,negative
1484,negative,negative,negative,negative,negative,neutral,negative,negative,negative,neutral,negative,neutral,neutral,negative,negative,negative,negative,neutral,neutral,neutral,neutral
1485,negative,negative,negative,negative,negative,negative,negative,negative,negative,negative,negative,negative,negative,negative,negative,negative,negative,negative,negative,neutral,neutral
1486,negative,negative,negative,negative,negative,negative,negative,negative,negative,negative,negative,negative,negative,negative,negative,negative,negative,negative,negative,neutral,negative
1487,negative,negative,negative,negative,neutral,negative,neutral,negative,negative,negative,neutral,negative,neutral,negative,negative,negative,negative,negative,neutral,neutral,negative
1488,neutral,neutral,neutral,neutral,neutral,neutral,neutral,neutral,neutral,neutral,neutral,neutral,neutral,neutral,neutral,neutral,neutral,neutral,neutral,neutral,neutral
1489,negative,negative,negative,negative,neutral,negative,negative,negative,negative,negative,negative,negative,neutral,negative,neutral,negative,neutral,negative,neutral,negative,negative
1490,negative,negative,negative,negative,negative,negative,negative,negative,negative,negative,negative,negative,negative,negative,negative,negative,negative,negative,negative,negative,negative
1491,neutral,neutral,neutral,neutral,neutral,neutral,neutral,neutral,neutral,neutral,neutral,neutral,neutral,neutral,neutral,neutral,neutral,neutral,neutral,neutral,neutral
1492,negative,negative,negative,neutral,negative,negative,negative,negative,negative,negative,negative,negative,negative,negative,negative,negative,negative,negative,negative,neutral,negative
1493,neutral,negative,neutral,neutral,neutral,neutral,neutral,negative,neutral,negative,neutral,neutral,neutral,neutral,neutral,positive,neutral,neutral,neutral,neutral,neutral
1494,neutral,neutral,neutral,neutral,neutral,neutral,neutral,neutral,neutral,neutral,neutral,neutral,neutral,neutral,neutral,neutral,neutral,neutral,neutral,neutral,neutral
1495,negative,negative,negative,negative,negative,negative,negative,negative,negative,negative,negative,negative,negative,neutral,negative,negative,negative,neutral,negative,neutral,negative
1496,negative,negative,negative,negative,negative,negative,negative,negative,negative,negative,negative,negative,negative,negative,negative,negative,negative,negative,negative,negative,negative
1497,positive,positive,positive,positive,positive,positive,positive,positive,positive,positive,positive,positive,positive,positive,positive,positive,positive,positive,positive,positive,positive
1498,negative,negative,negative,negative,negative,negative,neutral,negative,negative,negative,neutral,negative,negative,negative,negative,negative,negative,negative,negative,positive,neutral
1499,negative,negative,negative,neutral,negative,negative,negative,negative,negative,negative,negative,negative,negative,negative,negative,negative,negative,negative,negative,neutral,neutral
