row,pred,p_negative,p_neutral,p_positive
0,negative,0.99965,0.00035,0.0
1,negative,0.98795,0.01205,0.0
2,negative,1.0,0.0,0.0
3,negative,0.99977,0.00023,0.0
4,neutral,0.0,1.0,0.0
5,neutral,0.04209,0.9579,1e-05
6,neutral,0.00013,0.99987,0.0
7,negative,0.99371,0.00629,0.0
8,negative,0.99897,0.00103,0.0
9,neutral,0.00059,0.99941,0.0
10,negative,0.76065,0.23935,0.0
11,negative,0.99998,2e-05,0.0
12,neutral,0.0,1.0,0.0
13,negative,0.93432,0.0656,8e-05
14,neutral,0.00141,0.99859,0.0
15,negative,0.80807,0.19193,0.0
16,negative,0.99994,6e-05,0.0
17,negative,0.99999,1e-05,0.0
18,negative,0.99087,0.00913,0.0
19,negative,0.98304,0.01691,4e-05
20,positive,0.0,0.0,1.0
21,negative,0.99859,0.00141,0.0
22,negative,0.99999,1e-05,0.0
23,negative,0.99999,1e-05,0.0
24,negative,1.0,0.0,0.0
25,negative,0.98594,0.01406,0.0
26,negative,0.96355,0.03297,0.00348
27,negative,0.85585,0.14415,0.0
28,negative,1.0,0.0,0.0
29,negative,1.0,0.0,0.0
30,neutral,0.00506,0.99438,0.00057
31,neutral,7e-05,0.93039,0.06954
32,negative,0.96885,0.03114,0.0
33,negative,0.9998,0.0002,0.0
34,positive,2e-05,0.00263,0.99735
35,positive,0.0,0.0,1.0
36,negative,0.9947,0.00407,0.00124
37,negative,0.96267,0.03733,0.0
38,neutral,1e-05,0.99999,0.0
39,negative,1.0,0.0,0.0
40,positive,0.02228,0.00016,0.97756
41,negative,0.9989,0.0011,0.0
42,neutral,0.0,1.0,0.0
43,negative,0.99992,8e-05,0.0
44,neutral,0.0,1.0,0.0
45,neutral,1e-05,0.99978,0.0002
46,neutral,0.09009,0.90991,0.0
47,neutral,0.0,1.0,0.0
48,negative,0.98957,0.00131,0.00911
49,negative,1.0,0.0,0.0
50,negative,0.95082,0.04884,0.00034
51,neutral,0.00168,0.95372,0.04461
52,negative,1.0,0.0,0.0
53,negative,0.99997,3e-05,0.0
54,negative,0.99999,1e-05,0.0
55,negative,0.99825,0.00175,0.0
56,negative,1.0,0.0,0.0
57,negative,0.9992,0.0008,0.0
58,negative,0.9998,0.0002,0.0
59,negative,0.9149,0.0851,0.0
60,negative,0.99981,0.00019,0.0
61,negative,0.99961,0.00039,0.0
62,negative,0.99997,3e-05,0.0
63,neutral,0.0,1.0,0.0
64,neutral,0.24508,0.75491,0.0
65,neutral,0.37754,0.62246,0.0
66,neutral,0.00011,0.99989,0.0
67,negative,0.93045,0.06954,0.0
68,positive,0.0,0.0,1.0
69,negative,0.99567,0.00433,0.0
70,negative,0.99835,0.00165,0.0
71,positive,2e-05,0.04084,0.95913
72,negative,0.99351,0.00649,0.0
73,positive,0.0,0.0,1.0
74,negative,1.0,0.0,0.0
75,neutral,1e-05,0.99999,0.0
76,negative,0.99845,0.00155,0.0
77,negative,0.99998,2e-05,0.0
78,negative,1.0,0.0,0.0
79,negative,1.0,0.0,0.0
80,negative,0.99999,1e-05,0.0
81,neutral,0.0,1.0,0.0
82,positive,3e-05,0.00165,0.99832
83,negative,0.99371,0.00629,0.0
84,neutral,0.00049,0.99943,8e-05
85,negative,1.0,0.0,0.0
86,neutral,0.0,1.0,0.0
87,neutral,0.07808,0.92192,0.0
88,negative,1.0,0.0,0.0
89,neutral,0.1097,0.89026,4e-05
90,neutral,0.0,1.0,0.0
91,negative,0.95663,0.04337,0.0
92,neutral,0.04603,0.95397,0.0
93,negative,0.9958,0.0042,0.0
94,negative,0.87406,0.12592,2e-05
95,negative,0.60019,0.39981,0.0
96,negative,0.98935,0.01065,0.0
97,negative,0.99445,0.00555,0.0
98,negative,0.99989,0.00011,0.0
99,neutral,0.00063,0.99937,0.0
100,negative,0.99989,0.00011,0.0
101,negative,0.99988,0.00012,0.0
102,negative,0.99988,0.00012,0.0
103,neutral,0.0,1.0,0.0
104,negative,0.99999,1e-05,0.0
105,negative,1.0,0.0,0.0
106,negative,0.99087,0.00913,0.0
107,negative,0.99995,5e-05,0.0
108,neutral,0.00012,0.99988,0.0
109,negative,1.0,0.0,0.0
110,negative,1.0,0.0,0.0
111,negative,0.99931,0.00069,0.0
112,neutral,0.00097,0.99903,0.0
113,neutral,0.0,1.0,0.0
114,negative,0.99825,0.00175,0.0
115,negative,0.9976,0.0024,0.0
116,neutral,0.00348,0.99652,0.0
117,neutral,0.00218,0.99782,0.0
118,negative,0.99996,4e-05,0.0
119,negative,0.99994,6e-05,0.0
120,positive,0.02362,0.003,0.97338
121,negative,1.0,0.0,0.0
122,negative,0.99801,0.00199,0.0
123,negative,1.0,0.0,0.0
124,negative,0.99986,0.00014,0.0
125,neutral,1e-05,0.74908,0.25091
126,negative,0.97702,0.02298,0.0
127,negative,0.99935,0.00065,0.0
128,negative,0.99768,0.00232,0.0
129,neutral,1e-05,0.9777,0.02229
130,neutral,0.00031,0.99969,0.0
131,neutral,0.00086,0.99914,0.0
132,negative,0.98831,0.01169,0.0
133,neutral,0.00506,0.99494,0.0
134,negative,1.0,0.0,0.0
135,negative,0.99968,0.00032,0.0
136,neutral,0.00022,0.88061,0.11918
137,negative,0.99906,0.00094,0.0
138,negative,1.0,0.0,0.0
139,neutral,0.00028,0.99972,0.0
140,negative,1.0,0.0,0.0
141,negative,0.74317,0.25683,0.0
142,neutral,0.00669,0.99331,0.0
143,positive,0.18416,0.15267,0.66317
144,negative,0.9855,0.0145,0.0
145,negative,0.99997,3e-05,0.0
146,neutral,0.03514,0.96486,0.0
147,positive,0.25051,0.00159,0.7479
148,positive,0.0,2e-05,0.99998
149,negative,0.99998,2e-05,0.0
150,negative,0.99994,3e-05,3e-05
151,negative,1.0,0.0,0.0
152,negative,0.99989,0.0001,1e-05
153,positive,4e-05,0.0,0.99996
154,negative,0.99946,0.00054,0.0
155,negative,1.0,0.0,0.0
156,neutral,0.00712,0.99287,0.0
157,negative,1.0,0.0,0.0
158,positive,1e-05,0.00017,0.99982
159,negative,0.99876,0.00124,0.0
160,neutral,0.12592,0.87408,0.0
161,negative,0.94622,0.05338,0.0004
162,negative,0.99115,0.00885,0.0
163,negative,1.0,0.0,0.0
164,negative,0.9989,0.0011,0.0
165,neutral,0.0,1.0,0.0
166,negative,0.99461,0.00538,0.0
167,negative,0.91964,0.0,0.08036
168,negative,0.98594,0.01406,0.0
169,negative,0.5775,0.4225,0.0
170,neutral,0.23371,0.76629,0.0
171,neutral,0.00055,0.99945,0.0
172,negative,1.0,0.0,0.0
173,neutral,0.07159,0.92841,0.0
174,negative,1.0,0.0,0.0
175,neutral,0.00044,0.99956,0.0
176,negative,1.0,0.0,0.0
177,neutral,0.00078,0.99922,0.0
178,negative,0.96153,0.03847,0.0
179,neutral,0.00054,0.99946,1e-05
180,neutral,0.1192,0.8808,0.0
181,negative,0.9996,0.0004,0.0
182,negative,1.0,0.0,0.0
183,negative,0.96267,0.03733,0.0
184,negative,1.0,0.0,0.0
185,positive,0.02263,0.1014,0.87597
186,negative,0.99994,6e-05,0.0
187,neutral,0.0,1.0,0.0
188,negative,0.7931,0.20689,0.0
189,positive,0.0,0.0,1.0
190,positive,0.02033,0.0,0.97967
191,positive,0.43015,0.0,0.56985
192,negative,0.99985,0.00015,0.0
193,neutral,9e-05,0.99988,3e-05
194,negative,0.93812,0.06188,0.0
195,positive,0.00039,0.0,0.99961
196,negative,0.99863,0.00137,0.0
197,neutral,0.00153,0.77066,0.22781
198,negative,0.99992,8e-05,0.0
199,neutral,0.07586,0.92414,0.0
200,negative,0.63703,0.36297,0.0
201,neutral,0.00088,0.99911,0.0
202,neutral,0.03114,0.96885,1e-05
203,negative,0.99867,0.00133,0.0
204,negative,0.94815,0.05185,0.0
205,negative,1.0,0.0,0.0
206,negative,0.99999,1e-05,0.0
207,negative,0.93991,0.06009,0.0
208,negative,0.99445,0.00555,0.0
209,negative,0.88404,0.11596,0.0
210,negative,0.92414,0.07586,0.0
211,negative,0.99945,0.00055,0.0
212,neutral,0.01406,0.98594,0.0
213,negative,0.99553,0.00447,0.0
214,neutral,0.0,1.0,0.0
215,positive,0.0,0.0,1.0
216,neutral,0.09531,0.90429,0.0004
217,neutral,0.44553,0.55447,0.0
218,negative,0.99629,0.00371,0.0
219,negative,0.67233,0.32767,0.0
220,neutral,0.09269,0.90731,1e-05
221,neutral,3e-05,0.99994,3e-05
222,negative,0.99999,1e-05,0.0
223,negative,0.99996,4e-05,0.0
224,negative,0.99998,2e-05,0.0
225,negative,1.0,0.0,0.0
226,neutral,0.39234,0.60766,0.0
227,neutral,6e-05,0.99994,0.0
228,neutral,0.20689,0.79311,0.0
229,neutral,3e-05,0.99997,0.0
230,negative,1.0,0.0,0.0
231,neutral,0.0,1.0,0.0
232,neutral,3e-05,0.99997,0.0
233,negative,0.99999,1e-05,0.0
234,neutral,0.48432,0.51556,0.00012
235,negative,0.99968,0.00032,0.0
236,positive,0.03712,0.11797,0.8449
237,negative,0.99992,8e-05,0.0
238,negative,0.97558,0.02442,0.0
239,neutral,0.00055,0.99945,0.0
240,negative,1.0,0.0,0.0
241,negative,0.97404,0.02596,0.0
242,negative,0.99737,0.00263,0.0
243,negative,0.99999,1e-05,0.0
244,neutral,0.4225,0.5775,0.0
245,negative,0.99999,1e-05,0.0
246,positive,4e-05,0.00395,0.99601
247,positive,0.0,0.0,1.0
248,negative,0.97904,0.02096,0.0
249,positive,3e-05,0.0,0.99997
250,negative,0.99999,1e-05,0.0
251,negative,0.87408,0.12592,0.0
252,negative,0.99801,0.00199,0.0
253,negative,0.98458,0.01542,0.0
254,positive,0.00049,0.0,0.99951
255,neutral,1e-05,0.99508,0.00491
256,neutral,0.35577,0.64422,1e-05
257,neutral,0.26283,0.73712,5e-05
258,neutral,0.00042,0.99954,4e-05
259,positive,0.0,0.0,1.0
260,positive,0.0,0.0,1.0
261,negative,1.0,0.0,0.0
262,negative,0.99879,0.00121,0.0
263,negative,1.0,0.0,0.0
264,negative,0.9997,0.0003,0.0
265,negative,0.99962,0.00038,0.0
266,neutral,0.0,1.0,0.0
267,negative,1.0,0.0,0.0
268,negative,0.86337,0.1366,3e-05
269,negative,1.0,0.0,0.0
270,neutral,0.0,1.0,0.0
271,negative,0.98833,0.01133,0.00034
272,negative,1.0,0.0,0.0
273,negative,0.99242,0.00758,0.0
274,negative,1.0,0.0,0.0
275,negative,1.0,0.0,0.0
276,negative,0.99992,8e-05,0.0
277,negative,0.90192,0.09808,0.0
278,neutral,0.22816,0.77184,0.0
279,neutral,0.0,1.0,0.0
280,negative,0.99999,1e-05,0.0
281,negative,1.0,0.0,0.0
282,negative,0.99168,0.00832,0.0
283,neutral,0.0,1.0,0.0
284,negative,0.99996,4e-05,0.0
285,negative,0.98593,0.01406,1e-05
286,neutral,0.25683,0.74316,1e-05
287,negative,1.0,0.0,0.0
288,negative,1.0,0.0,0.0
289,neutral,0.00011,0.99986,3e-05
290,negative,1.0,0.0,0.0
291,neutral,0.00782,0.99218,0.0
292,negative,1.0,0.0,0.0
293,neutral,0.1561,0.8439,0.0
294,neutral,0.12609,0.8483,0.02562
295,negative,1.0,0.0,0.0
296,neutral,4e-05,0.99996,0.0
297,negative,0.99998,2e-05,0.0
298,negative,0.94335,0.05665,0.0
299,negative,0.99981,0.00019,0.0
300,negative,0.91244,0.08756,0.0
301,negative,1.0,0.0,0.0
302,neutral,2e-05,0.99998,0.0
303,negative,0.8808,0.1192,0.0
304,neutral,0.2227,0.7773,0.0
305,neutral,2e-05,0.99996,2e-05
306,neutral,0.0,1.0,0.0
307,neutral,0.0,1.0,0.0
308,negative,1.0,0.0,0.0
309,negative,0.79819,0.20181,0.0
310,negative,1.0,0.0,0.0
311,positive,2e-05,0.0,0.99998
312,negative,0.79819,0.20181,0.0
313,negative,1.0,0.0,0.0
314,negative,1.0,0.0,0.0
315,negative,1.0,0.0,0.0
316,positive,0.03846,9e-05,0.96144
317,neutral,0.0,1.0,0.0
318,negative,0.78793,0.21207,0.0
319,neutral,0.00042,0.99958,0.0
320,negative,0.94967,0.05033,0.0
321,negative,0.99941,0.00059,0.0
322,negative,0.74909,0.25091,0.0
323,neutral,0.00071,0.99929,0.0
324,neutral,0.00015,0.99565,0.0042
325,positive,0.0,0.0,1.0
326,negative,0.92414,0.07586,0.0
327,neutral,0.0164,0.9836,0.0
328,negative,0.7773,0.2227,0.0
329,negative,0.99935,0.00065,0.0
330,negative,1.0,0.0,0.0
331,negative,0.99801,0.00199,0.0
332,negative,0.76063,0.23934,3e-05
333,negative,1.0,0.0,0.0
334,neutral,0.00669,0.99226,0.00106
335,negative,1.0,0.0,0.0
336,negative,0.99683,0.00317,0.0
337,negative,1.0,0.0,0.0
338,negative,1.0,0.0,0.0
339,neutral,0.00175,0.99825,0.0
340,neutral,1e-05,0.99999,0.0
341,neutral,0.0,1.0,0.0
342,neutral,0.00078,0.99922,0.0
343,negative,0.9284,0.07159,1e-05
344,neutral,0.39226,0.60755,0.00019
345,neutral,0.02162,0.97837,1e-05
346,neutral,0.01112,0.88338,0.1055
347,negative,0.91243,0.08756,0.0
348,neutral,1e-05,0.99997,2e-05
349,positive,0.0,2e-05,0.99998
350,negative,1.0,0.0,0.0
351,neutral,0.0,1.0,0.0
352,negative,1.0,0.0,0.0
353,positive,0.08831,0.04727,0.86443
354,neutral,0.001,0.8511,0.1479
355,negative,0.98795,0.01205,0.0
356,negative,1.0,0.0,0.0
357,neutral,3e-05,0.99669,0.00327
358,neutral,0.0,1.0,0.0
359,negative,1.0,0.0,0.0
360,neutral,0.04084,0.95894,0.00022
361,negative,0.99641,0.00359,0.0
362,neutral,0.22815,0.77183,2e-05
363,positive,0.00452,0.04864,0.94684
364,negative,0.99994,6e-05,0.0
365,positive,2e-05,0.0,0.99998
366,negative,0.99946,0.00054,0.0
367,negative,0.99115,0.00885,0.0
368,negative,1.0,0.0,0.0
369,neutral,0.0,1.0,0.0
370,neutral,0.0,1.0,0.0
371,negative,0.99652,0.00348,0.0
372,negative,1.0,0.0,0.0
373,negative,1.0,0.0,0.0
374,negative,0.64422,0.0,0.35577
375,neutral,0.32767,0.67233,0.0
376,neutral,0.04074,0.95658,0.00269
377,negative,1.0,0.0,0.0
378,negative,0.9679,0.0321,0.0
379,negative,0.99999,1e-05,0.0
380,neutral,0.00052,0.76025,0.23922
381,negative,1.0,0.0,0.0
382,positive,1e-05,0.0,0.99999
383,negative,0.65135,0.34865,0.0
384,negative,0.98594,0.01406,0.0
385,neutral,0.00187,0.99813,0.0
386,negative,1.0,0.0,0.0
387,negative,0.99775,0.00225,0.0
388,negative,0.99981,0.00019,0.0
389,negative,1.0,0.0,0.0
390,neutral,0.0,0.99999,0.0
391,negative,0.88404,0.11596,0.0
392,negative,0.99997,3e-05,0.0
393,negative,0.99997,3e-05,0.0
394,negative,0.9998,0.0002,0.0
395,negative,0.99998,2e-05,0.0
396,neutral,0.0,1.0,0.0
397,neutral,0.0,1.0,0.0
398,negative,0.99995,5e-05,0.0
399,negative,1.0,0.0,0.0
400,neutral,0.00141,0.99859,0.0
401,negative,1.0,0.0,0.0
402,negative,0.97324,0.02676,0.0
403,neutral,0.0,1.0,0.0
404,negative,0.98636,0.01364,0.0
405,neutral,0.00247,0.99753,0.0
406,neutral,0.00013,0.99986,1e-05
407,neutral,0.26284,0.73716,0.0
408,positive,0.0,0.0,1.0
409,negative,0.8173,0.00034,0.18236
410,neutral,0.05108,0.7052,0.24371
411,neutral,0.0,1.0,0.0
412,neutral,0.03847,0.96153,0.0
413,negative,0.99998,2e-05,0.0
414,neutral,0.00012,0.99988,0.0
415,negative,0.99999,1e-05,0.0
416,negative,0.69264,0.30736,0.0
417,negative,0.98901,0.01099,0.0
418,positive,1e-05,0.0,0.99999
419,neutral,0.0,1.0,0.0
420,neutral,0.20682,0.79282,0.00036
421,neutral,0.08756,0.91244,0.0
422,negative,1.0,0.0,0.0
423,neutral,0.0,1.0,0.0
424,negative,0.99984,0.00016,0.0
425,negative,0.76065,0.23935,0.0
426,negative,0.94333,0.05665,1e-05
427,neutral,0.00382,0.99617,0.0
428,neutral,0.00015,0.99985,0.0
429,negative,0.99265,0.00735,0.0
430,negative,0.99788,0.00212,0.0
431,negative,1.0,0.0,0.0
432,neutral,7e-05,0.99991,2e-05
433,positive,0.0,0.0,1.0
434,neutral,0.00175,0.99825,0.0
435,negative,0.9931,0.0069,0.0
436,negative,0.99981,0.00019,0.0
437,negative,0.90731,0.09269,0.0
438,negative,1.0,0.0,0.0
439,negative,0.90731,0.09269,0.0
440,neutral,2e-05,0.99998,0.0
441,negative,0.93812,0.06188,0.0
442,neutral,0.0,1.0,0.0
443,positive,0.0,5e-05,0.99995
444,negative,0.9989,0.0011,0.0
445,neutral,0.0069,0.9931,0.0
446,negative,0.99984,0.00016,0.0
447,neutral,0.03009,0.96584,0.00407
448,negative,0.99995,5e-05,0.0
449,negative,0.87408,0.12592,0.0
450,neutral,4e-05,0.99474,0.00522
451,negative,0.99999,1e-05,0.0
452,neutral,1e-05,0.99999,0.0
453,neutral,0.0,1.0,0.0
454,negative,0.99909,0.00091,0.0
455,negative,0.78793,0.21207,0.0
456,negative,0.99992,8e-05,0.0
457,negative,1.0,0.0,0.0
458,neutral,0.0,1.0,0.0
459,neutral,0.02931,0.97069,0.0
460,negative,0.99967,0.00033,0.0
461,negative,0.99683,0.00317,0.0
462,neutral,0.00735,0.99265,0.0
463,negative,1.0,0.0,0.0
464,negative,0.99914,0.00086,0.0
465,negative,0.8872,0.1128,0.0
466,neutral,0.0,1.0,0.0
467,negative,0.99795,0.00205,0.0
468,negative,0.89912,0.10088,0.0
469,negative,1.0,0.0,0.0
470,positive,0.0,0.0,1.0
471,negative,0.54674,0.45326,1e-05
472,neutral,0.0,1.0,0.0
473,negative,0.91964,0.08036,0.0
474,positive,0.00012,0.00065,0.99923
475,positive,0.0,0.0,1.0
476,neutral,0.00327,0.99672,1e-05
477,neutral,0.08756,0.91243,0.0
478,neutral,0.0,1.0,0.0
479,negative,0.99999,1e-05,0.0
480,negative,0.99999,1e-05,0.0
481,positive,0.0,0.0,1.0
482,negative,0.99867,0.00133,0.0
483,neutral,0.0,1.0,0.0
484,negative,1.0,0.0,0.0
485,negative,1.0,0.0,0.0
486,positive,7e-05,0.0,0.99993
487,neutral,0.01282,0.98718,0.0
488,negative,0.99974,0.00026,0.0
489,negative,0.99194,0.00806,0.0
490,negative,1.0,0.0,0.0
491,negative,0.81757,0.18243,0.0
492,positive,0.0,0.0,1.0
493,neutral,0.0,1.0,0.0
494,neutral,0.00019,0.99973,8e-05
495,negative,0.89625,0.10375,0.0
496,negative,0.97838,0.02162,0.0
497,negative,0.98998,0.01001,0.0
498,neutral,0.01691,0.98309,0.0
499,negative,0.99996,4e-05,0.0
500,negative,0.94967,0.05033,0.0
501,negative,0.98675,0.01322,2e-05
502,neutral,0.0,0.99999,1e-05
503,negative,0.99998,2e-05,0.0
504,negative,0.99996,3e-05,1e-05
505,neutral,1e-05,0.99999,0.0
506,neutral,0.48438,0.51562,0.0
507,neutral,0.04209,0.95791,0.0
508,negative,0.99979,0.00021,0.0
509,negative,0.77184,0.22816,0.0
510,negative,0.99931,0.00069,0.0
511,negative,0.68595,0.31405,0.0
512,negative,0.81287,0.18713,0.0
513,neutral,0.01205,0.98794,0.0
514,neutral,3e-05,0.99997,0.0
515,neutral,0.00941,0.9905,9e-05
516,positive,0.3204,0.00131,0.67829
517,negative,0.99767,0.00181,0.00052
518,neutral,0.19682,0.80315,2e-05
519,positive,0.0,0.0,1.0
520,negative,1.0,0.0,0.0
521,neutral,1e-05,0.99999,0.0
522,negative,0.99876,0.00124,0.0
523,neutral,0.10375,0.89625,0.0
524,negative,0.75874,0.2314,0.00985
525,neutral,0.03924,0.57664,0.38412
526,negative,0.97175,0.01522,0.01302
527,negative,1.0,0.0,0.0
528,neutral,0.25091,0.74909,0.0
529,negative,0.71223,0.28777,0.0
530,positive,0.03108,0.34472,0.6242
531,negative,0.9992,0.0008,0.0
532,negative,0.93046,0.06954,0.0
533,positive,0.00091,0.0,0.99909
534,neutral,0.01322,0.98678,0.0
535,neutral,0.0,1.0,0.0
536,negative,0.99956,0.00044,0.0
537,negative,1.0,0.0,0.0
538,negative,0.99641,0.00359,0.0
539,negative,1.0,0.0,0.0
540,negative,1.0,0.0,0.0
541,positive,0.25408,0.03333,0.71259
542,neutral,0.00573,0.99427,0.0
543,neutral,0.0,1.0,0.0
544,negative,0.99993,7e-05,0.0
545,negative,0.99914,0.00086,0.0
546,negative,0.56985,0.43015,0.0
547,negative,0.99989,0.00011,0.0
548,negative,0.99997,3e-05,0.0
549,negative,0.99863,0.00137,0.0
550,neutral,9e-05,0.99991,0.0
551,neutral,9e-05,0.99991,0.0
552,negative,0.99999,1e-05,0.0
553,positive,0.00029,0.0,0.99971
554,negative,0.99951,0.00049,0.0
555,neutral,0.14415,0.85585,0.0
556,negative,0.99998,2e-05,0.0
557,negative,0.9763,0.02369,1e-05
558,negative,0.99999,1e-05,0.0
559,positive,3e-05,0.0,0.99997
560,negative,1.0,0.0,0.0
561,negative,1.0,0.0,0.0
562,negative,1.0,0.0,0.0
563,negative,0.99087,0.00913,0.0
564,negative,0.99195,0.00781,0.00024
565,negative,1.0,0.0,0.0
566,negative,0.99964,0.00036,0.0
567,negative,0.99788,0.00212,0.0
568,negative,1.0,0.0,0.0
569,negative,0.99753,0.00247,0.0
570,negative,0.97771,0.02229,0.0
571,negative,0.94335,0.05665,0.0
572,negative,0.99998,2e-05,0.0
573,negative,0.96378,0.03622,0.0
574,negative,1.0,0.0,0.0
575,negative,0.9284,0.07159,1e-05
576,neutral,0.0011,0.9989,0.0
577,neutral,0.14767,0.84979,0.00254
578,negative,1.0,0.0,0.0
579,negative,0.98636,0.01364,0.0
580,neutral,0.0,1.0,0.0
581,negative,0.99987,0.00013,0.0
582,negative,0.98457,0.01542,0.0
583,neutral,0.05665,0.94335,0.0
584,neutral,0.0,1.0,0.0
585,neutral,0.00133,0.99867,0.0
586,neutral,0.0,1.0,0.0
587,neutral,0.0,1.0,0.0
588,negative,0.99427,0.00573,0.0
589,neutral,0.2995,0.69636,0.00414
590,negative,1.0,0.0,0.0
591,negative,0.99819,0.00181,0.0
592,neutral,0.00271,0.99728,0.0
593,neutral,0.0,1.0,0.0
594,negative,0.99975,0.00025,0.0
595,negative,0.98678,0.01322,0.0
596,negative,0.99999,1e-05,0.0
597,negative,0.99887,0.00113,0.0
598,neutral,1e-05,0.99999,0.0
599,negative,0.99636,0.00132,0.00232
600,negative,0.93584,0.06368,0.00047
601,neutral,0.43782,0.56218,0.0
602,negative,0.99995,5e-05,0.0
603,neutral,0.00506,0.99494,0.0
604,neutral,0.03309,0.96691,0.0
605,negative,0.55447,0.44553,0.0
606,negative,1.0,0.0,0.0
607,neutral,0.00071,0.99929,0.0
608,neutral,0.00199,0.99801,0.0
609,negative,0.99408,0.00591,0.0
610,neutral,0.30736,0.69264,0.0
611,positive,0.0,0.0,1.0
612,neutral,0.00689,0.99094,0.00217
613,neutral,0.0,1.0,0.0
614,neutral,0.00029,0.99971,0.0
615,negative,0.99978,0.00022,0.0
616,negative,0.99973,0.00027,0.0
617,neutral,0.00083,0.99917,0.0
618,negative,0.99927,0.00073,0.0
619,negative,0.99999,1e-05,0.0
620,negative,1.0,0.0,0.0
621,positive,0.00014,0.06008,0.93978
622,negative,1.0,0.0,0.0
623,neutral,0.14034,0.85966,0.0
624,neutral,0.08756,0.91244,0.0
625,negative,0.99971,0.00029,0.0
626,negative,0.97967,0.02033,0.0
627,neutral,0.03963,0.96015,0.00022
628,neutral,0.0,1.0,0.0
629,negative,0.99999,1e-05,0.0
630,negative,0.9855,0.0145,0.0
631,negative,1.0,0.0,0.0
632,negative,0.99995,5e-05,0.0
633,negative,0.99768,0.00232,0.0
634,negative,0.91964,0.08036,0.0
635,negative,1.0,0.0,0.0
636,negative,1.0,0.0,0.0
637,negative,0.99989,0.00011,0.0
638,negative,1.0,0.0,0.0
639,negative,0.95791,0.04209,0.0
640,neutral,0.09269,0.90731,0.0
641,negative,0.87053,0.12939,8e-05
642,positive,0.00193,1e-05,0.99806
643,neutral,0.02759,0.97241,0.0
644,negative,0.83548,0.16452,0.0
645,neutral,0.00573,0.99427,0.0
646,negative,0.99929,0.00071,0.0
647,neutral,0.42998,0.56963,0.00039
648,neutral,0.10971,0.89029,0.0
649,negative,0.99998,2e-05,0.0
650,neutral,0.00447,0.99547,6e-05
651,negative,0.99996,4e-05,0.0
652,negative,0.99991,9e-05,0.0
653,negative,1.0,0.0,0.0
654,positive,0.00137,4e-05,0.9986
655,negative,0.85966,0.14034,0.0
656,neutral,0.0006,0.98029,0.01911
657,neutral,0.00044,0.99956,0.0
658,negative,1.0,0.0,0.0
659,negative,0.99115,0.00885,0.0
660,negative,0.55446,0.44552,1e-05
661,negative,0.99999,1e-05,0.0
662,neutral,0.0,1.0,0.0
663,positive,0.0,0.0,1.0
664,negative,1.0,0.0,0.0
665,negative,1.0,0.0,0.0
666,neutral,1e-05,0.99999,0.0
667,neutral,0.06371,0.93625,4e-05
668,negative,0.99825,0.00175,0.0
669,negative,1.0,0.0,0.0
670,negative,0.96265,0.03399,0.00337
671,negative,0.9998,0.0002,0.0
672,negative,1.0,0.0,0.0
673,negative,0.97558,0.02442,0.0
674,neutral,0.10971,0.89029,0.0
675,negative,0.9995,0.0005,0.0
676,negative,0.61508,0.38491,1e-05
677,neutral,0.28139,0.71856,4e-05
678,negative,0.55447,0.44553,0.0
679,negative,0.99997,3e-05,0.0
680,neutral,0.01707,0.84865,0.13428
681,neutral,0.19193,0.80807,0.0
682,neutral,0.01542,0.98455,2e-05
683,negative,1.0,0.0,0.0
684,neutral,0.0,1.0,0.0
685,positive,0.0,0.0,1.0
686,negative,0.99863,0.00137,0.0
687,negative,1.0,0.0,0.0
688,negative,0.99997,3e-05,0.0
689,negative,0.67233,0.32767,0.0
690,negative,1.0,0.0,0.0
691,negative,0.99993,7e-05,0.0
692,negative,0.83114,0.16886,0.0
693,negative,1.0,0.0,0.0
694,negative,0.99998,2e-05,0.0
695,negative,0.98201,0.01799,0.0
696,negative,0.90991,0.09009,0.0
697,negative,0.97631,0.02369,0.0
698,negative,0.97904,0.02096,0.0
699,negative,0.62246,0.37754,0.0
700,negative,0.99935,0.00065,0.0
701,neutral,0.0,1.0,0.0
702,negative,0.99999,1e-05,1e-05
703,neutral,0.04067,0.95491,0.00442
704,neutral,0.0,1.0,0.0
705,negative,0.79819,0.20181,0.0
706,neutral,0.00086,0.99914,0.0
707,negative,1.0,0.0,0.0
708,negative,0.99997,3e-05,0.0
709,negative,0.54674,0.45326,0.0
710,negative,1.0,0.0,0.0
711,negative,0.99702,0.00298,0.0
712,positive,0.0,0.0,1.0
713,neutral,0.0,1.0,0.0
714,negative,1.0,0.0,0.0
715,negative,0.99996,4e-05,0.0
716,positive,0.00052,0.0,0.99948
717,neutral,0.01744,0.98255,1e-05
718,positive,0.20614,0.00366,0.7902
719,negative,0.9995,0.0005,0.0
720,neutral,0.08036,0.91964,0.0
721,neutral,0.00255,0.99744,1e-05
722,negative,1.0,0.0,0.0
723,negative,0.85194,0.14805,1e-05
724,neutral,0.48438,0.51562,0.0
725,neutral,0.0,1.0,0.0
726,negative,0.96036,0.03964,0.0
727,negative,0.99288,0.00712,0.0
728,negative,0.99909,0.00091,0.0
729,neutral,0.00034,0.99966,0.0
730,neutral,0.00055,0.99945,0.0
731,neutral,0.0,1.0,0.0
732,negative,0.9539,0.04603,7e-05
733,neutral,0.01591,0.98409,0.0
734,negative,1.0,0.0,0.0
735,neutral,0.47658,0.52342,0.0
736,negative,0.68595,0.31405,0.0
737,negative,0.99371,0.00629,0.0
738,negative,0.99973,0.00027,0.0
739,negative,1.0,0.0,0.0
740,negative,1.0,0.0,0.0
741,neutral,0.4225,0.5775,0.0
742,positive,1e-05,0.0,0.99999
743,neutral,0.0,0.99999,0.0
744,negative,0.91244,0.08756,0.0
745,neutral,0.00067,0.99933,0.0
746,neutral,0.00476,0.99524,0.0
747,negative,1.0,0.0,0.0
748,neutral,0.17329,0.82671,0.0
749,negative,0.99995,5e-05,0.0
750,neutral,0.00649,0.99351,0.0
751,neutral,0.01542,0.98457,0.0
752,negative,1.0,0.0,0.0
753,negative,0.9679,0.0321,0.0
754,negative,0.99989,0.00011,0.0
755,positive,1e-05,0.0,0.99999
756,neutral,0.33459,0.66541,0.0
757,negative,0.99998,2e-05,0.0
758,negative,0.99984,0.00016,0.0
759,negative,0.64422,0.35577,0.0
760,neutral,0.29603,0.68828,0.01569
761,negative,0.99478,0.00522,0.0
762,positive,0.0,1e-05,0.99999
763,negative,0.87408,0.12592,0.0
764,neutral,1e-05,0.99999,0.0
765,neutral,0.00015,0.99985,0.0
766,negative,0.92592,0.07367,0.00041
767,neutral,9e-05,0.99991,0.0
768,positive,0.0,1e-05,0.99999
769,negative,0.99993,7e-05,0.0
770,negative,0.98409,0.01591,0.0
771,negative,0.98795,0.01205,0.0
772,negative,1.0,0.0,0.0
773,negative,0.99999,1e-05,0.0
774,negative,0.85585,0.14415,0.0
775,positive,0.12252,3e-05,0.87745
776,positive,0.1688,0.1636,0.6676
777,neutral,0.0024,0.9976,0.0
778,negative,0.96886,0.03114,0.0
779,negative,1.0,0.0,0.0
780,negative,0.97068,0.02931,0.0
781,neutral,0.0,1.0,0.0
782,neutral,0.00044,0.99956,0.0
783,neutral,0.25683,0.74317,0.0
784,neutral,0.00025,0.99975,0.0
785,neutral,9e-05,0.99991,0.0
786,neutral,0.00012,0.99988,0.0
787,neutral,4e-05,0.99996,0.0
788,negative,0.87748,0.12252,0.0
789,neutral,0.00241,0.97395,0.02363
790,neutral,0.0,1.0,0.0
791,negative,0.9997,0.0003,0.0
792,neutral,1e-05,0.99999,0.0
793,neutral,0.0,1.0,0.0
794,neutral,4e-05,0.99996,0.0
795,negative,1.0,0.0,0.0
796,neutral,0.02844,0.97156,0.0
797,negative,0.95915,0.04085,0.0
798,positive,0.00069,0.0,0.99931
799,neutral,0.0,1.0,0.0
800,neutral,0.0,1.0,0.0
801,negative,1.0,0.0,0.0
802,neutral,1e-05,0.99999,0.0
803,negative,0.99351,0.00649,0.0
804,negative,0.99999,1e-05,0.0
805,positive,2e-05,0.0,0.99998
806,positive,0.00041,0.26273,0.73686
807,negative,0.9466,0.0534,0.0
808,negative,0.99995,5e-05,0.0
809,negative,0.99444,0.00555,0.0
810,negative,0.96267,0.03733,0.0
811,negative,0.56985,0.43015,0.0
812,positive,0.0,0.0,1.0
813,neutral,0.00433,0.99567,0.0
814,neutral,0.0,1.0,0.0
815,negative,0.60766,0.39234,0.0
816,negative,0.97482,0.02518,1e-05
817,negative,0.71223,0.28777,0.0
818,negative,1.0,0.0,0.0
819,negative,0.99987,0.00013,0.0
820,negative,1.0,0.0,0.0
821,neutral,0.0,0.99999,0.0
822,neutral,0.0,1.0,0.0
823,positive,0.0,0.0,1.0
824,negative,0.78793,0.21207,0.0
825,neutral,1e-05,0.99999,0.0
826,negative,1.0,0.0,0.0
827,negative,0.98088,0.01912,0.0
828,neutral,0.00591,0.99409,0.0
829,negative,1.0,0.0,0.0
830,negative,0.99965,0.00035,0.0
831,negative,0.96036,0.03964,0.0
832,neutral,0.00145,0.99781,0.00073
833,positive,0.0,0.0,0.99999
834,neutral,0.00014,0.99986,0.0
835,negative,0.99702,0.00298,0.0
836,neutral,0.00124,0.99875,0.0
837,neutral,0.0,1.0,0.0
838,negative,0.99986,0.00014,0.0
839,neutral,0.14034,0.85966,0.0
840,negative,0.79311,0.20689,0.0
841,neutral,0.00032,0.99955,0.00013
842,negative,0.79301,0.20687,0.00012
843,neutral,0.0,1.0,0.0
844,negative,0.99962,0.00038,0.0
845,neutral,0.03021,0.96979,0.0
846,negative,0.99996,4e-05,0.0
847,negative,0.99769,0.00218,0.00013
848,negative,0.9958,0.0042,0.0
849,neutral,0.0069,0.9931,0.0
850,negative,0.96691,0.03309,0.0
851,neutral,0.00017,0.99959,0.00024
852,negative,1.0,0.0,0.0
853,negative,0.99673,0.00327,0.0
854,negative,0.99999,1e-05,0.0
855,negative,0.99692,0.00308,0.0
856,negative,1.0,0.0,0.0
857,neutral,0.38491,0.61509,0.0
858,negative,1.0,0.0,0.0
859,neutral,0.0,1.0,0.0
860,neutral,0.0,1.0,0.0
861,negative,0.99994,6e-05,0.0
862,neutral,0.01282,0.98718,0.0
863,negative,0.7661,0.00026,0.23365
864,negative,0.99998,2e-05,0.0
865,negative,0.74317,0.25683,0.0
866,negative,0.99997,3e-05,0.0
867,negative,0.99995,5e-05,0.0
868,neutral,0.32767,0.67233,0.0
869,neutral,0.05185,0.94815,0.0
870,negative,0.99988,0.00012,0.0
871,negative,0.99834,0.00165,1e-05
872,negative,0.99937,0.00063,0.0
873,negative,0.98757,0.01243,0.0
874,negative,1.0,0.0,0.0
875,neutral,0.00091,0.99909,0.0
876,neutral,0.00025,0.99909,0.00067
877,neutral,0.00669,0.99331,0.0
878,negative,0.999,0.001,0.0
879,neutral,0.02096,0.97904,0.0
880,neutral,0.0,1.0,0.0
881,neutral,0.0,1.0,0.0
882,neutral,0.40733,0.59267,0.0
883,neutral,0.00832,0.99168,0.0
884,neutral,1e-05,0.99999,0.0
885,negative,0.89911,0.10088,1e-05
886,negative,1.0,0.0,0.0
887,negative,1.0,0.0,0.0
888,negative,0.99605,0.00395,0.0
889,negative,0.99981,0.00019,0.0
890,neutral,0.00433,0.99567,0.0
891,negative,0.99988,0.00012,0.0
892,negative,0.999,0.001,0.0
893,negative,1.0,0.0,0.0
894,neutral,0.0,1.0,0.0
895,negative,0.57749,0.4225,0.0
896,neutral,0.0,0.97771,0.02229
897,neutral,0.00032,0.99968,0.0
898,negative,1.0,0.0,0.0
899,neutral,1e-05,0.99999,0.0
900,positive,0.0,0.0,1.0
901,neutral,0.00042,0.99958,0.0
902,negative,0.99969,0.00031,0.0
903,neutral,0.0,1.0,0.0
904,negative,0.99996,4e-05,0.0
905,neutral,0.0,1.0,0.0
906,negative,0.99967,0.00033,0.0
907,neutral,1e-05,0.99999,0.0
908,negative,1.0,0.0,0.0
909,negative,0.55447,0.44553,0.0
910,negative,0.86704,0.13296,0.0
911,neutral,0.10088,0.89912,0.0
912,negative,0.99641,0.00359,0.0
913,neutral,0.00461,0.99539,0.0
914,neutral,0.0,0.99991,9e-05
915,neutral,0.00059,0.94759,0.05181
916,negative,0.99999,1e-05,0.0
917,negative,1.0,0.0,0.0
918,negative,0.99961,0.00039,0.0
919,negative,1.0,0.0,0.0
920,negative,1.0,0.0,0.0
921,negative,0.98678,0.01322,0.0
922,negative,0.99825,0.00175,0.0
923,negative,1.0,0.0,0.0
924,negative,0.99977,0.00023,0.0
925,negative,1.0,0.0,0.0
926,negative,0.999,0.001,0.0
927,neutral,0.00522,0.99478,0.0
928,negative,1.0,0.0,0.0
929,neutral,1e-05,0.99999,0.0
930,neutral,0.00067,0.99933,0.0
931,negative,0.99883,0.00117,0.0
932,negative,1.0,0.0,0.0
933,negative,1.0,0.0,0.0
934,neutral,0.18713,0.81287,0.0
935,neutral,0.05501,0.94499,0.0
936,positive,0.00538,8e-05,0.99453
937,negative,0.99999,1e-05,0.0
938,neutral,0.01233,0.97946,0.00821
939,negative,0.99911,0.00069,0.0002
940,negative,0.5851,0.4149,0.0
941,negative,0.98088,0.01912,0.0
942,neutral,0.0145,0.9855,0.0
943,neutral,0.0,1.0,0.0
944,neutral,0.00417,0.92857,0.06727
945,negative,1.0,0.0,0.0
946,negative,0.99995,5e-05,1e-05
947,neutral,0.47658,0.52342,0.0
948,negative,0.99995,5e-05,0.0
949,positive,0.0,0.0,1.0
950,negative,1.0,0.0,0.0
951,negative,0.99968,0.00032,0.0
952,neutral,1e-05,0.99999,0.0
953,neutral,0.00308,0.99692,0.0
954,positive,0.09767,0.00416,0.89817
955,positive,0.00021,0.00247,0.99732
956,negative,0.99998,2e-05,0.0
957,negative,0.9992,0.0008,0.0
958,neutral,0.0,1.0,0.0
959,neutral,0.26284,0.73716,0.0
960,negative,1.0,0.0,0.0
961,neutral,0.14415,0.85585,0.0
962,positive,2e-05,0.0,0.99998
963,negative,1.0,0.0,0.0
964,positive,0.01799,1e-05,0.982
965,negative,0.99997,3e-05,0.0
966,negative,0.99893,0.00106,0.0
967,negative,0.99999,1e-05,0.0
968,negative,1.0,0.0,0.0
969,neutral,3e-05,0.99995,2e-05
970,negative,0.9983,0.0017,0.0
971,negative,0.98867,0.01133,0.0
972,neutral,0.0,1.0,0.0
973,positive,0.0,0.0,1.0
974,negative,0.9939,0.0061,0.0
975,neutral,0.10669,0.89331,0.0
976,negative,0.99999,1e-05,0.0
977,neutral,4e-05,0.9992,0.00076
978,neutral,0.01322,0.98678,0.0
979,negative,0.99618,0.00382,0.0
980,negative,0.99997,3e-05,0.0
981,neutral,0.00069,0.99931,0.0
982,negative,0.99539,0.00461,0.0
983,neutral,0.0051,0.58964,0.40526
984,negative,0.99995,5e-05,0.0
985,positive,0.32767,0.0,0.67233
986,neutral,0.0,0.99998,1e-05
987,neutral,0.20181,0.79816,3e-05
988,positive,0.0,0.0,1.0
989,negative,1.0,0.0,0.0
990,positive,0.00202,0.43694,0.56104
991,negative,0.9939,0.0061,0.0
992,negative,0.9984,0.0016,0.0
993,negative,0.9978,0.00218,2e-05
994,negative,0.69264,0.30736,1e-05
995,negative,0.54674,0.45326,0.0
996,negative,1.0,0.0,0.0
997,negative,1.0,0.0,0.0
998,neutral,0.46102,0.53898,0.0
999,negative,0.96152,0.03847,1e-05
1000,negative,1.0,0.0,0.0
1001,negative,1.0,0.0,0.0
1002,negative,1.0,0.0,0.0
1003,neutral,0.0028,0.9972,0.0
1004,neutral,3e-05,0.99997,0.0
1005,neutral,0.48438,0.51562,0.0
1006,negative,0.99996,4e-05,0.0
1007,neutral,0.0,1.0,0.0
1008,neutral,0.0061,0.9939,0.0
1009,neutral,0.00147,0.97884,0.01969
1010,negative,0.8808,0.1192,0.0
1011,negative,0.99999,1e-05,0.0
1012,negative,0.90731,0.09269,0.0
1013,negative,0.9999,0.0001,0.0
1014,neutral,0.0,1.0,0.0
1015,neutral,0.0,1.0,0.0
1016,negative,0.90448,0.06552,0.03
1017,neutral,0.00669,0.99331,0.0
1018,neutral,0.00155,0.99845,0.0
1019,negative,0.98867,0.01133,0.0
1020,negative,0.99991,9e-05,0.0
1021,neutral,0.01691,0.98308,0.0
1022,neutral,0.00011,0.99989,0.0
1023,negative,0.99997,3e-05,0.0
1024,neutral,0.00506,0.99494,0.0
1025,negative,0.86703,0.13296,0.0
1026,negative,0.63703,0.36297,0.0
1027,neutral,2e-05,0.98933,0.01065
1028,neutral,0.00222,0.81576,0.18202
1029,negative,1.0,0.0,0.0
1030,negative,0.99997,3e-05,0.0
1031,neutral,0.0164,0.9836,0.0
1032,negative,0.99927,0.00073,0.0
1033,positive,0.02759,0.0,0.97241
1034,negative,0.99523,0.00476,1e-05
1035,neutral,0.06755,0.93245,0.0
1036,neutral,2e-05,0.99998,0.0
1037,negative,0.99994,6e-05,0.0
1038,negative,0.99912,0.00088,0.0
1039,positive,4e-05,0.1097,0.89026
1040,negative,0.76629,0.23371,0.0
1041,negative,1.0,0.0,0.0
1042,negative,0.99994,6e-05,0.0
1043,negative,1.0,0.0,0.0
1044,negative,0.93628,0.06371,0.0
1045,negative,0.99935,0.00065,0.0
1046,positive,0.01162,0.00603,0.98236
1047,negative,0.99995,5e-05,0.0
1048,negative,1.0,0.0,0.0
1049,negative,0.51562,0.48438,0.0
1050,negative,0.99999,1e-05,0.0
1051,negative,1.0,0.0,0.0
1052,negative,0.97943,0.02033,0.00024
1053,neutral,0.00059,0.99941,0.0
1054,negative,0.95915,0.04085,0.0
1055,neutral,0.0,1.0,0.0
1056,negative,0.99331,0.00669,0.0
1057,negative,1.0,0.0,0.0
1058,neutral,0.06188,0.93812,0.0
1059,positive,2e-05,0.0,0.99998
1060,negative,1.0,0.0,0.0
1061,neutral,0.0159,0.98394,0.00016
1062,positive,0.0,0.0,1.0
1063,neutral,0.02442,0.97558,0.0
1064,negative,0.99998,2e-05,0.0
1065,negative,1.0,0.0,0.0
1066,negative,0.9659,0.0341,0.0
1067,neutral,1e-05,0.99999,0.0
1068,neutral,0.10375,0.89625,0.0
1069,positive,7e-05,0.0,0.99993
1070,neutral,0.0,1.0,0.0
1071,neutral,1e-05,0.99996,3e-05
1072,positive,0.0,0.0,1.0
1073,negative,1.0,0.0,0.0
1074,negative,0.99994,6e-05,0.0
1075,neutral,0.00669,0.99331,0.0
1076,negative,0.99971,0.00029,0.0
1077,negative,0.93812,0.06188,0.0
1078,negative,1.0,0.0,0.0
1079,neutral,0.00012,0.99988,0.0
1080,neutral,0.18243,0.81757,0.0
1081,negative,0.99995,5e-05,0.0
1082,neutral,3e-05,0.99995,2e-05
1083,positive,1e-05,1e-05,0.99998
1084,neutral,0.00573,0.99427,0.0
1085,neutral,0.49219,0.50781,0.0
1086,negative,0.99939,0.00061,0.0
1087,neutral,0.00913,0.99087,0.0
1088,negative,0.85966,0.0,0.14034
1089,negative,0.99996,4e-05,0.0
1090,negative,1.0,0.0,0.0
1091,negative,0.99997,3e-05,0.0
1092,negative,0.59265,0.40732,2e-05
1093,negative,1.0,0.0,0.0
1094,negative,0.99998,2e-05,0.0
1095,neutral,0.0024,0.9976,0.0
1096,positive,0.28777,1e-05,0.71223
1097,negative,0.99998,2e-05,0.0
1098,negative,0.99997,3e-05,0.0
1099,neutral,0.00029,0.99971,0.0
1100,negative,0.99753,0.00247,0.0
1101,neutral,0.02931,0.97069,0.0
1102,neutral,3e-05,0.99996,1e-05
1103,negative,0.99909,0.00091,0.0
1104,negative,0.9958,0.0042,0.0
1105,negative,0.98757,0.01243,0.0
1106,negative,0.80807,0.19193,0.0
1107,neutral,8e-05,0.99992,0.0
1108,negative,0.5,0.5,0.0
1109,neutral,1e-05,0.99999,0.0
1110,negative,0.99991,9e-05,0.0
1111,negative,0.99998,2e-05,0.0
1112,negative,0.60766,0.39234,0.0
1113,neutral,0.0,1.0,0.0
1114,negative,1.0,0.0,0.0
1115,negative,1.0,0.0,0.0
1116,negative,0.99987,3e-05,0.0001
1117,negative,0.99997,3e-05,0.0
1118,negative,0.98678,0.01322,0.0
1119,negative,0.99883,0.00117,0.0
1120,neutral,2e-05,0.9996,0.00038
1121,negative,0.98504,0.01496,1e-05
1122,neutral,0.00187,0.99813,0.0
1123,negative,0.99745,0.00255,0.0
1124,negative,1.0,0.0,0.0
1125,neutral,0.00128,0.99871,0.0
1126,negative,0.86702,0.13296,2e-05
1127,negative,0.99999,1e-05,0.0
1128,negative,0.99986,0.00014,0.0
1129,negative,0.9999,0.0001,0.0
1130,neutral,0.00205,0.99795,0.0
1131,negative,0.87732,0.1225,0.00018
1132,positive,0.00225,0.00097,0.99678
1133,negative,0.86333,0.1366,7e-05
1134,neutral,0.00491,0.99509,1e-05
1135,negative,0.99998,2e-05,0.0
1136,neutral,0.17328,0.82669,3e-05
1137,negative,1.0,0.0,0.0
1138,neutral,0.046,0.9533,0.0007
1139,negative,1.0,0.0,0.0
1140,neutral,1e-05,0.99999,0.0
1141,negative,1.0,0.0,0.0
1142,neutral,0.44553,0.55447,0.0
1143,negative,0.99969,0.00031,0.0
1144,neutral,2e-05,0.99998,0.0
1145,neutral,0.0,0.99997,2e-05
1146,negative,0.75489,0.24508,3e-05
1147,negative,0.99854,0.00146,0.0
1148,negative,0.97156,0.02844,0.0
1149,negative,0.4626,0.19896,0.33844
1150,negative,0.99028,0.00971,1e-05
1151,neutral,0.0016,0.9984,0.0
1152,negative,0.98145,0.01855,0.0
1153,neutral,0.1294,0.8706,0.0
1154,negative,0.87058,0.1294,2e-05
1155,neutral,0.07808,0.92192,0.0
1156,positive,0.0,0.0,1.0
1157,negative,1.0,0.0,0.0
1158,neutral,0.00206,0.9414,0.05654
1159,neutral,0.04209,0.95791,0.0
1160,neutral,0.0001,0.99988,3e-05
1161,negative,0.99997,3e-05,0.0
1162,neutral,0.44818,0.5406,0.01122
1163,negative,0.94335,0.05665,0.0
1164,neutral,0.0,1.0,0.0
1165,negative,0.85195,0.14805,0.0
1166,neutral,0.00941,0.99059,0.0
1167,neutral,0.0,1.0,0.0
1168,negative,0.99999,1e-05,0.0
1169,neutral,0.0,1.0,0.0
1170,neutral,0.0,1.0,0.0
1171,neutral,0.00493,0.96924,0.02583
1172,negative,0.99914,0.00086,0.0
1173,negative,0.98309,0.01691,0.0
1174,negative,0.99985,0.00015,0.0
1175,neutral,0.00806,0.99194,0.0
1176,neutral,0.0,1.0,0.0
1177,neutral,0.12933,0.87014,0.00053
1178,negative,0.99976,0.00024,0.0
1179,negative,0.96978,0.03021,0.0
1180,neutral,0.01033,0.98967,0.0
1181,negative,0.89029,0.10971,0.0
1182,negative,0.99875,0.00124,0.0
1183,negative,0.85585,0.14415,0.0
1184,negative,0.99995,5e-05,0.0
1185,neutral,0.01282,0.98718,0.0
1186,negative,0.9958,0.0042,0.0
1187,negative,0.8872,0.1128,0.0
1188,neutral,0.0,1.0,0.0
1189,negative,0.99994,6e-05,0.0
1190,negative,1.0,0.0,0.0
1191,negative,0.93812,0.06188,0.0
1192,neutral,0.26284,0.73715,2e-05
1193,neutral,0.0001,0.9999,0.0
1194,negative,0.94815,0.05185,0.0
1195,negative,1.0,0.0,0.0
1196,negative,1.0,0.0,0.0
1197,negative,1.0,0.0,0.0
1198,neutral,0.0656,0.9344,0.0
1199,negative,1.0,0.0,0.0
1200,negative,1.0,0.0,0.0
1201,negative,0.99974,0.00025,0.0
1202,negative,0.99998,2e-05,0.0
1203,negative,0.9149,0.0851,0.0
1204,neutral,0.04885,0.95102,0.00013
1205,negative,0.9939,0.0061,0.0
1206,neutral,0.0,1.0,0.0
1207,negative,0.99859,0.00141,0.0
1208,negative,1.0,0.0,0.0
1209,negative,0.99999,0.0,1e-05
1210,negative,1.0,0.0,0.0
1211,negative,0.99985,0.00015,0.0
1212,negative,1.0,0.0,0.0
1213,negative,0.99986,0.00014,0.0
1214,negative,0.99996,4e-05,0.0
1215,negative,0.99984,0.00016,0.0
1216,neutral,0.00128,0.9984,0.00031
1217,negative,0.99999,1e-05,0.0
1218,negative,0.99949,2e-05,0.00049
1219,negative,0.78793,0.21207,0.0
1220,neutral,0.42967,0.44331,0.12701
1221,negative,0.99845,0.00155,0.0
1222,negative,0.99998,2e-05,0.0
1223,negative,1.0,0.0,0.0
1224,negative,0.99897,0.00103,0.0
1225,negative,1.0,0.0,0.0
1226,negative,0.99999,1e-05,0.0
1227,negative,0.99927,0.00073,0.0
1228,negative,0.64422,0.35577,1e-05
1229,negative,1.0,0.0,0.0
1230,negative,0.99995,5e-05,0.0
1231,positive,0.0,0.0,1.0
1232,positive,0.00021,0.48428,0.51551
1233,negative,1.0,0.0,0.0
1234,negative,0.56217,0.43782,2e-05
1235,neutral,0.0,0.99989,0.0001
1236,negative,0.99998,2e-05,0.0
1237,neutral,0.00289,0.99711,0.0
1238,neutral,1e-05,0.99999,0.0
1239,negative,0.83973,0.16027,0.0
1240,neutral,0.00086,0.99875,0.00039
1241,negative,0.99819,0.00181,0.0
1242,negative,0.99998,2e-05,0.0
1243,negative,0.99996,4e-05,0.0
1244,neutral,0.26892,0.73099,9e-05
1245,neutral,0.06009,0.93991,0.0
1246,negative,0.83548,0.16452,0.0
1247,positive,0.0,0.0,0.99999
1248,negative,0.99937,0.00063,0.0
1249,negative,0.99909,0.00091,0.0
1250,negative,0.99997,3e-05,0.0
1251,neutral,0.0,1.0,0.0
1252,negative,1.0,0.0,0.0
1253,negative,0.99972,0.00028,0.0
1254,negative,1.0,0.0,0.0
1255,neutral,0.0,1.0,0.0
1256,positive,2e-05,0.05184,0.94814
1257,negative,0.60019,0.39981,0.0
1258,negative,0.99168,0.00832,0.0
1259,negative,0.99999,1e-05,0.0
1260,neutral,0.0,1.0,0.0
1261,negative,0.99999,1e-05,0.0
1262,positive,0.25678,0.0002,0.74302
1263,neutral,0.0,1.0,0.0
1264,neutral,0.0,0.99999,1e-05
1265,positive,0.0,0.0,1.0
1266,negative,0.84163,0.00268,0.15569
1267,negative,1.0,0.0,0.0
1268,negative,1.0,0.0,0.0
1269,negative,0.99478,0.00522,0.0
1270,negative,0.99991,8e-05,0.0
1271,negative,0.99996,4e-05,0.0
1272,neutral,0.00218,0.99782,0.0
1273,negative,1.0,0.0,0.0
1274,negative,0.53121,0.46879,0.0
1275,negative,1.0,0.0,0.0
1276,neutral,0.00044,0.93771,0.06185
1277,negative,0.99906,0.00094,0.0
1278,negative,0.97241,0.02759,0.0
1279,neutral,0.20689,0.79309,3e-05
1280,neutral,0.0,1.0,0.0
1281,negative,1.0,0.0,0.0
1282,negative,0.99968,0.00032,0.0
1283,neutral,0.00263,0.99737,0.0
1284,neutral,0.0,0.99142,0.00858
1285,negative,0.99982,0.00018,0.0
1286,negative,0.9749,0.00069,0.02441
1287,negative,1.0,0.0,0.0
1288,negative,0.97239,0.02758,2e-05
1289,negative,1.0,0.0,0.0
1290,neutral,0.00187,0.99812,1e-05
1291,neutral,0.00028,0.99972,0.0
1292,neutral,2e-05,0.99998,0.0
1293,negative,0.99933,0.00067,0.0
1294,neutral,0.0,1.0,0.0
1295,negative,0.89331,0.10669,0.0
1296,neutral,0.19192,0.80802,6e-05
1297,neutral,0.01205,0.98794,0.0
1298,neutral,0.00476,0.99524,1e-05
1299,negative,0.99956,0.00044,0.0
1300,neutral,0.0,1.0,0.0
1301,negative,0.99998,2e-05,0.0
1302,neutral,0.0,1.0,0.0
1303,negative,1.0,0.0,0.0
1304,negative,1.0,0.0,0.0
1305,negative,0.99985,0.00014,0.0
1306,neutral,0.03212,0.93864,0.02924
1307,neutral,0.00141,0.99859,0.0
1308,positive,0.23934,5e-05,0.76061
1309,negative,1.0,0.0,0.0
1310,negative,1.0,0.0,0.0
1311,negative,1.0,0.0,0.0
1312,negative,1.0,0.0,0.0
1313,negative,0.9659,0.0341,0.0
1314,negative,1.0,0.0,0.0
1315,negative,0.9958,0.0042,0.0
1316,negative,0.99993,7e-05,0.0
1317,negative,0.9999,0.0001,0.0
1318,negative,0.98831,0.01169,0.0
1319,negative,0.99999,1e-05,0.0
1320,negative,1.0,0.0,0.0
1321,negative,0.90991,0.09009,0.0
1322,negative,0.9984,0.0016,0.0
1323,negative,0.99995,5e-05,0.0
1324,negative,1.0,0.0,0.0
1325,neutral,0.00629,0.99371,0.0
1326,negative,0.99998,2e-05,0.0
1327,negative,0.9855,0.0145,0.0
1328,negative,1.0,0.0,0.0
1329,negative,0.99996,4e-05,0.0
1330,negative,1.0,0.0,0.0
1331,positive,0.00085,0.39947,0.59968
1332,negative,0.87748,0.12252,0.0
1333,negative,1.0,0.0,0.0
1334,negative,1.0,0.0,0.0
1335,neutral,7e-05,0.99992,1e-05
1336,negative,0.99962,0.00038,0.0
1337,neutral,0.01542,0.98458,0.0
1338,neutral,0.0,1.0,0.0
1339,neutral,1e-05,0.99951,0.00049
1340,negative,0.87408,0.12592,0.0
1341,negative,0.99917,0.00083,0.0
1342,neutral,0.00053,0.95865,0.04082
1343,negative,0.99961,0.00039,0.0
1344,neutral,0.00014,0.99986,0.0
1345,negative,0.99997,3e-05,0.0
1346,negative,0.99999,1e-05,0.0
1347,neutral,0.28519,0.6427,0.07211
1348,positive,0.0004,0.00433,0.99527
1349,neutral,0.0015,0.9985,0.0
1350,neutral,0.0,1.0,0.0
1351,neutral,0.00806,0.99194,0.0
1352,negative,0.99997,3e-05,0.0
1353,neutral,0.0,1.0,0.0
1354,negative,0.99906,0.00094,0.0
1355,neutral,0.0,1.0,0.0
1356,negative,0.99999,1e-05,0.0
1357,negative,0.99998,2e-05,0.0
1358,negative,1.0,0.0,0.0
1359,neutral,0.00043,0.99957,0.0
1360,negative,0.99876,0.00124,0.0
1361,neutral,0.00014,0.99986,0.0
1362,negative,0.48187,0.28328,0.23485
1363,negative,0.99948,0.00052,0.0
1364,negative,0.98636,0.01364,0.0
1365,negative,0.96471,0.00015,0.03514
1366,negative,0.98935,0.01065,0.0
1367,negative,0.99951,0.00049,0.0
1368,positive,0.14033,4e-05,0.85963
1369,negative,0.999,0.00069,0.00031
1370,negative,0.99265,0.00735,0.0
1371,neutral,0.18243,0.81757,0.0
1372,neutral,0.32001,0.67747,0.00252
1373,negative,0.99999,1e-05,0.0
1374,negative,0.51562,0.48438,0.0
1375,negative,0.7232,0.2745,0.0023
1376,negative,0.99998,2e-05,0.0
1377,neutral,0.00071,0.99927,2e-05
1378,negative,1.0,0.0,0.0
1379,neutral,0.00491,0.99509,0.0
1380,neutral,0.00522,0.99478,0.0
1381,positive,1e-05,0.0,0.99999
1382,negative,0.99971,0.00029,0.0
1383,positive,0.07284,0.09353,0.83363
1384,neutral,0.1294,0.87059,1e-05
1385,neutral,0.04602,0.95376,0.00021
1386,negative,0.87407,0.12592,1e-05
1387,negative,0.99859,0.00141,0.0
1388,positive,0.00195,0.04733,0.95071
1389,neutral,8e-05,0.99992,0.0
1390,negative,0.65135,1e-05,0.34864
1391,negative,0.99999,1e-05,0.0
1392,negative,0.9992,0.0008,0.0
1393,neutral,0.23935,0.76065,0.0
1394,negative,1.0,0.0,0.0
1395,neutral,0.05033,0.94967,0.0
1396,negative,0.99993,7e-05,0.0
1397,negative,0.99983,0.00017,0.0
1398,negative,1.0,0.0,0.0
1399,negative,0.99999,1e-05,0.0
1400,negative,0.99168,0.00832,0.0
1401,negative,0.74909,0.25091,0.0
1402,positive,0.00023,0.00031,0.99945
1403,negative,0.99999,1e-05,0.0
1404,negative,0.82219,0.17781,0.0
1405,negative,0.99409,0.00591,0.0
1406,negative,0.95791,0.04209,0.0
1407,negative,1.0,0.0,0.0
1408,negative,1.0,0.0,0.0
1409,negative,0.99963,0.00037,0.0
1410,negative,1.0,0.0,0.0
1411,negative,0.99863,0.00137,0.0
1412,negative,0.99975,0.00025,0.0
1413,neutral,1e-05,0.99999,0.0
1414,negative,0.80317,0.19683,0.0
1415,neutral,0.00032,0.99968,0.0
1416,negative,1.0,0.0,0.0
1417,negative,1.0,0.0,0.0
1418,negative,0.99986,0.00014,0.0
1419,negative,0.99981,0.00018,1e-05
1420,negative,0.65842,0.34158,0.0
1421,negative,1.0,0.0,0.0
1422,neutral,3e-05,0.99997,0.0
1423,neutral,0.00017,0.99983,0.0
1424,neutral,7e-05,0.99993,0.0
1425,negative,0.99993,7e-05,0.0
1426,negative,0.99059,0.00941,0.0
1427,negative,0.99508,0.00491,1e-05
1428,negative,0.99997,3e-05,0.0
1429,neutral,1e-05,0.99999,0.0
1430,neutral,0.00971,0.99029,0.0
1431,negative,1.0,0.0,0.0
1432,negative,0.99977,0.00023,0.0
1433,negative,0.99981,0.00019,0.0
1434,negative,0.99992,8e-05,0.0
1435,negative,0.99997,3e-05,0.0
1436,negative,0.93812,0.06188,0.0
1437,negative,1.0,0.0,0.0
1438,neutral,0.0015,0.9985,0.0
1439,negative,1.0,0.0,0.0
1440,neutral,0.0,1.0,0.0
1441,negative,0.9989,0.0011,0.0
1442,negative,0.93046,0.06954,0.0
1443,negative,0.99963,0.00037,0.0
1444,negative,1.0,0.0,0.0
1445,negative,1.0,0.0,0.0
1446,negative,0.83973,0.16027,0.0
1447,negative,0.99983,0.00017,0.0
1448,neutral,0.00067,0.99932,1e-05
1449,neutral,0.02596,0.97404,0.0
1450,neutral,2e-05,0.99998,0.0
1451,negative,1.0,0.0,0.0
1452,negative,1.0,0.0,0.0
1453,negative,0.9985,0.0015,0.0
1454,negative,0.90991,0.09009,0.0
1455,neutral,0.0,1.0,0.0
1456,neutral,0.08756,0.91244,0.0
1457,negative,0.99782,0.00218,0.0
1458,negative,0.99854,0.00146,0.0
1459,negative,0.99876,0.00124,0.0
1460,negative,0.99998,2e-05,0.0
1461,negative,1.0,0.0,0.0
1462,negative,0.99987,0.00012,0.0
1463,negative,0.99922,0.00078,0.0
1464,positive,0.0,2e-05,0.99998
1465,neutral,0.00225,0.99775,0.0
1466,negative,0.9998,0.0002,0.0
1467,negative,0.97324,0.02676,1e-05
1468,negative,1.0,0.0,0.0
1469,negative,0.77184,0.22816,0.0
1470,neutral,1e-05,0.99999,0.0
1471,neutral,0.0,1.0,0.0
1472,negative,0.99994,6e-05,0.0
1473,positive,1e-05,4e-05,0.99995
1474,positive,0.00031,0.02228,0.97741
1475,negative,0.99605,0.00395,0.0
1476,negative,1.0,0.0,0.0
1477,neutral,0.0,1.0,0.0
1478,neutral,0.00022,0.99978,0.0
1479,negative,1.0,0.0,0.0
1480,negative,0.5775,0.4225,0.0
1481,negative,0.98088,0.01912,0.0
1482,neutral,0.01691,0.98309,0.0
1483,negative,0.99935,0.00065,0.0
1484,negative,0.7773,0.2227,0.0
1485,neutral,0.00042,0.99958,0.0
1486,negative,0.99988,0.00012,0.0
1487,negative,0.98794,0.01205,0.0
1488,negative,0.85575,0.14413,0.00012
1489,negative,0.98997,0.01001,2e-05
1490,negative,0.99974,0.00026,0.0
1491,neutral,0.0,1.0,0.0
1492,neutral,0.00359,0.99641,0.0
1493,negative,0.61509,0.38491,0.0
1494,negative,0.99218,0.00782,0.0
1495,negative,0.98687,0.01282,0.00031
1496,negative,0.99956,0.00044,0.0
1497,negative,0.92184,0.05201,0.02615
1498,negative,0.98028,0.01972,0.0
1499,positive,0.0,0.0,1.0
1500,negative,1.0,0.0,0.0
1501,neutral,0.00023,0.99976,1e-05
1502,positive,0.0,0.0,1.0
1503,negative,1.0,0.0,0.0
1504,negative,0.99999,1e-05,0.0
1505,neutral,0.0,1.0,0.0
1506,positive,0.00014,0.0069,0.99295
1507,negative,1.0,0.0,0.0
1508,positive,0.0,0.0,1.0
1509,negative,0.61381,0.38411,0.00208
1510,neutral,0.0,1.0,0.0
1511,negative,0.54128,0.30841,0.15031
1512,neutral,0.0,1.0,0.0
1513,neutral,0.00113,0.99886,1e-05
1514,negative,0.97324,0.02676,0.0
1515,negative,0.99934,0.00061,5e-05
1516,negative,0.98636,0.01364,0.0
1517,negative,0.98678,0.01322,0.0
1518,neutral,0.0,1.0,0.0
1519,neutral,1e-05,0.99999,0.0
1520,negative,0.99906,0.00094,0.0
1521,negative,0.99995,4e-05,1e-05
1522,neutral,0.00912,0.99024,0.00064
1523,neutral,0.00649,0.99351,0.0
1524,negative,0.79308,0.20689,4e-05
1525,negative,0.98935,0.01065,0.0
1526,neutral,0.00091,0.99909,0.0
1527,neutral,3e-05,0.99984,0.00013
1528,negative,0.9836,0.0164,0.0
1529,negative,0.99997,3e-05,0.0
1530,negative,0.99265,0.00735,0.0
1531,negative,1.0,0.0,0.0
1532,negative,0.90192,0.09808,0.0
1533,negative,0.99984,0.00016,0.0
1534,negative,0.96377,0.03622,1e-05
1535,negative,0.9998,0.0002,0.0
1536,positive,0.0396,0.00093,0.95947
1537,neutral,0.26894,0.73106,0.0
1538,negative,1.0,0.0,0.0
1539,negative,1.0,0.0,0.0
1540,negative,0.99997,3e-05,0.0
1541,negative,0.91244,0.08756,0.0
1542,negative,0.9958,0.0042,0.0
1543,negative,0.99922,0.00078,0.0
1544,negative,1.0,0.0,0.0
1545,negative,0.99996,4e-05,0.0
1546,negative,1.0,0.0,0.0
1547,negative,1.0,0.0,0.0
1548,negative,1.0,0.0,0.0
1549,negative,1.0,0.0,0.0
1550,neutral,0.0,0.99993,7e-05
1551,negative,0.96885,0.03114,1e-05
1552,negative,0.99962,0.00038,0.0
1553,negative,0.99788,0.00212,1e-05
1554,positive,0.0,0.0,1.0
1555,negative,0.99142,0.00858,0.0
1556,negative,0.62977,0.37022,1e-05
1557,negative,0.99976,0.00024,0.0
1558,neutral,0.0042,0.99569,0.00011
1559,negative,1.0,0.0,0.0
1560,negative,0.89911,0.10088,2e-05
1561,neutral,0.00308,0.99692,0.0
1562,negative,0.99737,0.00263,0.0
1563,negative,0.68595,0.31405,0.0
1564,negative,0.91695,0.08267,0.00038
1565,positive,0.0,0.0,1.0
1566,neutral,0.00016,0.99984,0.0
1567,negative,1.0,0.0,0.0
1568,negative,1.0,0.0,0.0
1569,negative,0.86703,0.13296,0.0
1570,positive,0.0,0.0,1.0
1571,neutral,0.0,1.0,0.0
1572,negative,0.94815,0.05185,0.0
1573,negative,1.0,0.0,0.0
1574,negative,0.99991,9e-05,0.0
1575,negative,1.0,0.0,0.0
1576,neutral,0.44553,0.55447,0.0
1577,negative,1.0,0.0,0.0
1578,negative,0.99967,0.00033,0.0
1579,negative,1.0,0.0,0.0
1580,negative,0.749,0.25088,0.00011
1581,negative,0.85585,0.14415,0.0
1582,negative,0.94335,0.05665,0.0
1583,negative,0.99967,0.00033,0.0
1584,negative,1.0,0.0,0.0
1585,neutral,0.0,1.0,0.0
1586,negative,1.0,0.0,0.0
1587,positive,0.0,3e-05,0.99997
1588,negative,0.99981,0.00019,0.0
1589,negative,0.99872,0.00128,0.0
1590,negative,0.70578,0.29421,0.0
1591,negative,1.0,0.0,0.0
1592,neutral,0.00555,0.99408,0.00037
1593,negative,0.60766,0.39234,0.0
1594,negative,0.99494,0.00506,0.0
1595,neutral,0.00023,0.99918,0.00059
1596,neutral,0.0534,0.9466,0.0
1597,positive,0.00874,0.01232,0.97894
1598,negative,0.98901,0.01099,0.0
1599,neutral,7e-05,0.99993,0.0
1600,negative,0.99966,0.00034,0.0
1601,neutral,0.00017,0.99983,0.0
1602,neutral,0.00016,0.99984,0.0
1603,neutral,7e-05,0.99993,0.0
1604,negative,0.99939,0.00061,0.0
1605,negative,1.0,0.0,0.0
1606,negative,0.53898,0.46101,0.0
1607,neutral,0.00078,0.99922,0.0
1608,negative,0.93991,1e-05,0.06009
1609,negative,0.99951,0.00049,0.0
1610,neutral,0.0,1.0,0.0
1611,negative,1.0,0.0,0.0
1612,neutral,0.0,0.99998,1e-05
1613,negative,1.0,0.0,0.0
1614,negative,0.99995,5e-05,0.0
1615,neutral,0.00211,0.99737,0.00052
1616,negative,0.99059,0.00941,0.0
1617,neutral,0.00057,0.99943,0.0
1618,neutral,2e-05,0.99998,0.0
1619,negative,0.75491,0.24508,0.0
1620,negative,0.93628,0.06371,0.0
1621,neutral,0.00065,0.99935,0.0
1622,negative,0.55447,0.44553,0.0
1623,negative,0.83548,0.16452,0.0
1624,negative,0.99958,0.00042,1e-05
1625,negative,0.76629,0.23371,0.0
1626,negative,0.74909,0.25091,0.0
1627,neutral,0.04603,0.95397,0.0
1628,neutral,0.00063,0.99937,0.0
1629,negative,0.99999,1e-05,0.0
1630,negative,1.0,0.0,0.0
1631,neutral,0.00027,0.99973,0.0
1632,negative,0.99988,0.00012,0.0
1633,negative,1.0,0.0,0.0
1634,negative,0.97069,0.02931,0.0
1635,negative,1.0,0.0,0.0
1636,neutral,0.0,1.0,0.0
1637,positive,0.0,0.0,1.0
1638,negative,0.99937,0.00063,0.0
1639,negative,0.99969,0.00031,0.0
1640,negative,1.0,0.0,0.0
1641,neutral,0.00021,0.99979,0.0
1642,neutral,0.00224,0.7964,0.20136
1643,negative,0.99998,2e-05,0.0
1644,negative,0.99998,0.0,2e-05
1645,negative,0.99989,0.00011,0.0
1646,negative,0.99987,0.00013,0.0
1647,positive,0.0021,0.00856,0.98934
1648,neutral,0.01912,0.98088,0.0
1649,neutral,2e-05,0.99998,0.0
1650,negative,0.99978,0.00022,0.0
1651,positive,0.01691,0.0,0.98308
1652,neutral,0.00103,0.99897,0.0
1653,negative,0.99996,4e-05,0.0
1654,neutral,0.0,1.0,0.0
1655,negative,0.99673,0.00327,0.0
1656,negative,0.99996,4e-05,0.0
1657,negative,1.0,0.0,0.0
1658,negative,0.98309,0.01691,0.0
1659,neutral,0.00014,0.99986,0.0
1660,neutral,0.0,1.0,0.0
1661,negative,0.99997,3e-05,0.0
1662,negative,0.99985,0.00015,0.0
1663,positive,0.0,1e-05,0.99999
1664,negative,1.0,0.0,0.0
1665,positive,0.0004,1e-05,0.99959
1666,negative,0.99974,0.00026,0.0
1667,negative,1.0,0.0,0.0
1668,positive,0.1747,0.4062,0.41909
1669,negative,1.0,0.0,0.0
1670,negative,1.0,0.0,0.0
1671,neutral,0.16452,0.83548,0.0
1672,neutral,0.0,1.0,0.0
1673,neutral,0.0,1.0,0.0
1674,neutral,0.00712,0.99288,0.0
1675,negative,0.99883,0.00117,0.0
1676,neutral,6e-05,0.99994,0.0
1677,negative,0.99829,0.00165,6e-05
1678,negative,0.98409,0.01591,0.0
1679,negative,0.99997,3e-05,0.0
1680,negative,1.0,0.0,0.0
1681,negative,0.95114,0.04886,0.0
1682,neutral,1e-05,0.99999,0.0
1683,negative,1.0,0.0,0.0
1684,negative,0.99969,0.00031,0.0
1685,neutral,0.0,1.0,0.0
1686,negative,0.56985,0.43015,0.0
1687,positive,0.0827,0.0,0.9173
1688,negative,1.0,0.0,0.0
1689,negative,1.0,0.0,0.0
1690,neutral,0.0005,0.99757,0.00193
1691,negative,0.99999,1e-05,0.0
1692,neutral,0.00155,0.99845,0.0
1693,positive,0.0,0.0,1.0
1694,negative,0.99988,0.00012,0.0
1695,negative,0.79311,0.20689,0.0
1696,negative,0.99628,0.00371,1e-05
1697,negative,0.99912,0.00088,0.0
1698,negative,0.99942,0.00057,1e-05
1699,neutral,1e-05,0.99351,0.00649
1700,neutral,5e-05,0.99995,0.0
1701,negative,1.0,0.0,0.0
1702,neutral,0.0,1.0,0.0
1703,negative,0.9958,0.0042,0.0
1704,negative,1.0,0.0,0.0
1705,neutral,0.00199,0.99801,0.0
1706,negative,0.99603,0.00395,3e-05
1707,neutral,0.00052,0.99948,0.0
1708,neutral,0.0737,0.9263,0.0
1709,negative,1.0,0.0,0.0
1710,negative,0.99854,0.00146,0.0
1711,negative,0.99953,0.00047,0.0
1712,neutral,8e-05,0.99965,0.00027
1713,negative,0.99996,4e-05,0.0
1714,negative,0.76055,0.23932,0.00013
1715,negative,0.99996,4e-05,0.0
1716,neutral,0.02844,0.97155,1e-05
1717,neutral,0.0827,0.9173,0.0
1718,negative,0.99997,3e-05,0.0
1719,negative,0.99994,6e-05,0.0
1720,negative,0.99998,2e-05,0.0
1721,neutral,0.00086,0.96895,0.03019
1722,positive,0.0,0.0,1.0
1723,negative,0.99978,0.00022,0.0
1724,neutral,7e-05,0.99993,0.0
1725,negative,0.98434,0.01542,0.00023
1726,negative,0.90725,0.09268,6e-05
1727,negative,0.99946,0.00054,0.0
1728,negative,1.0,0.0,0.0
1729,neutral,0.00017,0.99576,0.00407
1730,negative,0.83114,0.16886,0.0
1731,negative,0.99999,1e-05,0.0
1732,neutral,0.0024,0.9976,0.0
1733,negative,1.0,0.0,0.0
1734,neutral,6e-05,0.99994,0.0
1735,neutral,0.34158,0.65842,0.0
1736,negative,0.81677,0.18225,0.00099
1737,negative,1.0,0.0,0.0
1738,neutral,0.01496,0.98504,0.0
1739,negative,0.9984,0.0016,0.0
1740,neutral,0.02931,0.97069,0.0
1741,negative,0.93991,0.06009,0.0
1742,neutral,0.01243,0.98706,0.00051
1743,neutral,3e-05,0.99997,0.0
1744,neutral,0.00034,0.99966,0.0
1745,negative,0.99995,5e-05,0.0
1746,neutral,0.00303,0.74092,0.25605
1747,neutral,3e-05,0.99997,0.0
1748,negative,0.99987,0.00013,0.0
1749,neutral,0.0,1.0,0.0
1750,neutral,0.0,1.0,0.0
1751,negative,0.99887,0.00113,0.0
1752,negative,1.0,0.0,0.0
1753,negative,0.99999,1e-05,0.0
1754,neutral,0.0,1.0,0.0
1755,neutral,0.0,1.0,0.0
1756,neutral,0.0656,0.9343,0.0001
1757,negative,0.86703,0.13296,0.0
1758,neutral,0.0,1.0,0.0
1759,negative,0.99602,0.00395,4e-05
1760,neutral,0.26284,0.73716,0.0
1761,negative,1.0,0.0,0.0
1762,neutral,0.0001,0.9999,0.0
1763,negative,0.99996,4e-05,0.0
1764,negative,0.99997,3e-05,0.0
1765,negative,0.95114,0.04886,0.0
1766,neutral,0.0321,0.9679,0.0
1767,negative,0.99993,7e-05,0.0
1768,negative,0.99997,3e-05,0.0
1769,negative,0.99371,0.00629,0.0
1770,negative,0.95257,0.04743,0.0
1771,negative,0.99984,0.00016,0.0
1772,positive,0.00611,0.02913,0.96476
1773,negative,0.99857,0.00141,2e-05
1774,negative,0.99509,0.00491,0.0
1775,positive,0.00735,0.0,0.99265
1776,negative,0.99993,7e-05,0.0
1777,negative,0.9999,0.0001,0.0
1778,negative,0.81287,0.18713,0.0
1779,negative,1.0,0.0,0.0
1780,neutral,0.0,1.0,0.0
1781,neutral,0.00034,0.99966,0.0
1782,negative,0.99142,0.00858,0.0
1783,neutral,0.00348,0.99652,0.0
1784,negative,0.9999,0.0001,0.0
1785,negative,1.0,0.0,0.0
1786,neutral,0.0,1.0,0.0
1787,negative,0.81757,0.18243,0.0
1788,negative,0.99963,0.00037,0.0
1789,neutral,3e-05,0.99997,0.0
1790,negative,1.0,0.0,0.0
1791,negative,0.99999,1e-05,0.0
1792,negative,1.0,0.0,0.0
1793,neutral,0.10971,0.89029,0.0
1794,negative,1.0,0.0,0.0
1795,negative,0.99845,0.00155,0.0
1796,negative,0.99999,1e-05,0.0
1797,neutral,2e-05,0.99997,1e-05
1798,negative,0.65842,0.34158,0.0
1799,neutral,0.01133,0.98867,0.0
1800,positive,1e-05,0.10669,0.8933
1801,positive,1e-05,0.0,0.99999
1802,negative,0.99997,3e-05,0.0
1803,negative,1.0,0.0,0.0
1804,negative,0.99997,3e-05,0.0
1805,negative,1.0,0.0,0.0
1806,neutral,0.00083,0.99903,0.00014
1807,negative,0.60018,0.39981,1e-05
1808,neutral,0.0,1.0,0.0
1809,negative,1.0,0.0,0.0
1810,neutral,0.0,1.0,0.0
1811,neutral,0.20181,0.79818,1e-05
1812,neutral,0.0,1.0,0.0
1813,neutral,4e-05,0.99996,0.0
1814,negative,0.99994,6e-05,0.0
1815,negative,0.94815,0.05185,0.0
1816,negative,1.0,0.0,0.0
1817,neutral,0.00057,0.99943,0.0
1818,negative,1.0,0.0,0.0
1819,neutral,1e-05,0.99999,0.0
1820,negative,0.92841,0.07159,0.0
1821,neutral,0.00359,0.99641,0.0
1822,negative,0.99999,1e-05,0.0
1823,negative,0.9996,0.0004,0.0
1824,neutral,4e-05,0.84386,0.1561
1825,negative,1.0,0.0,0.0
1826,neutral,3e-05,0.9999,7e-05
1827,negative,0.99995,5e-05,0.0
1828,negative,0.99997,3e-05,0.0
1829,negative,0.99162,0.00832,6e-05
1830,negative,1.0,0.0,0.0
1831,negative,1.0,0.0,0.0
1832,negative,0.99998,2e-05,0.0
1833,neutral,0.00013,0.99987,0.0
1834,negative,0.94499,0.055,1e-05
1835,neutral,0.00491,0.99509,0.0
1836,negative,0.99999,1e-05,0.0
1837,negative,0.99948,0.00052,0.0
1838,negative,0.99819,0.00181,0.0
1839,negative,1.0,0.0,0.0
1840,neutral,0.45326,0.54674,0.0
1841,negative,0.81757,1e-05,0.18242
1842,neutral,0.00555,0.99445,0.0
1843,negative,0.96267,0.03733,0.0
1844,negative,0.99994,6e-05,0.0
1845,negative,1.0,0.0,0.0
1846,negative,0.54674,0.45326,0.0
1847,neutral,0.00026,0.99973,1e-05
1848,negative,0.78793,0.21207,1e-05
1849,negative,1.0,0.0,0.0
1850,negative,1.0,0.0,0.0
1851,negative,0.96485,0.03514,0.0
1852,negative,0.81284,3e-05,0.18713
1853,neutral,0.48438,0.51562,0.0
1854,negative,0.96979,0.03021,0.0
1855,negative,0.99993,7e-05,0.0
1856,negative,0.99922,0.00078,0.0
1857,positive,8e-05,0.00055,0.99937
1858,neutral,0.00045,0.9562,0.04335
1859,positive,0.0,0.0,1.0
1860,positive,0.0,0.0,1.0
1861,negative,0.88079,0.1192,0.0
1862,negative,0.99997,3e-05,0.0
1863,negative,0.99997,3e-05,0.0
1864,neutral,3e-05,0.99997,0.0
1865,neutral,0.0,1.0,0.0
1866,positive,0.0,2e-05,0.99998
1867,neutral,0.28141,0.71859,0.0
1868,neutral,0.00832,0.99168,0.0
1869,negative,0.60019,0.39981,0.0
1870,neutral,2e-05,0.99998,0.0
1871,negative,1.0,0.0,0.0
1872,neutral,0.23935,0.76065,0.0
1873,negative,0.99948,0.00052,0.0
1874,negative,0.99494,0.00506,0.0
1875,negative,0.99927,0.00073,0.0
1876,negative,0.99999,1e-05,0.0
1877,negative,1.0,0.0,0.0
1878,neutral,0.0,1.0,0.0
1879,positive,1e-05,0.0534,0.94659
1880,positive,2e-05,0.0,0.99998
1881,negative,0.99989,0.0001,1e-05
1882,neutral,0.0,1.0,0.0
1883,negative,0.99351,0.00649,0.0
1884,negative,0.99999,1e-05,0.0
1885,neutral,1e-05,0.99999,0.0
1886,neutral,0.36297,0.63703,0.0
1887,negative,1.0,0.0,0.0
1888,neutral,0.01289,0.96225,0.02485
1889,negative,0.98831,0.01169,0.0
1890,negative,0.95773,0.04208,0.00019
1891,neutral,0.0,1.0,0.0
1892,negative,0.99996,4e-05,0.0
1893,neutral,0.05033,0.94967,0.0
1894,negative,0.97838,0.02162,0.0
1895,negative,0.99929,0.00071,0.0
1896,negative,0.99999,1e-05,0.0
1897,positive,0.0,0.0,1.0
1898,negative,0.99999,1e-05,0.0
1899,neutral,0.0,1.0,0.0
1900,positive,5e-05,0.00475,0.99519
1901,negative,0.99114,0.00885,2e-05
1902,negative,1.0,0.0,0.0
1903,negative,0.98967,0.01033,0.0
1904,negative,0.71859,0.28141,0.0
1905,negative,1.0,0.0,0.0
1906,negative,0.99999,1e-05,0.0
1907,negative,0.87235,0.03278,0.09486
1908,negative,0.69925,0.30075,0.0
1909,negative,0.99683,0.00317,0.0
1910,negative,0.9263,0.0737,0.0
1911,neutral,0.00011,0.99924,0.00065
1912,negative,0.99288,0.00712,0.0
1913,negative,0.80807,0.19193,0.0
1914,negative,0.8377,0.15988,0.00243
1915,neutral,0.0,1.0,0.0
1916,negative,0.9992,0.0008,0.0
1917,negative,1.0,0.0,0.0
1918,neutral,0.0002,0.9998,0.0
1919,negative,0.9344,0.0656,0.0
1920,negative,0.99115,0.00885,0.0
1921,negative,1.0,0.0,0.0
1922,negative,0.99444,0.00555,0.0
1923,positive,0.0,0.0,1.0
1924,negative,1.0,0.0,0.0
1925,negative,0.90731,0.09269,0.0
1926,negative,0.99478,0.00522,0.0
1927,negative,0.53121,0.46879,0.0
1928,negative,0.82671,0.17329,0.0
1929,negative,0.99996,4e-05,0.0
1930,negative,0.99728,0.00271,0.0
1931,negative,1.0,0.0,0.0
1932,negative,0.99975,0.00025,0.0
1933,negative,1.0,0.0,0.0
1934,negative,0.93628,0.06371,0.0
1935,neutral,2e-05,0.99998,0.0
1936,neutral,3e-05,0.99997,0.0
1937,negative,0.98795,0.01205,0.0
1938,negative,0.80317,0.19683,0.0
1939,neutral,0.00133,0.99867,0.0
1940,negative,0.90465,0.09535,0.0
1941,negative,0.83548,0.16452,0.0
1942,negative,0.9958,0.0042,0.0
1943,neutral,0.00013,0.99984,4e-05
1944,negative,0.99807,0.00193,0.0
1945,negative,0.99995,5e-05,0.0
1946,negative,0.99999,1e-05,0.0
1947,positive,2e-05,7e-05,0.99991
1948,negative,0.99995,5e-05,0.0
1949,negative,0.60017,0.3998,3e-05
1950,negative,0.59267,0.40733,0.0
1951,positive,0.24508,0.0,0.75491
1952,neutral,0.00941,0.99059,0.0
1953,negative,0.99999,1e-05,0.0
1954,positive,0.03401,0.00254,0.96344
1955,neutral,0.40733,0.59267,0.0
1956,neutral,0.00038,0.99961,1e-05
1957,negative,0.99999,1e-05,0.0
1958,negative,0.68137,0.31195,0.00668
1959,negative,0.99652,0.00348,0.0
1960,neutral,0.0,1.0,0.0
1961,negative,0.98145,0.01855,0.0
1962,neutral,0.00407,0.99593,0.0
1963,neutral,0.26284,0.73716,0.0
1964,negative,1.0,0.0,0.0
1965,negative,0.83973,0.16027,1e-05
1966,negative,0.99999,1e-05,0.0
1967,negative,1.0,0.0,0.0
1968,negative,0.80301,0.19678,0.00021
1969,positive,0.0,0.0,1.0
1970,negative,0.99999,1e-05,0.0
1971,negative,0.68069,0.1721,0.14721
1972,negative,0.99981,0.00019,0.0
1973,negative,0.99999,1e-05,0.0
1974,neutral,2e-05,0.99998,0.0
1975,neutral,0.01243,0.98757,0.0
1976,negative,1.0,0.0,0.0
1977,negative,0.99999,1e-05,0.0
1978,negative,1.0,0.0,0.0
1979,neutral,0.26284,0.73716,0.0
1980,neutral,0.0,1.0,0.0
1981,neutral,0.14034,0.85966,0.0
1982,positive,0.01182,0.20956,0.77862
1983,neutral,0.0015,0.9985,0.0
1984,negative,0.99978,0.00022,0.0
1985,negative,0.99683,0.00317,0.0
1986,positive,0.0,0.0,1.0
1987,neutral,0.0,1.0,0.0
1988,positive,2e-05,5e-05,0.99993
1989,neutral,0.0,1.0,0.0
1990,negative,0.72487,0.27513,0.0
1991,negative,1.0,0.0,0.0
1992,neutral,0.01133,0.98867,0.0
1993,negative,0.99774,0.00225,1e-05
1994,neutral,0.00155,0.99845,0.0
1995,neutral,0.05473,0.88326,0.06201
1996,negative,1.0,0.0,0.0
1997,negative,0.95114,0.04886,0.0
1998,neutral,2e-05,0.9999,7e-05
1999,neutral,0.0,1.0,0.0
2000,neutral,0.00225,0.99775,0.0
2001,negative,0.99825,0.00175,0.0
2002,negative,1.0,0.0,0.0
2003,negative,0.99142,0.00858,0.0
2004,positive,0.0,0.0,1.0
2005,negative,0.97404,0.02596,0.0
2006,neutral,0.00858,0.99142,0.0
2007,neutral,0.0017,0.9983,0.0
2008,neutral,0.00247,0.99753,0.0
2009,negative,0.99977,0.0,0.00023
2010,negative,0.99997,3e-05,0.0
2011,negative,0.99937,0.00063,0.0
2012,negative,1.0,0.0,0.0
2013,neutral,0.00137,0.99863,0.0
2014,negative,0.99995,5e-05,0.0
2015,negative,0.99787,0.00106,0.00106
2016,neutral,0.0,1.0,0.0
2017,neutral,0.0,1.0,0.0
2018,negative,0.76065,0.23935,0.0
2019,negative,0.99999,1e-05,0.0
2020,negative,1.0,0.0,0.0
2021,negative,1.0,0.0,0.0
2022,negative,0.99972,0.00028,0.0
2023,positive,0.0,0.0,1.0
2024,negative,1.0,0.0,0.0
2025,negative,0.99986,0.00014,0.0
2026,neutral,0.0,0.99998,2e-05
2027,negative,0.99997,3e-05,0.0
2028,negative,0.99288,0.00712,0.0
2029,neutral,0.00128,0.99872,0.0
2030,negative,1.0,0.0,0.0
2031,negative,0.99998,2e-05,0.0
2032,negative,0.99994,6e-05,0.0
2033,negative,1.0,0.0,0.0
2034,negative,0.99702,0.00298,0.0
2035,negative,0.93812,0.06188,0.0
2036,neutral,5e-05,0.99995,0.0
2037,negative,0.97156,0.02844,1e-05
2038,negative,0.99975,0.00025,0.0
2039,negative,1.0,0.0,0.0
2040,neutral,0.0,1.0,0.0
2041,positive,5e-05,0.0008,0.99915
2042,negative,1.0,0.0,0.0
2043,neutral,0.0321,0.9679,0.0
2044,neutral,1e-05,0.99999,0.0
2045,neutral,0.26284,0.73716,0.0
2046,neutral,0.03622,0.96378,0.0
2047,negative,0.97404,0.02596,0.0
2048,neutral,0.00171,0.97535,0.02294
2049,negative,0.91242,0.08756,2e-05
2050,negative,1.0,0.0,0.0
2051,neutral,0.00011,0.99988,1e-05
2052,neutral,0.25683,0.74317,0.0
2053,negative,0.99989,0.00011,0.0
2054,negative,1.0,0.0,0.0
2055,negative,1.0,0.0,0.0
2056,neutral,0.00133,0.99867,0.0
2057,positive,0.0,0.0,1.0
2058,negative,0.99954,0.00046,0.0
2059,neutral,0.01065,0.98934,1e-05
2060,neutral,0.0016,0.9984,0.0
2061,neutral,0.00037,0.99963,0.0
2062,negative,0.99975,0.00025,0.0
2063,negative,0.99756,0.00225,0.00018
2064,neutral,0.00031,0.99969,0.0
2065,negative,0.9999,0.0001,0.0
2066,neutral,0.00491,0.99509,1e-05
2067,negative,0.88404,0.11596,0.0
2068,negative,0.99995,5e-05,0.0
2069,negative,0.73716,0.26284,0.0
2070,neutral,0.0,1.0,0.0
2071,positive,6e-05,0.00128,0.99865
2072,negative,0.9855,0.0145,0.0
2073,negative,0.99917,0.00083,0.0
2074,neutral,0.00024,0.99976,0.0
2075,negative,0.72487,0.27513,0.0
2076,negative,1.0,0.0,0.0
2077,neutral,0.00271,0.99727,1e-05
2078,negative,0.99999,1e-05,0.0
2079,neutral,0.00011,0.99989,0.0
2080,negative,0.99986,0.00014,0.0
2081,neutral,0.02596,0.97404,0.0
2082,negative,0.69266,0.23201,0.07532
2083,neutral,0.0015,0.9985,0.0
2084,negative,1.0,0.0,0.0
2085,neutral,7e-05,0.99993,0.0
2086,positive,1e-05,1e-05,0.99998
2087,negative,0.99999,1e-05,0.0
2088,negative,0.99807,0.00193,0.0
2089,neutral,0.00023,0.99977,0.0
2090,positive,0.00019,0.0,0.99981
2091,neutral,0.0,1.0,0.0
2092,neutral,0.17781,0.82219,0.0
2093,neutral,0.40418,0.56998,0.02584
2094,neutral,0.0,1.0,0.0
2095,negative,0.48247,0.38768,0.12985
2096,neutral,0.00461,0.99539,0.0
2097,negative,0.99997,3e-05,0.0
2098,neutral,0.0,1.0,0.0
2099,negative,1.0,0.0,0.0
2100,positive,1e-05,0.0,0.99999
2101,negative,0.99985,0.00015,0.0
2102,negative,0.82135,0.17763,0.00102
2103,negative,0.99775,0.00225,0.0
2104,negative,1.0,0.0,0.0
2105,negative,1.0,0.0,0.0
2106,neutral,0.0,1.0,0.0
2107,negative,0.99999,1e-05,0.0
2108,negative,0.99991,9e-05,0.0
2109,negative,0.99999,1e-05,0.0
2110,negative,1.0,0.0,0.0
2111,negative,0.99997,3e-05,0.0
2112,neutral,1e-05,0.99999,0.0
2113,negative,1.0,0.0,0.0
2114,positive,0.00806,2e-05,0.99191
2115,negative,0.99985,0.00015,0.0
2116,positive,0.0,0.0,1.0
2117,neutral,0.1192,0.88079,0.0
2118,negative,1.0,0.0,0.0
2119,neutral,0.00014,0.99984,2e-05
2120,negative,0.97241,0.02759,0.0
2121,negative,0.99996,4e-05,0.0
2122,negative,0.96378,0.03622,0.0
2123,neutral,0.10669,0.8933,1e-05
2124,negative,1.0,0.0,0.0
2125,negative,0.99863,0.00137,0.0
2126,neutral,0.04209,0.95791,0.0
2127,negative,0.99996,4e-05,0.0
2128,negative,0.99087,0.00913,0.0
2129,neutral,0.0001,0.9999,0.0
2130,neutral,0.45326,0.54674,0.0
2131,negative,1.0,0.0,0.0
2132,negative,0.99859,0.00141,0.0
2133,negative,0.83548,0.16452,0.0
2134,positive,0.0,0.0,1.0
2135,neutral,0.00382,0.99617,0.0
2136,negative,0.99977,0.00023,0.0
2137,neutral,0.41489,0.5851,1e-05
2138,negative,1.0,0.0,0.0
2139,negative,0.99999,1e-05,0.0
2140,negative,1.0,0.0,0.0
2141,neutral,0.05531,0.89272,0.05196
2142,negative,0.74909,0.25091,0.0
2143,neutral,2e-05,0.99998,0.0
2144,negative,0.9997,0.0003,0.0
2145,negative,0.99999,1e-05,0.0
2146,positive,0.0,0.0,1.0
2147,neutral,0.08756,0.91244,0.0
2148,negative,0.99998,2e-05,0.0
2149,negative,0.99737,0.00263,0.0
2150,neutral,0.0,1.0,0.0
2151,negative,0.93991,0.06009,0.0
2152,negative,0.99996,4e-05,0.0
2153,neutral,0.0,1.0,0.0
2154,neutral,0.0,1.0,0.0
2155,positive,0.29471,0.04115,0.66414
2156,negative,0.98757,0.01243,0.0
2157,negative,0.999,0.001,0.0
2158,negative,0.94967,0.05033,0.0
2159,negative,0.99989,0.00011,0.0
2160,neutral,0.00055,0.96325,0.0362
2161,neutral,1e-05,0.94498,0.055
2162,negative,0.63703,0.36297,0.0
2163,neutral,0.06188,0.93812,0.0
2164,neutral,0.26894,0.73106,0.0
2165,neutral,0.1328,0.86598,0.00122
2166,negative,0.99998,2e-05,0.0
2167,negative,0.99995,5e-05,0.0
2168,neutral,0.01001,0.98999,0.0
2169,negative,0.99999,1e-05,0.0
2170,negative,1.0,0.0,0.0
2171,positive,0.01099,0.0,0.98901
2172,negative,1.0,0.0,0.0
2173,neutral,0.0,1.0,0.0
2174,neutral,0.08036,0.91964,0.0
2175,neutral,0.37023,0.62977,0.0
2176,negative,0.93046,0.06954,0.0
2177,negative,0.99998,2e-05,0.0
2178,negative,0.99673,0.00327,0.0
2179,negative,0.99553,0.00447,0.0
2180,negative,0.99983,0.00017,0.0
2181,neutral,0.03728,0.96148,0.00124
2182,negative,0.97699,0.02298,4e-05
2183,negative,1.0,0.0,0.0
2184,neutral,0.0,1.0,0.0
2185,negative,0.99991,9e-05,0.0
2186,neutral,0.46088,0.53882,0.00031
2187,negative,0.99371,0.00629,0.0
2188,neutral,0.00858,0.99142,0.0
2189,negative,0.99998,2e-05,0.0
2190,negative,0.99975,0.00025,0.0
2191,negative,0.9996,0.0004,0.0
2192,negative,1.0,0.0,0.0
2193,neutral,0.00011,0.99989,0.0
2194,negative,0.99346,0.00649,5e-05
2195,negative,1.0,0.0,0.0
2196,negative,0.99999,1e-05,0.0
2197,neutral,0.00039,0.99961,0.0
2198,negative,0.99951,0.00049,0.0
2199,negative,0.75491,0.24508,0.0
2200,neutral,0.0,1.0,0.0
2201,neutral,0.0,1.0,0.0
2202,negative,0.99998,2e-05,0.0
2203,negative,0.99999,1e-05,0.0
2204,negative,0.86704,0.13296,0.0
2205,negative,0.98636,0.01364,0.0
2206,negative,1.0,0.0,0.0
2207,neutral,0.03021,0.96978,0.0
2208,neutral,0.00063,0.99937,0.0
2209,negative,0.99997,3e-05,0.0
2210,negative,1.0,0.0,0.0
2211,neutral,0.06755,0.93245,0.0
2212,negative,0.99593,0.00407,0.0
2213,negative,1.0,0.0,0.0
2214,negative,1.0,0.0,0.0
2215,neutral,5e-05,0.99938,0.00057
2216,positive,0.0,0.0,1.0
2217,neutral,0.13908,0.82576,0.03516
2218,neutral,3e-05,0.99997,0.0
2219,negative,0.94334,0.05665,1e-05
2220,negative,0.99998,2e-05,0.0
2221,negative,1.0,0.0,0.0
2222,positive,0.26664,0.03087,0.7025
2223,negative,1.0,0.0,0.0
2224,neutral,2e-05,0.99998,0.0
2225,negative,0.89625,0.10375,0.0
2226,neutral,0.0,1.0,0.0
2227,negative,1.0,0.0,0.0
2228,negative,0.99993,7e-05,0.0
2229,negative,0.76623,0.23369,9e-05
2230,negative,0.99995,5e-05,0.0
2231,negative,0.99993,7e-05,0.0
2232,negative,1.0,0.0,0.0
2233,negative,0.99999,1e-05,0.0
2234,neutral,0.001,0.999,0.0
2235,neutral,0.0,1.0,0.0
2236,neutral,0.0,1.0,0.0
2237,negative,1.0,0.0,0.0
2238,negative,0.99999,1e-05,0.0
2239,positive,0.0,0.0,1.0
2240,negative,0.99993,7e-05,0.0
2241,neutral,0.0,1.0,0.0
2242,negative,0.99995,5e-05,0.0
2243,neutral,0.0,1.0,0.0
2244,negative,1.0,0.0,0.0
2245,negative,1.0,0.0,0.0
2246,negative,0.99999,1e-05,0.0
2247,negative,0.9999,0.0001,0.0
2248,negative,1.0,0.0,0.0
2249,negative,0.99998,2e-05,0.0
2250,negative,0.99991,9e-05,0.0
2251,negative,0.99984,0.00016,0.0
2252,neutral,0.00308,0.99692,0.0
2253,positive,0.0,0.0,1.0
2254,neutral,0.0,1.0,0.0
2255,neutral,0.03847,0.96153,0.0
2256,negative,0.68594,0.31405,1e-05
2257,negative,0.99878,0.00121,1e-05
2258,neutral,1e-05,0.85194,0.14805
2259,neutral,0.0,1.0,0.0
2260,positive,0.02429,0.03534,0.94037
2261,negative,0.99788,0.00212,0.0
2262,negative,0.95632,0.00295,0.04073
2263,negative,0.9998,0.0002,0.0
2264,negative,1.0,0.0,0.0
2265,negative,1.0,0.0,0.0
2266,negative,0.9985,0.0015,0.0
2267,negative,1.0,0.0,0.0
2268,neutral,0.0,1.0,0.0
2269,negative,0.99998,2e-05,0.0
2270,negative,0.99958,0.00042,0.0
2271,neutral,0.0,1.0,0.0
2272,positive,0.0,0.0,1.0
2273,negative,0.99142,0.00858,0.0
2274,negative,0.99999,1e-05,0.0
2275,negative,0.99996,4e-05,0.0
2276,negative,1.0,0.0,0.0
2277,positive,0.0,0.0,1.0
2278,neutral,0.05835,0.94165,0.0
2279,negative,0.99991,9e-05,0.0
2280,negative,1.0,0.0,0.0
2281,neutral,4e-05,0.99996,0.0
2282,neutral,0.31597,0.35804,0.326
2283,negative,0.96886,0.0,0.03114
2284,negative,0.99351,0.00649,0.0
2285,neutral,0.0,1.0,0.0
2286,negative,0.99988,0.00012,0.0
2287,negative,0.99998,2e-05,0.0
2288,neutral,0.0024,0.9976,0.0
2289,negative,0.99807,0.00193,0.0
2290,positive,0.0,0.0,1.0
2291,negative,0.67233,0.32767,0.0
2292,negative,0.9985,0.0015,0.0
2293,neutral,0.03021,0.96979,0.0
2294,negative,1.0,0.0,0.0
2295,negative,0.99819,0.00181,0.0
2296,neutral,0.0002,0.9998,0.0
2297,negative,0.99931,0.00069,0.0
2298,neutral,0.0,1.0,0.0
2299,neutral,0.0,1.0,0.0
2300,negative,1.0,0.0,0.0
2301,neutral,0.0,1.0,0.0
2302,neutral,0.0145,0.98549,1e-05
2303,negative,0.99897,0.00103,0.0
2304,neutral,0.00014,0.99961,0.00025
2305,neutral,0.0003,0.99784,0.00187
2306,negative,0.76629,0.23371,0.0
2307,neutral,0.00031,0.99969,0.0
2308,neutral,3e-05,0.99997,0.0
2309,neutral,0.0,0.99999,1e-05
2310,neutral,0.0,1.0,0.0
2311,neutral,0.32021,0.56199,0.1178
2312,neutral,0.00735,0.99265,0.0
2313,negative,1.0,0.0,0.0
2314,neutral,0.0,1.0,0.0
2315,negative,0.99992,8e-05,0.0
2316,negative,0.99968,0.00032,0.0
2317,negative,0.99996,4e-05,0.0
2318,negative,0.60766,0.39234,0.0
2319,neutral,0.00086,0.99914,0.0
2320,neutral,0.00124,0.99876,0.0
2321,negative,0.99939,0.00061,0.0
2322,negative,0.69264,0.30736,0.0
2323,negative,1.0,0.0,0.0
2324,negative,0.95396,0.04603,0.0
2325,neutral,0.02596,0.97404,0.0
2326,neutral,0.00758,0.99242,0.0
2327,negative,0.94815,0.05185,0.0
2328,neutral,0.0,0.99997,3e-05
2329,negative,0.99997,3e-05,0.0
2330,negative,0.7773,0.2227,0.0
2331,neutral,0.00097,0.99903,0.0
2332,neutral,0.06954,0.93046,0.0
2333,negative,0.99975,0.00025,0.0
2334,negative,0.99242,0.00758,0.0
2335,negative,0.99409,0.00591,0.0
2336,neutral,0.0,1.0,0.0
2337,negative,0.83973,0.16027,0.0
2338,negative,0.99992,8e-05,0.0
2339,negative,1.0,0.0,0.0
2340,positive,0.0,0.0,1.0
2341,positive,0.0,0.0,1.0
2342,negative,0.96785,0.0321,5e-05
2343,neutral,6e-05,0.99994,0.0
2344,negative,0.99711,0.00289,0.0
2345,neutral,0.01033,0.98967,0.0
2346,neutral,0.04597,0.95268,0.00135
2347,negative,1.0,0.0,0.0
2348,negative,0.99988,0.00012,0.0
2349,negative,0.99993,7e-05,0.0
2350,negative,0.99937,0.00063,0.0
2351,negative,0.99977,0.00023,0.0
2352,negative,0.99986,0.00014,0.0
2353,negative,1.0,0.0,0.0
2354,negative,0.99983,0.00017,0.0
2355,negative,0.73716,0.26284,0.0
2356,negative,0.9989,0.0011,0.0
2357,neutral,0.00011,0.99989,0.0
2358,negative,0.88404,0.11596,0.0
2359,positive,0.0,0.0004,0.9996
2360,negative,1.0,0.0,0.0
2361,negative,0.99629,0.00371,0.0
2362,negative,0.99986,0.00014,0.0
2363,positive,0.00043,0.00052,0.99905
2364,neutral,0.02759,0.97241,0.0
2365,neutral,0.0,1.0,0.0
2366,negative,1.0,0.0,0.0
2367,neutral,7e-05,0.99993,0.0
2368,negative,0.99988,0.00012,0.0
2369,negative,0.99941,0.00059,0.0
2370,negative,0.99999,1e-05,0.0
2371,negative,1.0,0.0,0.0
2372,neutral,0.01496,0.98504,0.0
2373,neutral,0.00037,0.99961,2e-05
2374,negative,0.99737,0.00263,0.0
2375,negative,1.0,0.0,0.0
2376,neutral,6e-05,0.99994,0.0
2377,neutral,0.00044,0.9995,6e-05
2378,negative,1.0,0.0,0.0
2379,neutral,0.11258,0.88549,0.00194
2380,negative,0.99999,1e-05,0.0
2381,neutral,0.0,1.0,0.0
2382,neutral,0.00091,0.99909,0.0
2383,negative,1.0,0.0,0.0
2384,neutral,0.0,1.0,0.0
2385,neutral,0.0656,0.9344,0.0
2386,negative,0.97404,0.02596,0.0
2387,negative,0.99999,1e-05,0.0
2388,neutral,0.14805,0.85195,0.0
2389,negative,0.99854,0.00146,0.0
2390,neutral,0.00447,0.99552,2e-05
2391,positive,3e-05,0.00025,0.99973
2392,negative,0.99978,0.00022,0.0
2393,negative,0.99989,0.00011,0.0
2394,negative,0.99993,7e-05,0.0
2395,neutral,0.00022,0.99978,0.0
2396,neutral,0.00225,0.99775,0.0
2397,neutral,0.08036,0.91964,0.0
2398,negative,0.9992,0.0008,0.0
2399,neutral,3e-05,0.99997,0.0
2400,negative,0.78266,0.21734,0.0
2401,negative,1.0,0.0,0.0
2402,neutral,0.18039,0.80844,0.01118
2403,neutral,1e-05,0.99999,0.0
2404,negative,0.99999,1e-05,0.0
2405,neutral,0.00076,0.99924,0.0
2406,negative,1.0,0.0,0.0
2407,negative,0.99998,2e-05,0.0
2408,neutral,0.48438,0.51562,0.0
2409,negative,0.99999,1e-05,0.0
2410,negative,0.99945,0.00055,0.0
2411,negative,0.99867,0.00133,0.0
2412,neutral,0.0,1.0,0.0
2413,negative,1.0,0.0,0.0
2414,negative,0.92841,0.07159,0.0
2415,negative,0.9996,0.0004,0.0
2416,neutral,0.0,1.0,0.0
2417,neutral,5e-05,0.99986,0.0001
2418,negative,0.99996,4e-05,0.0
2419,negative,1.0,0.0,0.0
2420,neutral,0.0,1.0,0.0
2421,negative,0.89029,1e-05,0.1097
2422,negative,1.0,0.0,0.0
2423,negative,0.99971,0.00029,0.0
2424,neutral,0.02369,0.97631,0.0
2425,negative,0.89014,0.10969,0.00018
2426,negative,0.66475,0.33426,0.001
2427,neutral,0.00941,0.99059,0.0
2428,negative,1.0,0.0,0.0
2429,neutral,0.00137,0.99863,0.0
2430,positive,0.00183,0.15997,0.83819
2431,negative,0.99168,0.00832,0.0
2432,negative,0.97558,0.02442,0.0
2433,negative,0.99922,0.00078,0.0
2434,negative,1.0,0.0,0.0
2435,positive,0.0,0.00027,0.99973
2436,negative,0.999,0.001,0.0
2437,neutral,0.0114,0.93422,0.05438
2438,negative,1.0,0.0,0.0
2439,neutral,0.00447,0.99553,0.0
2440,negative,0.99998,2e-05,0.0
2441,neutral,0.0341,0.9659,0.0
2442,negative,0.99897,0.00103,0.0
2443,negative,0.99692,0.00308,0.0
2444,negative,0.99991,9e-05,0.0
2445,negative,1.0,0.0,0.0
2446,negative,1.0,0.0,0.0
2447,negative,0.99288,0.00712,0.0
2448,neutral,0.0,1.0,0.0
2449,neutral,0.11596,0.88404,0.0
2450,negative,1.0,0.0,0.0
2451,negative,0.9099,0.09009,1e-05
2452,negative,1.0,0.0,0.0
2453,neutral,0.24509,0.75491,0.0
2454,neutral,0.0,1.0,0.0
2455,neutral,0.00069,0.99931,0.0
2456,positive,0.00047,0.0,0.99953
2457,neutral,0.0,0.99992,8e-05
2458,negative,0.99567,0.00433,0.0
2459,negative,0.99969,0.00031,0.0
2460,neutral,0.01086,0.97722,0.01192
2461,neutral,2e-05,0.99998,0.0
2462,neutral,4e-05,0.99995,0.0
2463,negative,1.0,0.0,0.0
2464,negative,0.5,0.5,0.0
2465,negative,1.0,0.0,0.0
2466,negative,0.99974,0.00026,0.0
2467,neutral,0.0042,0.9958,0.0
2468,negative,0.65112,0.34852,0.00036
2469,negative,1.0,0.0,0.0
2470,neutral,0.16886,0.83114,0.0
2471,negative,0.99775,0.00225,0.0
2472,negative,0.99999,1e-05,0.0
2473,negative,0.9939,0.0061,0.0
2474,negative,0.99999,1e-05,0.0
2475,neutral,0.01542,0.98458,0.0
2476,neutral,0.00083,0.99917,0.0
2477,negative,0.9983,0.0017,0.0
2478,negative,0.9989,0.0011,0.0
2479,negative,0.80807,0.19193,0.0
2480,negative,0.99933,0.00067,0.0
2481,negative,0.96153,0.03847,0.0
2482,neutral,5e-05,0.99995,0.0
2483,negative,0.99494,0.00506,0.0
2484,negative,0.99943,0.00054,4e-05
2485,negative,1.0,0.0,0.0
2486,neutral,0.00712,0.9927,0.00018
2487,negative,0.99943,0.00057,0.0
2488,neutral,0.0145,0.9855,0.0
2489,negative,0.98256,0.01744,0.0
2490,negative,0.57749,0.4225,1e-05
2491,negative,0.78266,0.21734,0.0
2492,neutral,0.00015,0.99984,1e-05
2493,negative,0.99974,0.00026,0.0
2494,neutral,0.39234,0.60766,0.0
2495,positive,3e-05,0.0,0.99997
2496,positive,0.0,0.0,1.0
2497,neutral,2e-05,0.99998,0.0
2498,negative,0.99371,0.00629,0.0
2499,neutral,0.2227,0.77729,1e-05
2500,negative,0.99998,2e-05,0.0
2501,negative,0.99997,3e-05,0.0
2502,negative,0.93991,0.06009,0.0
2503,neutral,0.00263,0.99737,0.0
2504,negative,0.99994,0.0,6e-05
2505,negative,1.0,0.0,0.0
2506,neutral,0.0,1.0,0.0
2507,negative,0.99999,1e-05,0.0
2508,negative,0.99958,0.00042,0.0
2509,neutral,0.07159,0.92841,0.0
2510,neutral,1e-05,0.99999,0.0
2511,negative,0.99997,3e-05,0.0
2512,negative,0.99993,3e-05,5e-05
2513,negative,0.99308,0.0069,2e-05
2514,negative,0.99986,0.00014,0.0
2515,positive,1e-05,0.00395,0.99605
2516,neutral,0.06009,0.93991,0.0
2517,negative,0.75566,0.13548,0.10886
2518,neutral,0.00073,0.99927,0.0
2519,negative,0.97069,0.02931,0.0
2520,neutral,0.0,1.0,0.0
2521,negative,1.0,0.0,0.0
2522,positive,0.0,0.0,1.0
2523,negative,0.99641,0.00359,0.0
2524,neutral,0.04468,0.95532,0.0
2525,negative,0.76629,0.23371,0.0
2526,negative,0.87408,0.12592,0.0
2527,negative,1.0,0.0,0.0
2528,negative,1.0,0.0,0.0
2529,neutral,0.00225,0.99775,0.0
2530,negative,1.0,0.0,0.0
2531,negative,0.93439,0.0656,0.0
2532,negative,1.0,0.0,0.0
2533,neutral,0.0,1.0,0.0
2534,neutral,0.00232,0.99768,0.0
2535,negative,1.0,0.0,0.0
2536,negative,0.7773,0.2227,0.0
2537,negative,1.0,0.0,0.0
2538,positive,1e-05,0.0,0.99999
2539,neutral,0.38491,0.61508,1e-05
2540,neutral,0.1192,0.8808,0.0
2541,negative,1.0,0.0,0.0
2542,negative,1.0,0.0,0.0
2543,negative,1.0,0.0,0.0
2544,neutral,0.01496,0.98504,0.0
2545,negative,1.0,0.0,0.0
2546,neutral,0.05501,0.94499,0.0
2547,neutral,0.04603,0.95397,0.0
2548,negative,0.81704,0.00066,0.18231
2549,negative,0.99819,0.00181,0.0
2550,neutral,2e-05,0.98675,0.01322
2551,neutral,3e-05,0.99997,0.0
2552,negative,1.0,0.0,0.0
2553,negative,0.53118,0.46876,6e-05
2554,negative,0.99883,0.00117,0.0
2555,negative,1.0,0.0,0.0
2556,negative,0.99917,0.00083,0.0
2557,negative,0.98594,0.01406,0.0
2558,neutral,0.00175,0.99825,0.0
2559,negative,0.9997,0.0003,0.0
2560,negative,0.99999,1e-05,0.0
2561,neutral,0.03021,0.96979,0.0
2562,neutral,0.33459,0.66541,0.0
2563,neutral,0.0,1.0,0.0
2564,negative,0.9073,0.09269,1e-05
2565,neutral,0.01799,0.98201,0.0
2566,neutral,0.0,0.99999,1e-05
2567,negative,0.99711,0.00289,0.0
2568,negative,1.0,0.0,0.0
2569,neutral,0.0002,0.9998,0.0
2570,negative,0.99875,0.00124,0.0
2571,positive,0.09222,0.00504,0.90274
2572,negative,0.9998,0.0002,0.0
2573,negative,1.0,0.0,0.0
2574,negative,0.99461,0.00538,0.0
2575,neutral,0.02442,0.97558,0.0
2576,neutral,0.00371,0.99629,0.0
2577,negative,0.99996,4e-05,0.0
2578,negative,0.84797,0.15203,0.0
2579,neutral,0.00124,0.99876,0.0
2580,negative,0.68595,0.31405,0.0
2581,neutral,0.09808,0.90192,0.0
2582,neutral,0.08432,0.90651,0.00917
2583,negative,1.0,0.0,0.0
2584,negative,0.99999,1e-05,0.0
2585,negative,0.99939,0.00061,0.0
2586,negative,1.0,0.0,0.0
2587,negative,0.99974,0.00026,0.0
2588,negative,1.0,0.0,0.0
2589,neutral,0.00031,0.99814,0.00155
2590,negative,1.0,0.0,0.0
2591,negative,0.9679,0.0321,0.0
2592,negative,0.99351,0.00649,0.0
2593,negative,1.0,0.0,0.0
2594,neutral,0.0,1.0,0.0
2595,neutral,0.0,1.0,0.0
2596,neutral,0.02931,0.97069,0.0
2597,negative,0.99087,0.00913,0.0
2598,neutral,0.0,1.0,0.0
2599,negative,1.0,0.0,0.0
2600,negative,0.98201,0.01799,0.0
2601,negative,0.99999,1e-05,0.0
2602,neutral,1e-05,0.99998,1e-05
2603,negative,0.85195,0.14805,0.0
2604,negative,0.99931,0.00069,0.0
2605,neutral,0.09009,0.90991,0.0
2606,negative,1.0,0.0,0.0
2607,neutral,0.27513,0.72487,0.0
2608,negative,0.97404,0.02596,0.0
2609,neutral,0.06755,0.93245,0.0
2610,neutral,2e-05,0.99537,0.00461
2611,negative,0.56218,0.43782,0.0
2612,negative,0.96589,0.0341,1e-05
2613,neutral,0.0,1.0,0.0
2614,negative,0.97904,0.02096,0.0
2615,neutral,0.0,1.0,0.0
2616,negative,0.99968,0.00032,0.0
2617,negative,0.99979,8e-05,0.00013
2618,negative,0.55447,0.44553,0.0
2619,negative,1.0,0.0,0.0
2620,negative,0.95255,0.04742,2e-05
2621,negative,1.0,0.0,0.0
2622,neutral,0.00025,0.9997,5e-05
2623,neutral,0.0,1.0,0.0
2624,negative,0.99997,3e-05,0.0
2625,neutral,0.24508,0.75491,0.0
2626,negative,0.99997,3e-05,0.0
2627,neutral,0.00097,0.99903,0.0
2628,negative,1.0,0.0,0.0
2629,negative,1.0,0.0,0.0
2630,neutral,1e-05,0.99999,0.0
2631,negative,0.89912,0.10088,0.0
2632,negative,0.99029,0.00971,0.0
2633,negative,1.0,0.0,0.0
2634,negative,0.99997,3e-05,0.0
2635,negative,0.9997,0.0003,0.0
2636,neutral,0.02759,0.97241,0.0
2637,neutral,0.22816,0.77184,0.0
2638,negative,1.0,0.0,0.0
2639,neutral,0.0001,0.99989,1e-05
2640,neutral,0.00506,0.99451,0.00043
2641,negative,0.99059,0.00941,0.0
2642,neutral,0.0,1.0,0.0
2643,neutral,0.0,1.0,0.0
2644,neutral,0.01282,0.98718,0.0
2645,neutral,0.01912,0.98088,0.0
2646,negative,1.0,0.0,0.0
2647,negative,0.86339,0.13661,0.0
2648,negative,0.99998,2e-05,0.0
2649,neutral,0.00212,0.99788,0.0
2650,neutral,0.0,1.0,0.0
2651,neutral,0.0,1.0,0.0
2652,negative,0.89029,0.10971,0.0
2653,neutral,0.00333,0.5603,0.43636
2654,negative,0.99994,5e-05,1e-05
2655,negative,1.0,0.0,0.0
2656,negative,0.99937,0.00063,0.0
2657,positive,9e-05,1e-05,0.9999
2658,neutral,0.0,1.0,0.0
2659,neutral,0.17329,0.82671,0.0
2660,neutral,0.18713,0.81287,0.0
2661,negative,1.0,0.0,0.0
2662,positive,0.00103,0.0,0.99897
2663,positive,0.05184,2e-05,0.94814
2664,negative,0.562,0.43769,0.00031
2665,negative,1.0,0.0,0.0
2666,negative,1.0,0.0,0.0
2667,neutral,2e-05,0.99998,0.0
2668,negative,1.0,0.0,0.0
2669,negative,0.99999,1e-05,0.0
2670,neutral,0.14415,0.85585,0.0
2671,negative,0.99999,1e-05,0.0
2672,negative,1.0,0.0,0.0
2673,negative,0.99974,0.00026,0.0
2674,negative,0.98308,0.01691,0.0
2675,negative,1.0,0.0,0.0
2676,positive,0.0,0.0,1.0
2677,negative,0.99996,4e-05,0.0
2678,negative,0.9999,0.0001,0.0
2679,negative,0.99494,0.00506,0.0
2680,negative,0.99999,1e-05,0.0
2681,negative,0.99443,0.00555,2e-05
2682,negative,1.0,0.0,0.0
2683,negative,0.98088,0.01912,0.0
2684,negative,0.99813,0.00187,0.0
2685,neutral,1e-05,0.99999,0.0
2686,negative,0.99998,2e-05,0.0
2687,neutral,0.18713,0.81286,1e-05
2688,negative,0.99115,0.00885,0.0
2689,negative,0.99932,0.00067,2e-05
2690,negative,0.99782,0.00218,0.0
2691,negative,0.8706,0.1294,0.0
2692,neutral,0.49219,0.50781,0.0
2693,negative,0.98831,0.01169,0.0
2694,negative,0.99978,0.00022,0.0
2695,neutral,0.0,1.0,0.0
2696,negative,1.0,0.0,0.0
2697,negative,0.99782,0.00218,0.0
2698,neutral,9e-05,0.99991,0.0
2699,negative,1.0,0.0,0.0
2700,negative,0.96886,0.03114,0.0
2701,negative,0.99993,7e-05,0.0
2702,negative,0.84795,0.15203,2e-05
2703,neutral,0.28777,0.71223,0.0
2704,negative,1.0,0.0,0.0
2705,negative,0.99912,0.00088,0.0
2706,positive,0.0,0.0,1.0
2707,negative,0.79153,0.0145,0.19397
2708,neutral,0.0,1.0,0.0
2709,negative,0.98636,0.01364,0.0
2710,negative,0.99998,2e-05,0.0
2711,negative,0.88718,0.11279,3e-05
2712,negative,0.99988,0.00012,0.0
2713,negative,0.73106,0.26894,0.0
2714,negative,0.9989,0.0011,0.0
2715,neutral,0.34104,0.63715,0.0218
2716,neutral,5e-05,0.99995,0.0
2717,negative,0.98201,0.01799,0.0
2718,negative,0.88269,0.02427,0.09304
2719,negative,0.99924,0.00076,0.0
2720,neutral,0.0,1.0,0.0
2721,neutral,0.00061,0.99939,0.0
2722,neutral,0.00832,0.99168,0.0
2723,negative,0.79818,0.20181,1e-05
2724,negative,0.99999,1e-05,0.0
2725,negative,1.0,0.0,0.0
2726,positive,0.0,0.0,1.0
2727,negative,0.99875,0.00124,0.0
2728,negative,0.99629,0.00371,0.0
2729,negative,0.9999,0.0001,0.0
2730,negative,0.99956,0.00044,0.0
2731,negative,1.0,0.0,0.0
2732,negative,0.99795,0.00181,0.00024
2733,negative,0.99998,2e-05,0.0
2734,positive,0.0,0.0,1.0
2735,negative,0.99993,7e-05,0.0
2736,neutral,8e-05,0.99992,0.0
2737,negative,1.0,0.0,0.0
2738,negative,0.99974,0.00026,0.0
2739,negative,0.9466,0.0534,0.0
2740,negative,1.0,0.0,0.0
2741,neutral,1e-05,0.99999,0.0
2742,neutral,0.28777,0.71223,0.0
2743,neutral,0.32082,0.67918,0.0
2744,neutral,4e-05,0.99996,0.0
2745,negative,0.99825,0.00175,0.0
2746,negative,0.95397,0.04603,0.0
2747,negative,0.99539,0.00461,0.0
2748,neutral,0.00071,0.99929,0.0
2749,negative,1.0,0.0,0.0
2750,negative,0.89029,0.10971,0.0
2751,negative,0.99994,6e-05,0.0
2752,positive,0.0,0.0,1.0
2753,negative,1.0,0.0,0.0
2754,negative,1.0,0.0,0.0
2755,neutral,0.23935,0.76065,0.0
2756,neutral,0.04271,0.91322,0.04407
2757,negative,1.0,0.0,0.0
2758,neutral,0.06188,0.93812,0.0
2759,positive,0.00032,0.00011,0.99958
2760,negative,0.82219,0.17781,0.0
2761,neutral,0.00014,0.99984,2e-05
2762,negative,1.0,0.0,0.0
2763,positive,3e-05,3e-05,0.99994
2764,negative,0.99974,0.00026,0.0
2765,negative,0.99998,2e-05,0.0
2766,negative,0.99998,2e-05,0.0
2767,neutral,0.0,1.0,0.0
2768,negative,1.0,0.0,0.0
2769,negative,0.99994,6e-05,0.0
2770,negative,1.0,0.0,0.0
2771,negative,1.0,0.0,0.0
2772,negative,0.99988,0.00012,0.0
2773,neutral,0.0,1.0,0.0
2774,negative,1.0,0.0,0.0
2775,negative,0.99954,0.00046,0.0
2776,negative,0.99998,2e-05,0.0
2777,negative,1.0,0.0,0.0
2778,negative,0.99953,0.00047,0.0
2779,neutral,9e-05,0.99991,0.0
2780,negative,0.99998,2e-05,0.0
2781,neutral,2e-05,0.99998,0.0
2782,negative,0.99969,0.00031,0.0
2783,negative,0.98935,0.01065,0.0
2784,negative,0.98201,0.01799,0.0
2785,negative,0.98457,0.01542,0.0
2786,neutral,2e-05,0.99994,4e-05
2787,negative,0.52342,0.47658,0.0
2788,negative,0.99999,1e-05,0.0
2789,negative,0.99964,0.00036,0.0
2790,neutral,0.00074,0.86275,0.13651
2791,negative,1.0,0.0,0.0
2792,negative,0.94165,0.05835,0.0
2793,neutral,0.0,1.0,0.0
2794,negative,0.56218,0.43782,0.0
2795,negative,0.99218,0.00782,0.0
2796,neutral,0.00094,0.99906,0.0
2797,neutral,0.0,1.0,0.0
2798,negative,0.96485,0.03514,0.0
2799,negative,0.9939,0.0061,0.0
2800,negative,1.0,0.0,0.0
2801,neutral,3e-05,0.99997,0.0
2802,negative,0.98935,0.01065,0.0
2803,negative,1.0,0.0,0.0
2804,negative,0.99997,3e-05,0.0
2805,negative,0.98143,0.01855,2e-05
2806,negative,1.0,0.0,0.0
2807,negative,1.0,0.0,0.0
2808,negative,0.99969,0.00031,0.0
2809,negative,0.99992,8e-05,0.0
2810,negative,0.99509,0.00491,0.0
2811,negative,0.74909,0.25091,0.0
2812,negative,0.99999,1e-05,0.0
2813,negative,0.93812,0.06188,0.0
2814,neutral,0.0,1.0,0.0
2815,neutral,0.23371,0.76629,0.0
2816,negative,1.0,0.0,0.0
2817,neutral,0.00913,0.99087,0.0
2818,neutral,0.0,1.0,0.0
2819,neutral,0.00187,0.99813,0.0
2820,negative,0.99999,1e-05,0.0
2821,negative,0.99801,0.00199,0.0
2822,negative,0.99999,1e-05,0.0
2823,negative,0.98457,0.01542,0.0
2824,negative,1.0,0.0,0.0
2825,negative,0.98718,0.01282,0.0
2826,positive,0.0,0.00022,0.99978
2827,negative,1.0,0.0,0.0
2828,negative,0.99977,0.00023,0.0
2829,negative,0.99288,0.00712,0.0
2830,neutral,0.02298,0.97702,0.0
2831,negative,1.0,0.0,0.0
2832,neutral,0.00212,0.99788,0.0
2833,negative,1.0,0.0,0.0
2834,negative,0.99997,3e-05,0.0
2835,neutral,0.00034,0.99081,0.00884
2836,negative,0.98639,0.01242,0.00119
2837,neutral,0.0002,0.9998,0.0
2838,neutral,0.00832,0.99168,0.0
2839,negative,0.98593,0.01406,1e-05
2840,negative,1.0,0.0,0.0
2841,negative,1.0,0.0,0.0
2842,negative,0.56218,0.43782,0.0
2843,neutral,0.00133,0.99867,0.0
2844,neutral,0.0,1.0,0.0
2845,negative,0.9939,0.0061,0.0
2846,negative,0.99999,1e-05,0.0
2847,negative,0.98628,0.01242,0.00131
2848,negative,0.96153,0.03847,0.0
2849,neutral,0.02033,0.97967,0.0
2850,negative,0.80317,0.19683,1e-05
2851,negative,0.99993,7e-05,0.0
2852,negative,0.86704,0.13296,0.0
2853,negative,0.99963,0.00037,0.0
2854,negative,0.99997,3e-05,0.0
2855,negative,0.99879,0.00121,0.0
2856,negative,0.99986,0.00014,0.0
2857,negative,0.99999,1e-05,0.0
2858,negative,0.94659,0.0534,1e-05
2859,negative,0.82219,0.17781,0.0
2860,negative,1.0,0.0,0.0
2861,negative,0.9992,0.0008,0.0
2862,negative,1.0,0.0,0.0
2863,neutral,0.0,1.0,0.0
2864,negative,0.99996,4e-05,0.0
2865,negative,1.0,0.0,0.0
2866,negative,1.0,0.0,0.0
2867,negative,0.95663,0.04337,0.0
2868,negative,1.0,0.0,0.0
2869,neutral,6e-05,0.99994,0.0
2870,negative,0.50781,0.49219,0.0
2871,neutral,7e-05,0.99993,0.0
2872,negative,0.99988,0.00012,0.0
2873,negative,0.99673,0.00327,0.0
2874,negative,0.99996,4e-05,0.0
2875,neutral,0.00913,0.99087,0.0
2876,negative,1.0,0.0,0.0
2877,negative,1.0,0.0,0.0
2878,negative,1.0,0.0,0.0
2879,negative,0.99994,6e-05,0.0
2880,positive,2e-05,0.0,0.99998
2881,positive,7e-05,0.0,0.99993
2882,neutral,4e-05,0.99995,1e-05
2883,negative,1.0,0.0,0.0
2884,negative,1.0,0.0,0.0
2885,negative,1.0,0.0,0.0
2886,negative,0.99991,9e-05,0.0
2887,neutral,1e-05,0.99999,0.0
2888,negative,1.0,0.0,0.0
2889,negative,0.99999,1e-05,0.0
2890,neutral,0.0,1.0,0.0
2891,negative,0.62246,0.37754,0.0
2892,neutral,0.03021,0.96978,0.0
2893,neutral,0.0,1.0,0.0
2894,negative,0.99964,0.00036,0.0
2895,negative,1.0,0.0,0.0
2896,neutral,0.00038,0.99962,0.0
2897,negative,0.99929,0.00071,0.0
2898,neutral,0.0001,0.9999,0.0
2899,negative,0.94815,0.05185,0.0
2900,negative,1.0,0.0,0.0
2901,neutral,0.0341,0.96583,7e-05
2902,negative,0.99539,0.00461,0.0
2903,neutral,0.0,1.0,0.0
2904,neutral,0.0,1.0,0.0
2905,negative,0.99996,4e-05,0.0
2906,negative,1.0,0.0,0.0
2907,negative,0.99996,4e-05,0.0
2908,neutral,0.06009,0.93991,0.0
2909,negative,1.0,0.0,0.0
2910,negative,0.99996,4e-05,0.0
2911,neutral,0.00225,0.96572,0.03203
2912,negative,1.0,0.0,0.0
2913,negative,0.99998,2e-05,0.0
2914,neutral,0.00555,0.99445,0.0
2915,negative,0.99945,0.00055,0.0
2916,negative,0.94499,0.055,1e-05
2917,negative,0.99992,1e-05,7e-05
2918,neutral,0.22816,0.77184,0.0
2919,positive,0.00197,0.0083,0.98973
2920,neutral,4e-05,0.99996,0.0
2921,negative,0.99998,2e-05,0.0
2922,negative,0.99989,0.00011,0.0
2923,neutral,0.0,0.99983,0.00016
2924,negative,0.63703,0.36297,0.0
2925,negative,1.0,0.0,0.0
2926,negative,0.99998,2e-05,0.0
2927,negative,0.52341,0.47657,2e-05
2928,negative,1.0,0.0,0.0
2929,neutral,0.03733,0.96267,0.0
2930,negative,0.99971,0.00029,0.0
2931,negative,0.99987,0.00013,0.0
2932,negative,1.0,0.0,0.0
2933,positive,0.00124,0.00218,0.99658
2934,neutral,0.00013,0.99987,0.0
2935,neutral,0.20181,0.79818,0.0
2936,negative,1.0,0.0,0.0
2937,neutral,0.00014,0.99986,0.0
2938,neutral,0.0,0.99999,1e-05
2939,negative,0.76629,0.23371,0.0
2940,neutral,0.0,0.99728,0.00271
2941,neutral,0.0656,0.9344,0.0
2942,positive,0.01132,0.00087,0.98781
2943,negative,1.0,0.0,0.0
2944,neutral,0.0,1.0,0.0
2945,neutral,0.00598,0.9164,0.07761
2946,positive,0.0,0.0,1.0
2947,negative,1.0,0.0,0.0
2948,neutral,0.0,1.0,0.0
2949,neutral,0.19683,0.80317,0.0
2950,negative,1.0,0.0,0.0
2951,negative,1.0,0.0,0.0
2952,neutral,0.00996,0.61626,0.37378
2953,neutral,2e-05,0.99216,0.00782
2954,neutral,0.00271,0.99729,0.0
2955,negative,0.99997,3e-05,0.0
2956,neutral,1e-05,0.99999,0.0
2957,neutral,7e-05,0.99993,0.0
2958,negative,0.86339,0.13661,1e-05
2959,neutral,0.0,1.0,0.0
2960,negative,0.99351,0.00649,0.0
2961,negative,1.0,0.0,0.0
2962,negative,0.99943,0.00057,0.0
2963,neutral,0.12592,0.87407,0.0
2964,negative,0.82671,0.17329,0.0
2965,negative,0.68595,0.31405,0.0
2966,negative,1.0,0.0,0.0
2967,neutral,0.00022,0.99978,0.0
2968,neutral,0.0,1.0,0.0
2969,neutral,0.01406,0.98593,1e-05
2970,negative,1.0,0.0,0.0
2971,negative,0.99933,0.00067,0.0
2972,negative,0.99998,2e-05,0.0
2973,neutral,0.00141,0.99859,0.0
2974,negative,1.0,0.0,0.0
2975,negative,1.0,0.0,0.0
2976,neutral,0.0,1.0,0.0
2977,negative,0.99494,0.00506,0.0
2978,negative,0.99998,2e-05,0.0
2979,neutral,1e-05,0.99999,0.0
2980,negative,0.92815,0.07157,0.00027
2981,negative,0.99887,0.00113,0.0
2982,negative,0.94335,0.05665,0.0
2983,neutral,1e-05,0.99999,0.0
2984,negative,0.9931,0.0069,0.0
2985,negative,1.0,0.0,0.0
2986,neutral,0.00069,0.99931,0.0
2987,neutral,0.00016,0.99984,0.0
2988,neutral,0.00327,0.99673,0.0
2989,negative,0.99927,0.00073,0.0
2990,neutral,0.01691,0.98308,0.0
2991,neutral,0.0,1.0,0.0
2992,positive,0.0,0.0,1.0
2993,neutral,0.0113,0.98584,0.00286
2994,negative,0.81287,0.18713,0.0
2995,neutral,0.0,1.0,0.0
2996,neutral,0.46078,0.5387,0.00052
2997,negative,1.0,0.0,0.0
2998,negative,0.99998,2e-05,0.0
2999,negative,1.0,0.0,0.0
3000,negative,1.0,0.0,0.0
3001,negative,0.99998,2e-05,0.0
3002,neutral,0.0,1.0,0.0
3003,negative,1.0,0.0,0.0
3004,neutral,5e-05,0.99985,9e-05
3005,neutral,1e-05,0.99999,0.0
3006,negative,0.97631,0.02369,0.0
3007,negative,1.0,0.0,0.0
3008,neutral,0.00591,0.99406,3e-05
3009,neutral,0.0,1.0,0.0
3010,negative,1.0,0.0,0.0
3011,positive,0.00806,5e-05,0.99188
3012,negative,1.0,0.0,0.0
3013,neutral,0.00212,0.99788,0.0
3014,neutral,0.0,1.0,0.0
3015,negative,1.0,0.0,0.0
3016,positive,0.22811,0.00021,0.77168
3017,neutral,0.06009,0.93991,0.0
3018,neutral,0.00591,0.99409,0.0
3019,neutral,0.01001,0.98999,0.0
3020,negative,0.99999,1e-05,0.0
3021,negative,0.94967,0.05033,0.0
3022,neutral,0.0,1.0,0.0
3023,negative,0.99863,0.00137,0.0
3024,neutral,3e-05,0.99991,6e-05
3025,positive,0.00689,0.00197,0.99114
3026,negative,0.95532,0.04468,0.0
3027,negative,0.99997,3e-05,0.0
3028,negative,0.67918,0.32082,0.0
3029,neutral,0.00338,0.99662,0.0
3030,negative,0.99999,1e-05,0.0
3031,neutral,0.27513,0.72487,1e-05
3032,negative,0.99409,0.00591,0.0
3033,negative,1.0,0.0,0.0
3034,negative,0.99994,6e-05,0.0
3035,negative,0.99788,0.00212,0.0
3036,negative,0.99997,3e-05,0.0
3037,negative,1.0,0.0,0.0
3038,negative,0.97069,0.02931,0.0
3039,negative,0.96377,0.03622,1e-05
3040,neutral,0.00088,0.99912,0.0
3041,negative,0.99943,0.00057,0.0
3042,positive,0.0,0.0,1.0
3043,positive,6e-05,5e-05,0.99988
3044,negative,0.99242,0.00758,0.0
3045,neutral,0.21207,0.78793,0.0
3046,negative,0.99753,0.00247,0.0
3047,negative,0.99982,0.00018,0.0
3048,negative,1.0,0.0,0.0
3049,negative,1.0,0.0,0.0
3050,neutral,0.0,1.0,0.0
3051,neutral,0.29421,0.70578,0.0
3052,negative,0.94335,0.05665,0.0
3053,negative,0.99553,0.00447,0.0
3054,neutral,2e-05,0.99192,0.00806
3055,negative,0.99996,4e-05,0.0
3056,negative,0.9969,0.00308,2e-05
3057,negative,0.9972,0.0028,0.0
3058,neutral,0.30074,0.69925,1e-05
3059,negative,0.99795,0.00205,0.0
3060,negative,0.99996,4e-05,0.0
3061,neutral,0.00255,0.99745,0.0
3062,neutral,0.4225,0.5775,0.0
3063,negative,0.98504,0.01496,0.0
3064,neutral,0.00028,0.99942,0.00031
3065,negative,0.99999,1e-05,0.0
3066,negative,1.0,0.0,0.0
3067,negative,1.0,0.0,0.0
3068,negative,0.99999,1e-05,0.0
3069,negative,1.0,0.0,0.0
3070,negative,0.86704,0.13296,0.0
3071,negative,0.99444,0.00555,0.0
3072,neutral,0.12252,0.87748,0.0
3073,positive,0.0,0.00016,0.99984
3074,neutral,0.0,1.0,0.0
3075,negative,0.99863,0.00137,0.0
3076,negative,1.0,0.0,0.0
3077,negative,0.8439,0.1561,0.0
3078,negative,0.99711,0.00289,0.0
3079,negative,0.99999,1e-05,0.0
3080,neutral,0.08756,0.91244,0.0
3081,negative,0.99494,0.00506,0.0
3082,neutral,0.00034,0.99964,2e-05
3083,negative,0.99995,5e-05,0.0
3084,negative,0.99957,0.00042,1e-05
3085,negative,0.99897,0.00091,0.00012
3086,negative,1.0,0.0,0.0
3087,negative,0.99941,0.00059,0.0
3088,neutral,0.03514,0.96485,0.0
3089,negative,0.93544,0.00476,0.0598
3090,neutral,0.00538,0.99461,0.0
3091,negative,0.99939,0.00061,0.0
3092,positive,0.00047,1e-05,0.99952
3093,negative,0.9985,0.0015,0.0
3094,neutral,0.0,0.99478,0.00522
3095,neutral,0.00078,0.99922,0.0
3096,negative,1.0,0.0,0.0
3097,negative,0.99576,0.00371,0.00053
3098,negative,0.99835,0.00165,0.0
3099,negative,0.99998,2e-05,0.0
3100,neutral,0.01243,0.98757,0.0
3101,negative,0.99995,5e-05,0.0
3102,negative,0.99991,0.0,8e-05
3103,negative,0.99999,1e-05,0.0
3104,neutral,0.11918,0.88062,0.0002
3105,negative,0.99973,0.00027,0.0
3106,negative,0.99467,0.00271,0.00262
3107,neutral,0.20689,0.79308,4e-05
3108,negative,1.0,0.0,0.0
3109,positive,0.00301,0.40611,0.59089
3110,neutral,1e-05,0.99999,0.0
3111,negative,1.0,0.0,0.0
3112,negative,0.99989,0.00011,0.0
3113,negative,0.9976,0.0024,0.0
3114,neutral,0.0,1.0,0.0
3115,negative,0.99987,0.00013,0.0
3116,neutral,0.16452,0.83548,0.0
3117,negative,1.0,0.0,0.0
3118,positive,0.00263,0.0002,0.99717
3119,positive,0.00025,0.0,0.99975
3120,negative,0.69925,0.30074,1e-05
3121,negative,0.99059,0.00941,0.0
3122,neutral,0.0,1.0,0.0
3123,negative,0.9998,0.0002,0.0
3124,negative,0.98935,0.01065,0.0
3125,neutral,2e-05,0.99998,0.0
3126,neutral,0.03114,0.96886,0.0
3127,neutral,1e-05,0.99999,0.0
3128,negative,0.99986,0.00014,0.0
3129,negative,0.99951,0.00049,0.0
3130,neutral,1e-05,0.99999,0.0
3131,neutral,0.11275,0.88682,0.00043
3132,neutral,0.08756,0.91244,0.0
3133,negative,0.99998,0.0,1e-05
3134,negative,0.98028,0.01972,0.0
3135,negative,0.99999,1e-05,0.0
3136,positive,0.16616,0.01595,0.81789
3137,neutral,0.01851,0.97971,0.00178
3138,negative,0.98145,0.01855,0.0
3139,neutral,0.34865,0.65135,0.0
3140,negative,1.0,0.0,0.0
3141,neutral,0.00012,0.99988,0.0
3142,negative,1.0,0.0,0.0
3143,negative,0.99371,0.00629,0.0
3144,neutral,1e-05,0.99999,0.0
3145,negative,0.99999,1e-05,0.0
3146,neutral,0.00263,0.99737,0.0
3147,negative,0.99994,6e-05,0.0
3148,negative,1.0,0.0,0.0
3149,negative,0.99991,9e-05,0.0
3150,negative,1.0,0.0,0.0
3151,neutral,0.1561,0.84389,0.0
3152,neutral,0.0,1.0,0.0
3153,positive,4e-05,0.0,0.99996
3154,negative,0.99929,0.00071,0.0
3155,negative,1.0,0.0,0.0
3156,negative,1.0,0.0,0.0
3157,negative,1.0,0.0,0.0
3158,negative,0.8439,0.1561,0.0
3159,neutral,0.0,1.0,0.0
3160,neutral,0.0,1.0,0.0
3161,negative,0.99997,3e-05,0.0
3162,negative,0.99975,0.00025,0.0
3163,negative,0.98444,0.01319,0.00237
3164,negative,0.99997,3e-05,0.0
3165,neutral,0.40733,0.59267,0.0
3166,negative,0.99351,0.00649,0.0
3167,negative,1.0,0.0,0.0
3168,negative,0.85195,0.14805,0.0
3169,negative,0.89625,0.10375,0.0
3170,positive,7e-05,0.00255,0.99738
3171,neutral,0.0,1.0,0.0
3172,neutral,0.0,1.0,0.0
3173,negative,0.99867,0.00133,0.0
3174,negative,0.90731,0.09269,0.0
3175,neutral,0.0,1.0,0.0
3176,neutral,0.0,1.0,0.0
3177,neutral,6e-05,0.99994,0.0
3178,negative,0.99872,0.00128,0.0
3179,negative,0.52316,0.47635,0.00049
3180,negative,0.99737,0.00263,0.0
3181,negative,1.0,0.0,0.0
3182,neutral,0.0164,0.9836,0.0
3183,negative,0.99819,0.00181,0.0
3184,negative,0.9985,0.0015,0.0
3185,negative,0.99998,2e-05,0.0
3186,negative,1.0,0.0,0.0
3187,neutral,0.00433,0.99567,0.0
3188,negative,0.9997,0.0003,0.0
3189,negative,0.99998,2e-05,0.0
3190,positive,0.00063,0.0,0.99937
3191,negative,0.75351,0.13094,0.11555
3192,positive,1e-05,0.0,0.99999
3193,positive,0.0,0.0,1.0
3194,negative,0.99973,0.00027,0.0
3195,negative,1.0,0.0,0.0
3196,negative,0.81287,0.18713,0.0
3197,negative,0.61509,0.38491,0.0
3198,negative,1.0,0.0,0.0
3199,negative,0.99981,0.00019,0.0
3200,negative,0.99998,2e-05,0.0
3201,negative,0.96265,0.03733,3e-05
3202,negative,0.98718,0.01282,0.0
3203,negative,0.99999,1e-05,0.0
3204,negative,1.0,0.0,0.0
3205,negative,0.99999,1e-05,0.0
3206,negative,1.0,0.0,0.0
3207,positive,0.0,0.0,1.0
3208,neutral,0.0,1.0,0.0
3209,negative,1.0,0.0,0.0
3210,negative,0.99887,0.00113,0.0
3211,negative,0.95532,0.04468,0.0
3212,negative,0.99988,0.00012,0.0
3213,negative,0.98867,0.01133,0.0
3214,neutral,0.00317,0.99683,0.0
3215,neutral,0.19683,0.80317,0.0
3216,positive,0.44714,0.0135,0.53936
3217,positive,0.00141,0.00061,0.99798
3218,negative,0.99999,1e-05,0.0
3219,negative,0.99927,0.00073,0.0
3220,neutral,0.00327,0.99673,0.0
3221,neutral,0.00015,0.99985,0.0
3222,neutral,1e-05,0.99999,0.0
3223,negative,0.99728,0.00271,0.0
3224,neutral,0.13738,0.84155,0.02107
3225,neutral,0.32749,0.67197,0.00054
3226,negative,0.9998,0.0002,0.0
3227,negative,0.98028,0.01972,0.0
3228,negative,0.92841,0.07159,0.0
3229,negative,1.0,0.0,0.0
3230,neutral,0.0159,0.98386,0.00023
3231,negative,0.99615,0.00382,2e-05
3232,neutral,0.05665,0.94335,0.0
3233,negative,1.0,0.0,0.0
3234,negative,0.99924,0.00076,0.0
3235,neutral,1e-05,0.99999,0.0
3236,negative,0.78266,0.21734,0.0
3237,neutral,0.0004,0.87712,0.12247
3238,negative,0.99999,1e-05,0.0
3239,negative,0.99988,0.00012,0.0
3240,neutral,0.00061,0.99939,0.0
3241,neutral,0.0164,0.9836,0.0
3242,positive,0.0,0.0,1.0
3243,negative,0.99948,0.00052,0.0
3244,neutral,0.00649,0.9935,1e-05
3245,negative,0.98409,0.01591,0.0
3246,neutral,0.00069,0.99931,0.0
3247,neutral,0.0,1.0,0.0
3248,neutral,0.18713,0.81287,0.0
3249,positive,0.0,0.0,1.0
3250,negative,1.0,0.0,0.0
3251,negative,0.99998,2e-05,0.0
3252,neutral,0.02518,0.9748,2e-05
3253,negative,0.99984,0.00016,0.0
3254,negative,0.98867,0.01133,0.0
3255,neutral,0.1561,0.84389,1e-05
3256,negative,1.0,0.0,0.0
3257,negative,0.9958,0.0042,0.0
3258,neutral,0.01496,0.98504,1e-05
3259,negative,0.99991,9e-05,0.0
3260,neutral,0.08035,0.91961,4e-05
3261,negative,0.98145,0.01855,0.0
3262,neutral,0.0,1.0,0.0
3263,neutral,0.14415,0.85585,0.0
3264,negative,0.99995,5e-05,0.0
3265,neutral,0.16452,0.83548,0.0
3266,negative,0.99553,0.00447,0.0
3267,negative,0.99993,7e-05,0.0
3268,negative,0.9984,0.0016,0.0
3269,negative,0.99945,1e-05,0.00054
3270,neutral,0.0,1.0,0.0
3271,negative,1.0,0.0,0.0
3272,neutral,0.03021,0.96979,0.0
3273,negative,1.0,0.0,0.0
3274,negative,0.99443,0.00555,1e-05
3275,negative,0.98998,0.01001,0.0
3276,negative,0.99407,0.00103,0.0049
3277,neutral,5e-05,0.99995,0.0
3278,negative,0.99937,0.00063,0.0
3279,neutral,0.0164,0.9836,0.0
3280,neutral,0.0,1.0,0.0
3281,negative,1.0,0.0,0.0
3282,neutral,0.37754,0.62246,0.0
3283,negative,0.99981,0.00019,0.0
3284,negative,0.84388,0.1561,1e-05
3285,negative,0.9976,0.0024,0.0
3286,negative,0.99999,1e-05,0.0
3287,negative,1.0,0.0,0.0
3288,negative,1.0,0.0,0.0
3289,negative,1.0,0.0,0.0
3290,negative,0.89912,0.10088,0.0
3291,neutral,0.00076,0.99924,0.0
3292,negative,0.99999,1e-05,0.0
3293,neutral,1e-05,0.99999,0.0
3294,negative,0.99737,0.00263,0.0
3295,neutral,0.00029,0.99968,4e-05
3296,negative,0.99999,1e-05,0.0
3297,negative,0.99966,0.00034,0.0
3298,neutral,0.0008,0.9992,0.0
3299,negative,0.99994,6e-05,0.0
3300,neutral,7e-05,0.99985,7e-05
3301,neutral,0.00031,0.99969,0.0
3302,neutral,0.0,1.0,0.0
3303,neutral,0.13296,0.86703,0.0
3304,negative,0.96979,0.03021,0.0
3305,negative,0.89625,0.10375,0.0
3306,neutral,0.33076,0.41164,0.2576
3307,negative,0.99999,1e-05,0.0
3308,neutral,0.0069,0.99309,0.0
3309,neutral,0.03514,0.96472,0.00014
3310,neutral,0.37754,0.62246,0.0
3311,neutral,0.01799,0.98201,1e-05
3312,negative,0.99999,1e-05,0.0
3313,neutral,0.0,1.0,0.0
3314,negative,1.0,0.0,0.0
3315,neutral,0.00064,0.95336,0.046
3316,negative,0.9907,0.00912,0.00017
3317,negative,1.0,0.0,0.0
3318,neutral,0.0,1.0,0.0
3319,neutral,0.0,1.0,0.0
3320,neutral,1e-05,0.99999,0.0
3321,negative,0.99903,0.00097,0.0
3322,negative,1.0,0.0,0.0
3323,negative,1.0,0.0,0.0
3324,negative,0.94498,0.055,1e-05
3325,negative,0.85585,0.14415,0.0
3326,negative,0.99943,0.00057,0.0
3327,neutral,3e-05,0.99997,0.0
3328,neutral,0.14034,0.85966,0.0
3329,negative,0.55447,0.44553,0.0
3330,neutral,0.0,1.0,0.0
3331,negative,0.99976,0.00022,3e-05
3332,negative,0.99998,2e-05,0.0
3333,positive,0.0,0.0,1.0
3334,negative,0.99409,0.00591,0.0
3335,neutral,0.0,1.0,0.0
3336,negative,1.0,0.0,0.0
3337,neutral,0.00047,0.99953,0.0
3338,negative,0.99992,8e-05,0.0
3339,neutral,0.00017,0.99983,0.0
3340,negative,1.0,0.0,0.0
3341,neutral,0.06371,0.93628,0.0
3342,negative,0.99445,0.00555,0.0
3343,negative,0.94335,0.05665,0.0
3344,neutral,0.19437,0.59872,0.20691
3345,negative,0.99879,0.00121,0.0
3346,neutral,0.0,1.0,0.0
3347,negative,0.99984,0.00016,0.0
3348,negative,1.0,0.0,0.0
3349,neutral,0.0,1.0,0.0
3350,negative,1.0,0.0,0.0
3351,negative,0.99986,0.00014,0.0
3352,neutral,4e-05,0.99996,0.0
3353,neutral,0.00023,0.99977,0.0
3354,negative,1.0,0.0,0.0
3355,neutral,0.0,1.0,0.0
3356,neutral,0.05033,0.94967,0.0
3357,neutral,0.0,1.0,0.0
3358,neutral,2e-05,0.99998,0.0
3359,negative,0.99985,0.00015,0.0
3360,neutral,0.0,1.0,0.0
3361,negative,0.93039,0.06954,8e-05
3362,negative,0.74909,0.25091,0.0
3363,negative,0.99989,0.00011,0.0
3364,neutral,0.001,0.999,0.0
3365,negative,1.0,0.0,0.0
3366,negative,1.0,0.0,0.0
3367,negative,0.96378,0.03622,0.0
3368,negative,0.99978,0.00022,0.0
3369,neutral,0.07808,0.92192,1e-05
3370,negative,0.99524,0.00476,0.0
3371,neutral,0.06188,0.93811,1e-05
3372,negative,0.98409,0.01591,0.0
3373,negative,0.84389,0.1561,0.0
3374,negative,1.0,0.0,0.0
3375,negative,0.99835,0.00165,0.0
3376,neutral,0.00317,0.99683,0.0
3377,positive,0.0,0.00015,0.99984
3378,negative,0.96153,0.03847,0.0
3379,neutral,0.00141,0.99859,0.0
3380,negative,1.0,0.0,0.0
3381,neutral,5e-05,0.99995,0.0
3382,negative,1.0,0.0,0.0
3383,neutral,0.01243,0.98757,0.0
3384,negative,0.99996,4e-05,0.0
3385,negative,1.0,0.0,0.0
3386,negative,0.86704,0.0,0.13296
3387,negative,1.0,0.0,0.0
3388,negative,0.69925,0.30075,0.0
3389,negative,1.0,0.0,0.0
3390,negative,0.99509,0.00491,0.0
3391,negative,1.0,0.0,0.0
3392,negative,0.99995,5e-05,0.0
3393,positive,0.08752,0.00045,0.91203
3394,negative,1.0,0.0,0.0
3395,negative,1.0,0.0,0.0
3396,negative,0.99968,0.00032,0.0
3397,negative,0.99795,0.00205,0.0
3398,negative,0.78266,0.21734,0.0
3399,negative,0.99999,1e-05,0.0
3400,negative,0.99998,2e-05,0.0
3401,neutral,0.0,1.0,0.0
3402,negative,1.0,0.0,0.0
3403,neutral,0.00433,0.99567,0.0
3404,neutral,2e-05,0.99998,0.0
3405,neutral,0.4225,0.57749,2e-05
3406,neutral,0.00055,0.99945,0.0
3407,negative,0.89625,0.10375,0.0
3408,negative,0.99801,0.00199,0.0
3409,negative,1.0,0.0,0.0
3410,negative,0.99999,1e-05,0.0
3411,neutral,0.0,1.0,0.0
3412,neutral,0.31405,0.68595,0.0
3413,negative,0.99999,1e-05,0.0
3414,negative,0.99996,4e-05,0.0
3415,negative,0.98139,0.01689,0.00172
3416,neutral,0.0,1.0,0.0
3417,negative,0.97631,0.02369,0.0
3418,negative,1.0,0.0,0.0
3419,neutral,0.07159,0.92841,0.0
3420,neutral,0.0,1.0,0.0
3421,negative,0.99115,0.00885,0.0
3422,neutral,0.00407,0.99593,0.0
3423,positive,0.0,0.0,1.0
3424,negative,0.99999,0.0,0.0
3425,positive,0.07159,8e-05,0.92834
3426,neutral,0.00076,0.99924,0.0
3427,negative,0.98458,0.01542,0.0
3428,neutral,0.01742,0.98136,0.00122
3429,neutral,0.0001,0.99986,4e-05
3430,negative,0.97967,0.02033,0.0
3431,neutral,0.05665,0.94335,0.0
3432,negative,0.98308,0.01691,0.0
3433,negative,0.99922,0.00078,0.0
3434,positive,0.0,0.0,1.0
3435,negative,0.99999,1e-05,0.0
3436,negative,0.99998,2e-05,0.0
3437,neutral,1e-05,0.99999,0.0
3438,negative,0.98678,0.01322,0.0
3439,negative,0.99999,1e-05,0.0
3440,negative,1.0,0.0,0.0
3441,negative,1.0,0.0,0.0
3442,neutral,0.02298,0.97702,0.0
3443,negative,0.99371,0.00629,0.0
3444,negative,1.0,0.0,0.0
3445,negative,0.99981,0.00019,0.0
3446,negative,0.99998,2e-05,0.0
3447,negative,0.99986,0.00014,0.0
3448,negative,0.99981,0.00019,0.0
3449,negative,1.0,0.0,0.0
3450,negative,0.98409,0.01591,0.0
3451,negative,1.0,0.0,0.0
3452,negative,1.0,0.0,0.0
3453,negative,0.95532,0.04468,0.0
3454,negative,1.0,0.0,0.0
3455,negative,0.99975,0.00025,0.0
3456,negative,0.99999,1e-05,0.0
3457,negative,0.97903,0.02096,1e-05
3458,negative,1.0,0.0,0.0
3459,neutral,0.00037,0.99961,2e-05
3460,negative,0.99941,0.00059,0.0
3461,negative,1.0,0.0,0.0
3462,negative,0.99745,0.00255,0.0
3463,negative,0.88404,0.11596,0.0
3464,neutral,0.0,1.0,0.0
3465,negative,0.94499,0.055,1e-05
3466,positive,0.0,0.0,1.0
3467,negative,1.0,0.0,0.0
3468,negative,0.99994,6e-05,0.0
3469,negative,0.99914,0.00086,0.0
3470,negative,0.99977,0.00023,0.0
3471,negative,0.9992,0.0008,0.0
3472,positive,0.00175,0.0,0.99824
3473,negative,0.99999,1e-05,0.0
3474,neutral,0.25091,0.74909,0.0
3475,neutral,0.00034,0.99966,0.0
3476,neutral,0.24769,0.46274,0.28957
3477,negative,0.96485,0.0,0.03514
3478,negative,1.0,0.0,0.0
3479,negative,0.99995,5e-05,0.0
3480,neutral,0.36143,0.5097,0.12887
3481,positive,0.00021,0.30068,0.69911
3482,negative,1.0,0.0,0.0
3483,negative,0.99567,0.00433,0.0
3484,neutral,0.3702,0.62974,6e-05
3485,negative,1.0,0.0,0.0
3486,negative,0.99996,3e-05,1e-05
3487,negative,0.99998,2e-05,0.0
3488,neutral,0.0,1.0,0.0
3489,negative,1.0,0.0,0.0
3490,neutral,0.00015,0.99985,0.0
3491,negative,1.0,0.0,0.0
3492,negative,0.76065,0.23935,0.0
3493,negative,0.82219,0.17781,0.0
3494,neutral,0.43015,0.56985,0.0
3495,negative,0.99998,2e-05,0.0
3496,negative,1.0,0.0,0.0
3497,negative,1.0,0.0,0.0
3498,negative,1.0,0.0,0.0
3499,negative,1.0,0.0,0.0
3500,neutral,1e-05,0.99952,0.00047
3501,neutral,0.0,1.0,0.0
3502,positive,0.2814,0.0,0.71859
3503,neutral,0.38491,0.61508,0.0
3504,neutral,0.00433,0.99567,0.0
3505,negative,0.83114,0.16886,0.0
3506,negative,0.9939,0.0061,0.0
3507,negative,0.99963,0.00037,0.0
3508,neutral,0.00573,0.99427,0.0
3509,negative,0.99996,4e-05,0.0
3510,negative,1.0,0.0,0.0
3511,positive,0.13186,0.10932,0.75882
3512,negative,1.0,0.0,0.0
3513,negative,1.0,0.0,0.0
3514,neutral,0.01852,0.98025,0.00122
3515,positive,0.0,0.00071,0.99929
3516,negative,0.92414,0.07586,0.0
3517,positive,0.0,0.0,1.0
3518,negative,1.0,0.0,0.0
3519,positive,1e-05,0.0,0.99999
3520,negative,1.0,0.0,0.0
3521,neutral,0.17329,0.82671,0.0
3522,neutral,0.0,1.0,0.0
3523,neutral,0.0,1.0,0.0
3524,neutral,0.00013,0.99987,0.0
3525,negative,0.97482,0.02518,0.0
3526,negative,1.0,0.0,0.0
3527,neutral,2e-05,0.99998,0.0
3528,negative,0.99875,0.00124,0.0
3529,neutral,3e-05,0.99997,0.0
3530,negative,0.99996,4e-05,0.0
3531,neutral,0.00013,0.99987,0.0
3532,negative,1.0,0.0,0.0
3533,neutral,0.0,1.0,0.0
3534,neutral,0.00858,0.99142,0.0
3535,negative,0.99993,7e-05,0.0
3536,negative,0.99931,0.00069,0.0
3537,negative,0.99957,0.00043,0.0
3538,negative,0.99993,7e-05,0.0
3539,negative,0.98636,0.01364,0.0
3540,negative,0.99872,0.00128,0.0
3541,negative,0.81757,0.18243,0.0
3542,negative,1.0,0.0,0.0
3543,neutral,0.31405,0.68595,0.0
3544,neutral,0.0,1.0,0.0
3545,neutral,0.00071,0.99929,0.0
3546,neutral,0.0,1.0,0.0
3547,neutral,0.0,1.0,0.0
3548,negative,0.94659,0.0534,0.0
3549,positive,0.00035,0.0,0.99965
3550,negative,0.99992,8e-05,0.0
3551,neutral,0.07159,0.92841,0.0
3552,neutral,8e-05,0.99992,0.0
3553,negative,0.99825,0.00175,0.0
3554,negative,0.99991,9e-05,0.0
3555,negative,0.99997,3e-05,0.0
3556,negative,1.0,0.0,0.0
3557,negative,0.99995,5e-05,0.0
3558,negative,1.0,0.0,0.0
3559,negative,0.99948,0.00052,0.0
3560,negative,1.0,0.0,0.0
3561,negative,1.0,0.0,0.0
3562,negative,1.0,0.0,0.0
3563,neutral,2e-05,0.99998,0.0
3564,positive,2e-05,0.0,0.99998
3565,positive,0.25184,0.01942,0.72874
3566,negative,0.99997,3e-05,0.0
3567,negative,0.99524,0.00476,0.0
3568,negative,0.99999,1e-05,0.0
3569,negative,0.99998,2e-05,0.0
3570,neutral,0.0003,0.9997,0.0
3571,neutral,0.29421,0.70578,0.0
3572,negative,0.99567,0.00433,0.0
3573,neutral,0.0,1.0,0.0
3574,neutral,0.001,0.999,0.0
3575,neutral,0.0,1.0,0.0
3576,negative,0.99995,5e-05,0.0
3577,negative,0.98967,0.01033,0.0
3578,neutral,0.00433,0.99567,0.0
3579,positive,2e-05,0.03964,0.96035
3580,negative,1.0,0.0,0.0
3581,neutral,0.0,1.0,0.0
3582,positive,0.18485,0.01219,0.80296
3583,negative,0.99996,4e-05,1e-05
3584,negative,0.9964,0.00359,0.0
3585,negative,1.0,0.0,0.0
3586,positive,0.00016,0.01205,0.98779
3587,neutral,0.00317,0.99682,0.0
3588,negative,0.97156,0.02844,0.0
3589,negative,0.99087,0.00913,0.0
3590,negative,0.92628,0.07369,3e-05
3591,neutral,1e-05,0.99998,1e-05
3592,positive,2e-05,1e-05,0.99997
3593,neutral,0.02844,0.97156,0.0
3594,neutral,0.0,1.0,0.0
3595,neutral,0.07586,0.92414,0.0
3596,negative,0.9939,0.0061,0.0
3597,neutral,0.04743,0.95257,0.0
3598,positive,0.0,1e-05,0.99999
3599,negative,1.0,0.0,0.0
3600,negative,0.99059,0.00941,0.0
3601,neutral,0.44552,0.55446,1e-05
3602,negative,0.99943,0.00057,0.0
3603,positive,0.0,0.0,1.0
3604,negative,0.94966,0.05033,1e-05
3605,neutral,0.0,1.0,0.0
3606,positive,0.0,0.0,1.0
3607,negative,1.0,0.0,0.0
3608,negative,0.52402,0.46245,0.01353
3609,negative,1.0,0.0,0.0
3610,negative,1.0,0.0,0.0
3611,negative,0.98939,0.00305,0.00755
3612,neutral,0.00594,0.80326,0.19079
3613,negative,1.0,0.0,0.0
3614,negative,1.0,0.0,0.0
3615,negative,0.99999,1e-05,0.0
3616,negative,0.99903,0.00097,0.0
3617,neutral,0.06009,0.93991,0.0
3618,neutral,0.34865,0.65135,0.0
3619,negative,0.99427,0.00573,0.0
3620,negative,0.99801,0.00199,0.0
3621,positive,3e-05,0.0,0.99997
3622,negative,1.0,0.0,0.0
3623,negative,0.99986,0.00014,0.0
3624,positive,0.0,0.0,1.0
3625,negative,1.0,0.0,0.0
3626,negative,0.99924,0.00076,0.0
3627,negative,0.98256,0.01744,0.0
3628,negative,0.99999,0.0,0.0
3629,neutral,1e-05,0.99999,0.0
3630,negative,0.53898,0.46102,0.0
3631,negative,0.99939,0.00061,0.0
3632,negative,0.99935,0.00065,0.0
3633,positive,0.0,0.0,1.0
3634,positive,2e-05,1e-05,0.99997
3635,neutral,0.0002,0.92612,0.07368
3636,neutral,0.06954,0.93045,0.0
3637,positive,0.07559,0.00354,0.92087
3638,neutral,0.24507,0.75487,6e-05
3639,negative,0.99992,8e-05,0.0
3640,neutral,0.1294,0.87059,1e-05
3641,negative,0.99946,0.00054,0.0
3642,negative,0.99867,0.00133,0.0
3643,negative,1.0,0.0,0.0
3644,neutral,0.0,1.0,0.0
3645,negative,0.99988,0.00012,0.0
3646,neutral,0.03847,0.96153,0.0
3647,neutral,0.22808,0.77157,0.00035
3648,neutral,0.0,1.0,0.0
3649,neutral,0.02298,0.97702,0.0
3650,neutral,0.00129,0.97199,0.02672
3651,negative,0.99997,3e-05,0.0
3652,positive,0.0,0.0,1.0
3653,negative,1.0,0.0,0.0
3654,neutral,0.13296,0.86703,0.0
3655,negative,0.99929,0.00071,0.0
3656,negative,0.99996,4e-05,0.0
3657,neutral,0.0024,0.9976,0.0
3658,negative,0.98439,0.0106,0.00501
3659,neutral,0.0,1.0,0.0
3660,negative,1.0,0.0,0.0
3661,positive,0.0,0.0,1.0
3662,negative,0.99673,0.00327,0.0
3663,negative,1.0,0.0,0.0
3664,neutral,0.0656,0.93439,0.0
3665,negative,0.99961,0.00039,0.0
3666,negative,1.0,0.0,0.0
3667,negative,1.0,0.0,0.0
3668,negative,0.99999,1e-05,0.0
3669,negative,1.0,0.0,0.0
3670,neutral,0.00247,0.99753,0.0
3671,neutral,0.00027,0.99973,0.0
3672,neutral,0.25683,0.74317,0.0
3673,negative,1.0,0.0,0.0
3674,negative,1.0,0.0,0.0
3675,positive,6e-05,0.0,0.99994
3676,negative,0.99618,0.00382,0.0
3677,negative,0.99985,0.00015,0.0
3678,positive,0.03104,0.03304,0.93592
3679,negative,1.0,0.0,0.0
3680,negative,0.9999,0.0001,0.0
3681,negative,0.99867,0.00133,0.0
3682,negative,1.0,0.0,0.0
3683,negative,0.9976,0.0024,0.0
3684,negative,1.0,0.0,0.0
3685,neutral,6e-05,0.99994,0.0
3686,negative,0.99993,7e-05,0.0
3687,negative,0.84389,0.1561,1e-05
3688,neutral,0.00591,0.99409,0.0
3689,negative,0.99618,0.00382,0.0
3690,neutral,0.15203,0.84797,0.0
3691,negative,0.99995,5e-05,0.0
3692,neutral,0.4149,0.5851,0.0
3693,neutral,0.0,1.0,0.0
3694,negative,1.0,0.0,0.0
3695,negative,0.94113,0.05831,0.00055
3696,neutral,0.0,1.0,0.0
3697,negative,0.99966,0.00034,0.0
3698,neutral,2e-05,0.99998,0.0
3699,negative,0.99999,1e-05,0.0
3700,negative,0.99993,7e-05,0.0
3701,negative,1.0,0.0,0.0
3702,neutral,0.34861,0.65128,0.00011
3703,neutral,0.4149,0.5851,0.0
3704,negative,0.99999,1e-05,0.0
3705,negative,0.99994,6e-05,0.0
3706,neutral,0.17781,0.82219,0.0
3707,negative,1.0,0.0,0.0
3708,negative,0.99999,1e-05,0.0
3709,negative,0.99998,2e-05,0.0
3710,positive,0.00011,0.00015,0.99974
3711,neutral,0.0,1.0,0.0
3712,negative,0.99975,0.00025,0.0
3713,negative,0.99998,2e-05,0.0
3714,neutral,0.01799,0.98201,0.0
3715,negative,0.99995,5e-05,0.0
3716,neutral,0.00761,0.90794,0.08445
3717,neutral,0.00971,0.99016,0.00013
3718,negative,0.99967,0.00033,0.0
3719,negative,0.9998,0.0002,0.0
3720,positive,0.0,0.0,1.0
3721,negative,0.96485,0.03514,0.0
3722,negative,0.9931,0.0069,0.0
3723,neutral,0.0,1.0,0.0
3724,neutral,0.0,1.0,0.0
3725,negative,1.0,0.0,0.0
3726,negative,1.0,0.0,0.0
3727,negative,0.99897,0.00103,0.0
3728,negative,0.99989,0.00011,0.0
3729,neutral,0.00128,0.99872,0.0
3730,negative,0.72487,0.27513,0.0
3731,neutral,0.00106,0.99893,0.0
3732,negative,0.99995,5e-05,0.0
3733,neutral,0.09797,0.90088,0.00116
3734,negative,0.65135,0.34864,0.0
3735,negative,0.92414,0.07586,0.0
3736,neutral,0.0,1.0,0.0
3737,negative,1.0,0.0,0.0
3738,neutral,0.02442,0.97558,0.0
3739,neutral,0.00044,0.99956,0.0
3740,neutral,0.00012,0.94956,0.05032
3741,neutral,0.00806,0.99194,0.0
3742,negative,0.99928,0.00013,0.00059
3743,negative,1.0,0.0,0.0
3744,negative,0.99673,0.00327,0.0
3745,negative,1.0,0.0,0.0
3746,neutral,0.0,1.0,0.0
3747,positive,0.00047,0.0,0.99952
3748,negative,1.0,0.0,0.0
3749,negative,1.0,0.0,0.0
3750,negative,0.50781,0.49219,0.0
3751,neutral,0.00017,0.99983,0.0
3752,positive,0.12581,0.00093,0.87326
3753,negative,0.99087,0.00913,0.0
3754,negative,0.99999,0.0,1e-05
3755,neutral,0.00348,0.99652,0.0
3756,negative,0.85585,0.14415,0.0
3757,neutral,0.20181,0.79819,0.0
3758,neutral,6e-05,0.99994,0.0
3759,neutral,0.00019,0.99981,0.0
3760,negative,0.97148,0.02843,9e-05
3761,neutral,0.0321,0.9679,0.0
3762,neutral,0.0,1.0,0.0
3763,negative,1.0,0.0,0.0
3764,neutral,0.05665,0.94335,0.0
3765,negative,0.99737,0.00263,0.0
3766,negative,1.0,0.0,0.0
3767,neutral,0.01243,0.98757,0.0
3768,negative,1.0,0.0,0.0
3769,neutral,5e-05,0.99995,0.0
3770,negative,0.99242,0.00758,0.0
3771,negative,1.0,0.0,0.0
3772,neutral,4e-05,0.99996,0.0
3773,neutral,0.00014,0.99799,0.00187
3774,negative,1.0,0.0,0.0
3775,negative,0.99999,1e-05,0.0
3776,neutral,0.0015,0.9985,0.0
3777,negative,0.9073,0.09269,1e-05
3778,negative,0.99998,2e-05,0.0
3779,negative,0.9976,0.0024,0.0
3780,neutral,0.03847,0.96153,0.0
3781,negative,0.99157,0.00474,0.00369
3782,negative,0.85966,0.14034,0.0
3783,negative,0.99813,0.00187,0.0
3784,negative,1.0,0.0,0.0
3785,negative,0.87686,0.12244,0.00071
3786,positive,0.00011,0.06187,0.93802
3787,neutral,0.02096,0.97899,5e-05
3788,negative,0.99996,4e-05,0.0
3789,positive,0.00109,0.01204,0.98687
3790,negative,0.99997,3e-05,0.0
3791,negative,0.95663,0.04337,0.0
3792,neutral,0.0,1.0,0.0
3793,positive,0.0,0.0,1.0
3794,negative,0.99957,0.00043,0.0
3795,negative,0.97903,0.02096,0.0
3796,negative,0.99999,1e-05,0.0
3797,positive,7e-05,0.23933,0.7606
3798,negative,1.0,0.0,0.0
3799,neutral,4e-05,0.97065,0.02931
3800,positive,0.08741,0.10878,0.80381
3801,negative,0.9939,0.0061,0.0
3802,neutral,0.0,1.0,0.0
3803,positive,0.0,0.0,1.0
3804,negative,0.89625,0.10375,0.0
3805,neutral,0.0,1.0,0.0
3806,negative,0.99974,0.00026,0.0
3807,neutral,0.0,1.0,0.0
3808,negative,1.0,0.0,0.0
3809,negative,1.0,0.0,0.0
3810,negative,0.99859,0.00141,0.0
3811,positive,0.0,0.00036,0.99964
3812,positive,0.16308,0.03418,0.80273
3813,negative,0.9999,0.0001,0.0
3814,negative,1.0,0.0,0.0
3815,neutral,1e-05,0.99999,0.0
3816,neutral,0.01542,0.98457,0.0
3817,neutral,0.22813,0.77176,0.00011
3818,neutral,0.0008,0.9992,0.0
3819,neutral,0.00338,0.99662,0.0
3820,neutral,0.0145,0.9855,0.0
3821,negative,0.99967,0.00028,6e-05
3822,negative,0.99999,1e-05,0.0
3823,negative,1.0,0.0,0.0
3824,negative,0.99813,0.00187,0.0
3825,negative,0.99999,1e-05,0.0
3826,negative,0.99976,0.00024,0.0
3827,negative,1.0,0.0,0.0
3828,negative,0.99997,3e-05,0.0
3829,negative,1.0,0.0,0.0
3830,neutral,0.00028,0.99972,0.0
3831,negative,1.0,0.0,0.0
3832,negative,0.99996,4e-05,0.0
3833,neutral,0.03514,0.96481,5e-05
3834,positive,0.00011,0.0,0.99989
3835,negative,0.61509,0.38491,0.0
3836,negative,0.7931,0.20689,0.0
3837,negative,0.99999,1e-05,0.0
3838,neutral,0.00013,0.99987,0.0
3839,negative,1.0,0.0,0.0
3840,negative,0.8439,0.1561,0.0
3841,negative,0.99242,0.00758,0.0
3842,negative,0.99999,1e-05,0.0
3843,negative,0.67915,0.32081,4e-05
3844,negative,0.99059,0.00941,0.0
3845,negative,0.70578,0.29421,0.0
3846,positive,0.00528,0.0486,0.94612
3847,neutral,0.0,1.0,0.0
3848,negative,0.94141,0.05833,0.00026
3849,negative,1.0,0.0,0.0
3850,negative,0.65135,0.34864,0.0
3851,neutral,5e-05,0.99995,0.0
3852,neutral,0.41479,0.58494,0.00027
3853,neutral,0.0,1.0,0.0
3854,neutral,0.43015,0.56985,0.0
3855,negative,0.99999,1e-05,0.0
3856,negative,0.99553,0.00447,0.0
3857,neutral,0.0,1.0,0.0
3858,neutral,0.02298,0.97702,0.0
3859,negative,0.83114,0.16886,0.0
3860,neutral,0.00012,0.99987,0.0
3861,negative,0.93628,0.06371,0.0
3862,neutral,0.00165,0.99835,0.0
3863,negative,0.81757,0.18242,0.0
3864,negative,0.9983,0.0017,0.0
3865,negative,0.99922,0.00078,0.0
3866,negative,0.99906,0.00094,0.0
3867,negative,0.83973,0.16027,0.0
3868,negative,1.0,0.0,0.0
3869,negative,0.99968,0.00032,0.0
3870,negative,0.9999,0.0001,0.0
3871,neutral,0.03847,0.96153,0.0
3872,negative,0.9149,0.0851,0.0
3873,positive,0.01911,0.08837,0.89252
3874,neutral,0.0341,0.9659,0.0
3875,neutral,0.00039,0.99961,0.0
3876,neutral,0.0164,0.9836,0.0
3877,negative,0.99986,0.00014,0.0
3878,negative,1.0,0.0,0.0
3879,neutral,9e-05,0.99984,7e-05
3880,negative,0.99924,0.00076,0.0
3881,negative,1.0,0.0,0.0
3882,negative,0.9985,0.0015,0.0
3883,neutral,0.00015,0.99985,0.0
3884,negative,0.7931,0.20689,0.0
3885,negative,0.9999,9e-05,1e-05
3886,neutral,0.13296,0.86704,0.0
3887,neutral,0.14805,0.85195,0.0
3888,neutral,0.0737,0.9263,0.0
3889,neutral,4e-05,0.99996,0.0
3890,negative,0.99958,0.00042,0.0
3891,negative,0.98901,0.01099,0.0
3892,neutral,0.0044,0.95111,0.04448
3893,negative,0.98457,0.01542,0.0
3894,negative,0.98967,0.01033,0.0
3895,neutral,0.0,1.0,0.0
3896,negative,0.56218,0.43782,0.0
3897,negative,0.9999,0.0001,0.0
3898,neutral,0.23935,0.76065,0.0
3899,neutral,0.0,1.0,0.0
3900,neutral,3e-05,0.99997,0.0
3901,neutral,0.0,1.0,0.0
3902,negative,0.99998,2e-05,0.0
3903,negative,0.9984,0.0016,0.0
3904,negative,0.96979,0.03021,0.0
3905,negative,1.0,0.0,0.0
3906,positive,1e-05,4e-05,0.99995
3907,neutral,0.00573,0.99427,0.0
3908,negative,0.98678,0.01322,0.0
3909,negative,0.81287,0.18713,0.0
3910,negative,0.99988,0.00012,0.0
3911,positive,0.0,1e-05,0.99999
3912,neutral,2e-05,0.99998,0.0
3913,neutral,0.0,1.0,0.0
3914,negative,1.0,0.0,0.0
3915,negative,0.97838,0.02162,0.0
3916,negative,0.99999,1e-05,0.0
3917,neutral,0.00017,0.99983,0.0
3918,negative,0.99115,0.00885,0.0
3919,positive,0.00473,0.06529,0.92998
3920,neutral,0.30073,0.69923,4e-05
3921,neutral,0.0,0.99978,0.00022
3922,negative,0.99978,0.00022,0.0
3923,neutral,0.14034,0.85966,0.0
3924,negative,1.0,0.0,0.0
3925,negative,0.99998,2e-05,0.0
3926,neutral,0.00141,0.99552,0.00307
3927,neutral,0.0,1.0,0.0
3928,negative,0.99999,1e-05,0.0
3929,negative,0.9995,0.0005,0.0
3930,neutral,0.00669,0.99304,0.00027
3931,negative,0.99618,0.00382,0.0
3932,negative,0.98504,0.01496,0.0
3933,negative,0.99788,0.00212,0.0
3934,negative,0.9995,0.0005,0.0
3935,neutral,0.00338,0.99662,0.0
3936,negative,0.98458,0.01542,0.0
3937,negative,0.99969,0.00031,0.0
3938,negative,1.0,0.0,0.0
3939,neutral,0.00085,0.99425,0.0049
3940,neutral,0.0,1.0,0.0
3941,negative,0.9995,0.0005,0.0
3942,negative,0.99979,0.00021,0.0
3943,negative,0.70578,0.29421,0.0
3944,negative,1.0,0.0,0.0
3945,neutral,0.0,1.0,0.0
3946,negative,0.5851,0.4149,0.0
3947,negative,0.9958,0.0042,0.0
3948,negative,0.99795,0.00205,0.0
3949,negative,0.93991,0.06009,0.0
3950,negative,1.0,0.0,0.0
3951,neutral,0.00025,0.99975,0.0
3952,negative,0.94967,0.05033,0.0
3953,negative,1.0,0.0,0.0
3954,positive,0.0,0.0,1.0
3955,negative,0.99775,0.00225,0.0
3956,negative,0.99984,0.00016,0.0
3957,neutral,0.00263,0.99737,0.0
3958,negative,0.69925,0.30075,0.0
3959,negative,1.0,0.0,0.0
3960,neutral,0.0001,0.99971,0.00019
3961,negative,0.99996,4e-05,0.0
3962,negative,1.0,0.0,0.0
3963,negative,0.99948,0.00052,0.0
3964,negative,1.0,0.0,0.0
3965,negative,0.90731,0.09269,0.0
3966,neutral,0.0,1.0,0.0
3967,negative,0.99872,0.00128,0.0
3968,negative,0.99969,0.00031,0.0
3969,neutral,0.00106,0.99894,0.0
3970,negative,1.0,0.0,0.0
3971,negative,0.61509,0.38491,0.0
3972,negative,0.99702,0.00298,0.0
3973,negative,0.99917,0.00083,0.0
3974,negative,1.0,0.0,0.0
3975,neutral,0.47658,0.52342,0.0
3976,negative,0.99999,1e-05,0.0
3977,neutral,0.0103,0.98725,0.00245
3978,negative,0.99999,1e-05,0.0
3979,negative,0.99998,2e-05,0.0
3980,positive,0.0,0.0,1.0
3981,negative,0.99997,3e-05,0.0
3982,negative,0.99993,0.0,7e-05
3983,neutral,1e-05,0.99999,0.0
3984,negative,0.93991,0.06009,0.0
3985,negative,1.0,0.0,0.0
3986,negative,0.69925,0.30075,0.0
3987,neutral,0.01033,0.98967,0.0
3988,negative,1.0,0.0,0.0
3989,neutral,0.0,1.0,0.0
3990,neutral,0.0,1.0,0.0
3991,neutral,6e-05,0.99994,0.0
3992,neutral,0.01065,0.98935,0.0
3993,neutral,0.0,1.0,0.0
3994,neutral,7e-05,0.99993,0.0
3995,negative,0.9149,0.0851,0.0
3996,negative,0.99997,3e-05,0.0
3997,negative,1.0,0.0,0.0
3998,negative,1.0,0.0,0.0
3999,positive,0.0002,0.0,0.9998
4000,negative,0.99989,0.00011,0.0
4001,neutral,0.01591,0.98408,1e-05
4002,neutral,2e-05,0.99998,0.0
4003,negative,0.99992,8e-05,0.0
4004,negative,0.99879,0.00121,0.0
4005,negative,0.9972,0.0028,0.0
4006,negative,0.96036,0.03964,0.0
4007,neutral,0.16027,0.83973,1e-05
4008,positive,0.0,0.0,1.0
4009,negative,0.65135,0.34864,0.0
4010,negative,0.83548,0.16452,0.0
4011,positive,0.0,0.0,1.0
4012,neutral,6e-05,0.99994,0.0
4013,negative,0.53121,0.46879,0.0
4014,neutral,0.05022,0.94764,0.00214
4015,neutral,5e-05,0.99995,0.0
4016,negative,0.99999,1e-05,0.0
4017,negative,1.0,0.0,0.0
4018,negative,0.99999,1e-05,0.0
4019,negative,0.64419,0.35576,5e-05
4020,negative,0.99825,0.00175,0.0
4021,neutral,1e-05,0.99999,0.0
4022,negative,0.99999,1e-05,0.0
4023,neutral,2e-05,0.96884,0.03114
4024,neutral,5e-05,0.99995,0.0
4025,neutral,5e-05,0.99995,0.0
4026,negative,1.0,0.0,0.0
4027,negative,0.99997,3e-05,0.0
4028,neutral,0.01107,0.96551,0.02343
4029,negative,0.99924,0.00076,0.0
4030,negative,0.53121,0.46879,0.0
4031,negative,0.99986,0.00014,0.0
4032,neutral,0.28141,0.71859,0.0
4033,neutral,2e-05,0.99941,0.00057
4034,negative,0.87408,0.12592,0.0
4035,negative,0.93991,0.06009,0.0
4036,negative,0.98935,0.01065,0.0
4037,negative,0.62246,0.37754,0.0
4038,neutral,0.0,1.0,0.0
4039,negative,1.0,0.0,0.0
4040,neutral,0.00019,0.94641,0.05339
4041,negative,0.99444,0.00555,0.0
4042,positive,0.0,0.0,1.0
4043,neutral,1e-05,0.99999,0.0
4044,negative,0.99998,2e-05,0.0
4045,negative,0.98087,0.01912,1e-05
4046,negative,0.99999,1e-05,0.0
4047,negative,1.0,0.0,0.0
4048,neutral,0.00038,0.99691,0.00271
4049,positive,0.38936,0.00759,0.60305
4050,negative,1.0,0.0,0.0
4051,negative,1.0,0.0,0.0
4052,negative,1.0,0.0,0.0
4053,neutral,0.0,1.0,0.0
4054,negative,0.99683,0.00317,0.0
4055,negative,0.77184,0.22816,0.0
4056,negative,1.0,0.0,0.0
4057,negative,0.99669,0.00327,4e-05
4058,negative,0.99218,0.00782,0.0
4059,negative,0.99351,0.00649,0.0
4060,negative,1.0,0.0,0.0
4061,negative,0.99997,3e-05,0.0
4062,neutral,0.00371,0.9961,0.0002
4063,negative,0.99933,0.00067,1e-05
4064,neutral,0.0,1.0,0.0
4065,negative,0.99737,0.00263,0.0
4066,positive,5e-05,0.0,0.99995
4067,negative,0.8706,0.1294,0.0
4068,negative,0.9972,0.0028,0.0
4069,neutral,0.0,1.0,0.0
4070,neutral,0.00649,0.99351,0.0
4071,negative,1.0,0.0,0.0
4072,neutral,0.06954,0.93046,0.0
4073,neutral,0.00573,0.99427,0.0
4074,neutral,0.0,1.0,0.0
4075,negative,0.95396,0.04603,0.0
4076,negative,0.98504,0.01496,0.0
4077,negative,0.99995,5e-05,0.0
4078,positive,2e-05,0.01691,0.98307
4079,negative,1.0,0.0,0.0
4080,neutral,0.0008,0.9992,0.0
4081,negative,1.0,0.0,0.0
4082,negative,0.8706,0.1294,0.0
4083,neutral,0.02676,0.97318,6e-05
4084,negative,0.99981,0.00019,0.0
4085,neutral,0.00055,0.99945,0.0
4086,positive,0.0,0.0,1.0
4087,positive,4e-05,0.00046,0.9995
4088,neutral,0.00141,0.99859,0.0
4089,neutral,1e-05,0.99999,0.0
4090,negative,0.9173,0.0827,0.0
4091,negative,0.99979,0.0002,1e-05
4092,negative,1.0,0.0,0.0
4093,negative,1.0,0.0,0.0
4094,negative,0.99996,4e-05,0.0
4095,negative,0.97631,0.02369,0.0
4096,negative,1.0,0.0,0.0
4097,negative,1.0,0.0,0.0
4098,negative,0.5,0.5,0.0
4099,neutral,0.01243,0.98757,0.0
4100,negative,0.99825,0.00175,0.0
4101,negative,1.0,0.0,0.0
4102,negative,1.0,0.0,0.0
4103,negative,0.99811,2e-05,0.00187
4104,neutral,0.05185,0.94815,0.0
4105,positive,0.0,0.0,1.0
4106,negative,0.70578,0.29421,0.0
4107,positive,3e-05,0.26283,0.73713
4108,negative,0.90189,0.09808,3e-05
4109,negative,0.99775,0.00225,0.0
4110,negative,0.99982,0.00018,0.0
4111,negative,1.0,0.0,0.0
4112,negative,1.0,0.0,0.0
4113,negative,0.99999,1e-05,0.0
4114,neutral,0.0341,0.9659,0.0
4115,neutral,0.00016,0.99984,0.0
4116,neutral,0.01241,0.98615,0.00144
4117,negative,0.99999,1e-05,0.0
4118,negative,1.0,0.0,0.0
4119,neutral,0.46879,0.53121,0.0
4120,neutral,0.03733,0.96267,1e-05
4121,negative,0.99991,9e-05,0.0
4122,negative,0.99986,0.00014,0.0
4123,negative,1.0,0.0,0.0
4124,neutral,0.39981,0.60019,0.0
4125,neutral,6e-05,0.99993,0.0
4126,negative,0.99998,2e-05,0.0
4127,neutral,0.00054,0.99946,0.0
4128,negative,0.80317,0.19683,0.0
4129,positive,0.0015,0.00327,0.99524
4130,neutral,3e-05,0.99997,0.0
4131,neutral,0.00212,0.99788,0.0
4132,negative,1.0,0.0,0.0
4133,negative,0.99935,0.00065,0.0
4134,neutral,0.16027,0.83973,0.0
4135,neutral,0.00317,0.99683,0.0
4136,negative,0.99992,8e-05,0.0
4137,neutral,0.37754,0.62246,0.0
4138,negative,0.99985,0.00014,0.0
4139,negative,1.0,0.0,0.0
4140,neutral,0.0,1.0,0.0
4141,negative,0.97967,0.02033,0.0
4142,negative,0.99912,0.00088,0.0
4143,negative,0.99909,0.00091,0.0
4144,negative,1.0,0.0,0.0
4145,negative,0.99445,0.00555,0.0
4146,negative,0.99993,7e-05,0.0
4147,neutral,2e-05,0.99998,0.0
4148,negative,1.0,0.0,0.0
4149,negative,1.0,0.0,0.0
4150,neutral,0.0,1.0,0.0
4151,negative,1.0,0.0,0.0
4152,neutral,0.0,1.0,0.0
4153,neutral,5e-05,0.99995,0.0
4154,neutral,0.01542,0.98458,0.0
4155,negative,0.99974,0.00026,0.0
4156,negative,0.99975,0.00025,0.0
4157,negative,1.0,0.0,0.0
4158,neutral,0.0,1.0,0.0
4159,neutral,0.32082,0.67918,0.0
4160,negative,1.0,0.0,0.0
4161,positive,0.00271,0.00024,0.99705
4162,negative,0.99999,1e-05,0.0
4163,neutral,0.04468,0.95532,0.0
4164,negative,0.99931,0.00069,0.0
4165,negative,0.99984,0.00016,0.0
4166,neutral,0.1192,0.8808,0.0
4167,positive,0.0,0.0,1.0
4168,negative,0.96823,0.00065,0.03112
4169,negative,0.56217,0.43782,0.0
4170,negative,0.99954,0.00046,0.0
4171,neutral,0.0,1.0,0.0
4172,negative,0.99983,0.00017,0.0
4173,neutral,0.0,1.0,0.0
4174,positive,0.04083,0.00039,0.95878
4175,neutral,4e-05,0.99996,0.0
4176,negative,0.99194,0.00806,0.0
4177,negative,1.0,0.0,0.0
4178,negative,0.99992,8e-05,0.0
4179,neutral,0.05835,0.94165,0.0
4180,negative,1.0,0.0,0.0
4181,negative,0.9958,0.0042,0.0
4182,negative,1.0,0.0,0.0
4183,neutral,0.12592,0.87408,0.0
4184,negative,0.99985,0.00015,0.0
4185,positive,0.04861,0.00512,0.94627
4186,negative,0.99979,0.00021,0.0
4187,negative,0.99651,0.00348,1e-05
4188,negative,1.0,0.0,0.0
4189,neutral,1e-05,0.99999,0.0
4190,negative,0.99995,5e-05,0.0
4191,negative,1.0,0.0,0.0
4192,neutral,0.0,1.0,0.0
4193,negative,0.69264,0.30736,1e-05
4194,negative,1.0,0.0,0.0
4195,neutral,0.00971,0.99029,0.0
4196,negative,0.62971,0.37019,0.0001
4197,negative,0.9173,0.0827,0.0
4198,negative,1.0,0.0,0.0
4199,negative,0.99567,0.00433,0.0
4200,negative,0.89912,0.10088,0.0
4201,neutral,2e-05,0.99998,0.0
4202,neutral,5e-05,0.97236,0.02758
4203,negative,1.0,0.0,0.0
4204,neutral,0.1561,0.84389,0.0
4205,negative,0.99998,2e-05,0.0
4206,negative,0.99835,0.00165,0.0
4207,negative,0.9998,0.0002,0.0
4208,negative,0.93437,0.0656,3e-05
4209,negative,1.0,0.0,0.0
4210,positive,0.0351,0.03097,0.93393
4211,negative,0.59265,0.40732,2e-05
4212,negative,0.99029,0.00971,0.0
4213,neutral,0.0,1.0,0.0
4214,negative,0.95663,0.04337,0.0
4215,negative,0.99908,0.00031,0.00061
4216,neutral,0.01936,0.90407,0.07657
4217,negative,0.99982,0.00018,0.0
4218,neutral,0.00522,0.99461,0.00017
4219,negative,1.0,0.0,0.0
4220,negative,1.0,0.0,0.0
4221,negative,0.99633,0.00359,8e-05
4222,neutral,0.0002,0.9998,0.0
4223,positive,0.00018,0.06953,0.93029
4224,neutral,0.0,1.0,0.0
4225,negative,0.99931,0.00069,0.0
4226,negative,1.0,0.0,0.0
4227,negative,1.0,0.0,0.0
4228,neutral,1e-05,0.99999,0.0
4229,neutral,0.0,1.0,0.0
4230,negative,0.84125,0.15562,0.00313
4231,negative,0.97482,0.02518,0.0
4232,neutral,0.11279,0.88712,9e-05
4233,neutral,0.0,1.0,0.0
4234,neutral,0.0,1.0,0.0
4235,negative,0.85966,0.14034,0.0
4236,negative,1.0,0.0,0.0
4237,negative,0.8706,0.1294,0.0
4238,negative,0.99427,0.00573,0.0
4239,neutral,0.00038,0.99957,5e-05
4240,neutral,0.0,1.0,0.0
4241,negative,0.99998,2e-05,0.0
4242,positive,0.00382,1e-05,0.99616
4243,neutral,0.0,1.0,0.0
4244,negative,0.99702,0.00298,0.0
4245,neutral,0.04209,0.95791,0.0
4246,negative,0.98222,0.01401,0.00377
4247,negative,0.96961,0.01567,0.01472
4248,negative,0.95915,0.04085,0.0
4249,negative,0.99977,0.00023,0.0
4250,negative,1.0,0.0,0.0
4251,neutral,0.00014,0.99986,0.0
4252,negative,1.0,0.0,0.0
4253,neutral,0.00028,0.99972,0.0
4254,negative,0.99775,0.00225,0.0
4255,neutral,0.02676,0.97324,0.0
4256,negative,0.99996,4e-05,0.0
4257,neutral,0.1192,0.8808,0.0
4258,negative,0.99872,0.00128,0.0
4259,negative,0.99914,0.00086,0.0
4260,negative,0.91244,0.08756,0.0
4261,negative,1.0,0.0,0.0
4262,negative,0.9939,0.0061,0.0
4263,negative,0.99991,9e-05,0.0
4264,negative,0.99999,0.0,0.0
4265,neutral,4e-05,0.9511,0.04886
4266,negative,1.0,0.0,0.0
4267,negative,1.0,0.0,0.0
4268,negative,0.99998,2e-05,0.0
4269,negative,0.98998,0.01001,0.0
4270,neutral,5e-05,0.99995,0.0
4271,neutral,0.00044,0.99955,0.0
4272,negative,0.99954,0.0,0.00046
4273,negative,0.99265,0.00735,0.0
4274,negative,1.0,0.0,0.0
4275,positive,1e-05,0.0,0.99999
4276,negative,0.99961,0.00039,0.0
4277,negative,0.99875,0.00124,0.0
4278,neutral,4e-05,0.99996,0.0
4279,negative,0.95532,0.04468,0.0
4280,positive,3e-05,2e-05,0.99995
4281,negative,0.99981,0.00019,0.0
4282,negative,0.9998,0.0002,0.0
4283,negative,0.99992,8e-05,0.0
4284,negative,0.99087,0.00913,0.0
4285,neutral,2e-05,0.99998,0.0
4286,neutral,1e-05,0.99999,0.0
4287,negative,1.0,0.0,0.0
4288,negative,0.99984,0.00016,0.0
4289,neutral,0.13661,0.86339,0.0
4290,negative,0.79819,0.20181,0.0
4291,neutral,0.19683,0.80317,0.0
4292,neutral,0.00971,0.99021,8e-05
4293,negative,0.99927,0.00073,0.0
4294,negative,0.97404,0.02596,0.0
4295,neutral,0.0,1.0,0.0
4296,neutral,0.06755,0.93245,0.0
4297,neutral,6e-05,0.99993,1e-05
4298,positive,0.00464,0.02431,0.97105
4299,negative,0.96979,0.03021,0.0
4300,negative,0.9989,0.0011,0.0
4301,negative,0.99946,0.00054,0.0
4302,negative,0.94165,0.05835,0.0
4303,neutral,0.0,1.0,0.0
4304,positive,0.0,0.00113,0.99887
4305,neutral,1e-05,0.99999,0.0
4306,negative,1.0,0.0,0.0
4307,negative,0.99994,6e-05,0.0
4308,neutral,0.00263,0.99736,1e-05
4309,neutral,0.0,1.0,0.0
4310,negative,0.99992,7e-05,0.0
4311,neutral,0.1294,0.8706,0.0
4312,neutral,0.0028,0.99681,0.00039
4313,negative,0.93245,0.06755,0.0
4314,neutral,0.04468,0.95532,0.0
4315,negative,0.99768,0.00232,0.0
4316,neutral,0.0,0.99997,3e-05
4317,negative,1.0,0.0,0.0
4318,positive,0.00371,6e-05,0.99623
4319,negative,0.9976,0.0024,0.0
4320,negative,0.99494,0.00506,0.0
4321,negative,0.99781,0.00141,0.00078
4322,negative,0.99142,0.00858,0.0
4323,negative,0.99115,0.00885,0.0
4324,neutral,0.01169,0.98831,0.0
4325,neutral,0.00407,0.99593,0.0
4326,negative,0.99845,0.00155,0.0
4327,negative,0.88395,0.11595,0.0001
4328,neutral,0.00019,0.99981,0.0
4329,negative,1.0,0.0,0.0
4330,neutral,0.0,1.0,0.0
4331,negative,0.99908,0.00091,0.0
4332,negative,0.99985,0.00014,0.0
4333,positive,0.0,0.0,1.0
4334,negative,0.98142,4e-05,0.01855
4335,neutral,1e-05,0.99999,0.0
4336,negative,0.99988,0.00012,0.0
4337,negative,0.98088,0.01912,0.0
4338,negative,0.99983,0.00017,0.0
4339,neutral,0.00132,0.82562,0.17306
4340,negative,0.99999,1e-05,0.0
4341,neutral,0.46101,0.53897,2e-05
4342,negative,0.95915,0.04085,0.0
4343,negative,0.99242,0.00758,0.0
4344,negative,1.0,0.0,0.0
4345,positive,0.0,0.0,1.0
4346,negative,0.99997,3e-05,0.0
4347,negative,1.0,0.0,0.0
4348,neutral,0.0,1.0,0.0
4349,negative,0.68291,0.02337,0.29372
4350,neutral,0.37022,0.62977,0.0
4351,negative,0.99999,1e-05,0.0
4352,negative,0.97404,0.02596,0.0
4353,negative,0.78793,0.21207,0.0
4354,neutral,0.0,1.0,0.0
4355,negative,1.0,0.0,0.0
4356,negative,1.0,0.0,0.0
4357,negative,0.76064,0.23935,1e-05
4358,neutral,0.19683,0.80317,0.0
4359,negative,0.56985,0.43015,0.0
4360,negative,0.99996,4e-05,0.0
4361,negative,0.99887,0.00113,0.0
4362,negative,0.99914,0.00086,0.0
4363,neutral,0.0017,0.9983,0.0
4364,neutral,2e-05,0.99998,0.0
4365,negative,0.67918,0.32082,0.0
4366,neutral,3e-05,0.99997,0.0
4367,neutral,0.0,1.0,0.0
4368,negative,1.0,0.0,0.0
4369,neutral,0.00684,0.76656,0.2266
4370,negative,1.0,0.0,0.0
4371,negative,0.98359,0.0164,0.0
4372,negative,0.78266,0.21734,0.0
4373,negative,0.99998,2e-05,0.0
4374,negative,1.0,0.0,0.0
4375,negative,1.0,0.0,0.0
4376,negative,0.99996,4e-05,0.0
4377,neutral,0.0002,0.9998,0.0
4378,neutral,0.0061,0.9939,0.0
4379,neutral,0.01169,0.98831,0.0
4380,negative,1.0,0.0,0.0
4381,negative,0.98087,0.01912,0.0
4382,negative,0.99816,0.00014,0.0017
4383,positive,0.0,1e-05,0.99999
4384,negative,1.0,0.0,0.0
4385,neutral,0.1362,0.83434,0.02946
4386,negative,1.0,0.0,0.0
4387,positive,0.21205,8e-05,0.78787
4388,neutral,0.01169,0.98831,0.0
4389,negative,1.0,0.0,0.0
4390,neutral,0.03514,0.96486,0.0
4391,positive,0.0656,3e-05,0.93437
4392,negative,0.99775,0.00225,0.0
4393,negative,0.99995,5e-05,0.0
4394,negative,0.56216,0.43781,2e-05
4395,negative,1.0,0.0,0.0
4396,negative,0.99998,2e-05,0.0
4397,positive,0.0,0.0,1.0
4398,neutral,0.00121,0.99879,0.0
4399,neutral,0.09262,0.90661,0.00078
4400,neutral,0.0,1.0,0.0
4401,negative,0.99961,0.00039,0.0
4402,negative,0.65842,0.34158,0.0
4403,neutral,0.0,1.0,0.0
4404,neutral,0.0016,0.9984,0.0
4405,positive,2e-05,0.02931,0.97067
4406,neutral,0.00019,0.99981,0.0
4407,neutral,0.02518,0.97475,7e-05
4408,negative,1.0,0.0,0.0
4409,negative,0.99819,0.00181,0.0
4410,positive,0.0,0.0,1.0
4411,negative,0.9173,0.0827,0.0
4412,negative,0.89625,0.10375,0.0
4413,neutral,0.0001,0.9999,0.0
4414,negative,0.99965,0.00035,0.0
4415,negative,0.99775,0.00225,0.0
4416,negative,0.99059,0.00941,0.0
4417,positive,0.0,0.00225,0.99775
4418,negative,0.9999,0.0001,0.0
4419,negative,1.0,0.0,0.0
4420,neutral,0.01744,0.98256,0.0
4421,neutral,0.36297,0.63703,0.0
4422,negative,1.0,0.0,0.0
4423,negative,0.99987,0.00013,0.0
4424,neutral,2e-05,0.99997,0.0
4425,negative,1.0,0.0,0.0
4426,neutral,0.10088,0.89912,0.0
4427,neutral,0.0,1.0,0.0
4428,negative,0.99852,0.00146,2e-05
4429,negative,0.9997,0.0003,0.0
4430,negative,0.99996,4e-05,0.0
4431,negative,0.92841,0.07159,0.0
4432,negative,0.97404,0.02596,0.0
4433,negative,0.99997,3e-05,0.0
4434,neutral,0.33457,0.66536,7e-05
4435,negative,0.99987,0.00013,0.0
4436,neutral,0.00447,0.99553,0.0
4437,negative,1.0,0.0,0.0
4438,negative,1.0,0.0,0.0
4439,neutral,0.05835,0.94165,0.0
4440,neutral,0.0,1.0,0.0
4441,negative,0.51562,0.48438,0.0
4442,negative,0.9995,0.0005,0.0
4443,negative,0.99997,3e-05,0.0
4444,negative,1.0,0.0,0.0
4445,negative,1.0,0.0,0.0
4446,neutral,0.0,1.0,0.0
4447,neutral,0.0,1.0,0.0
4448,negative,1.0,0.0,0.0
4449,negative,0.61509,0.38491,0.0
4450,neutral,0.0,1.0,0.0
4451,negative,1.0,0.0,0.0
4452,negative,0.99999,1e-05,0.0
4453,neutral,0.00049,0.99951,0.0
4454,negative,1.0,0.0,0.0
4455,negative,0.99999,1e-05,0.0
4456,negative,0.99444,0.00555,0.0
4457,negative,0.99509,0.00491,0.0
4458,neutral,0.0,1.0,0.0
4459,neutral,1e-05,0.99999,0.0
4460,negative,0.98458,0.01542,0.0
4461,neutral,0.00858,0.99142,0.0
4462,neutral,1e-05,0.99028,0.00971
4463,neutral,0.03759,0.93961,0.0228
4464,neutral,0.06009,0.93991,0.0
4465,neutral,1e-05,0.99999,0.0
4466,negative,0.99825,0.00175,0.0
4467,negative,1.0,0.0,0.0
4468,positive,0.0,0.0,1.0
4469,neutral,0.0,1.0,0.0
4470,negative,0.99842,0.00155,3e-05
4471,negative,1.0,0.0,0.0
4472,neutral,3e-05,0.99997,0.0
4473,neutral,1e-05,0.99999,0.0
4474,negative,1.0,0.0,0.0
4475,negative,0.98145,0.01855,0.0
4476,positive,0.00014,5e-05,0.9998
4477,negative,0.99983,0.00017,0.0
4478,positive,0.0,0.0,1.0
4479,negative,0.62977,0.37023,0.0
4480,neutral,0.0656,0.9344,0.0
4481,negative,0.80807,0.19193,0.0
4482,negative,0.99999,1e-05,0.0
4483,neutral,0.0,1.0,0.0
4484,negative,0.99998,2e-05,0.0
4485,neutral,0.00035,0.99965,0.0
4486,negative,1.0,0.0,0.0
4487,negative,0.99999,1e-05,0.0
4488,negative,0.97324,0.02676,0.0
4489,negative,0.71859,0.28141,0.0
4490,neutral,0.00068,0.92568,0.07365
4491,neutral,0.00858,0.99142,0.0
4492,negative,0.99937,0.00063,0.0
4493,negative,0.99968,0.00032,0.0
4494,negative,1.0,0.0,0.0
4495,neutral,0.0,1.0,0.0
4496,negative,0.99409,0.00591,0.0
4497,neutral,0.04468,0.95532,0.0
4498,neutral,0.00885,0.99115,1e-05
4499,neutral,0.01406,0.98594,0.0
4500,neutral,0.0,1.0,0.0
4501,negative,1.0,0.0,0.0
4502,positive,0.0,0.0,1.0
4503,negative,1.0,0.0,0.0
4504,positive,0.0,0.0,1.0
4505,negative,0.9855,0.0145,0.0
4506,negative,0.99997,3e-05,0.0
4507,neutral,0.05123,0.85306,0.09571
4508,neutral,0.10375,0.89625,0.0
4509,neutral,0.00433,0.99567,0.0
4510,negative,0.97967,0.02033,0.0
4511,neutral,0.00298,0.99702,0.0
4512,negative,1.0,0.0,0.0
4513,negative,0.99997,3e-05,0.0
4514,negative,0.99999,1e-05,0.0
4515,positive,0.0,0.00649,0.99351
4516,neutral,0.0,1.0,0.0
4517,neutral,0.00011,0.99973,0.00017
4518,positive,0.0,0.0,1.0
4519,negative,0.99795,0.00205,0.0
4520,negative,1.0,0.0,0.0
4521,negative,0.99629,0.00371,0.0
4522,negative,0.99935,0.00065,0.0
4523,negative,0.73106,0.26894,0.0
4524,negative,0.99993,7e-05,0.0
4525,neutral,0.00461,0.99515,0.00024
4526,neutral,0.0,0.99999,1e-05
4527,negative,0.99999,1e-05,0.0
4528,neutral,0.39234,0.60766,0.0
4529,neutral,3e-05,0.99997,0.0
4530,negative,0.69264,0.30736,0.0
4531,negative,0.99993,7e-05,0.0
4532,neutral,0.22816,0.77184,0.0
4533,negative,0.99878,0.00121,2e-05
4534,neutral,0.0,1.0,0.0
4535,neutral,0.00078,0.99922,0.0
4536,negative,0.95531,0.04468,1e-05
4537,neutral,0.30736,0.69264,1e-05
4538,negative,0.97904,0.02096,0.0
4539,neutral,1e-05,0.99999,0.0
4540,negative,0.86339,0.13661,0.0
4541,neutral,0.00327,0.99673,0.0
4542,neutral,5e-05,0.99995,0.0
4543,neutral,0.0,1.0,0.0
4544,neutral,0.20181,0.79819,0.0
4545,neutral,0.00538,0.99461,0.0
4546,negative,0.99988,0.00012,0.0
4547,neutral,0.00395,0.99605,0.0
4548,negative,0.99845,0.00155,0.0
4549,neutral,0.00447,0.99549,4e-05
4550,negative,0.97069,0.02931,0.0
4551,negative,0.99331,0.00669,0.0
4552,negative,0.99993,7e-05,0.0
4553,neutral,0.03028,0.91314,0.05658
4554,negative,0.99927,0.00073,0.0
4555,neutral,0.00022,0.99978,0.0
4556,neutral,0.0164,0.9836,0.0
4557,negative,0.99978,0.00022,0.0
4558,negative,0.93245,0.06755,0.0
4559,negative,0.99436,0.00538,0.00026
4560,positive,0.0,0.0,1.0
4561,negative,1.0,0.0,0.0
4562,negative,1.0,0.0,0.0
4563,negative,1.0,0.0,0.0
4564,neutral,0.01205,0.9879,4e-05
4565,negative,1.0,0.0,0.0
4566,negative,0.99641,0.00359,0.0
4567,neutral,0.17781,0.82217,2e-05
4568,negative,0.99999,1e-05,0.0
4569,negative,0.99478,0.00522,0.0
4570,neutral,0.00026,0.9997,4e-05
4571,negative,0.9995,0.0005,0.0
4572,neutral,0.00043,0.99957,0.0
4573,negative,0.99994,6e-05,0.0
4574,negative,0.99711,0.00289,0.0
4575,neutral,0.01065,0.98935,0.0
4576,neutral,0.0,1.0,0.0
4577,positive,0.00019,0.00103,0.99878
4578,negative,1.0,0.0,0.0
4579,negative,0.71859,0.2814,0.0
4580,neutral,0.0,1.0,0.0
4581,neutral,0.00018,0.99982,0.0
4582,negative,0.99478,0.00522,0.0
4583,negative,0.95532,0.04468,0.0
4584,neutral,0.37756,0.46989,0.15255
4585,negative,0.99998,2e-05,0.0
4586,negative,0.99986,0.00014,0.0
4587,neutral,9e-05,0.99991,0.0
4588,negative,0.99371,0.00629,0.0
4589,negative,1.0,0.0,0.0
4590,neutral,0.00193,0.99807,0.0
4591,negative,0.99351,0.00649,0.0
4592,negative,1.0,0.0,0.0
4593,negative,0.56985,0.43015,0.0
4594,neutral,0.00025,0.99975,0.0
4595,negative,0.99998,2e-05,0.0
4596,negative,0.99927,0.00073,0.0
4597,negative,1.0,0.0,0.0
4598,negative,0.76629,0.0,0.23371
4599,neutral,0.2227,0.7773,0.0
4600,neutral,0.00014,0.99986,0.0
4601,negative,0.99813,0.00187,0.0
4602,negative,0.99371,0.00629,0.0
4603,negative,0.99999,1e-05,0.0
4604,neutral,0.47658,0.52342,0.0
4605,neutral,0.28777,0.71223,0.0
4606,negative,1.0,0.0,0.0
4607,neutral,0.00718,0.75519,0.23763
4608,neutral,0.0,1.0,0.0
4609,neutral,0.02676,0.97324,0.0
4610,neutral,0.30736,0.69264,0.0
4611,negative,0.89912,0.10088,0.0
4612,neutral,7e-05,0.99993,0.0
4613,negative,1.0,0.0,0.0
4614,negative,0.99999,1e-05,0.0
4615,neutral,0.00054,0.99946,1e-05
4616,negative,1.0,0.0,0.0
4617,negative,0.99999,1e-05,0.0
4618,neutral,0.0,1.0,0.0
4619,neutral,0.00255,0.99745,0.0
4620,negative,0.78266,0.21734,0.0
4621,positive,1e-05,0.0,0.99999
4622,neutral,4e-05,0.99996,0.0
4623,neutral,0.0,1.0,0.0
4624,positive,0.0001,0.00057,0.99933
4625,negative,0.95114,0.04886,0.0
4626,negative,0.9976,0.0024,0.0
4627,positive,1e-05,0.0,0.99999
4628,negative,1.0,0.0,0.0
4629,positive,1e-05,0.0,0.99999
4630,neutral,0.0,1.0,0.0
4631,negative,1.0,0.0,0.0
4632,negative,1.0,0.0,0.0
4633,negative,0.99976,0.00024,0.0
4634,negative,0.99845,0.00155,0.0
4635,neutral,0.00029,0.99971,0.0
4636,negative,1.0,0.0,0.0
4637,negative,1.0,0.0,0.0
4638,neutral,0.0,1.0,0.0
4639,neutral,0.0,1.0,0.0
4640,neutral,0.0,1.0,0.0
4641,positive,0.0143,0.0143,0.97141
4642,negative,1.0,0.0,0.0
4643,negative,0.99974,0.00026,0.0
4644,neutral,0.0,1.0,0.0
4645,negative,0.62246,0.37754,0.0
4646,positive,5e-05,0.23934,0.76062
4647,negative,0.92841,0.07159,0.0
4648,negative,0.99972,0.00028,0.0
4649,negative,1.0,0.0,0.0
4650,negative,0.99998,2e-05,0.0
4651,negative,0.9999,0.0001,0.0
4652,positive,0.00738,0.28564,0.70698
4653,negative,0.78793,0.21207,0.0
4654,negative,1.0,0.0,0.0
4655,negative,0.71859,0.28141,0.0
4656,neutral,0.0,1.0,0.0
4657,negative,0.99768,0.00232,0.0
4658,negative,1.0,0.0,0.0
4659,neutral,7e-05,0.99993,0.0
4660,negative,0.9998,0.0002,0.0
4661,neutral,0.05033,0.94967,0.0
4662,negative,0.71223,0.28777,0.0
4663,positive,0.0,0.0,1.0
4664,neutral,4e-05,0.99996,0.0
4665,negative,1.0,0.0,0.0
4666,positive,0.0,0.0,1.0
4667,negative,0.99929,0.00071,0.0
4668,neutral,0.20181,0.79819,0.0
4669,neutral,0.34864,0.65135,0.0
4670,negative,1.0,0.0,0.0
4671,negative,0.99617,0.00382,0.0
4672,neutral,1e-05,0.99999,0.0
4673,negative,0.98594,0.01406,0.0
4674,neutral,0.13296,0.86704,0.0
4675,positive,0.0024,1e-05,0.99759
4676,negative,0.99989,0.00011,0.0
4677,neutral,0.03514,0.96485,0.0
4678,negative,1.0,0.0,0.0
4679,neutral,0.00022,0.99978,0.0
4680,negative,0.85195,0.14805,0.0
4681,negative,0.84797,0.15203,0.0
4682,negative,0.89912,0.10088,0.0
4683,negative,0.99768,0.00232,0.0
4684,neutral,0.05184,0.94815,1e-05
4685,negative,0.74599,0.23474,0.01927
4686,neutral,0.0,1.0,0.0
4687,negative,0.94815,0.05185,0.0
4688,negative,0.98935,0.01065,0.0
4689,negative,0.8544,0.13948,0.00613
4690,neutral,0.37022,0.62976,2e-05
4691,negative,1.0,0.0,0.0
4692,negative,1.0,0.0,0.0
4693,neutral,0.08756,0.91243,1e-05
4694,negative,0.9855,0.0145,0.0
4695,neutral,0.08741,0.91088,0.0017
4696,neutral,0.0,1.0,0.0
4697,negative,1.0,0.0,0.0
4698,negative,0.99986,0.00014,0.0
4699,negative,0.99998,2e-05,0.0
4700,negative,0.99461,0.00538,0.0
4701,positive,0.11267,0.00114,0.88619
4702,neutral,0.00591,0.99353,0.00057
4703,neutral,0.0,1.0,0.0
4704,neutral,0.0656,0.9344,0.0
4705,neutral,0.00212,0.99788,0.0
4706,negative,0.98344,0.0164,0.00016
4707,negative,0.97838,0.02162,0.0
4708,negative,1.0,0.0,0.0
4709,neutral,0.03309,0.96691,0.0
4710,neutral,4e-05,0.99996,0.0
4711,negative,0.99946,0.00054,0.0
4712,neutral,0.004,0.94876,0.04724
4713,positive,5e-05,0.00067,0.99928
4714,negative,0.93626,0.06371,3e-05
4715,negative,0.94165,0.05835,0.0
4716,neutral,0.0008,0.9992,0.0
4717,neutral,0.43015,0.56985,0.0
4718,positive,1e-05,0.00047,0.99951
4719,negative,1.0,0.0,0.0
4720,negative,0.99995,5e-05,0.0
4721,negative,0.93046,0.06954,0.0
4722,neutral,0.0,1.0,0.0
4723,negative,1.0,0.0,0.0
4724,neutral,2e-05,0.99958,0.00039
4725,neutral,0.00476,0.99524,1e-05
4726,neutral,0.10088,0.89912,0.0
4727,negative,0.82219,0.17781,0.0
4728,negative,1.0,0.0,0.0
4729,neutral,0.0,1.0,0.0
4730,neutral,0.0,1.0,0.0
4731,negative,1.0,0.0,0.0
4732,negative,0.99939,0.00061,0.0
4733,negative,1.0,0.0,0.0
4734,negative,0.9995,0.00012,0.00038
4735,negative,1.0,0.0,0.0
4736,neutral,0.13661,0.86339,0.0
4737,neutral,0.48438,0.51562,0.0
4738,neutral,0.0,1.0,0.0
4739,neutral,0.0,1.0,0.0
4740,negative,0.99995,3e-05,1e-05
4741,neutral,0.0,1.0,0.0
4742,negative,0.96036,0.03964,0.0
4743,positive,1e-05,0.0,0.99999
4744,negative,0.5077,0.49208,0.00023
4745,positive,0.0,0.0,1.0
4746,negative,0.99115,0.00885,0.0
4747,neutral,0.09808,0.90192,0.0
4748,negative,1.0,0.0,0.0
4749,negative,0.99897,0.00103,0.0
4750,neutral,0.0028,0.9972,0.0
4751,negative,0.9999,0.0001,0.0
4752,neutral,0.0415,0.9446,0.0139
4753,positive,0.00368,0.4826,0.51372
4754,neutral,0.01628,0.91727,0.06645
4755,neutral,0.03309,0.96691,0.0
4756,negative,0.99524,0.00476,0.0
4757,neutral,0.00522,0.99478,0.0
4758,neutral,0.0,1.0,0.0
4759,neutral,0.00011,0.99989,0.0
4760,negative,0.99288,0.00712,0.0
4761,negative,0.98867,0.01133,0.0
4762,neutral,0.0,1.0,0.0
4763,negative,1.0,0.0,0.0
4764,negative,0.99987,0.00013,0.0
4765,negative,0.99984,0.00016,0.0
4766,negative,0.99993,7e-05,0.0
4767,neutral,0.00029,0.99971,0.0
4768,negative,1.0,0.0,0.0
4769,negative,0.99999,1e-05,0.0
4770,neutral,0.40733,0.59267,0.0
4771,negative,0.90991,0.09009,0.0
4772,neutral,2e-05,0.99998,0.0
4773,negative,1.0,0.0,0.0
4774,negative,0.999,0.001,0.0
4775,negative,1.0,0.0,0.0
4776,negative,1.0,0.0,0.0
4777,positive,0.0,0.0,1.0
4778,neutral,0.00255,0.99581,0.00164
4779,negative,1.0,0.0,0.0
4780,negative,0.99641,0.00359,0.0
4781,negative,0.97324,0.02676,0.0
4782,positive,0.01855,1e-05,0.98144
4783,neutral,0.34865,0.65135,0.0
4784,negative,1.0,0.0,0.0
4785,negative,1.0,0.0,0.0
4786,negative,0.89724,0.10067,0.00209
4787,neutral,0.0008,0.9992,0.0
4788,neutral,0.00232,0.99768,0.0
4789,negative,1.0,0.0,0.0
4790,positive,0.0,0.0,1.0
4791,negative,1.0,0.0,0.0
4792,negative,0.99951,0.00049,0.0
4793,negative,1.0,0.0,0.0
4794,positive,0.00075,0.14794,0.85131
4795,positive,0.0,0.0,1.0
4796,positive,1e-05,0.0,0.99999
4797,negative,0.99975,0.00025,0.0
4798,neutral,0.18243,0.81757,0.0
4799,negative,0.99966,0.00034,0.0
4800,negative,0.99999,1e-05,0.0
4801,neutral,0.00317,0.99683,0.0
4802,neutral,0.43782,0.56218,0.0
4803,negative,1.0,0.0,0.0
4804,negative,1.0,0.0,0.0
4805,neutral,0.04743,0.95257,0.0
4806,neutral,0.00218,0.93425,0.06358
4807,negative,0.99087,0.00913,0.0
4808,neutral,0.03309,0.96691,0.0
4809,neutral,0.00103,0.99897,0.0
4810,negative,0.9983,0.0017,0.0
4811,negative,0.99914,0.00086,0.0
4812,negative,0.89575,0.09741,0.00684
4813,negative,0.96485,0.03514,0.0
4814,negative,0.99999,1e-05,0.0
4815,neutral,0.0,1.0,0.0
4816,negative,0.99995,5e-05,0.0
4817,neutral,0.1645,0.83542,7e-05
4818,neutral,0.00024,0.99976,0.0
4819,positive,0.0,0.0,1.0
4820,negative,0.99984,0.00016,0.0
4821,negative,0.9985,0.0015,0.0
4822,neutral,0.21207,0.78793,0.0
4823,neutral,0.00522,0.99478,0.0
4824,neutral,0.02518,0.97482,0.0
4825,negative,0.99999,1e-05,0.0
4826,negative,0.99985,0.00015,0.0
4827,neutral,0.0,1.0,0.0
4828,neutral,0.0,0.99994,6e-05
4829,positive,0.08508,0.00022,0.9147
4830,neutral,0.12592,0.87408,0.0
4831,negative,0.98678,0.01322,0.0
4832,negative,0.84389,0.1561,0.0
4833,neutral,0.0,1.0,0.0
4834,negative,1.0,0.0,0.0
4835,neutral,0.0,1.0,0.0
4836,neutral,0.0,1.0,0.0
4837,negative,0.87408,0.12592,0.0
4838,positive,0.0,9e-05,0.99991
4839,negative,1.0,0.0,0.0
4840,negative,1.0,0.0,0.0
4841,negative,0.99999,1e-05,0.0
4842,negative,0.99995,5e-05,0.0
4843,negative,1.0,0.0,0.0
4844,negative,0.81287,0.18713,0.0
4845,neutral,0.0001,0.9999,0.0
4846,positive,0.0,0.00011,0.99989
4847,negative,0.99999,1e-05,0.0
4848,negative,0.99995,5e-05,0.0
4849,negative,0.60766,0.0,0.39234
4850,negative,0.97838,0.02162,0.0
4851,negative,0.99605,0.00395,0.0
4852,negative,0.99958,0.00042,0.0
4853,negative,0.99977,0.00023,0.0
4854,neutral,0.04085,0.95915,0.0
4855,negative,0.99975,0.00025,0.0
4856,negative,1.0,0.0,0.0
4857,negative,1.0,0.0,0.0
4858,neutral,0.0,1.0,0.0
4859,neutral,0.00308,0.99692,0.0
4860,neutral,0.39232,0.60763,5e-05
4861,neutral,0.0,1.0,0.0
4862,negative,0.99988,0.00012,0.0
4863,negative,0.65135,0.34865,0.0
4864,neutral,0.0,1.0,0.0
4865,negative,0.99998,2e-05,0.0
4866,negative,1.0,0.0,0.0
4867,neutral,0.00208,0.98299,0.01493
4868,negative,0.99029,0.00971,0.0
4869,neutral,0.02844,0.97156,0.0
4870,negative,0.99859,0.00141,0.0
4871,negative,1.0,0.0,0.0
4872,negative,0.99997,3e-05,0.0
4873,negative,1.0,0.0,0.0
4874,neutral,0.01542,0.98458,0.0
4875,neutral,0.0,1.0,0.0
4876,negative,0.94165,0.05835,0.0
4877,neutral,0.0,1.0,0.0
4878,negative,0.99993,7e-05,0.0
4879,negative,0.99996,4e-05,0.0
4880,neutral,0.00047,0.99953,0.0
4881,negative,0.99673,0.00327,0.0
4882,negative,0.76065,0.23935,0.0
4883,negative,0.99982,0.00018,0.0
4884,negative,0.98718,0.01282,0.0
4885,neutral,0.00012,0.99988,0.0
4886,neutral,0.43782,0.56218,0.0
4887,negative,1.0,0.0,0.0
4888,neutral,0.00591,0.99409,0.0
4889,positive,0.0,0.0,1.0
4890,positive,0.35575,8e-05,0.64417
4891,neutral,5e-05,0.99138,0.00858
4892,neutral,0.01033,0.98967,0.0
4893,negative,1.0,0.0,0.0
4894,negative,0.99859,0.00141,0.0
4895,negative,1.0,0.0,0.0
4896,negative,1.0,0.0,0.0
4897,neutral,0.10375,0.89625,0.0
4898,negative,0.99351,0.00649,0.0
4899,neutral,0.01449,0.98455,0.00096
4900,neutral,2e-05,0.64421,0.35577
4901,positive,0.0,0.0,1.0
4902,negative,0.9958,0.0042,0.0
4903,negative,1.0,0.0,0.0
4904,negative,0.98791,0.01205,3e-05
4905,neutral,0.07365,0.92577,0.00058
4906,neutral,0.0,1.0,0.0
4907,neutral,2e-05,0.94163,0.05834
4908,negative,0.95472,0.03702,0.00826
4909,negative,1.0,0.0,0.0
4910,negative,0.99929,0.00071,0.0
4911,positive,0.0,0.0,1.0
4912,negative,1.0,0.0,0.0
4913,negative,0.99692,0.00308,0.0
4914,neutral,0.25091,0.74909,0.0
4915,negative,0.99996,0.0,4e-05
4916,negative,0.99946,0.00054,0.0
4917,neutral,0.00555,0.99444,0.0
4918,negative,0.99983,0.00017,0.0
4919,neutral,7e-05,0.98992,0.01001
4920,negative,1.0,0.0,0.0
4921,negative,0.98593,0.01406,0.0
4922,negative,0.97904,0.02096,0.0
4923,negative,0.99996,4e-05,0.0
4924,negative,1.0,0.0,0.0
4925,neutral,0.00015,0.99985,0.0
4926,neutral,0.00011,0.99989,0.0
4927,negative,1.0,0.0,0.0
4928,negative,0.93245,0.06755,0.0
4929,neutral,9e-05,0.99991,0.0
4930,negative,0.99982,0.00018,0.0
4931,neutral,0.00371,0.99629,0.0
4932,neutral,0.0,1.0,0.0
4933,neutral,0.00371,0.99629,0.0
4934,negative,0.77372,0.22168,0.0046
4935,negative,0.99875,0.00124,0.0
4936,negative,0.99999,1e-05,0.0
4937,neutral,0.0,1.0,0.0
4938,neutral,0.00649,0.99351,0.0
4939,positive,0.00555,0.00049,0.99396
4940,negative,1.0,0.0,0.0
4941,negative,0.99988,0.00012,0.0
4942,negative,0.97482,0.02518,0.0
4943,neutral,0.0,1.0,0.0
4944,neutral,0.1561,0.84389,0.0
4945,negative,0.5851,0.4149,0.0
4946,negative,0.99992,8e-05,0.0
4947,neutral,0.14805,0.85195,0.0
4948,neutral,0.00359,0.99641,0.0
4949,neutral,0.00117,0.99883,0.0
4950,negative,0.95397,0.04603,0.0
4951,negative,0.99951,0.00049,0.0
4952,neutral,0.0,1.0,0.0
4953,neutral,0.0,1.0,0.0
4954,neutral,0.00832,0.99168,0.0
4955,neutral,0.20689,0.7931,0.0
4956,negative,1.0,0.0,0.0
4957,negative,1.0,0.0,0.0
4958,negative,1.0,0.0,0.0
4959,negative,1.0,0.0,0.0
4960,neutral,0.0737,0.9263,0.0
4961,neutral,0.00091,0.9989,0.00019
4962,negative,0.90191,0.09808,1e-05
4963,neutral,0.05834,0.94157,9e-05
4964,negative,0.99996,4e-05,0.0
4965,neutral,0.0,1.0,0.0
4966,neutral,0.0069,0.9931,0.0
4967,negative,0.99946,0.00054,0.0
4968,negative,0.97069,0.02931,0.0
4969,negative,0.80317,0.19683,0.0
4970,negative,0.99193,0.00806,1e-05
4971,negative,0.99998,2e-05,0.0
4972,negative,1.0,0.0,0.0
4973,negative,1.0,0.0,0.0
4974,positive,0.00175,0.00071,0.99754
4975,negative,1.0,0.0,0.0
4976,negative,0.68595,0.31405,0.0
4977,neutral,0.0,1.0,0.0
4978,neutral,0.0827,0.9173,0.0
4979,positive,0.16711,0.01035,0.82254
4980,neutral,0.0,1.0,0.0
4981,negative,0.93046,0.06954,0.0
4982,neutral,0.34158,0.65842,0.0
4983,negative,0.99652,0.00348,0.0
4984,neutral,0.0,1.0,0.0
4985,neutral,0.00065,0.99927,8e-05
4986,neutral,0.00059,0.99941,0.0
4987,negative,0.99996,4e-05,0.0
4988,neutral,6e-05,0.99994,0.0
4989,positive,0.00103,0.0,0.99897
4990,positive,0.0,0.0,1.0
4991,positive,0.0,0.0,1.0
4992,negative,1.0,0.0,0.0
4993,neutral,0.0,1.0,0.0
4994,neutral,0.07586,0.92414,0.0
4995,negative,0.94499,0.05501,0.0
4996,neutral,0.0017,0.99819,0.00011
4997,positive,5e-05,0.0,0.99995
4998,negative,1.0,0.0,0.0
4999,negative,1.0,0.0,0.0
5000,negative,0.7821,0.21718,0.00071
5001,negative,0.9679,0.0321,0.0
5002,negative,1.0,0.0,0.0
5003,negative,0.99999,1e-05,0.0
5004,negative,0.9998,0.0002,0.0
5005,neutral,0.20354,0.78026,0.01619
5006,negative,0.97324,0.02676,0.0
5007,negative,0.96782,0.0321,8e-05
5008,negative,0.99999,1e-05,0.0
5009,neutral,0.0,1.0,0.0
5010,negative,0.97482,0.02518,0.0
5011,neutral,2e-05,0.99998,0.0
5012,negative,0.97494,0.00213,0.02293
5013,neutral,0.0,1.0,0.0
5014,negative,1.0,0.0,0.0
5015,negative,0.99087,0.00913,0.0
5016,negative,0.98999,0.01001,0.0
5017,negative,0.99672,0.00298,0.0003
5018,neutral,0.23935,0.76065,1e-05
5019,negative,0.99331,0.00669,0.0
5020,negative,0.99997,3e-05,0.0
5021,neutral,0.25683,0.74317,0.0
5022,neutral,0.0004,0.98638,0.01322
5023,negative,0.99956,0.00044,0.0
5024,positive,1e-05,0.0,0.99999
5025,negative,1.0,0.0,0.0
5026,negative,1.0,0.0,0.0
5027,negative,0.99987,0.00013,0.0
5028,negative,0.9998,0.0002,0.0
5029,negative,0.52342,0.47658,0.0
5030,negative,1.0,0.0,0.0
5031,neutral,3e-05,0.99995,1e-05
5032,neutral,0.00011,0.99989,0.0
5033,neutral,0.19682,0.80317,1e-05
5034,neutral,0.00348,0.9965,2e-05
5035,negative,0.99998,2e-05,0.0
5036,negative,1.0,0.0,0.0
5037,neutral,0.01001,0.98998,0.0
5038,neutral,0.00038,0.99962,0.0
5039,positive,0.0,6e-05,0.99994
5040,negative,0.9679,0.0321,0.0
5041,negative,0.99641,0.00359,0.0
5042,neutral,0.00758,0.99242,0.0
5043,positive,1e-05,0.0,0.99999
5044,negative,0.99997,3e-05,0.0
5045,positive,0.0,0.0,1.0
5046,neutral,3e-05,0.99957,0.00039
5047,neutral,0.39981,0.60019,0.0
5048,neutral,3e-05,0.99997,0.0
5049,negative,0.80317,0.19683,0.0
5050,positive,0.09586,0.04973,0.85441
5051,neutral,0.0,1.0,0.0
5052,negative,1.0,0.0,0.0
5053,negative,0.98458,0.01542,0.0
5054,neutral,1e-05,0.99999,0.0
5055,neutral,0.0,1.0,0.0
5056,negative,1.0,0.0,0.0
5057,negative,0.99999,1e-05,0.0
5058,negative,0.99993,7e-05,0.0
5059,negative,0.9836,0.0164,0.0
5060,negative,0.74751,0.25039,0.0021
5061,negative,0.99998,2e-05,0.0
5062,neutral,0.0,1.0,0.0
5063,negative,0.53121,0.46879,0.0
5064,neutral,0.00012,0.99988,0.0
5065,positive,0.27418,0.00345,0.72237
5066,neutral,0.07586,0.92414,0.0
5067,neutral,0.00017,0.99983,0.0
5068,negative,1.0,0.0,0.0
5069,neutral,2e-05,0.99998,0.0
5070,negative,0.99937,0.00063,0.0
5071,negative,0.99999,1e-05,0.0
5072,negative,0.99962,0.00038,0.0
5073,neutral,7e-05,0.99993,0.0
5074,negative,0.99939,0.00061,0.0
5075,neutral,0.0,1.0,0.0
5076,negative,0.99983,0.00017,0.0
5077,negative,1.0,0.0,0.0
5078,negative,0.98636,0.01364,0.0
5079,neutral,3e-05,0.99962,0.00036
5080,negative,0.99998,1e-05,1e-05
5081,negative,0.98409,0.01591,0.0
5082,neutral,0.01033,0.98967,0.0
5083,negative,0.52341,0.47657,3e-05
5084,neutral,1e-05,0.99999,0.0
5085,neutral,2e-05,0.99998,0.0
5086,negative,1.0,0.0,0.0
5087,neutral,1e-05,0.99999,0.0
5088,negative,0.99728,0.00271,0.0
5089,neutral,0.05185,0.94815,0.0
5090,negative,0.81287,0.18713,0.0
5091,negative,0.72078,0.26516,0.01405
5092,positive,0.0017,0.0001,0.9982
5093,negative,0.99988,0.00012,0.0
5094,negative,0.99998,1e-05,0.0
5095,neutral,0.06188,0.93812,0.0
5096,negative,0.99999,1e-05,0.0
5097,positive,6e-05,8e-05,0.99986
5098,neutral,0.00447,0.99553,0.0
5099,neutral,0.00121,0.99879,0.0
5100,neutral,0.48437,0.51561,3e-05
5101,negative,0.65135,0.34864,1e-05
5102,neutral,0.00023,0.99977,0.0
5103,negative,0.99993,7e-05,0.0
5104,neutral,0.01322,0.98678,0.0
5105,negative,0.99997,3e-05,0.0
5106,negative,0.89029,0.10971,0.0
5107,negative,0.91244,0.08756,0.0
5108,neutral,0.09535,0.90465,0.0
5109,neutral,0.01099,0.98897,4e-05
5110,neutral,0.0,1.0,0.0
5111,neutral,0.00506,0.99494,0.0
5112,neutral,0.17329,0.82671,0.0
5113,neutral,0.0,1.0,0.0
5114,negative,0.7773,0.2227,0.0
5115,negative,0.99927,0.00073,0.0
5116,negative,1.0,0.0,0.0
5117,negative,0.99788,0.00212,0.0
5118,negative,0.99906,0.00094,0.0
5119,positive,7e-05,0.00017,0.99976
5120,negative,0.90991,0.09009,0.0
5121,negative,0.9985,0.0015,0.0
5122,positive,0.00112,0.04598,0.9529
5123,negative,1.0,0.0,0.0
5124,neutral,0.00031,0.99969,0.0
5125,negative,0.99961,0.0,0.00039
5126,neutral,0.01065,0.98935,0.0
5127,negative,1.0,0.0,0.0
5128,negative,0.99997,3e-05,0.0
5129,negative,0.99971,0.00029,0.0
5130,neutral,0.00054,0.99946,0.0
5131,neutral,0.0,1.0,0.0
5132,neutral,0.00022,0.99978,0.0
5133,neutral,0.00199,0.93626,0.06175
5134,negative,0.55447,0.44553,0.0
5135,negative,1.0,0.0,0.0
5136,negative,0.99965,0.00035,0.0
5137,negative,1.0,0.0,0.0
5138,negative,0.99983,0.00017,0.0
5139,negative,0.99956,0.00044,0.0
5140,neutral,5e-05,0.99995,0.0
5141,positive,0.00414,0.18167,0.81419
5142,negative,0.99662,0.00338,0.0
5143,negative,1.0,0.0,0.0
5144,negative,0.98935,0.01065,0.0
5145,negative,0.99999,1e-05,0.0
5146,negative,0.99943,0.00057,0.0
5147,positive,0.0,0.0,1.0
5148,negative,1.0,0.0,0.0
5149,neutral,0.00205,0.99794,0.0
5150,negative,0.98718,0.01282,0.0
5151,neutral,0.0,1.0,0.0
5152,negative,0.99567,0.00433,0.0
5153,negative,0.87747,0.12252,0.0
5154,neutral,5e-05,0.99995,0.0
5155,negative,0.99972,0.00028,0.0
5156,negative,0.99951,0.00049,0.0
5157,neutral,0.02759,0.97241,0.0
5158,negative,0.99997,3e-05,0.0
5159,negative,0.71223,0.28777,0.0
5160,positive,0.0,0.0,1.0
5161,neutral,0.00034,0.99966,0.0
5162,negative,0.99999,1e-05,0.0
5163,neutral,0.07808,0.92191,1e-05
5164,negative,1.0,0.0,0.0
5165,negative,1.0,0.0,0.0
5166,neutral,0.0,1.0,0.0
5167,negative,0.99986,0.00014,0.0
5168,negative,0.99985,0.00015,0.0
5169,positive,0.00669,0.00018,0.99312
5170,positive,0.18242,1e-05,0.81757
5171,neutral,5e-05,0.99995,0.0
5172,neutral,0.0,1.0,0.0
5173,neutral,0.10088,0.89912,0.0
5174,negative,0.98504,0.01496,0.0
5175,negative,0.9855,0.0145,0.0
5176,negative,0.99728,0.00271,0.0
5177,negative,0.99999,1e-05,0.0
5178,neutral,0.00298,0.99702,0.0
5179,positive,0.0,0.0,1.0
5180,positive,7e-05,0.00255,0.99738
5181,negative,1.0,0.0,0.0
5182,negative,0.99941,0.00059,0.0
5183,negative,0.99999,1e-05,0.0
5184,neutral,0.34862,0.6513,9e-05
5185,negative,0.99962,0.00038,0.0
5186,negative,0.97558,0.02442,0.0
5187,negative,0.99999,1e-05,0.0
5188,neutral,0.03733,0.96267,0.0
5189,neutral,0.01033,0.98967,0.0
5190,negative,0.97404,0.02596,0.0
5191,neutral,0.00024,0.99976,0.0
5192,positive,0.0,0.0,1.0
5193,negative,0.99963,0.00037,0.0
5194,neutral,0.00087,0.81686,0.18227
5195,negative,0.99995,5e-05,0.0
5196,neutral,0.0028,0.9972,0.0
5197,negative,0.99914,0.00086,0.0
5198,negative,0.99973,0.00027,0.0
5199,negative,0.95915,0.04085,0.0
5200,negative,0.99993,7e-05,0.0
5201,neutral,0.36297,0.63703,0.0
5202,neutral,0.0,1.0,0.0
5203,negative,1.0,0.0,0.0
5204,negative,1.0,0.0,0.0
5205,negative,0.89912,0.10088,0.0
5206,negative,1.0,0.0,0.0
5207,negative,0.99991,9e-05,0.0
5208,negative,1.0,0.0,0.0
5209,negative,0.99977,0.00023,0.0
5210,negative,0.99641,0.00359,0.0
5211,negative,0.99994,6e-05,0.0
5212,negative,1.0,0.0,0.0
5213,negative,0.9173,0.0827,0.0
5214,negative,0.9998,0.0002,0.0
5215,negative,0.99985,0.00015,0.0
5216,negative,1.0,0.0,0.0
5217,negative,1.0,0.0,0.0
5218,neutral,0.0005,0.99738,0.00211
5219,neutral,0.0,1.0,0.0
5220,neutral,0.34158,0.65842,0.0
5221,negative,1.0,0.0,0.0
5222,neutral,0.00121,0.99879,0.0
5223,negative,1.0,0.0,0.0
5224,negative,0.99879,0.00121,0.0
5225,neutral,0.0,1.0,0.0
5226,negative,0.99801,0.00199,0.0
5227,negative,1.0,0.0,0.0
5228,neutral,2e-05,0.99998,0.0
5229,negative,0.95114,0.04886,0.0
5230,negative,1.0,0.0,0.0
5231,neutral,0.00083,0.99912,5e-05
5232,negative,0.8706,0.1294,0.0
5233,negative,0.99962,0.00038,0.0
5234,negative,0.90192,0.09808,0.0
5235,neutral,0.0,1.0,0.0
5236,negative,1.0,0.0,0.0
5237,negative,0.99999,1e-05,0.0
5238,neutral,0.00232,0.99768,0.0
5239,negative,0.97156,0.02844,0.0
5240,neutral,0.00128,0.58435,0.41437
5241,neutral,0.0,1.0,0.0
5242,negative,0.99999,1e-05,0.0
5243,negative,0.94335,0.05665,0.0
5244,negative,0.99987,0.00013,0.0
5245,negative,0.86704,0.13296,0.0
5246,negative,0.88398,0.11595,7e-05
5247,negative,0.51562,0.48438,0.0
5248,positive,0.43779,7e-05,0.56214
5249,negative,0.53121,0.46879,0.0
5250,neutral,1e-05,0.99752,0.00247
5251,negative,0.99999,1e-05,0.0
5252,neutral,0.0,1.0,0.0
5253,neutral,0.0,1.0,0.0
5254,neutral,0.00015,0.99985,0.0
5255,negative,1.0,0.0,0.0
5256,negative,0.99998,2e-05,0.0
5257,negative,0.77184,0.22816,0.0
5258,neutral,0.01799,0.982,1e-05
5259,neutral,0.02369,0.97631,0.0
5260,neutral,0.00086,0.99914,0.0
5261,neutral,2e-05,0.99998,0.0
5262,negative,0.99997,3e-05,0.0
5263,negative,0.99946,0.00054,0.0
5264,negative,0.99966,0.00034,0.0
5265,neutral,0.02596,0.97404,0.0
5266,negative,0.9777,0.02229,1e-05
5267,negative,1.0,0.0,0.0
5268,negative,0.99995,5e-05,0.0
5269,neutral,0.12252,0.87748,0.0
5270,negative,0.99997,3e-05,0.0
5271,negative,0.5851,0.4149,0.0
5272,negative,0.99999,1e-05,0.0
5273,negative,1.0,0.0,0.0
5274,negative,0.98373,0.00663,0.00964
5275,neutral,0.01001,0.98999,0.0
5276,neutral,2e-05,0.99998,0.0
5277,negative,1.0,0.0,0.0
5278,positive,0.00061,0.00021,0.99918
5279,neutral,2e-05,0.99983,0.00015
5280,neutral,2e-05,0.99983,0.00014
5281,neutral,0.00155,0.99845,0.0
5282,negative,0.99996,4e-05,0.0
5283,negative,0.99711,0.00289,0.0
5284,neutral,4e-05,0.99996,0.0
5285,negative,1.0,0.0,0.0
5286,neutral,0.0,1.0,0.0
5287,negative,0.99992,8e-05,0.0
5288,neutral,0.00078,0.99922,0.0
5289,negative,0.92191,0.07808,1e-05
5290,neutral,1e-05,0.99999,0.0
5291,negative,0.86339,0.13661,0.0
5292,neutral,0.12252,0.87748,0.0
5293,neutral,0.0005,0.99926,0.00024
5294,negative,0.65134,0.34864,2e-05
5295,negative,0.98458,0.01542,0.0
5296,negative,0.97063,0.02931,6e-05
5297,negative,0.99987,0.00013,0.0
5298,neutral,2e-05,0.99998,0.0
5299,negative,0.99992,8e-05,0.0
5300,neutral,0.01972,0.98022,6e-05
5301,neutral,0.0,1.0,0.0
5302,neutral,0.00014,0.99986,0.0
5303,negative,0.99993,7e-05,0.0
5304,neutral,0.01363,0.98612,0.00024
5305,negative,0.99998,2e-05,0.0
5306,negative,0.99351,0.00649,0.0
5307,neutral,1e-05,0.99999,0.0
5308,negative,1.0,0.0,0.0
5309,neutral,0.16027,0.83973,0.0
5310,negative,0.99992,8e-05,0.0
5311,neutral,0.00117,0.9962,0.00263
5312,neutral,0.0,1.0,0.0
5313,negative,0.99997,3e-05,0.0
5314,neutral,0.02298,0.97702,0.0
5315,negative,1.0,0.0,0.0
5316,neutral,0.0002,0.9998,0.0
5317,neutral,2e-05,0.99998,0.0
5318,neutral,0.0,1.0,0.0
5319,neutral,3e-05,0.99942,0.00055
5320,negative,0.99539,0.00461,0.0
5321,positive,2e-05,1e-05,0.99997
5322,positive,0.0,0.0,1.0
5323,neutral,0.00039,0.99961,0.0
5324,negative,0.91489,0.0851,1e-05
5325,neutral,7e-05,0.99993,0.0
5326,neutral,0.00932,0.98106,0.00962
5327,positive,0.0,0.0,1.0
5328,neutral,0.10375,0.89625,0.0
5329,neutral,0.00033,0.99967,0.0
5330,negative,0.99168,0.00832,1e-05
5331,negative,0.99988,0.00012,0.0
5332,neutral,0.0001,0.9999,0.0
5333,neutral,4e-05,0.97834,0.02161
5334,negative,1.0,0.0,0.0
5335,negative,0.99996,4e-05,0.0
5336,neutral,0.00106,0.99893,0.0
5337,neutral,0.01406,0.98589,4e-05
5338,neutral,0.00026,0.99974,0.0
5339,neutral,0.00054,0.99946,0.0
5340,negative,0.97967,0.02033,0.0
5341,negative,0.98256,0.01744,0.0
5342,neutral,0.0,1.0,0.0
5343,negative,0.99997,3e-05,0.0
5344,neutral,0.0,1.0,0.0
5345,negative,1.0,0.0,0.0
5346,negative,1.0,0.0,0.0
5347,neutral,2e-05,0.99998,0.0
5348,negative,0.99825,0.00175,0.0
5349,negative,0.99863,0.00137,0.0
5350,negative,0.9972,0.0028,0.0
5351,negative,0.99351,0.00649,0.0
5352,negative,0.9836,0.0164,0.0
5353,negative,0.91964,0.08036,0.0
5354,neutral,0.00017,0.99982,1e-05
5355,negative,0.99883,0.00117,0.0
5356,negative,0.97631,0.02369,0.0
5357,positive,0.0,0.0,1.0
5358,negative,0.99618,0.00382,0.0
5359,neutral,0.48438,0.51562,0.0
5360,negative,0.99996,4e-05,0.0
5361,neutral,0.10971,0.89029,0.0
5362,negative,1.0,0.0,0.0
5363,negative,0.99692,0.00308,0.0
5364,positive,0.00011,0.02297,0.97691
5365,negative,0.97482,0.02518,1e-05
5366,negative,0.99995,5e-05,0.0
5367,neutral,0.00074,0.98236,0.0169
5368,positive,0.04886,0.0,0.95114
5369,negative,0.99931,0.00069,0.0
5370,negative,0.99997,3e-05,0.0
5371,neutral,0.0,1.0,0.0
5372,positive,0.001,0.001,0.998
5373,neutral,0.00629,0.99371,0.0
5374,negative,0.99997,3e-05,0.0
5375,negative,0.99999,1e-05,0.0
5376,neutral,0.36297,0.63703,0.0
5377,negative,0.99999,1e-05,0.0
5378,negative,1.0,0.0,0.0
5379,negative,0.90991,0.09009,0.0
5380,neutral,0.03021,0.96949,0.00031
5381,negative,0.89029,0.10971,0.0
5382,negative,1.0,0.0,0.0
5383,neutral,0.0,1.0,0.0
5384,negative,1.0,0.0,0.0
5385,negative,1.0,0.0,0.0
5386,negative,0.86651,0.1288,0.00469
5387,negative,0.99863,0.00137,0.0
5388,neutral,0.0,1.0,0.0
5389,negative,1.0,0.0,0.0
5390,negative,0.99981,0.00019,0.0
5391,negative,1.0,0.0,0.0
5392,negative,0.83973,0.16027,0.0
5393,neutral,0.20181,0.79818,1e-05
5394,neutral,0.00057,0.99943,0.0
5395,positive,0.00218,0.0,0.99782
5396,negative,0.99539,0.00461,0.0
5397,neutral,2e-05,0.99998,0.0
5398,neutral,0.10971,0.89029,0.0
5399,negative,0.99998,2e-05,0.0
5400,negative,0.9466,0.0534,0.0
5401,negative,0.94499,0.05501,0.0
5402,negative,1.0,0.0,0.0
5403,neutral,0.0,0.99999,1e-05
5404,negative,0.85181,0.0986,0.04958
5405,neutral,0.0,1.0,0.0
5406,negative,0.99943,0.00057,0.0
5407,neutral,0.19193,0.80807,0.0
5408,neutral,0.01282,0.98718,0.0
5409,neutral,0.00091,0.99909,0.0
5410,negative,0.99933,0.00067,0.0
5411,negative,0.56201,0.43769,0.0003
5412,negative,1.0,0.0,0.0
5413,negative,0.88404,0.11596,0.0
5414,negative,0.99617,0.00382,1e-05
5415,negative,0.99782,0.00218,0.0
5416,negative,1.0,0.0,0.0
5417,neutral,0.00137,0.99863,0.0
5418,negative,0.9992,0.0008,0.0
5419,negative,0.99673,0.00327,0.0
5420,neutral,0.2337,0.76627,3e-05
5421,negative,0.88404,0.11596,0.0
5422,neutral,0.00401,0.95014,0.04585
5423,neutral,0.00019,0.99959,0.00022
5424,negative,1.0,0.0,0.0
5425,neutral,0.19683,0.80317,0.0
5426,neutral,0.00014,0.99986,0.0
5427,negative,0.9983,0.0017,0.0
5428,neutral,0.0,1.0,0.0
5429,neutral,0.05129,0.93796,0.01075
5430,negative,1.0,0.0,0.0
5431,neutral,0.0,1.0,0.0
5432,negative,0.99618,0.00382,0.0
5433,negative,0.99995,5e-05,0.0
5434,negative,0.99998,2e-05,0.0
5435,negative,0.99972,0.00028,0.0
5436,neutral,0.00447,0.99553,0.0
5437,neutral,0.0,1.0,0.0
5438,neutral,0.0,1.0,0.0
5439,neutral,0.0,1.0,0.0
5440,neutral,0.00186,0.99551,0.00263
5441,neutral,0.0,1.0,0.0
5442,neutral,0.00043,0.99957,0.0
5443,negative,1.0,0.0,0.0
5444,neutral,0.0,1.0,0.0
5445,negative,0.99977,0.00021,2e-05
5446,neutral,0.00025,0.99974,1e-05
5447,negative,0.99999,1e-05,0.0
5448,positive,0.0,0.0,1.0
5449,negative,0.94335,0.05665,0.0
5450,negative,0.99946,0.00054,0.0
5451,neutral,0.12592,0.87405,4e-05
5452,negative,0.89331,0.10669,0.0
5453,negative,0.99579,0.0042,1e-05
5454,negative,0.99981,0.00016,3e-05
5455,negative,0.93812,0.06188,0.0
5456,neutral,0.00017,0.99983,0.0
5457,neutral,0.02816,0.53134,0.4405
5458,negative,0.99996,4e-05,0.0
5459,neutral,0.28102,0.63328,0.08571
5460,negative,0.99969,0.00012,0.00019
5461,neutral,0.0,1.0,0.0
5462,negative,1.0,0.0,0.0
5463,negative,0.99963,0.00037,0.0
5464,neutral,0.25091,0.74909,0.0
5465,negative,0.99978,0.00022,0.0
5466,neutral,0.00024,0.99976,0.0
5467,negative,0.9995,0.00047,3e-05
5468,neutral,0.04743,0.95257,0.0
5469,neutral,0.00629,0.99371,0.0
5470,neutral,0.0,1.0,0.0
5471,negative,0.99999,1e-05,0.0
5472,negative,0.99692,0.00308,0.0
5473,neutral,0.00246,0.99165,0.0059
5474,negative,1.0,0.0,0.0
5475,negative,0.9836,0.0164,0.0
5476,neutral,0.30735,0.69262,3e-05
5477,negative,0.99999,1e-05,0.0
5478,neutral,0.39981,0.60019,0.0
5479,neutral,0.00013,0.99987,0.0
5480,neutral,0.0,1.0,0.0
5481,neutral,0.00054,0.99931,0.00015
5482,neutral,0.00205,0.99663,0.00132
5483,negative,0.99859,0.00141,0.0
5484,negative,0.94966,0.05033,1e-05
5485,neutral,0.15203,0.84795,2e-05
5486,negative,1.0,0.0,0.0
5487,negative,0.99996,4e-05,0.0
5488,negative,0.72487,0.27513,0.0
5489,neutral,0.00057,0.99943,0.0
5490,negative,1.0,0.0,0.0
5491,negative,0.99978,0.00022,0.0
5492,negative,0.99444,0.00555,0.0
5493,negative,1.0,0.0,0.0
5494,negative,0.9855,0.0145,0.0
5495,neutral,0.0,0.9149,0.0851
5496,negative,0.99996,4e-05,0.0
5497,neutral,0.00712,0.99288,0.0
5498,neutral,0.0,1.0,0.0
5499,negative,0.89912,0.10088,0.0
5500,negative,0.99999,1e-05,0.0
5501,negative,1.0,0.0,0.0
5502,negative,1.0,0.0,0.0
5503,negative,1.0,0.0,0.0
5504,positive,0.0001,0.00017,0.99973
5505,negative,0.9983,0.0017,0.0
5506,neutral,0.0,0.99997,3e-05
5507,negative,0.99963,0.00037,0.0
5508,negative,0.99981,0.00019,0.0
5509,negative,1.0,0.0,0.0
5510,negative,0.99999,1e-05,0.0
5511,negative,1.0,0.0,0.0
5512,negative,1.0,0.0,0.0
5513,negative,0.99999,1e-05,0.0
5514,negative,0.63703,0.36297,0.0
5515,negative,1.0,0.0,0.0
5516,negative,0.99986,0.00014,0.0
5517,negative,0.99813,0.00187,0.0
5518,negative,0.99999,1e-05,0.0
5519,neutral,0.0,1.0,0.0
5520,neutral,0.0,1.0,0.0
5521,negative,0.99998,2e-05,0.0
5522,negative,1.0,0.0,0.0
5523,negative,0.99995,5e-05,0.0
5524,positive,3e-05,0.0,0.99997
5525,negative,1.0,0.0,0.0
5526,neutral,0.00015,0.99985,0.0
5527,neutral,0.00658,0.94631,0.04711
5528,negative,1.0,0.0,0.0
5529,negative,0.98594,0.01406,0.0
5530,neutral,0.0,1.0,0.0
5531,negative,1.0,0.0,0.0
5532,positive,0.07586,0.0,0.92414
5533,negative,0.99194,0.00806,0.0
5534,negative,0.97069,0.02931,0.0
5535,neutral,0.0,1.0,0.0
5536,positive,0.0,0.00027,0.99973
5537,neutral,0.00018,0.99982,0.0
5538,negative,0.99999,1e-05,0.0
5539,negative,0.95912,0.01099,0.02988
5540,neutral,0.01364,0.98636,0.0
5541,negative,1.0,0.0,0.0
5542,negative,0.99946,0.00054,0.0
5543,negative,0.81287,0.18713,0.0
5544,negative,0.99745,0.00255,0.0
5545,neutral,2e-05,0.99998,0.0
5546,neutral,0.18713,0.81287,0.0
5547,negative,1.0,0.0,0.0
5548,positive,0.00086,0.00012,0.99903
5549,negative,0.93044,0.06954,2e-05
5550,neutral,0.29421,0.70578,0.0
5551,negative,0.97404,0.02596,0.0
5552,neutral,0.00015,0.99985,0.0
5553,negative,0.99854,0.00146,0.0
5554,positive,0.001,0.0,0.999
5555,neutral,0.00175,0.99824,0.0
5556,neutral,0.0,0.99999,1e-05
5557,negative,0.84797,0.15203,0.0
5558,neutral,0.00021,0.7825,0.21729
5559,negative,1.0,0.0,0.0
5560,neutral,0.00758,0.99241,1e-05
5561,neutral,2e-05,0.99998,0.0
5562,positive,0.00805,0.00158,0.99037
5563,neutral,2e-05,0.99998,0.0
5564,negative,0.99994,6e-05,0.0
5565,negative,0.9263,0.0737,0.0
5566,negative,0.99996,4e-05,0.0
5567,negative,0.95185,0.04593,0.00222
5568,negative,0.9999,0.0001,0.0
5569,neutral,0.05665,0.94335,0.0
5570,neutral,0.00165,0.99835,0.0
5571,negative,0.94967,0.05033,0.0
5572,neutral,0.0004,0.99959,1e-05
5573,negative,1.0,0.0,0.0
5574,negative,1.0,0.0,0.0
5575,negative,0.99955,0.00044,1e-05
5576,negative,0.96485,0.03514,0.0
5577,negative,0.99995,5e-05,0.0
5578,neutral,0.0,1.0,0.0
5579,negative,1.0,0.0,0.0
5580,negative,0.99961,0.00039,0.0
5581,negative,0.99999,1e-05,0.0
5582,negative,1.0,0.0,0.0
5583,neutral,0.0,1.0,0.0
5584,negative,0.99997,3e-05,0.0
5585,neutral,0.0069,0.9931,0.0
5586,neutral,0.0,1.0,0.0
5587,negative,0.99903,0.00097,0.0
5588,neutral,0.26894,0.73106,0.0
5589,neutral,7e-05,0.99993,0.0
5590,negative,0.99999,1e-05,0.0
5591,neutral,0.09003,0.90924,0.00073
5592,negative,0.68595,0.31405,0.0
5593,neutral,0.0,1.0,0.0
5594,negative,1.0,0.0,0.0
5595,negative,0.99992,8e-05,0.0
5596,negative,1.0,0.0,0.0
5597,negative,0.99929,0.00071,0.0
5598,neutral,0.0,1.0,0.0
5599,negative,0.81757,0.18243,0.0
5600,negative,0.83548,0.16452,0.0
5601,neutral,0.0,1.0,0.0
5602,negative,0.99993,7e-05,0.0
5603,neutral,0.00036,0.99964,0.0
5604,neutral,1e-05,0.99998,0.0
5605,negative,0.95396,0.04603,0.0
5606,neutral,0.11596,0.88404,0.0
5607,positive,0.20135,0.00231,0.79634
5608,negative,0.99371,0.00629,0.0
5609,negative,0.93991,0.06009,0.0
5610,negative,0.99999,1e-05,0.0
5611,positive,1e-05,7e-05,0.99992
5612,neutral,1e-05,0.99995,4e-05
5613,neutral,0.0,1.0,0.0
5614,neutral,3e-05,0.99997,0.0
5615,neutral,0.0,1.0,0.0
5616,positive,0.02038,0.16542,0.8142
5617,neutral,0.01496,0.98504,0.0
5618,negative,0.99999,1e-05,0.0
5619,neutral,0.00026,0.99974,0.0
5620,neutral,0.00885,0.99115,0.0
5621,neutral,0.0,1.0,0.0
5622,negative,1.0,0.0,0.0
5623,neutral,0.0,1.0,0.0
5624,negative,0.98028,0.01972,0.0
5625,neutral,0.0,1.0,0.0
5626,negative,1.0,0.0,0.0
5627,neutral,0.00289,0.99711,0.0
5628,negative,1.0,0.0,0.0
5629,neutral,0.07583,0.92374,0.00044
5630,negative,0.95663,0.04337,0.0
5631,positive,0.08977,0.13476,0.77547
5632,negative,0.99059,0.00941,0.0
5633,negative,0.56218,0.43782,0.0
5634,neutral,0.0,1.0,0.0
5635,negative,0.99874,0.00035,0.00091
5636,negative,0.99995,5e-05,0.0
5637,neutral,4e-05,0.99996,0.0
5638,negative,0.99948,0.00052,0.0
5639,neutral,0.0,1.0,0.0
5640,negative,0.97838,0.02162,0.0
5641,neutral,0.00011,0.99989,0.0
5642,negative,0.99965,0.00031,4e-05
5643,neutral,0.0,1.0,0.0
5644,neutral,0.01799,0.98201,0.0
5645,neutral,0.0,1.0,0.0
5646,negative,0.99494,0.00506,0.0
5647,negative,0.56985,0.43015,0.0
5648,negative,0.98256,0.01744,0.0
5649,negative,0.94335,0.05665,0.0
5650,negative,0.99605,0.00395,0.0
5651,neutral,0.00308,0.99692,0.0
5652,negative,0.99999,1e-05,0.0
5653,neutral,0.0069,0.9931,0.0
5654,negative,0.99976,0.00024,0.0
5655,neutral,0.00218,0.99782,0.0
5656,negative,0.94335,0.05665,0.0
5657,negative,0.99893,0.00106,0.0
5658,negative,1.0,0.0,0.0
5659,neutral,0.29421,0.70578,0.0
5660,neutral,0.07586,0.92414,0.0
5661,positive,0.0,0.0,1.0
5662,positive,0.0,6e-05,0.99994
5663,neutral,9e-05,0.99989,2e-05
5664,neutral,2e-05,0.99998,0.0
5665,negative,0.99978,8e-05,0.00014
5666,negative,0.9836,0.0164,0.0
5667,negative,1.0,0.0,0.0
5668,negative,0.98028,0.01972,0.0
5669,negative,1.0,0.0,0.0
5670,positive,0.0,1e-05,0.99999
5671,neutral,0.01322,0.98678,0.0
5672,negative,0.65135,0.34864,0.0
5673,negative,0.99795,0.00205,0.0
5674,negative,0.99745,0.00255,0.0
5675,negative,0.98718,0.01282,0.0
5676,negative,0.9987,0.00128,2e-05
5677,neutral,0.0,1.0,0.0
5678,negative,0.98901,0.01099,0.0
5679,negative,1.0,0.0,0.0
5680,negative,0.99801,0.00199,0.0
5681,negative,1.0,0.0,0.0
5682,neutral,0.00063,0.99937,0.0
5683,negative,0.97558,0.02442,0.0
5684,negative,0.99999,1e-05,0.0
5685,neutral,0.38491,0.61509,0.0
5686,negative,1.0,0.0,0.0
5687,negative,0.99998,2e-05,0.0
5688,negative,1.0,0.0,0.0
5689,negative,0.99987,0.00013,0.0
5690,neutral,0.00359,0.99641,0.0
5691,negative,1.0,0.0,0.0
5692,negative,0.99989,0.00011,0.0
5693,negative,0.99999,1e-05,0.0
5694,negative,0.89625,0.10375,0.0
5695,negative,0.99768,0.00232,0.0
5696,negative,1.0,0.0,0.0
5697,neutral,0.0001,0.9999,0.0
5698,positive,7e-05,0.14414,0.85579
5699,positive,0.02816,0.00973,0.96211
5700,neutral,0.0,1.0,0.0
5701,positive,0.0,0.0,1.0
5702,positive,0.0,0.0,1.0
5703,negative,1.0,0.0,0.0
5704,neutral,2e-05,0.99998,0.0
5705,negative,0.99999,1e-05,0.0
5706,neutral,0.01133,0.98867,0.0
5707,negative,1.0,0.0,0.0
5708,neutral,0.0003,0.9997,0.0
5709,negative,0.67918,0.32082,0.0
5710,neutral,0.0164,0.98359,0.0
5711,negative,0.99956,0.00044,0.0
5712,neutral,6e-05,0.99994,0.0
5713,negative,0.99444,0.00555,0.0
5714,negative,1.0,0.0,0.0
5715,negative,1.0,0.0,0.0
5716,neutral,0.20689,0.79311,0.0
5717,negative,1.0,0.0,0.0
5718,negative,0.99999,1e-05,0.0
5719,negative,1.0,0.0,0.0
5720,neutral,0.48656,0.502,0.01144
5721,negative,1.0,0.0,0.0
5722,neutral,0.00078,0.99922,0.0
5723,negative,1.0,0.0,0.0
5724,negative,0.99629,0.00371,0.0
5725,neutral,0.0,1.0,0.0
5726,positive,0.00018,0.0,0.99982
5727,negative,0.96486,0.03514,0.0
5728,neutral,0.00076,0.99924,0.0
5729,neutral,0.1192,0.88079,1e-05
5730,negative,1.0,0.0,0.0
5731,negative,0.99194,0.00806,0.0
5732,neutral,6e-05,0.99994,0.0
5733,negative,1.0,0.0,0.0
5734,negative,0.77184,0.22816,0.0
5735,neutral,0.0,1.0,0.0
5736,negative,0.92841,0.07159,0.0
5737,negative,1.0,0.0,0.0
5738,neutral,0.0,0.99991,8e-05
5739,negative,1.0,0.0,0.0
5740,positive,0.0,0.0,1.0
5741,neutral,0.46099,0.53895,6e-05
5742,neutral,0.00014,0.99986,0.0
5743,negative,1.0,0.0,0.0
5744,neutral,0.00028,0.99972,0.0
5745,negative,0.99954,0.00046,0.0
5746,neutral,5e-05,0.99995,0.0
5747,positive,0.00019,1e-05,0.99981
5748,positive,0.12591,7e-05,0.87402
5749,negative,0.99982,0.00018,0.0
5750,neutral,0.0164,0.9836,0.0
5751,neutral,0.0,1.0,0.0
5752,negative,1.0,0.0,0.0
5753,negative,0.99992,8e-05,0.0
5754,neutral,0.00133,0.99867,0.0
5755,negative,1.0,0.0,0.0
5756,negative,0.99567,0.00433,0.0
5757,positive,2e-05,0.0,0.99998
5758,positive,0.422,0.00119,0.57681
5759,positive,1e-05,0.0,0.99999
5760,negative,1.0,0.0,0.0
5761,neutral,0.0,1.0,0.0
5762,negative,1.0,0.0,0.0
5763,negative,0.99999,1e-05,0.0
5764,neutral,0.01362,0.92535,0.06103
5765,positive,0.00031,1e-05,0.99969
5766,negative,1.0,0.0,0.0
5767,positive,8e-05,0.0,0.99992
5768,negative,0.98636,0.01364,0.0
5769,negative,0.99994,6e-05,0.0
5770,neutral,0.0,1.0,0.0
5771,neutral,3e-05,0.99997,0.0
5772,negative,1.0,0.0,0.0
5773,neutral,0.01855,0.98145,0.0
5774,negative,0.99749,0.00247,4e-05
5775,negative,0.99605,0.00395,0.0
5776,negative,1.0,0.0,0.0
5777,negative,0.90191,0.09808,1e-05
5778,neutral,1e-05,0.99999,0.0
5779,negative,1.0,0.0,0.0
5780,neutral,0.0,1.0,0.0
5781,negative,0.69925,0.30075,0.0
5782,neutral,0.0,1.0,0.0
5783,neutral,0.03847,0.9615,3e-05
5784,negative,0.97631,0.02369,0.0
5785,negative,0.8706,0.1294,0.0
5786,neutral,0.2814,0.71858,2e-05
5787,neutral,0.02931,0.97069,0.0
5788,negative,0.99242,0.00758,0.0
5789,neutral,0.00019,0.99981,0.0
5790,neutral,0.10669,0.89331,0.0
5791,negative,0.81755,3e-05,0.18242
5792,positive,2e-05,0.0,0.99998
5793,negative,0.99998,2e-05,0.0
5794,neutral,0.0,1.0,0.0
5795,negative,1.0,0.0,0.0
5796,negative,0.98308,0.01691,0.0
5797,neutral,0.0,1.0,0.0
5798,negative,0.99883,0.00117,0.0
5799,negative,0.99998,2e-05,0.0
5800,negative,0.99937,0.00063,0.0
5801,neutral,0.00018,0.99981,1e-05
5802,neutral,0.00913,0.99087,0.0
5803,neutral,0.03021,0.96978,0.0
5804,neutral,0.24292,0.72522,0.03186
5805,negative,0.99987,0.00013,0.0
5806,negative,1.0,0.0,0.0
5807,negative,0.81286,0.18713,1e-05
5808,negative,0.94955,0.05032,0.00012
5809,negative,0.66541,0.33459,0.0
5810,negative,1.0,0.0,0.0
5811,negative,1.0,0.0,0.0
5812,negative,0.99983,0.00017,0.0
5813,neutral,0.0,1.0,0.0
5814,negative,1.0,0.0,0.0
5815,neutral,3e-05,0.99996,0.0
5816,neutral,0.00012,0.99988,0.0
5817,negative,1.0,0.0,0.0
5818,neutral,0.00141,0.99859,0.0
5819,negative,0.99989,0.00011,0.0
5820,neutral,0.0,1.0,0.0
5821,neutral,0.05033,0.94967,0.0
5822,negative,0.97967,0.02033,0.0
5823,negative,0.49984,0.49984,0.00031
5824,negative,1.0,0.0,0.0
5825,negative,0.8267,0.17329,1e-05
5826,negative,0.99998,2e-05,0.0
5827,negative,1.0,0.0,0.0
5828,negative,0.9999,0.0001,0.0
5829,neutral,0.0,1.0,0.0
5830,negative,0.99371,0.00629,0.0
5831,neutral,0.0017,0.99822,7e-05
5832,negative,0.99991,9e-05,0.0
5833,negative,1.0,0.0,0.0
5834,neutral,0.18243,0.81757,0.0
5835,negative,1.0,0.0,0.0
5836,neutral,7e-05,0.98249,0.01744
5837,neutral,1e-05,0.99999,0.0
5838,negative,0.99989,0.00011,0.0
5839,negative,0.99965,0.00035,0.0
5840,neutral,0.03491,0.95843,0.00666
5841,negative,0.64478,0.34512,0.0101
5842,negative,1.0,0.0,0.0
5843,negative,0.99242,0.00758,0.0
5844,negative,0.99992,8e-05,0.0
5845,neutral,0.00031,0.99969,0.0
5846,neutral,4e-05,0.99996,0.0
5847,negative,0.99991,9e-05,0.0
5848,positive,0.00348,4e-05,0.99647
5849,negative,0.82216,0.1778,4e-05
5850,negative,1.0,0.0,0.0
5851,neutral,0.00069,0.99931,0.0
5852,neutral,0.00091,0.99909,0.0
5853,negative,1.0,0.0,0.0
5854,negative,0.99999,1e-05,0.0
5855,negative,0.99999,1e-05,0.0
5856,neutral,0.00218,0.99782,0.0
5857,neutral,0.0,1.0,0.0
5858,negative,0.99997,3e-05,0.0
5859,negative,1.0,0.0,0.0
5860,neutral,0.0011,0.9989,0.0
5861,positive,0.00345,0.01029,0.98626
5862,negative,0.99903,0.00097,0.0
5863,negative,0.99984,0.00016,0.0
5864,negative,0.99997,3e-05,0.0
5865,negative,0.99999,1e-05,0.0
5866,negative,0.99218,0.00782,0.0
5867,neutral,0.01972,0.98028,0.0
5868,negative,0.99957,0.00043,0.0
5869,negative,0.99954,0.00046,0.0
5870,negative,0.96589,0.0341,1e-05
5871,negative,0.99999,1e-05,0.0
5872,neutral,0.12252,0.87748,0.0
5873,positive,2e-05,0.0,0.99998
5874,negative,0.86704,0.13296,0.0
5875,negative,1.0,0.0,0.0
5876,negative,1.0,0.0,0.0
5877,neutral,0.32082,0.67918,0.0
5878,neutral,0.14415,0.85585,0.0
5879,positive,0.00025,0.32074,0.67901
5880,negative,0.99999,1e-05,0.0
5881,negative,0.83973,0.16027,0.0
5882,negative,0.60019,0.39981,0.0
5883,neutral,0.02676,0.9732,4e-05
5884,negative,0.97482,0.02518,0.0
5885,positive,1e-05,6e-05,0.99994
5886,neutral,0.00327,0.99673,0.0
5887,negative,0.98028,0.01972,0.0
5888,negative,0.94815,0.05185,0.0
5889,negative,1.0,0.0,0.0
5890,neutral,0.00506,0.99494,0.0
5891,neutral,0.03733,0.96267,0.0
5892,positive,0.0,0.0,1.0
5893,positive,0.0,0.0,1.0
5894,negative,0.90464,0.09535,1e-05
5895,neutral,0.06371,0.93628,0.0
5896,neutral,3e-05,0.99997,0.0
5897,neutral,0.0,1.0,0.0
5898,negative,0.99964,0.00036,0.0
5899,neutral,0.0,1.0,0.0
5900,negative,0.99999,1e-05,0.0
5901,neutral,0.0534,0.94657,3e-05
5902,neutral,0.25683,0.74317,0.0
5903,negative,0.99994,6e-05,0.0
5904,negative,0.99427,0.00573,0.0
5905,neutral,0.26894,0.73106,0.0
5906,neutral,0.01202,0.9853,0.00268
5907,negative,1.0,0.0,0.0
5908,negative,0.99999,1e-05,0.0
5909,neutral,0.0016,0.9984,0.0
5910,negative,1.0,0.0,0.0
5911,negative,1.0,0.0,0.0
5912,negative,0.99897,0.00103,0.0
5913,negative,0.63703,0.36297,0.0
5914,negative,1.0,0.0,0.0
5915,negative,1.0,0.0,0.0
5916,negative,0.99982,0.00018,0.0
5917,positive,0.00166,0.40666,0.59168
5918,negative,0.99999,1e-05,0.0
5919,negative,0.99996,4e-05,0.0
5920,negative,0.9999,0.0001,0.0
5921,negative,0.99989,0.00011,0.0
5922,negative,0.99921,0.0002,0.00059
5923,negative,0.74909,0.25091,0.0
5924,neutral,0.0534,0.94659,0.0
5925,negative,0.99265,0.00735,0.0
5926,neutral,0.02369,0.97631,0.0
5927,negative,0.99909,0.00091,0.0
5928,negative,0.97324,0.02676,0.0
5929,negative,0.99951,0.00049,0.0
5930,neutral,0.00476,0.99524,0.0
5931,neutral,0.0534,0.9466,0.0
5932,negative,0.99996,4e-05,0.0
5933,negative,0.99996,4e-05,0.0
5934,negative,0.99992,8e-05,0.0
5935,negative,0.99994,6e-05,0.0
5936,positive,0.0,0.0,1.0
5937,negative,1.0,0.0,0.0
5938,negative,1.0,0.0,0.0
5939,positive,1e-05,0.0001,0.99989
5940,neutral,0.00043,0.99957,0.0
5941,neutral,0.00017,0.99983,0.0
5942,negative,0.99999,1e-05,0.0
5943,negative,1.0,0.0,0.0
5944,negative,0.84796,0.15203,1e-05
5945,positive,0.0,0.0,1.0
5946,negative,0.98967,0.01033,0.0
5947,neutral,0.24508,0.75491,1e-05
5948,negative,0.9984,0.0016,0.0
5949,neutral,0.0,1.0,0.0
5950,neutral,0.00649,0.99351,0.0
5951,negative,0.99961,0.00039,0.0
5952,neutral,0.00052,0.99948,0.0
5953,positive,1e-05,4e-05,0.99995
5954,negative,0.99265,0.00735,0.0
5955,negative,1.0,0.0,0.0
5956,neutral,0.0,1.0,0.0
5957,negative,0.99998,2e-05,0.0
5958,neutral,0.0,1.0,0.0
5959,negative,1.0,0.0,0.0
5960,neutral,0.00591,0.99409,0.0
5961,neutral,0.00013,0.99987,0.0
5962,positive,0.01053,0.31744,0.67203
5963,negative,0.99992,8e-05,0.0
5964,positive,0.01705,0.40039,0.58256
5965,negative,0.99478,0.00522,0.0
5966,negative,1.0,0.0,0.0
5967,neutral,0.00088,0.99912,0.0
5968,negative,1.0,0.0,0.0
5969,neutral,0.0,0.99989,0.00011
5970,negative,0.81756,0.18242,1e-05
5971,neutral,0.01406,0.98594,0.0
5972,negative,0.99859,0.00141,0.0
5973,negative,0.99993,7e-05,0.0
5974,neutral,0.04325,0.95415,0.0026
5975,negative,0.96267,0.03733,0.0
5976,negative,1.0,0.0,0.0
5977,negative,1.0,0.0,0.0
5978,neutral,0.0,1.0,0.0
5979,neutral,0.0,1.0,0.0
5980,negative,0.74317,0.25683,0.0
5981,neutral,0.0,1.0,0.0
5982,neutral,0.17328,0.82665,7e-05
5983,neutral,0.46102,0.53898,0.0
5984,negative,0.99999,1e-05,0.0
5985,negative,1.0,0.0,0.0
5986,negative,0.99967,0.00033,0.0
5987,negative,0.9173,0.0827,0.0
5988,neutral,0.00021,0.99979,0.0
5989,negative,0.91244,0.08756,0.0
5990,negative,0.90731,0.09269,0.0
5991,positive,0.00069,0.0,0.99931
5992,negative,0.99948,0.00052,0.0
5993,neutral,0.26894,0.73106,0.0
5994,neutral,0.00049,0.99923,0.00029
5995,negative,0.99819,0.00181,0.0
5996,negative,0.84389,0.1561,0.0
5997,negative,0.99567,0.00433,0.0
5998,positive,2e-05,0.00012,0.99986
5999,neutral,0.00025,0.99975,0.0
6000,negative,0.99982,0.00018,0.0
6001,positive,0.00048,0.43761,0.56191
6002,negative,0.99997,3e-05,0.0
6003,neutral,0.0,1.0,0.0
6004,negative,0.64422,0.35577,0.0
6005,neutral,0.00308,0.99692,0.0
6006,positive,0.0,0.0,1.0
6007,negative,0.99999,1e-05,0.0
6008,positive,0.00094,4e-05,0.99902
6009,negative,1.0,0.0,0.0
6010,negative,0.99168,0.00832,0.0
6011,negative,1.0,0.0,0.0
6012,negative,0.99996,4e-05,0.0
6013,neutral,0.0,1.0,0.0
6014,neutral,0.00018,0.99982,0.0
6015,positive,0.00016,0.03409,0.96574
6016,neutral,3e-05,0.56216,0.43781
6017,negative,0.99956,0.00044,0.0
6018,negative,1.0,0.0,0.0
6019,neutral,0.02162,0.97838,0.0
6020,neutral,0.0,1.0,0.0
6021,negative,0.99985,0.00015,0.0
6022,negative,0.99524,0.00476,0.0
6023,negative,0.99524,0.00476,0.0
6024,positive,0.0,0.0,1.0
6025,negative,1.0,0.0,0.0
6026,negative,0.78793,0.21207,0.0
6027,neutral,0.00014,0.99986,0.0
6028,neutral,0.38489,0.61505,6e-05
6029,neutral,0.07159,0.9284,1e-05
6030,negative,0.99988,0.00012,0.0
6031,neutral,0.0,1.0,0.0
6032,positive,0.0,0.0,1.0
6033,neutral,0.0,1.0,0.0
6034,positive,0.0,0.0,1.0
6035,negative,1.0,0.0,0.0
6036,neutral,0.0,1.0,0.0
6037,negative,1.0,0.0,0.0
6038,negative,0.99879,0.00121,0.0
6039,negative,1.0,0.0,0.0
6040,negative,0.91244,0.08756,0.0
6041,negative,1.0,0.0,0.0
6042,negative,0.98935,0.01065,0.0
6043,negative,0.74317,0.25683,0.0
6044,negative,0.81968,0.17727,0.00305
6045,neutral,0.01912,0.98088,0.0
6046,negative,0.99998,2e-05,0.0
6047,neutral,0.0003,0.71838,0.28132
6048,negative,0.8808,0.1192,0.0
6049,negative,1.0,0.0,0.0
6050,negative,0.99351,0.00649,0.0
6051,negative,0.91964,0.08036,0.0
6052,negative,0.99999,1e-05,0.0
6053,neutral,0.04337,0.95663,0.0
6054,neutral,0.14805,0.85195,0.0
6055,negative,1.0,0.0,0.0
6056,negative,0.99985,0.00015,0.0
6057,negative,0.9995,0.0005,0.0
6058,negative,1.0,0.0,0.0
6059,positive,9e-05,4e-05,0.99987
6060,negative,1.0,0.0,0.0
6061,negative,0.8706,0.1294,0.0
6062,neutral,0.00165,0.99835,0.0
6063,negative,0.99989,0.00011,0.0
6064,neutral,0.0,1.0,0.0
6065,negative,1.0,0.0,0.0
6066,negative,1.0,0.0,0.0
6067,negative,0.99982,0.00018,0.0
6068,negative,0.99997,3e-05,0.0
6069,negative,1.0,0.0,0.0
6070,negative,0.99997,3e-05,0.0
6071,negative,0.99997,3e-05,0.0
6072,negative,0.98677,0.01282,0.00041
6073,negative,0.95532,0.04468,0.0
6074,negative,0.99972,0.00028,0.0
6075,neutral,0.0737,0.9263,0.0
6076,negative,0.92414,0.07586,0.0
6077,negative,1.0,0.0,0.0
6078,negative,1.0,0.0,0.0
6079,neutral,0.00538,0.99462,0.0
6080,neutral,0.33459,0.66541,0.0
6081,negative,0.86339,0.13661,0.0
6082,neutral,0.02298,0.97702,0.0
6083,neutral,8e-05,0.99992,0.0
6084,negative,1.0,0.0,0.0
6085,negative,0.85966,0.14034,1e-05
6086,negative,0.99478,0.00522,0.0
6087,negative,0.99998,2e-05,0.0
6088,neutral,0.02596,0.97404,0.0
6089,neutral,0.00806,0.99178,0.00016
6090,neutral,0.0,1.0,0.0
6091,neutral,0.06749,0.93164,0.00088
6092,negative,1.0,0.0,0.0
6093,negative,0.58617,0.29474,0.11909
6094,neutral,0.00132,0.99865,3e-05
6095,negative,0.99854,0.00146,0.0
6096,negative,1.0,0.0,0.0
6097,negative,0.87748,0.12252,0.0
6098,negative,0.99524,0.00476,0.0
6099,negative,0.99872,0.0011,0.00019
6100,neutral,0.00476,0.99524,0.0
6101,neutral,2e-05,0.99998,0.0
6102,neutral,0.00061,0.99939,1e-05
6103,positive,1e-05,0.0,0.99999
6104,negative,1.0,0.0,0.0
6105,neutral,0.0,1.0,0.0
6106,negative,0.99993,7e-05,0.0
6107,negative,0.81285,0.18713,3e-05
6108,neutral,0.09535,0.90465,0.0
6109,negative,0.99998,2e-05,0.0
6110,negative,0.98867,0.01133,0.0
6111,neutral,0.28737,0.62768,0.08495
6112,neutral,0.00097,0.99903,0.0
6113,negative,0.99998,2e-05,0.0
6114,negative,0.95257,0.04743,1e-05
6115,neutral,0.01364,0.98636,0.0
6116,neutral,1e-05,0.99999,0.0
6117,negative,0.99999,1e-05,0.0
6118,negative,0.99998,2e-05,0.0
6119,negative,0.99788,0.00212,0.0
6120,negative,0.99409,0.00591,0.0
6121,neutral,0.00187,0.99813,0.0
6122,neutral,4e-05,0.99996,0.0
6123,neutral,0.25683,0.74317,0.0
6124,neutral,0.0,1.0,0.0
6125,negative,0.81755,0.18242,3e-05
6126,neutral,0.01205,0.98795,0.0
6127,negative,0.79819,0.20181,0.0
6128,negative,0.99994,6e-05,0.0
6129,negative,0.95915,0.04085,0.0
6130,negative,0.79819,0.20181,0.0
6131,negative,0.99737,0.00263,0.0
6132,neutral,0.0,1.0,0.0
6133,neutral,0.02593,0.973,0.00107
6134,negative,0.99981,0.00019,0.0
6135,neutral,0.49218,0.5078,1e-05
6136,positive,0.0,0.0,1.0
6137,negative,0.99445,0.00555,0.0
6138,neutral,4e-05,0.61506,0.38489
6139,negative,0.99744,0.00255,1e-05
6140,negative,0.99991,9e-05,0.0
6141,negative,0.8808,0.1192,0.0
6142,neutral,0.0,1.0,0.0
6143,negative,0.94815,0.05185,0.0
6144,neutral,0.0,1.0,0.0
6145,negative,0.93812,0.06188,0.0
6146,negative,0.9099,0.09009,0.0
6147,negative,0.60766,0.39234,0.0
6148,neutral,0.00327,0.99673,0.0
6149,negative,1.0,0.0,0.0
6150,positive,5e-05,2e-05,0.99993
6151,negative,0.99994,6e-05,0.0
6152,positive,0.0,0.0,1.0
6153,negative,1.0,0.0,0.0
6154,negative,0.92466,0.06911,0.00623
6155,negative,0.99979,0.00021,0.0
6156,negative,0.99994,6e-05,0.0
6157,positive,1e-05,0.00052,0.99947
6158,neutral,0.45326,0.54673,1e-05
6159,positive,0.00047,0.0,0.99953
6160,negative,0.98494,0.0145,0.00056
6161,neutral,0.00629,0.99371,0.0
6162,negative,0.93812,0.06188,0.0
6163,negative,0.99478,0.00522,0.0
6164,negative,0.89029,0.1097,1e-05
6165,negative,0.5687,0.25236,0.17895
6166,neutral,0.09007,0.90968,0.00025
6167,negative,1.0,0.0,0.0
6168,negative,0.99983,0.00017,0.0
6169,negative,0.99807,0.00193,0.0
6170,negative,0.99879,0.00121,0.0
6171,negative,0.9836,0.0164,0.0
6172,negative,0.98901,0.01099,0.0
6173,neutral,0.0,1.0,0.0
6174,negative,0.99775,0.00225,0.0
6175,negative,0.9931,0.0069,0.0
6176,negative,0.95037,0.04882,0.00081
6177,negative,0.98877,0.00368,0.00755
6178,negative,0.99996,4e-05,0.0
6179,negative,0.95915,0.04085,0.0
6180,negative,0.99999,1e-05,0.0
6181,negative,0.99983,8e-05,0.0001
6182,negative,0.95791,0.04209,0.0
6183,negative,1.0,0.0,0.0
6184,neutral,0.0,1.0,0.0
6185,neutral,0.00048,0.94455,0.05498
6186,negative,0.76625,0.23369,5e-05
6187,neutral,0.0,1.0,0.0
6188,negative,1.0,0.0,0.0
6189,negative,1.0,0.0,0.0
6190,neutral,0.04209,0.95791,0.0
6191,neutral,0.00708,0.61805,0.37487
6192,negative,0.97702,0.02298,0.0
6193,neutral,0.37022,0.62977,0.0
6194,neutral,4e-05,0.99996,0.0
6195,positive,0.0,0.0,1.0
6196,negative,0.99986,0.00014,0.0
6197,negative,0.96886,0.03114,0.0
6198,negative,1.0,0.0,0.0
6199,negative,1.0,0.0,0.0
6200,neutral,3e-05,0.99997,0.0
6201,neutral,3e-05,0.99997,0.0
6202,neutral,3e-05,0.99997,0.0
6203,neutral,0.00061,0.5231,0.47629
6204,negative,0.99937,0.00063,0.0
6205,negative,0.99968,0.00032,0.0
6206,negative,0.99652,0.00348,0.0
6207,negative,1.0,0.0,0.0
6208,negative,0.99919,0.0008,0.0
6209,neutral,0.0,1.0,0.0
6210,neutral,0.33459,0.66541,1e-05
6211,neutral,0.0001,0.9999,0.0
6212,negative,0.99887,0.00113,0.0
6213,neutral,0.0002,0.9998,0.0
6214,negative,0.96153,0.03847,0.0
6215,negative,0.99941,0.00059,0.0
6216,negative,0.95791,0.04209,0.0
6217,neutral,0.00014,0.99986,0.0
6218,positive,0.0,0.0,1.0
6219,negative,1.0,0.0,0.0
6220,negative,0.9989,0.0011,0.0
6221,negative,0.91243,0.08756,0.0
6222,negative,0.9976,0.0024,0.0
6223,negative,1.0,0.0,0.0
6224,neutral,7e-05,0.99993,0.0
6225,negative,0.98999,0.01001,0.0
6226,neutral,0.03622,0.96378,0.0
6227,neutral,0.00884,0.99041,0.00075
6228,neutral,2e-05,0.87406,0.12592
6229,negative,0.99999,1e-05,0.0
6230,neutral,0.01282,0.98718,0.0
6231,neutral,0.00212,0.99788,0.0
6232,negative,1.0,0.0,0.0
6233,negative,0.99954,0.00043,3e-05
6234,negative,1.0,0.0,0.0
6235,neutral,0.0,1.0,0.0
6236,neutral,0.17781,0.82219,0.0
6237,neutral,0.0,1.0,0.0
6238,negative,1.0,0.0,0.0
6239,positive,0.00094,0.00192,0.99714
6240,neutral,5e-05,0.99995,0.0
6241,negative,0.99998,2e-05,0.0
6242,negative,0.99995,5e-05,0.0
6243,negative,0.93991,0.06009,0.0
6244,neutral,0.00097,0.99903,0.0
6245,negative,0.91244,0.08756,0.0
6246,negative,0.99996,4e-05,0.0
6247,negative,0.99867,0.00133,0.0
6248,negative,1.0,0.0,0.0
6249,negative,0.99988,0.00012,0.0
6250,neutral,0.14415,0.85585,0.0
6251,negative,0.99988,0.00012,0.0
6252,negative,0.99995,5e-05,0.0
6253,negative,0.95396,0.04603,0.0
6254,negative,0.9985,0.0015,0.0
6255,neutral,0.12252,0.87748,0.0
6256,negative,0.99999,1e-05,0.0
6257,neutral,0.00065,0.99935,0.0
6258,negative,0.95663,0.04337,0.0
6259,negative,0.99351,0.00649,0.0
6260,negative,0.90731,0.09269,0.0
6261,neutral,0.00052,0.99947,1e-05
6262,neutral,0.0,1.0,0.0
6263,neutral,0.21734,0.78266,0.0
6264,negative,1.0,0.0,0.0
6265,neutral,0.0,1.0,0.0
6266,positive,0.15325,0.0183,0.82845
6267,neutral,0.01099,0.98901,0.0
6268,negative,0.99989,0.00011,1e-05
6269,neutral,0.26894,0.73106,0.0
6270,negative,0.98351,0.01026,0.00623
6271,negative,1.0,0.0,0.0
6272,neutral,0.0,1.0,0.0
6273,negative,1.0,0.0,0.0
6274,negative,0.99967,0.00033,0.0
6275,negative,0.99168,0.00832,0.0
6276,negative,0.99983,0.00017,0.0
6277,neutral,0.00971,0.99029,0.0
6278,negative,0.99999,1e-05,0.0
6279,negative,0.99371,0.00629,0.0
6280,neutral,0.00063,0.99937,0.0
6281,negative,1.0,0.0,0.0
6282,negative,0.90991,0.09009,0.0
6283,negative,0.99917,0.00083,0.0
6284,negative,1.0,0.0,0.0
6285,negative,1.0,0.0,0.0
6286,negative,0.99351,0.00649,0.0
6287,neutral,0.00175,0.99825,0.0
6288,negative,0.9999,0.0001,0.0
6289,negative,0.99924,0.00076,0.0
6290,neutral,1e-05,0.99999,0.0
6291,negative,0.99753,0.00247,0.0
6292,negative,0.99998,2e-05,0.0
6293,negative,0.84804,0.14737,0.00459
6294,neutral,2e-05,0.99998,0.0
6295,neutral,0.0,1.0,0.0
6296,negative,1.0,0.0,0.0
6297,neutral,0.0,1.0,0.0
6298,negative,0.99788,0.00212,0.0
6299,neutral,0.04743,0.95257,0.0
6300,negative,0.99999,1e-05,0.0
6301,negative,0.9263,0.0737,0.0
6302,neutral,0.0,1.0,0.0
6303,negative,0.9855,0.0145,0.0
6304,negative,0.99994,6e-05,0.0
6305,negative,0.99996,4e-05,0.0
6306,negative,0.99998,2e-05,0.0
6307,negative,1.0,0.0,0.0
6308,neutral,0.00061,0.99939,0.0
6309,positive,0.0,0.0,1.0
6310,neutral,0.0,1.0,0.0
6311,negative,1.0,0.0,0.0
6312,neutral,0.0,1.0,0.0
6313,neutral,0.02295,0.97576,0.00129
6314,negative,0.99954,0.00046,0.0
6315,negative,0.99998,2e-05,0.0
6316,neutral,0.46102,0.53898,0.0
6317,negative,1.0,0.0,0.0
6318,negative,0.99494,0.00506,0.0
6319,negative,0.99997,3e-05,0.0
6320,neutral,0.00012,0.99919,0.00069
6321,positive,0.47188,0.0258,0.50232
6322,negative,0.99985,0.00015,0.0
6323,neutral,0.00055,0.68557,0.31388
6324,neutral,1e-05,0.99999,0.0
6325,negative,0.94499,0.05501,0.0
6326,negative,1.0,0.0,0.0
6327,positive,0.00969,0.00216,0.98815
6328,negative,0.99999,0.0,0.0
6329,negative,1.0,0.0,0.0
6330,negative,1.0,0.0,0.0
6331,negative,1.0,0.0,0.0
6332,negative,1.0,0.0,0.0
6333,negative,0.81938,0.16135,0.01927
6334,negative,0.99539,0.00461,0.0
6335,neutral,0.00522,0.99478,0.0
6336,neutral,0.0,1.0,0.0
6337,neutral,0.00858,0.99142,0.0
6338,negative,0.99745,0.00255,0.0
6339,negative,0.99975,0.00025,0.0
6340,negative,1.0,0.0,0.0
6341,negative,0.99825,0.00175,0.0
6342,negative,0.99988,0.00012,0.0
6343,neutral,0.00181,0.99819,0.0
6344,negative,0.99948,0.00052,0.0
6345,negative,0.99998,2e-05,0.0
6346,negative,0.99963,0.00037,0.0
6347,negative,0.9855,0.0145,0.0
6348,neutral,0.00067,0.99933,0.0
6349,neutral,0.0,1.0,0.0
6350,neutral,0.0,1.0,0.0
6351,negative,0.99997,3e-05,0.0
6352,negative,0.97156,0.02844,0.0
6353,positive,0.0,0.0,1.0
6354,neutral,0.0,1.0,0.0
6355,neutral,2e-05,0.98635,0.01364
6356,neutral,0.00063,0.99937,0.0
6357,positive,0.28638,0.02664,0.68698
6358,negative,0.8808,0.1192,0.0
6359,neutral,0.02442,0.97558,0.0
6360,negative,0.59267,0.40733,0.0
6361,negative,0.86703,0.13296,1e-05
6362,negative,0.93045,0.06954,1e-05
6363,negative,1.0,0.0,0.0
6364,negative,1.0,0.0,0.0
6365,neutral,0.00885,0.99115,0.0
6366,negative,1.0,0.0,0.0
6367,negative,0.99737,0.00263,0.0
6368,negative,0.67918,0.32082,0.0
6369,negative,0.99702,0.00298,0.0
6370,negative,0.99768,0.00232,0.0
6371,negative,0.99984,0.00016,0.0
6372,neutral,0.00059,0.99941,0.0
6373,neutral,0.0,1.0,0.0
6374,negative,0.99995,5e-05,0.0
6375,negative,1.0,0.0,0.0
6376,negative,0.99999,1e-05,0.0
6377,negative,0.97631,0.02369,0.0
6378,negative,0.99999,1e-05,0.0
6379,negative,0.96378,0.03622,0.0
6380,neutral,2e-05,0.99998,0.0
6381,positive,0.00592,0.02914,0.96494
6382,neutral,0.0,1.0,0.0
6383,negative,1.0,0.0,0.0
6384,negative,1.0,0.0,0.0
6385,neutral,0.07808,0.92192,1e-05
6386,negative,0.99999,1e-05,0.0
6387,positive,0.0,0.0,1.0
6388,negative,0.99883,0.00117,0.0
6389,negative,0.99965,0.00035,0.0
6390,negative,0.99999,1e-05,0.0
6391,negative,1.0,0.0,0.0
6392,neutral,0.00057,0.99943,0.0
6393,negative,0.56218,0.43782,0.0
6394,negative,0.54674,0.45326,1e-05
6395,negative,1.0,0.0,0.0
6396,neutral,1e-05,0.99999,0.0
6397,negative,1.0,0.0,0.0
6398,neutral,0.00012,0.99949,0.00039
6399,negative,0.99993,7e-05,0.0
6400,neutral,0.0069,0.9931,0.0
6401,negative,0.96378,0.03622,0.0
6402,neutral,0.0,1.0,0.0
6403,negative,1.0,0.0,0.0
6404,negative,0.99997,3e-05,0.0
6405,positive,0.0,0.00063,0.99937
6406,neutral,0.02369,0.97631,0.0
6407,negative,0.99115,0.00885,0.0
6408,negative,0.81287,0.18713,0.0
6409,negative,0.97771,0.02229,0.0
6410,neutral,0.0,1.0,0.0
6411,negative,0.99996,4e-05,0.0
6412,neutral,0.0,1.0,0.0
6413,neutral,0.00103,0.99897,0.0
6414,neutral,0.29057,0.69705,0.01237
6415,negative,0.99897,0.00103,0.0
6416,negative,0.99922,0.00078,0.0
6417,neutral,0.00011,0.99989,0.0
6418,negative,0.99997,3e-05,0.0
6419,negative,1.0,0.0,0.0
6420,neutral,0.33459,0.66541,0.0
6421,negative,1.0,0.0,0.0
6422,negative,0.99999,1e-05,0.0
6423,negative,1.0,0.0,0.0
6424,negative,1.0,0.0,0.0
6425,neutral,0.0,1.0,0.0
6426,neutral,0.0,1.0,0.0
6427,negative,1.0,0.0,0.0
6428,negative,0.99974,0.00026,0.0
6429,negative,0.94335,0.05665,0.0
6430,negative,0.91233,0.08755,0.00011
6431,neutral,0.08756,0.91244,0.0
6432,negative,0.99567,0.00433,0.0
6433,negative,0.99054,0.00941,5e-05
6434,negative,0.99737,0.00263,0.0
6435,neutral,0.00063,0.99937,0.0
6436,neutral,0.0,1.0,0.0
6437,neutral,0.0,1.0,0.0
6438,neutral,0.13986,0.85675,0.00339
6439,negative,1.0,0.0,0.0
6440,neutral,0.0,1.0,0.0
6441,negative,0.55447,0.44553,1e-05
6442,negative,1.0,0.0,0.0
6443,negative,1.0,0.0,0.0
6444,negative,0.99978,0.00022,0.0
6445,negative,1.0,0.0,0.0
6446,negative,0.8872,0.1128,0.0
6447,neutral,0.18713,0.81287,0.0
6448,neutral,0.03733,0.96264,3e-05
6449,negative,1.0,0.0,0.0
6450,negative,0.99988,0.00012,0.0
6451,negative,0.98795,0.01205,0.0
6452,neutral,0.01322,0.98678,0.0
6453,negative,0.99941,0.00059,0.0
6454,positive,0.00944,0.02732,0.96323
6455,neutral,0.18243,0.81757,0.0
6456,negative,0.99946,0.00054,0.0
6457,neutral,0.01169,0.98819,0.00013
6458,negative,1.0,0.0,0.0
6459,negative,0.99999,1e-05,0.0
6460,positive,0.14805,1e-05,0.85194
6461,neutral,0.0,1.0,0.0
6462,negative,0.99998,2e-05,0.0
6463,neutral,2e-05,0.99998,0.0
6464,negative,0.99997,3e-05,0.0
6465,negative,0.99996,4e-05,0.0
6466,negative,0.98757,0.01243,0.0
6467,neutral,0.20689,0.79311,0.0
6468,negative,1.0,0.0,0.0
6469,negative,1.0,0.0,0.0
6470,negative,0.99981,0.00019,0.0
6471,negative,0.89331,0.10669,0.0
6472,negative,1.0,0.0,0.0
6473,positive,0.0,0.0,1.0
6474,neutral,0.0,1.0,0.0
6475,negative,0.9421,0.03432,0.02358
6476,negative,1.0,0.0,0.0
6477,negative,0.99994,6e-05,0.0
6478,negative,0.98308,0.01691,0.0
6479,neutral,0.1159,0.88359,0.0005
6480,neutral,1e-05,0.99999,0.0
6481,negative,0.97324,0.02676,0.0
6482,neutral,0.0,1.0,0.0
6483,negative,0.99999,1e-05,0.0
6484,neutral,0.00025,0.99975,0.0
6485,negative,0.9996,0.00034,7e-05
6486,negative,0.99242,0.00758,0.0
6487,positive,0.0,0.0,1.0
6488,negative,1.0,0.0,0.0
6489,negative,0.95663,0.04337,0.0
6490,neutral,0.0,1.0,0.0
6491,negative,0.99997,3e-05,0.0
6492,negative,0.99999,1e-05,0.0
6493,neutral,0.05501,0.94499,0.0
6494,positive,0.01922,0.13764,0.84314
6495,neutral,0.01205,0.98795,0.0
6496,neutral,0.00338,0.99662,0.0
6497,neutral,0.14034,0.85966,0.0
6498,negative,0.99897,0.00103,0.0
6499,negative,0.99996,3e-05,0.0
6500,negative,0.99788,0.00212,0.0
6501,negative,0.99931,0.0,0.00069
6502,neutral,0.01744,0.98256,0.0
6503,negative,0.99999,1e-05,0.0
6504,negative,0.98718,0.01282,0.0
6505,negative,0.99194,0.00806,0.0
6506,negative,0.94165,0.05835,0.0
6507,negative,1.0,0.0,0.0
6508,negative,0.99999,1e-05,0.0
6509,negative,0.60766,0.39234,0.0
6510,neutral,1e-05,0.99999,0.0
6511,negative,0.99782,0.00218,0.0
6512,negative,1.0,0.0,0.0
6513,negative,0.98594,0.01406,0.0
6514,negative,0.99994,6e-05,0.0
6515,neutral,0.0,1.0,0.0
6516,negative,1.0,0.0,0.0
6517,positive,0.0,0.0,1.0
6518,negative,0.99998,2e-05,0.0
6519,negative,1.0,0.0,0.0
6520,negative,0.99985,0.00015,0.0
6521,neutral,0.0,0.99999,1e-05
6522,neutral,0.0,1.0,0.0
6523,negative,0.99996,4e-05,0.0
6524,negative,0.99996,4e-05,0.0
6525,negative,0.99879,0.00121,0.0
6526,neutral,0.01205,0.98795,0.0
6527,negative,1.0,0.0,0.0
6528,neutral,0.00069,0.99931,0.0
6529,negative,0.9149,0.0851,0.0
6530,neutral,0.05835,0.94165,0.0
6531,negative,0.99994,6e-05,0.0
6532,negative,0.65842,0.34158,0.0
6533,neutral,0.0,1.0,0.0
6534,negative,0.86339,0.13661,0.0
6535,negative,0.53896,0.461,4e-05
6536,negative,1.0,0.0,0.0
6537,negative,0.62245,0.37753,2e-05
6538,negative,0.89912,0.10088,0.0
6539,positive,0.0,0.0,1.0
6540,neutral,0.0,1.0,0.0
6541,positive,0.25682,6e-05,0.74313
6542,negative,0.99835,0.00165,0.0
6543,negative,1.0,0.0,0.0
6544,negative,0.99989,0.00011,0.0
6545,neutral,0.21734,0.78266,0.0
6546,negative,0.84417,0.01364,0.14218
6547,neutral,5e-05,0.99995,0.0
6548,negative,1.0,0.0,0.0
6549,neutral,0.00941,0.99059,0.0
6550,negative,1.0,0.0,0.0
6551,neutral,0.0,1.0,0.0
6552,negative,0.99242,0.00758,0.0
6553,neutral,0.0,1.0,0.0
6554,negative,0.96267,0.03733,1e-05
6555,neutral,0.06697,0.92451,0.00851
6556,negative,1.0,0.0,0.0
6557,neutral,0.26894,0.73106,0.0
6558,neutral,0.10062,0.89686,0.00252
6559,neutral,5e-05,0.99995,0.0
6560,positive,0.00059,0.0001,0.99931
6561,neutral,0.0001,0.9999,0.0
6562,negative,0.98028,0.01972,0.0
6563,neutral,0.14415,0.85585,0.0
6564,negative,0.99991,9e-05,0.0
6565,negative,0.62977,0.37023,0.0
6566,negative,0.53121,0.46879,0.0
6567,neutral,0.07158,0.92828,0.00013
6568,neutral,0.0,1.0,0.0
6569,negative,0.99998,2e-05,0.0
6570,negative,1.0,0.0,0.0
6571,positive,0.0,7e-05,0.99992
6572,neutral,0.0,1.0,0.0
6573,negative,1.0,0.0,0.0
6574,negative,0.99995,5e-05,0.0
6575,negative,0.70578,0.29421,1e-05
6576,neutral,0.0,1.0,0.0
6577,negative,1.0,0.0,0.0
6578,negative,0.9958,0.0042,0.0
6579,positive,0.0,0.0,1.0
6580,negative,0.86339,0.13661,0.0
6581,negative,0.98935,0.01065,0.0
6582,neutral,0.0,1.0,0.0
6583,negative,0.99996,4e-05,0.0
6584,negative,0.95532,0.04468,0.0
6585,negative,0.99975,0.00025,0.0
6586,negative,1.0,0.0,0.0
6587,neutral,1e-05,0.99999,0.0
6588,neutral,0.47658,0.52342,0.0
6589,negative,0.9679,0.0321,0.0
6590,positive,0.0001,0.0004,0.9995
6591,neutral,1e-05,0.99999,0.0
6592,positive,0.19682,1e-05,0.80317
6593,negative,0.98756,0.01243,1e-05
6594,positive,2e-05,0.0,0.99998
6595,positive,1e-05,0.0,0.99999
6596,negative,0.99973,0.00027,0.0
6597,neutral,0.02759,0.97241,0.0
6598,negative,0.99975,0.00025,0.0
6599,negative,1.0,0.0,0.0
6600,positive,0.35039,0.15548,0.49413
6601,negative,0.98504,0.01496,0.0
6602,negative,0.99927,0.00073,0.0
6603,negative,0.93439,0.0656,0.0
6604,neutral,0.02675,0.97283,0.00042
6605,neutral,0.0,0.99999,1e-05
6606,negative,1.0,0.0,0.0
6607,negative,1.0,0.0,0.0
6608,negative,0.99998,2e-05,0.0
6609,negative,1.0,0.0,0.0
6610,negative,0.65838,5e-05,0.34157
6611,neutral,0.00155,0.99845,0.0
6612,negative,1.0,0.0,0.0
