row,pred,p_negative,p_neutral,p_positive
0,negative,0.99999,1e-05,0.0
1,neutral,5e-05,0.99995,0.0
2,negative,0.90465,0.09535,0.0
3,negative,0.5,0.5,1e-05
4,neutral,0.0,1.0,0.0
5,neutral,1e-05,0.99999,0.0
6,neutral,0.0,1.0,0.0
7,neutral,2e-05,0.99998,0.0
8,negative,0.81757,0.18243,0.0
9,neutral,0.0,1.0,0.0
10,neutral,0.0,1.0,0.0
11,negative,1.0,0.0,0.0
12,neutral,0.0,1.0,0.0
13,neutral,0.0,1.0,0.0
14,neutral,0.0,1.0,0.0
15,neutral,0.00091,0.99909,0.0
16,negative,0.99997,3e-05,0.0
17,negative,0.9999,0.0001,0.0
18,neutral,0.37751,0.62241,8e-05
19,negative,0.99997,0.0,3e-05
20,positive,0.0,0.0,1.0
21,positive,7e-05,0.22268,0.77724
22,negative,1.0,0.0,0.0
23,negative,1.0,0.0,0.0
24,negative,1.0,0.0,0.0
25,neutral,0.09535,0.90464,1e-05
26,negative,0.9999,0.0001,0.0
27,neutral,0.00522,0.99478,0.0
28,negative,1.0,0.0,0.0
29,negative,1.0,0.0,0.0
30,neutral,6e-05,0.99994,0.0
31,positive,0.0,0.00091,0.99909
32,neutral,5e-05,0.99995,0.0
33,negative,0.99994,6e-05,0.0
34,neutral,3e-05,0.90462,0.09535
35,neutral,0.0007,0.98133,0.01797
36,negative,1.0,0.0,0.0
37,neutral,0.0,0.99994,6e-05
38,neutral,0.0,0.99957,0.00043
39,neutral,0.02931,0.97069,0.0
40,positive,0.0,0.0,0.99999
41,neutral,0.0,1.0,0.0
42,neutral,0.0,1.0,0.0
43,negative,0.98201,0.01799,0.0
44,neutral,0.0,1.0,0.0
45,neutral,0.0,0.99999,1e-05
46,neutral,0.00193,0.99807,0.0
47,neutral,0.0,1.0,0.0
48,positive,0.0,0.0,1.0
49,negative,1.0,0.0,0.0
50,negative,0.73101,0.26892,7e-05
51,neutral,0.0,1.0,0.0
52,negative,1.0,0.0,0.0
53,neutral,0.02931,0.97068,0.0
54,negative,0.99478,0.00522,0.0
55,neutral,0.00858,0.99142,0.0
56,neutral,0.09534,0.90457,9e-05
57,negative,1.0,0.0,0.0
58,neutral,0.01099,0.98901,0.0
59,neutral,0.00117,0.99863,0.0002
60,neutral,0.37754,0.62246,0.0
61,neutral,1e-05,0.99999,0.0
62,negative,0.88054,0.11917,0.0003
63,neutral,0.0,1.0,0.0
64,neutral,0.01799,0.98201,0.0
65,neutral,0.0,1.0,0.0
66,neutral,1e-05,0.99999,0.0
67,negative,1.0,0.0,0.0
68,positive,0.0,0.0,1.0
69,negative,1.0,0.0,0.0
70,negative,0.99996,4e-05,0.0
71,positive,0.0,0.0,1.0
72,negative,0.67917,0.32082,1e-05
73,positive,0.0,0.0,1.0
74,negative,0.99999,1e-05,0.0
75,neutral,0.37754,0.62246,0.0
76,negative,1.0,0.0,0.0
77,negative,1.0,0.0,0.0
78,neutral,0.1192,0.8808,0.0
79,negative,0.99807,0.00193,0.0
80,negative,0.93991,0.06009,0.0
81,neutral,0.0,1.0,0.0
82,positive,0.0,0.0,1.0
83,neutral,0.14666,0.84396,0.00938
84,neutral,0.00521,0.99329,0.00149
85,negative,1.0,0.0,0.0
86,neutral,0.0,1.0,0.0
87,neutral,5e-05,0.99995,0.0
88,negative,0.7773,0.2227,0.0
89,neutral,4e-05,0.99996,1e-05
90,neutral,0.0,1.0,0.0
91,neutral,0.26894,0.73106,0.0
92,neutral,6e-05,0.99993,1e-05
93,negative,0.93991,0.06009,0.0
94,positive,0.00013,0.37749,0.62238
95,neutral,1e-05,0.99999,0.0
96,negative,0.98201,0.01799,0.0
97,neutral,0.00055,0.99945,0.0
98,neutral,0.04743,0.95257,0.0
99,neutral,0.0,1.0,0.0
100,negative,1.0,0.0,0.0
101,negative,0.99988,0.00012,0.0
102,neutral,0.1192,0.88079,0.0
103,neutral,0.0,1.0,0.0
104,negative,1.0,0.0,0.0
105,negative,1.0,0.0,0.0
106,neutral,0.0,1.0,0.0
107,negative,0.99807,0.00193,1e-05
108,neutral,0.0,1.0,0.0
109,negative,0.90465,0.09535,0.0
110,negative,1.0,0.0,0.0
111,negative,0.9985,0.0015,0.0
112,negative,0.96267,0.03733,0.0
113,neutral,0.0,1.0,0.0
114,negative,0.8808,0.1192,0.0
115,neutral,0.0,1.0,0.0
116,neutral,0.0,1.0,0.0
117,neutral,0.0,1.0,0.0
118,neutral,0.02298,0.97702,0.0
119,negative,1.0,0.0,0.0
120,positive,3e-05,0.43781,0.56216
121,negative,0.99996,4e-05,0.0
122,neutral,0.02931,0.97069,0.0
123,negative,1.0,0.0,0.0
124,neutral,0.00116,0.98787,0.01097
125,positive,1e-05,0.18242,0.81757
126,negative,0.95257,0.04743,0.0
127,neutral,0.0,1.0,0.0
128,neutral,0.00317,0.99683,0.0
129,neutral,0.0,0.99807,0.00193
130,neutral,0.0,1.0,0.0
131,neutral,0.0,0.99996,4e-05
132,negative,0.99909,0.00091,0.0
133,neutral,0.0,1.0,0.0
134,negative,1.0,0.0,0.0
135,negative,0.99986,5e-05,0.0001
136,neutral,0.0,1.0,0.0
137,negative,0.92414,0.07586,0.0
138,neutral,0.0,1.0,0.0
139,neutral,2e-05,0.99998,0.0
140,negative,1.0,0.0,0.0
141,neutral,0.00016,0.99984,0.0
142,neutral,0.0,1.0,0.0
143,neutral,0.0001,0.99978,0.00012
144,neutral,0.00117,0.99883,0.0
145,neutral,0.26883,0.73076,0.0004
146,neutral,0.0,1.0,0.0
147,neutral,2e-05,0.99972,0.00026
148,positive,0.0,0.0,1.0
149,positive,0.0,0.0,1.0
150,neutral,0.0015,0.99849,1e-05
151,negative,1.0,0.0,0.0
152,negative,0.49998,0.49998,5e-05
153,positive,0.0,0.0,1.0
154,negative,1.0,0.0,0.0
155,negative,0.99997,3e-05,0.0
156,neutral,0.0,0.99999,0.0
157,negative,0.97069,0.02931,0.0
158,positive,6e-05,0.03732,0.96262
159,negative,0.99883,0.00117,0.0
160,neutral,0.00247,0.99751,1e-05
161,positive,3e-05,0.00055,0.99942
162,negative,0.73106,0.26894,0.0
163,negative,0.8511,0.1479,0.001
164,negative,0.97702,0.02298,0.0
165,neutral,0.0,1.0,0.0
166,neutral,0.0015,0.9985,0.0
167,positive,0.00187,0.02926,0.96887
168,negative,0.92413,0.07586,1e-05
169,neutral,0.00026,0.99974,0.0
170,neutral,2e-05,0.99998,0.0
171,positive,0.00075,0.49962,0.49962
172,negative,1.0,0.0,0.0
173,neutral,7e-05,0.99992,0.0
174,negative,1.0,0.0,0.0
175,neutral,0.0,1.0,0.0
176,negative,1.0,0.0,0.0
177,neutral,0.0,1.0,0.0
178,negative,0.9999,0.0001,0.0
179,neutral,0.00071,0.99612,0.00317
180,negative,0.90465,0.09535,0.0
181,negative,0.9999,0.0001,0.0
182,negative,0.99974,0.00026,0.0
183,neutral,0.01799,0.98201,1e-05
184,negative,1.0,0.0,0.0
185,positive,0.00021,0.37746,0.62233
186,negative,0.99881,0.00117,2e-05
187,neutral,0.0,1.0,0.0
188,neutral,0.00522,0.99435,0.00043
189,positive,0.0,0.0,1.0
190,positive,0.0,0.0,1.0
191,positive,0.00025,0.03732,0.96243
192,neutral,0.37754,0.62245,1e-05
193,neutral,0.00068,0.95193,0.04739
194,negative,1.0,0.0,0.0
195,neutral,0.0003,0.88054,0.11917
196,neutral,1e-05,0.99999,0.0
197,neutral,2e-05,0.99996,2e-05
198,negative,1.0,0.0,0.0
199,neutral,0.00091,0.99909,0.0
200,neutral,0.00071,0.99929,0.0
201,positive,0.00019,0.04742,0.95239
202,neutral,0.0,1.0,0.0
203,negative,0.99331,0.00669,0.0
204,negative,0.98594,0.01406,0.0
205,negative,0.56218,0.43782,0.0
206,negative,0.98592,0.01406,2e-05
207,neutral,7e-05,0.99992,0.0
208,neutral,0.00026,0.99974,0.0
209,neutral,0.06009,0.93989,3e-05
210,negative,0.99929,0.00071,0.0
211,neutral,0.22269,0.77725,6e-05
212,neutral,1e-05,0.99999,0.0
213,negative,0.99999,1e-05,0.0
214,neutral,0.0,1.0,0.0
215,positive,0.0,0.0,1.0
216,positive,1e-05,0.0001,0.9999
217,neutral,0.04743,0.95257,0.0
218,negative,0.96267,0.03733,0.0
219,negative,1.0,0.0,0.0
220,neutral,0.0,0.99999,1e-05
221,positive,3e-05,0.14804,0.85193
222,negative,0.99478,0.00522,0.0
223,negative,0.99945,0.00055,0.0
224,negative,0.9999,0.0001,0.0
225,positive,0.00033,0.00193,0.99774
226,neutral,0.01406,0.98578,0.00016
227,neutral,0.0,1.0,0.0
228,neutral,0.0,1.0,0.0
229,neutral,0.0,1.0,0.0
230,negative,1.0,0.0,0.0
231,neutral,0.0,1.0,0.0
232,neutral,0.0,1.0,0.0
233,neutral,0.37751,0.62241,8e-05
234,neutral,0.00012,0.9974,0.00247
235,neutral,0.00026,0.99974,0.0
236,negative,0.99999,1e-05,0.0
237,negative,0.99987,0.00012,0.0
238,neutral,0.01406,0.98584,9e-05
239,neutral,0.0,1.0,0.0
240,negative,1.0,0.0,0.0
241,neutral,0.09535,0.90465,0.0
242,negative,1.0,0.0,0.0
243,negative,0.97069,0.02931,0.0
244,neutral,0.0,1.0,0.0
245,negative,0.99142,0.00858,0.0
246,positive,4e-05,0.03733,0.96263
247,positive,0.0,0.0,1.0
248,neutral,0.00034,0.99966,0.0
249,neutral,0.00026,0.99117,0.00858
250,negative,0.99909,0.00091,0.0
251,neutral,0.43782,0.56218,0.0
252,neutral,0.0001,0.9999,0.0
253,negative,0.76388,0.13274,0.10338
254,neutral,0.00192,0.99691,0.00117
255,neutral,6e-05,0.97697,0.02298
256,neutral,0.00407,0.99593,0.0
257,neutral,1e-05,0.99999,0.0
258,neutral,0.0,1.0,0.0
259,positive,0.0,0.0,1.0
260,positive,0.0,0.0,1.0
261,negative,0.99994,6e-05,0.0
262,neutral,0.26894,0.73106,0.0
263,negative,1.0,0.0,0.0
264,negative,0.98197,0.01799,4e-05
265,negative,1.0,0.0,0.0
266,neutral,0.0,1.0,0.0
267,negative,1.0,0.0,0.0
268,neutral,0.00055,0.99945,0.0
269,negative,1.0,0.0,0.0
270,neutral,0.0,1.0,0.0
271,neutral,0.00012,0.99988,0.0
272,negative,0.60446,0.17318,0.22237
273,neutral,0.02931,0.97069,0.0
274,neutral,0.37754,0.62246,0.0
275,negative,1.0,0.0,0.0
276,negative,0.99996,4e-05,0.0
277,neutral,0.00858,0.99142,0.0
278,neutral,7e-05,0.99992,0.0
279,neutral,1e-05,0.99984,0.00016
280,negative,0.99683,0.00317,0.0
281,neutral,0.2227,0.7773,0.0
282,negative,0.9999,0.0001,0.0
283,neutral,0.0,1.0,0.0
284,negative,0.96266,0.03733,1e-05
285,negative,0.99995,5e-05,0.0
286,neutral,0.0,1.0,0.0
287,negative,0.9999,0.0001,0.0
288,negative,1.0,0.0,0.0
289,neutral,0.0001,0.49995,0.49995
290,negative,1.0,0.0,0.0
291,positive,1e-05,0.0,0.99999
292,negative,1.0,0.0,0.0
293,neutral,0.0,1.0,0.0
294,neutral,7e-05,0.97062,0.02931
295,negative,1.0,0.0,0.0
296,neutral,2e-05,0.99998,0.0
297,positive,0.00238,0.03724,0.96038
298,negative,0.9998,0.0002,0.0
299,negative,0.98593,0.01406,0.0
300,neutral,0.0,1.0,0.0
301,negative,0.67918,0.32082,0.0
302,neutral,0.0,1.0,0.0
303,neutral,0.0,1.0,0.0
304,neutral,0.0,1.0,0.0
305,neutral,0.0,1.0,0.0
306,neutral,0.0,1.0,0.0
307,neutral,2e-05,0.99988,0.0001
308,neutral,0.3208,0.67913,7e-05
309,neutral,0.0,1.0,0.0
310,negative,0.99988,0.0,0.00012
311,neutral,0.00114,0.96959,0.02928
312,negative,0.9985,0.0015,0.0
313,negative,0.99998,2e-05,0.0
314,negative,1.0,0.0,0.0
315,negative,1.0,0.0,0.0
316,neutral,0.37748,0.62236,0.00016
317,neutral,0.0,1.0,0.0
318,neutral,0.0,1.0,0.0
319,neutral,0.0,1.0,0.0
320,neutral,0.0,1.0,0.0
321,neutral,0.0002,0.9998,0.0
322,neutral,0.02931,0.97069,0.0
323,neutral,0.0,1.0,0.0
324,neutral,0.00067,0.93929,0.06005
325,positive,0.0,0.0,1.0
326,negative,0.96267,0.03733,0.0
327,neutral,0.26894,0.73106,0.0
328,neutral,0.0,1.0,0.0
329,negative,0.99909,0.00091,0.0
330,negative,1.0,0.0,0.0
331,neutral,0.01406,0.98593,0.0
332,neutral,1e-05,0.99999,0.0
333,negative,0.99994,6e-05,0.0
334,positive,0.0,0.0,1.0
335,negative,1.0,0.0,0.0
336,negative,0.67918,0.32082,0.0
337,negative,0.99996,4e-05,0.0
338,negative,0.99999,1e-05,0.0
339,neutral,0.0002,0.9998,0.0
340,neutral,0.0,1.0,0.0
341,neutral,0.0,1.0,0.0
342,neutral,3e-05,0.99997,0.0
343,neutral,0.00139,0.56139,0.43721
344,negative,0.99992,7e-05,0.0
345,neutral,0.0,1.0,0.0
346,neutral,1e-05,0.99999,0.0
347,neutral,6e-05,0.99994,0.0
348,neutral,7e-05,0.99992,0.0
349,positive,0.0,0.0,1.0
350,negative,1.0,0.0,0.0
351,neutral,0.0,1.0,0.0
352,negative,0.99999,1e-05,0.0
353,positive,0.00082,0.09527,0.9039
354,positive,0.00019,0.06008,0.93973
355,neutral,0.0002,0.9998,0.0
356,negative,1.0,0.0,0.0
357,neutral,4e-05,0.99991,5e-05
358,neutral,0.0,1.0,0.0
359,negative,1.0,0.0,0.0
360,neutral,0.0,1.0,0.0
361,neutral,1e-05,0.99999,0.0
362,neutral,0.03733,0.96267,1e-05
363,positive,0.00079,0.32057,0.67864
364,neutral,0.32083,0.67917,0.0
365,positive,0.0,0.0,1.0
366,neutral,0.00317,0.99683,0.0
367,neutral,0.0015,0.9985,0.0
368,negative,0.98594,0.01406,0.0
369,neutral,0.0,1.0,0.0
370,neutral,0.0,1.0,0.0
371,negative,0.98901,0.01099,0.0
372,negative,1.0,0.0,0.0
373,negative,1.0,0.0,0.0
374,neutral,0.00034,0.99962,5e-05
375,negative,0.88079,0.1192,1e-05
376,neutral,2e-05,0.99996,2e-05
377,negative,1.0,0.0,0.0
378,neutral,0.18243,0.81757,0.0
379,negative,1.0,0.0,0.0
380,positive,0.0,0.0,1.0
381,negative,1.0,0.0,0.0
382,positive,0.0,0.0,1.0
383,neutral,4e-05,0.99996,0.0
384,negative,0.99331,0.00669,0.0
385,neutral,0.0012,0.62171,0.37709
386,negative,1.0,0.0,0.0
387,negative,0.9767,0.02297,0.00033
388,neutral,0.26894,0.73106,0.0
389,negative,0.99753,0.00247,0.0
390,neutral,2e-05,0.99991,7e-05
391,neutral,0.0,1.0,0.0
392,negative,1.0,0.0,0.0
393,negative,0.5,0.5,0.0
394,negative,0.99995,5e-05,0.0
395,negative,1.0,0.0,0.0
396,neutral,0.0,1.0,0.0
397,neutral,0.00033,0.99649,0.00317
398,negative,0.99478,0.00522,0.0
399,negative,0.99996,4e-05,1e-05
400,neutral,0.0,1.0,0.0
401,negative,1.0,0.0,0.0
402,positive,0.0,0.0,1.0
403,neutral,0.00012,0.9398,0.06008
404,neutral,0.4378,0.56215,5e-05
405,neutral,0.00117,0.99871,0.00012
406,neutral,3e-05,0.99994,4e-05
407,neutral,0.0,1.0,0.0
408,neutral,0.0,1.0,0.0
409,positive,7e-05,0.0,0.99993
410,positive,0.0,0.0,1.0
411,neutral,0.0,1.0,0.0
412,negative,0.5,0.5,0.0
413,negative,0.90464,0.09535,1e-05
414,neutral,0.00034,0.99966,0.0
415,negative,0.99999,1e-05,0.0
416,neutral,1e-05,0.99999,0.0
417,neutral,0.04743,0.95257,0.0
418,positive,0.0,0.0,1.0
419,neutral,0.0,1.0,0.0
420,neutral,0.00536,0.61912,0.37552
421,neutral,0.0,1.0,0.0
422,negative,1.0,0.0,0.0
423,neutral,0.0,1.0,0.0
424,negative,0.5,0.5,0.0
425,neutral,0.00522,0.99478,0.0
426,neutral,0.01406,0.98552,0.00042
427,positive,0.0,0.00117,0.99883
428,neutral,2e-05,0.99998,0.0
429,neutral,0.00247,0.99753,0.0
430,neutral,0.00012,0.99988,0.0
431,negative,0.98588,0.01406,6e-05
432,positive,0.0,0.00071,0.99929
433,positive,0.0,0.0,1.0
434,neutral,0.0,1.0,0.0
435,neutral,0.0,1.0,0.0
436,negative,1.0,0.0,0.0
437,neutral,0.00669,0.99331,0.0
438,negative,1.0,0.0,0.0
439,neutral,0.18234,0.8172,0.00045
440,neutral,0.0,1.0,0.0
441,neutral,0.0,1.0,0.0
442,neutral,0.0,1.0,0.0
443,positive,9e-05,0.02298,0.97693
444,neutral,0.0015,0.9985,0.0
445,neutral,0.0,1.0,0.0
446,neutral,0.0,1.0,0.0
447,neutral,0.0,1.0,0.0
448,negative,0.92414,0.07586,0.0
449,neutral,0.0,1.0,0.0
450,neutral,0.0,0.99807,0.00193
451,neutral,0.0944,0.89565,0.00995
452,neutral,0.0,1.0,0.0
453,neutral,0.0,1.0,0.0
454,neutral,0.07586,0.92414,0.0
455,neutral,0.00317,0.99683,0.0
456,negative,0.99142,0.00858,0.0
457,negative,1.0,0.0,0.0
458,neutral,0.0,1.0,0.0
459,neutral,0.0,1.0,0.0
460,negative,0.9933,0.00669,0.0
461,neutral,0.02298,0.97698,4e-05
462,neutral,0.0,1.0,0.0
463,negative,0.99999,0.0,0.0
464,negative,0.85155,0.14798,0.00047
465,neutral,0.0,1.0,0.0
466,neutral,0.0,1.0,0.0
467,neutral,0.00026,0.99974,0.0
468,neutral,6e-05,0.99994,0.0
469,negative,1.0,0.0,0.0
470,positive,0.0,0.0,1.0
471,neutral,0.0,1.0,0.0
472,neutral,0.0,1.0,0.0
473,negative,0.62245,0.37754,1e-05
474,positive,0.0,0.0001,0.9999
475,positive,0.0,0.0,1.0
476,neutral,0.14805,0.85195,0.0
477,neutral,7e-05,0.99993,0.0
478,neutral,0.0,0.99478,0.00522
479,neutral,0.01799,0.98201,0.0
480,negative,0.99957,0.00043,0.0
481,positive,0.0,0.0,1.0
482,neutral,0.00407,0.99593,0.0
483,neutral,0.0,1.0,0.0
484,negative,1.0,0.0,0.0
485,negative,1.0,0.0,0.0
486,positive,0.0,0.0,1.0
487,neutral,6e-05,0.99994,0.0
488,negative,0.5,0.5,0.0
489,neutral,0.0,1.0,0.0
490,neutral,0.0015,0.9985,0.0
491,neutral,0.26894,0.73105,1e-05
492,positive,0.0,0.0,1.0
493,neutral,0.0,1.0,0.0
494,neutral,0.00043,0.99931,0.00026
495,neutral,0.00071,0.99929,0.0
496,negative,0.90464,0.09535,1e-05
497,neutral,0.00154,0.6215,0.37696
498,neutral,0.0,1.0,0.0
499,neutral,2e-05,0.99998,0.0
500,neutral,0.01406,0.98593,0.0
501,neutral,0.00052,0.93942,0.06006
502,neutral,0.0,1.0,0.0
503,negative,1.0,0.0,0.0
504,negative,1.0,0.0,0.0
505,neutral,1e-05,0.99999,0.0
506,neutral,0.00117,0.99883,0.0
507,neutral,0.0,1.0,0.0
508,negative,0.99997,3e-05,0.0
509,neutral,1e-05,0.99999,0.0
510,negative,0.85195,0.14805,0.0
511,neutral,0.0,1.0,0.0
512,neutral,0.00664,0.98484,0.00852
513,neutral,0.0,1.0,0.0
514,neutral,0.0,1.0,0.0
515,neutral,0.0,1.0,0.0
516,neutral,0.0001,0.99957,0.00034
517,negative,1.0,0.0,0.0
518,positive,0.00139,0.43721,0.56139
519,positive,0.0,0.0,1.0
520,negative,0.99593,0.00407,0.0
521,neutral,0.0,1.0,0.0
522,neutral,0.0,1.0,0.0
523,neutral,0.0,1.0,0.0
524,neutral,0.00055,0.9854,0.01406
525,positive,2e-05,0.49999,0.49999
526,positive,0.03271,0.31033,0.65696
527,negative,1.0,0.0,0.0
528,negative,0.7773,0.2227,0.0
529,neutral,2e-05,0.99998,0.0
530,neutral,0.00071,0.99928,1e-05
531,neutral,0.00669,0.99327,4e-05
532,neutral,0.00522,0.99478,0.0
533,neutral,0.00016,0.98578,0.01406
534,neutral,0.0,1.0,0.0
535,neutral,0.0,1.0,0.0
536,negative,1.0,0.0,0.0
537,negative,0.99331,0.00669,0.0
538,negative,0.99928,0.00071,1e-05
539,negative,1.0,0.0,0.0
540,negative,0.99883,0.00117,0.0
541,negative,0.97702,0.02298,0.0
542,neutral,0.32082,0.67917,0.0
543,neutral,0.0,1.0,0.0
544,negative,1.0,0.0,0.0
545,neutral,6e-05,0.99994,0.0
546,neutral,0.00522,0.99477,1e-05
547,negative,0.99966,0.00034,0.0
548,negative,0.88079,0.1192,0.0
549,negative,0.7773,0.2227,0.0
550,neutral,0.0,1.0,0.0
551,neutral,0.0,1.0,0.0
552,negative,1.0,0.0,0.0
553,neutral,0.00071,0.99929,0.0
554,negative,0.98901,0.01099,0.0
555,neutral,0.0,1.0,0.0
556,negative,1.0,0.0,0.0
557,neutral,0.0,1.0,0.0
558,neutral,0.32082,0.67918,0.0
559,negative,0.83059,0.14433,0.02508
560,negative,1.0,0.0,0.0
561,negative,0.93989,0.06009,2e-05
562,negative,1.0,0.0,0.0
563,neutral,1e-05,0.99999,0.0
564,neutral,0.1824,0.81747,0.00013
565,negative,1.0,0.0,0.0
566,negative,0.97069,0.02931,0.0
567,neutral,0.02298,0.97702,0.0
568,negative,1.0,0.0,0.0
569,negative,1.0,0.0,0.0
570,neutral,0.02931,0.97069,0.0
571,neutral,0.00071,0.99929,0.0
572,negative,0.99984,0.00016,0.0
573,negative,0.98594,0.01406,0.0
574,negative,1.0,0.0,0.0
575,neutral,0.00858,0.99142,0.0
576,neutral,0.0,1.0,0.0
577,neutral,0.00071,0.99896,0.00034
578,negative,1.0,0.0,0.0
579,negative,0.99945,0.00055,0.0
580,neutral,0.0,1.0,0.0
581,negative,0.96267,0.03733,0.0
582,neutral,0.21216,0.7405,0.04734
583,neutral,0.00407,0.99593,0.0
584,neutral,6e-05,0.8519,0.14804
585,neutral,0.0,1.0,0.0
586,neutral,0.09535,0.90465,0.0
587,neutral,0.0,1.0,0.0
588,neutral,0.00117,0.99882,1e-05
589,neutral,0.00054,0.98148,0.01798
590,negative,1.0,0.0,0.0
591,neutral,1e-05,0.99999,0.0
592,neutral,0.00669,0.99315,0.00016
593,neutral,0.0,1.0,0.0
594,negative,1.0,0.0,0.0
595,negative,0.98594,0.01406,0.0
596,neutral,0.00016,0.99984,0.0
597,neutral,0.01404,0.98406,0.0019
598,neutral,0.0,1.0,0.0
599,neutral,0.02298,0.977,2e-05
600,neutral,0.00407,0.99593,0.0
601,negative,1.0,0.0,0.0
602,negative,0.99997,3e-05,0.0
603,neutral,0.0,1.0,0.0
604,neutral,5e-05,0.99995,0.0
605,neutral,0.0,1.0,0.0
606,negative,0.8808,0.1192,0.0
607,neutral,0.0,1.0,0.0
608,neutral,0.0,1.0,0.0
609,neutral,0.03733,0.96267,0.0
610,neutral,0.00091,0.99909,0.0
611,positive,3e-05,0.00055,0.99942
612,neutral,3e-05,0.9999,7e-05
613,neutral,0.0,1.0,0.0
614,neutral,0.0,1.0,0.0
615,neutral,0.26894,0.73106,0.0
616,negative,0.99683,0.00317,0.0
617,neutral,0.43511,0.55868,0.00621
618,negative,0.62246,0.37754,0.0
619,negative,1.0,0.0,0.0
620,neutral,0.0,1.0,0.0
621,neutral,0.0002,0.9998,0.0
622,negative,1.0,0.0,0.0
623,neutral,0.0,1.0,0.0
624,negative,0.97065,0.02931,4e-05
625,negative,0.56217,0.43782,1e-05
626,negative,0.99807,0.00193,0.0
627,positive,1e-05,7e-05,0.99992
628,neutral,0.0,1.0,0.0
629,negative,0.73106,0.26894,0.0
630,neutral,5e-05,0.99995,0.0
631,negative,0.99753,0.00247,0.0
632,neutral,0.00522,0.99477,1e-05
633,neutral,0.0,1.0,0.0
634,neutral,0.00026,0.99974,0.0
635,negative,1.0,0.0,0.0
636,negative,1.0,0.0,0.0
637,negative,0.99593,0.00407,0.0
638,negative,1.0,0.0,0.0
639,negative,0.67918,0.32082,0.0
640,neutral,1e-05,0.99999,0.0
641,neutral,0.00117,0.99828,0.00055
642,positive,0.0,0.0,1.0
643,neutral,1e-05,0.99999,0.0
644,neutral,0.0015,0.9985,0.0
645,neutral,0.00055,0.99945,0.0
646,neutral,0.18243,0.81757,0.0
647,neutral,0.03733,0.96267,0.0
648,neutral,0.00012,0.99988,0.0
649,negative,0.9985,0.0015,0.0
650,neutral,2e-05,0.99982,0.00016
651,negative,0.99944,0.00055,0.0
652,neutral,0.37754,0.62246,0.0
653,negative,0.98594,0.01406,0.0
654,neutral,0.0015,0.9985,0.0
655,neutral,0.0001,0.9999,0.0
656,positive,5e-05,0.26893,0.73102
657,neutral,0.00016,0.99984,0.0
658,neutral,0.18243,0.81757,0.0
659,neutral,0.01406,0.98594,0.0
660,negative,1.0,0.0,0.0
661,negative,1.0,0.0,0.0
662,neutral,0.0,1.0,0.0
663,positive,0.0,0.0,1.0
664,negative,1.0,0.0,0.0
665,negative,1.0,0.0,0.0
666,neutral,4e-05,0.99996,0.0
667,neutral,0.32082,0.67917,1e-05
668,negative,0.95257,0.04743,0.0
669,negative,1.0,0.0,0.0
670,positive,5e-05,0.0015,0.99845
671,negative,0.99929,0.00071,0.0
672,negative,1.0,0.0,0.0
673,negative,0.99806,0.00193,1e-05
674,neutral,1e-05,0.99999,0.0
675,negative,1.0,0.0,0.0
676,neutral,0.00026,0.99117,0.00858
677,neutral,0.00055,0.99945,0.0
678,neutral,0.0002,0.9998,0.0
679,negative,0.92414,0.07586,0.0
680,neutral,1e-05,0.99993,6e-05
681,neutral,0.0015,0.99849,1e-05
682,neutral,0.0,1.0,0.0
683,negative,1.0,0.0,0.0
684,neutral,0.0,1.0,0.0
685,positive,0.0,0.0,1.0
686,negative,1.0,0.0,0.0
687,positive,0.00317,0.0,0.99683
688,negative,1.0,0.0,0.0
689,neutral,0.01099,0.98901,0.0
690,neutral,0.37748,0.62236,0.00016
691,neutral,0.00317,0.99683,0.0
692,neutral,0.0015,0.9985,0.0
693,negative,0.99476,0.00522,2e-05
694,negative,0.73106,0.26894,0.0
695,negative,0.60779,0.36864,0.02357
696,negative,0.62246,0.37754,0.0
697,negative,0.98901,0.01099,0.0
698,neutral,1e-05,0.99999,0.0
699,neutral,0.32082,0.67918,0.0
700,negative,0.7773,0.2227,0.0
701,neutral,0.0,1.0,0.0
702,positive,6e-05,0.0015,0.99844
703,neutral,0.00858,0.99142,1e-05
704,neutral,0.0,1.0,0.0
705,neutral,2e-05,0.99998,0.0
706,neutral,0.0,1.0,0.0
707,negative,0.99998,2e-05,0.0
708,neutral,0.09535,0.90465,0.0
709,neutral,1e-05,0.99999,0.0
710,negative,0.99994,6e-05,0.0
711,negative,0.99994,6e-05,0.0
712,positive,0.0,0.0,1.0
713,neutral,0.0,1.0,0.0
714,negative,1.0,0.0,0.0
715,negative,1.0,0.0,0.0
716,positive,0.00012,0.00669,0.99319
717,neutral,0.0,1.0,0.0
718,positive,0.00084,0.43745,0.5617
719,neutral,0.0015,0.9985,0.0
720,neutral,0.0,1.0,0.0
721,neutral,0.0,1.0,0.0
722,negative,1.0,0.0,0.0
723,negative,0.98201,0.01799,0.0
724,neutral,0.0,1.0,0.0
725,neutral,0.0,1.0,0.0
726,negative,0.99997,3e-05,0.0
727,neutral,0.32082,0.67918,0.0
728,neutral,0.1192,0.8808,0.0
729,neutral,0.03733,0.96267,0.0
730,neutral,0.0,1.0,0.0
731,neutral,0.0,1.0,0.0
732,negative,0.56217,0.43782,1e-05
733,negative,0.98201,0.01799,0.0
734,negative,0.99994,6e-05,0.0
735,neutral,0.00193,0.99807,0.0
736,neutral,0.03733,0.96267,0.0
737,negative,0.5741,0.3482,0.0777
738,negative,0.99956,0.00043,1e-05
739,negative,1.0,0.0,0.0
740,negative,0.49999,0.49999,1e-05
741,neutral,0.11905,0.87963,0.00132
742,positive,0.0,0.0,1.0
743,neutral,1e-05,0.99752,0.00247
744,negative,0.99846,0.0015,4e-05
745,neutral,3e-05,0.99997,0.0
746,neutral,0.0,1.0,0.0
747,negative,0.99909,0.00091,0.0
748,neutral,0.0,1.0,0.0
749,negative,1.0,0.0,0.0
750,neutral,0.0015,0.9985,0.0
751,neutral,0.0,1.0,0.0
752,negative,0.99974,0.00026,0.0
753,neutral,0.00192,0.99561,0.00247
754,negative,1.0,0.0,0.0
755,positive,0.0,0.0,1.0
756,neutral,0.00026,0.99974,0.0
757,positive,0.00192,0.00317,0.99491
758,negative,1.0,0.0,0.0
759,neutral,0.0,1.0,0.0
760,neutral,0.00043,0.99435,0.00522
761,neutral,0.00016,0.99984,0.0
762,positive,0.0,0.01799,0.98201
763,neutral,0.32082,0.67918,0.0
764,neutral,0.0,0.99999,0.0
765,neutral,0.0,1.0,0.0
766,neutral,0.00456,0.67608,0.31936
767,neutral,2e-05,0.99998,0.0
768,positive,0.0,0.0,1.0
769,neutral,0.00858,0.99142,0.0
770,negative,0.90465,0.09535,0.0
771,neutral,0.00043,0.99957,0.0
772,negative,0.97702,0.02298,0.0
773,negative,1.0,0.0,0.0
774,neutral,1e-05,0.99999,0.0
775,positive,0.0,0.0,1.0
776,positive,1e-05,0.14805,0.85194
777,neutral,0.0,1.0,0.0
778,neutral,0.00026,0.99973,1e-05
779,negative,1.0,0.0,0.0
780,neutral,0.3208,0.67912,8e-05
781,neutral,0.0,1.0,0.0
782,neutral,0.0,1.0,0.0
783,neutral,0.26894,0.73105,0.0
784,neutral,0.0,1.0,0.0
785,neutral,1e-05,0.99999,0.0
786,neutral,0.0,1.0,0.0
787,neutral,0.0,1.0,0.0
788,neutral,0.09535,0.90465,0.0
789,neutral,5e-05,0.99748,0.00247
790,neutral,0.0,1.0,0.0
791,negative,0.97702,0.02298,0.0
792,neutral,0.0,1.0,0.0
793,neutral,0.0,1.0,0.0
794,neutral,0.0,1.0,0.0
795,negative,1.0,0.0,0.0
796,negative,0.98594,0.01406,0.0
797,neutral,0.00117,0.99883,0.0
798,neutral,0.31578,0.6685,0.01572
799,neutral,0.0,1.0,0.0
800,neutral,0.0,1.0,0.0
801,negative,1.0,0.0,0.0
802,neutral,1e-05,0.99999,0.0
803,neutral,0.0,1.0,0.0
804,negative,1.0,0.0,0.0
805,positive,0.00306,0.14759,0.84934
806,neutral,2e-05,0.99998,0.0
807,neutral,0.00669,0.99331,0.0
808,negative,1.0,0.0,0.0
809,negative,0.99957,0.00043,0.0
810,negative,0.9399,0.06009,1e-05
811,neutral,0.0,1.0,0.0
812,positive,0.0,0.0,1.0
813,neutral,4e-05,0.99996,0.0
814,neutral,0.0,1.0,0.0
815,neutral,3e-05,0.99997,0.0
816,neutral,0.00669,0.9933,0.0
817,neutral,0.02931,0.97069,0.0
818,negative,1.0,0.0,0.0
819,neutral,0.0002,0.9998,0.0
820,negative,0.99999,1e-05,0.0
821,neutral,0.0,1.0,0.0
822,neutral,1e-05,0.99978,0.0002
823,positive,0.0,0.0,1.0
824,neutral,0.00071,0.99929,0.0
825,neutral,0.0,1.0,0.0
826,negative,1.0,0.0,0.0
827,neutral,0.0,1.0,0.0
828,negative,0.99478,0.00522,0.0
829,negative,1.0,0.0,0.0
830,negative,0.9933,0.00669,0.0
831,neutral,0.04743,0.95257,0.0
832,neutral,2e-05,0.99927,0.00071
833,positive,0.0,0.0,1.0
834,neutral,0.00117,0.9984,0.00043
835,neutral,7e-05,0.99993,0.0
836,neutral,0.00034,0.99966,0.0
837,neutral,0.0,1.0,0.0
838,negative,0.99142,0.00858,0.0
839,neutral,0.0,1.0,0.0
840,neutral,4e-05,0.99996,0.0
841,neutral,0.0,1.0,0.0
842,neutral,0.01406,0.98593,1e-05
843,neutral,0.0,1.0,0.0
844,negative,0.98594,0.01406,0.0
845,neutral,0.0,1.0,0.0
846,negative,0.67918,0.32082,0.0
847,negative,0.99803,0.00193,5e-05
848,negative,1.0,0.0,0.0
849,neutral,5e-05,0.99995,0.0
850,neutral,0.0,1.0,0.0
851,neutral,0.0007,0.98133,0.01797
852,negative,1.0,0.0,0.0
853,negative,0.99909,0.00091,0.0
854,negative,0.99997,3e-05,0.0
855,negative,0.99998,2e-05,0.0
856,negative,1.0,0.0,0.0
857,neutral,0.0,1.0,0.0
858,negative,1.0,0.0,0.0
859,neutral,0.0,1.0,0.0
860,neutral,0.0,1.0,0.0
861,negative,0.99998,2e-05,0.0
862,neutral,0.0,1.0,0.0
863,neutral,0.02214,0.94136,0.0365
864,neutral,0.00055,0.99945,0.0
865,neutral,0.31776,0.67265,0.00959
866,neutral,1e-05,0.99999,0.0
867,negative,1.0,0.0,0.0
868,neutral,0.01799,0.98201,0.0
869,neutral,0.00043,0.99957,0.0
870,neutral,0.02931,0.97069,0.0
871,negative,0.90465,0.09535,0.0
872,negative,0.99331,0.00669,0.0
873,neutral,7e-05,0.99993,0.0
874,negative,1.0,0.0,0.0
875,neutral,3e-05,0.99997,0.0
876,neutral,1e-05,0.99999,0.0
877,neutral,0.0,1.0,0.0
878,negative,0.97068,0.02931,1e-05
879,neutral,0.0,1.0,0.0
880,neutral,0.00193,0.99807,0.0
881,neutral,0.0,1.0,0.0
882,neutral,1e-05,0.99999,0.0
883,neutral,0.09518,0.90307,0.00174
884,neutral,0.0,1.0,0.0
885,neutral,0.0,1.0,0.0
886,negative,1.0,0.0,0.0
887,negative,0.9999,0.0001,0.0
888,neutral,1e-05,0.99999,0.0
889,neutral,0.01799,0.98201,0.0
890,neutral,0.00026,0.99954,0.0002
891,neutral,3e-05,0.99997,0.0
892,neutral,0.02931,0.97069,0.0
893,negative,1.0,0.0,0.0
894,neutral,0.0,1.0,0.0
895,neutral,0.0,1.0,0.0
896,positive,8e-05,0.37751,0.62241
897,neutral,0.0,1.0,0.0
898,neutral,0.18243,0.81757,0.0
899,neutral,1e-05,0.99999,0.0
900,positive,0.0,0.0,1.0
901,neutral,0.0,1.0,0.0
902,neutral,0.0,1.0,0.0
903,neutral,0.0,1.0,0.0
904,negative,1.0,0.0,0.0
905,neutral,0.0,1.0,0.0
906,neutral,0.01099,0.98899,3e-05
907,neutral,0.0,1.0,0.0
908,negative,1.0,0.0,0.0
909,neutral,0.0002,0.9998,0.0
910,neutral,0.0,1.0,0.0
911,neutral,0.00043,0.99957,0.0
912,negative,0.99999,1e-05,0.0
913,neutral,0.0,1.0,0.0
914,neutral,1e-05,0.99999,0.0
915,neutral,5e-05,0.99975,0.0002
916,negative,0.93991,0.06009,0.0
917,negative,1.0,0.0,0.0
918,neutral,0.43782,0.56218,0.0
919,negative,0.99752,0.00247,1e-05
920,negative,1.0,0.0,0.0
921,neutral,0.01099,0.98901,0.0
922,neutral,0.00091,0.99909,0.0
923,negative,1.0,0.0,0.0
924,negative,0.67918,0.32082,0.0
925,negative,1.0,0.0,0.0
926,neutral,2e-05,0.99998,0.0
927,neutral,0.0,1.0,0.0
928,negative,0.99999,1e-05,0.0
929,neutral,0.0,1.0,0.0
930,neutral,0.0,1.0,0.0
931,neutral,3e-05,0.99997,0.0
932,negative,1.0,0.0,0.0
933,negative,1.0,0.0,0.0
934,neutral,0.01799,0.98201,0.0
935,neutral,0.0,1.0,0.0
936,positive,0.00218,0.11894,0.87888
937,neutral,0.1192,0.8808,0.0
938,neutral,0.00053,0.95207,0.0474
939,neutral,0.26894,0.73106,0.0
940,neutral,0.00026,0.99974,0.0
941,negative,0.99141,0.00858,1e-05
942,neutral,0.0,1.0,0.0
943,neutral,2e-05,0.99998,0.0
944,neutral,1e-05,0.99999,0.0
945,negative,0.99996,4e-05,0.0
946,neutral,0.0668,0.63381,0.29939
947,positive,1e-05,0.00091,0.99908
948,negative,0.99995,5e-05,0.0
949,neutral,2e-05,0.99997,0.0
950,negative,0.99683,0.00317,0.0
951,negative,0.98201,0.01799,0.0
952,neutral,0.0,1.0,0.0
953,neutral,0.00055,0.99945,0.0
954,positive,0.0,0.0,1.0
955,neutral,0.1824,0.81748,0.00011
956,neutral,0.43782,0.56218,0.0
957,negative,0.99966,0.00034,0.0
958,neutral,0.0,1.0,0.0
959,neutral,4e-05,0.99996,0.0
960,negative,0.99957,0.00043,0.0
961,neutral,0.0,1.0,0.0
962,positive,0.0,0.00117,0.99883
963,negative,1.0,0.0,0.0
964,negative,1.0,0.0,0.0
965,negative,0.85195,0.14805,0.0
966,neutral,4e-05,0.99996,0.0
967,negative,0.99994,6e-05,0.0
968,negative,1.0,0.0,0.0
969,neutral,0.11805,0.87226,0.00969
970,negative,0.95257,0.04743,0.0
971,neutral,0.0002,0.9998,0.0
972,neutral,0.0,1.0,0.0
973,positive,0.0,0.0,1.0
974,negative,0.67918,0.32081,1e-05
975,neutral,0.0002,0.9998,0.0
976,negative,0.99999,1e-05,0.0
977,neutral,1e-05,0.99956,0.00043
978,neutral,0.0,1.0,0.0
979,neutral,0.26894,0.73106,0.0
980,negative,1.0,0.0,0.0
981,neutral,0.0,1.0,0.0
982,neutral,0.0,1.0,0.0
983,neutral,0.04743,0.95257,0.0
984,negative,0.85195,0.14805,0.0
985,positive,0.0015,0.00117,0.99733
986,neutral,1e-05,0.49999,0.49999
987,neutral,0.00026,0.99974,0.0
988,positive,0.0,0.0,1.0
989,negative,1.0,0.0,0.0
990,neutral,0.0,1.0,0.0
991,neutral,0.09535,0.90465,0.0
992,neutral,0.01406,0.98594,0.0
993,positive,0.0,0.0015,0.9985
994,neutral,1e-05,0.99999,0.0
995,neutral,0.11272,0.64865,0.23863
996,negative,1.0,0.0,0.0
997,negative,0.99998,2e-05,0.0
998,neutral,1e-05,0.99999,0.0
999,neutral,0.00043,0.98859,0.01098
1000,negative,0.73106,0.26894,0.0
1001,negative,1.0,0.0,0.0
1002,negative,1.0,0.0,0.0
1003,neutral,4e-05,0.99996,0.0
1004,neutral,4e-05,0.99996,0.0
1005,neutral,1e-05,0.99999,0.0
1006,neutral,0.37754,0.62245,1e-05
1007,neutral,0.0,1.0,0.0
1008,neutral,2e-05,0.99998,0.0
1009,neutral,0.00012,0.99962,0.00026
1010,neutral,0.00055,0.99944,1e-05
1011,neutral,0.00117,0.99883,0.0
1012,negative,0.97069,0.02931,0.0
1013,negative,0.99994,6e-05,0.0
1014,neutral,5e-05,0.99995,0.0
1015,neutral,0.0,1.0,0.0
1016,neutral,0.00016,0.99964,0.0002
1017,neutral,0.148,0.85171,0.00029
1018,neutral,0.0,1.0,0.0
1019,neutral,0.0,1.0,0.0
1020,neutral,0.09534,0.90455,0.00011
1021,neutral,1e-05,0.99999,0.0
1022,neutral,0.0,1.0,0.0
1023,negative,1.0,0.0,0.0
1024,neutral,0.0,1.0,0.0
1025,neutral,7e-05,0.99993,0.0
1026,negative,0.62246,0.37754,0.0
1027,neutral,7e-05,0.99985,7e-05
1028,neutral,8e-05,0.92407,0.07585
1029,negative,0.99993,7e-05,0.0
1030,negative,0.99944,0.00055,0.0
1031,neutral,0.0,1.0,0.0
1032,negative,1.0,0.0,0.0
1033,neutral,0.00114,0.96959,0.02928
1034,neutral,0.00026,0.99117,0.00858
1035,neutral,0.32082,0.67918,0.0
1036,neutral,0.00071,0.99924,5e-05
1037,negative,1.0,0.0,0.0
1038,negative,0.7773,0.2227,0.0
1039,positive,1e-05,0.06009,0.9399
1040,neutral,0.00117,0.99877,6e-05
1041,negative,0.96267,0.03733,0.0
1042,neutral,0.26894,0.73106,0.0
1043,negative,1.0,0.0,0.0
1044,neutral,0.0015,0.9985,0.0
1045,negative,0.99807,0.00193,0.0
1046,neutral,0.0001,0.9999,0.0
1047,neutral,0.00026,0.99974,0.0
1048,negative,1.0,0.0,0.0
1049,neutral,0.0,1.0,0.0
1050,neutral,0.1192,0.8808,0.0
1051,negative,1.0,0.0,0.0
1052,neutral,0.0,1.0,0.0
1053,neutral,0.0,1.0,0.0
1054,negative,0.98593,0.01406,1e-05
1055,neutral,0.0,1.0,0.0
1056,neutral,2e-05,0.99998,0.0
1057,neutral,0.0001,0.9999,0.0
1058,neutral,0.02931,0.97069,0.0
1059,neutral,0.06157,0.58414,0.3543
1060,negative,0.99966,0.00034,0.0
1061,neutral,0.0,1.0,0.0
1062,positive,0.0,1e-05,0.99999
1063,neutral,0.0,1.0,0.0
1064,negative,0.99974,0.00026,0.0
1065,negative,0.73106,0.26894,0.0
1066,neutral,0.1192,0.8808,0.0
1067,neutral,0.0,1.0,0.0
1068,neutral,0.0,1.0,0.0
1069,positive,1e-05,0.0015,0.99849
1070,neutral,0.0,1.0,0.0
1071,neutral,1e-05,0.99996,3e-05
1072,positive,0.0,0.0,1.0
1073,neutral,0.00012,0.99988,0.0
1074,negative,1.0,0.0,0.0
1075,neutral,0.0,1.0,0.0
1076,neutral,0.0001,0.9999,0.0
1077,negative,0.95257,0.04743,0.0
1078,negative,0.99883,0.00117,0.0
1079,neutral,0.0,1.0,0.0
1080,neutral,0.0015,0.9985,0.0
1081,negative,0.99966,0.00034,0.0
1082,neutral,0.0001,0.9999,0.0
1083,positive,0.0,0.0,1.0
1084,neutral,0.00071,0.99929,0.0
1085,negative,0.90465,0.09535,0.0
1086,negative,0.99966,0.00034,0.0
1087,neutral,0.0,1.0,0.0
1088,positive,0.0001,0.0,0.9999
1089,neutral,0.00193,0.99807,0.0
1090,negative,1.0,0.0,0.0
1091,neutral,0.06009,0.9399,2e-05
1092,neutral,0.09535,0.90465,0.0
1093,negative,1.0,0.0,0.0
1094,negative,0.99807,0.00193,0.0
1095,negative,0.5,0.5,1e-05
1096,positive,0.0,0.0,1.0
1097,neutral,0.01099,0.98901,0.0
1098,negative,0.73106,0.26894,0.0
1099,neutral,0.0,1.0,0.0
1100,negative,0.56213,0.43778,9e-05
1101,neutral,7e-05,0.99992,0.0
1102,neutral,0.0,0.99807,0.00193
1103,neutral,0.0,1.0,0.0
1104,neutral,0.0,1.0,0.0
1105,negative,0.7773,0.2227,0.0
1106,neutral,0.00193,0.99807,0.0
1107,neutral,0.0,1.0,0.0
1108,neutral,0.0015,0.9985,0.0
1109,neutral,0.0,1.0,0.0
1110,negative,0.81757,0.18243,0.0
1111,negative,1.0,0.0,0.0
1112,neutral,0.00034,0.99966,0.0
1113,neutral,0.0,1.0,0.0
1114,negative,1.0,0.0,0.0
1115,negative,1.0,0.0,0.0
1116,negative,0.99326,0.00669,5e-05
1117,negative,0.99988,0.00012,0.0
1118,neutral,0.00522,0.99478,0.0
1119,neutral,0.0,1.0,0.0
1120,neutral,0.00016,0.99968,0.00016
1121,neutral,0.02191,0.9317,0.04639
1122,neutral,0.0,1.0,0.0
1123,neutral,0.02298,0.97702,0.0
1124,negative,1.0,0.0,0.0
1125,neutral,0.00055,0.99935,0.0001
1126,neutral,0.06008,0.93984,8e-05
1127,negative,1.0,0.0,0.0
1128,neutral,0.00407,0.99593,0.0
1129,negative,0.56217,0.43782,1e-05
1130,neutral,1e-05,0.99999,0.0
1131,neutral,0.00117,0.99883,0.0
1132,neutral,0.00025,0.85174,0.14801
1133,neutral,0.00193,0.99752,0.00055
1134,neutral,6e-05,0.99991,4e-05
1135,negative,1.0,0.0,0.0
1136,neutral,0.0001,0.99978,0.00012
1137,negative,1.0,0.0,0.0
1138,neutral,1e-05,0.99995,4e-05
1139,negative,1.0,0.0,0.0
1140,neutral,0.0,1.0,0.0
1141,negative,1.0,0.0,0.0
1142,neutral,0.00026,0.99974,0.0
1143,neutral,0.14805,0.85195,0.0
1144,neutral,0.0,1.0,0.0
1145,neutral,9e-05,0.96258,0.03732
1146,neutral,0.07557,0.92066,0.00376
1147,negative,0.7773,0.2227,0.0
1148,neutral,7e-05,0.99993,0.0
1149,positive,0.0,0.0,1.0
1150,neutral,0.09535,0.90464,1e-05
1151,neutral,0.0,1.0,0.0
1152,neutral,0.00091,0.99909,0.0
1153,neutral,0.0,1.0,0.0
1154,neutral,0.00016,0.99984,0.0
1155,neutral,0.0,1.0,0.0
1156,positive,0.0,0.02298,0.97702
1157,negative,1.0,0.0,0.0
1158,neutral,0.0,1.0,0.0
1159,neutral,3e-05,0.99997,0.0
1160,neutral,0.00012,0.99945,0.00043
1161,neutral,0.01099,0.98901,0.0
1162,negative,0.95033,0.04731,0.00236
1163,neutral,2e-05,0.99998,0.0
1164,neutral,0.0,1.0,0.0
1165,neutral,0.06008,0.93986,5e-05
1166,neutral,0.0,1.0,0.0
1167,neutral,0.0,1.0,0.0
1168,negative,0.99142,0.00858,0.0
1169,neutral,0.0,1.0,0.0
1170,neutral,0.00015,0.92401,0.07585
1171,neutral,0.2227,0.7773,0.0
1172,neutral,0.00012,0.99988,0.0
1173,neutral,0.07586,0.92414,0.0
1174,neutral,0.00043,0.99957,0.0
1175,neutral,0.0,1.0,0.0
1176,neutral,0.0,1.0,0.0
1177,neutral,6e-05,0.99985,0.0001
1178,negative,0.96267,0.03733,1e-05
1179,neutral,0.0,1.0,0.0
1180,neutral,0.0,1.0,0.0
1181,neutral,0.0001,0.9999,0.0
1182,neutral,0.43769,0.562,0.00031
1183,negative,0.85195,0.14805,1e-05
1184,neutral,1e-05,0.99999,0.0
1185,neutral,0.00026,0.99974,0.0
1186,neutral,0.14804,0.85193,2e-05
1187,neutral,0.00043,0.99957,0.0
1188,neutral,0.0,1.0,0.0
1189,negative,1.0,0.0,0.0
1190,negative,0.99753,0.00247,0.0
1191,neutral,3e-05,0.99997,0.0
1192,neutral,0.01798,0.98182,0.0002
1193,neutral,0.01406,0.98594,0.0
1194,negative,0.96983,0.02929,0.00088
1195,negative,0.90465,0.09535,0.0
1196,negative,0.9998,0.0002,0.0
1197,negative,1.0,0.0,0.0
1198,neutral,0.0,1.0,0.0
1199,negative,0.90465,0.09535,0.0
1200,negative,1.0,0.0,0.0
1201,negative,0.9998,0.0002,0.0
1202,negative,1.0,0.0,0.0
1203,neutral,0.06009,0.93991,0.0
1204,neutral,0.00026,0.99657,0.00317
1205,neutral,0.32082,0.67918,0.0
1206,neutral,0.0,1.0,0.0
1207,neutral,0.00055,0.99945,0.0
1208,negative,0.99997,3e-05,0.0
1209,negative,0.92414,0.07586,1e-05
1210,negative,1.0,0.0,0.0
1211,neutral,0.00043,0.99957,0.0
1212,negative,1.0,0.0,0.0
1213,negative,0.99993,7e-05,0.0
1214,negative,0.99944,0.00055,1e-05
1215,negative,0.99142,0.00858,0.0
1216,neutral,0.00016,0.99977,7e-05
1217,negative,0.99999,0.0,0.0
1218,negative,0.99866,0.00091,0.00043
1219,neutral,0.1192,0.8808,0.0
1220,neutral,6e-05,0.99994,0.0
1221,negative,0.81022,0.18078,0.009
1222,negative,1.0,0.0,0.0
1223,negative,1.0,0.0,0.0
1224,negative,0.96267,0.03733,0.0
1225,negative,1.0,0.0,0.0
1226,negative,1.0,0.0,0.0
1227,neutral,6e-05,0.99994,0.0
1228,neutral,0.00026,0.99948,0.00026
1229,negative,0.99883,0.00117,0.0
1230,negative,0.99998,1e-05,1e-05
1231,positive,2e-05,0.00247,0.99751
1232,positive,0.0,0.0,1.0
1233,negative,1.0,0.0,0.0
1234,neutral,0.0,1.0,0.0
1235,neutral,7e-05,0.88074,0.1192
1236,negative,0.99988,0.00012,0.0
1237,neutral,0.0,1.0,0.0
1238,neutral,0.0,1.0,0.0
1239,neutral,0.00247,0.99753,0.0
1240,neutral,6e-05,0.77725,0.22269
1241,neutral,3e-05,0.99997,0.0
1242,neutral,0.02298,0.97702,0.0
1243,negative,1.0,0.0,0.0
1244,neutral,0.00043,0.99955,2e-05
1245,neutral,0.00071,0.99928,1e-05
1246,neutral,0.0,1.0,0.0
1247,positive,1e-05,0.00091,0.99908
1248,neutral,0.07586,0.92414,0.0
1249,negative,0.99999,1e-05,0.0
1250,negative,0.99999,1e-05,0.0
1251,neutral,0.0,1.0,0.0
1252,neutral,0.00091,0.99909,0.0
1253,negative,0.99478,0.00522,0.0
1254,negative,1.0,0.0,0.0
1255,neutral,0.0,1.0,0.0
1256,neutral,3e-05,0.92412,0.07586
1257,negative,0.99753,0.00247,0.0
1258,neutral,0.01799,0.98201,0.0
1259,negative,1.0,0.0,0.0
1260,positive,0.0,0.00012,0.99988
1261,negative,1.0,0.0,0.0
1262,positive,0.0,0.00117,0.99883
1263,neutral,0.0,1.0,0.0
1264,neutral,0.0,0.99909,0.00091
1265,positive,0.0,0.0,1.0
1266,positive,0.22026,0.01097,0.76877
1267,negative,0.99753,0.00247,0.0
1268,negative,1.0,0.0,0.0
1269,neutral,0.00043,0.99955,2e-05
1270,negative,0.98953,0.00856,0.00191
1271,negative,1.0,0.0,0.0
1272,neutral,0.0,1.0,0.0
1273,negative,1.0,0.0,0.0
1274,negative,1.0,0.0,0.0
1275,negative,1.0,0.0,0.0
1276,neutral,0.0,1.0,0.0
1277,neutral,1e-05,0.99999,0.0
1278,negative,0.62246,0.37754,0.0
1279,neutral,0.00026,0.99974,0.0
1280,neutral,0.0,1.0,0.0
1281,negative,1.0,0.0,0.0
1282,neutral,0.03733,0.96267,0.0
1283,neutral,3e-05,0.99997,0.0
1284,positive,0.0,0.0,1.0
1285,neutral,1e-05,0.99999,0.0
1286,neutral,0.00117,0.9984,0.00043
1287,negative,1.0,0.0,0.0
1288,neutral,0.07584,0.92392,0.00024
1289,neutral,0.0,1.0,0.0
1290,neutral,6e-05,0.99991,3e-05
1291,positive,1e-05,0.00247,0.99751
1292,neutral,0.0,1.0,0.0
1293,neutral,0.01787,0.97556,0.00657
1294,neutral,0.0,1.0,0.0
1295,neutral,0.0,0.99999,0.0
1296,negative,0.88059,0.11918,0.00023
1297,neutral,0.00826,0.95472,0.03702
1298,neutral,0.00034,0.99966,0.0
1299,negative,0.62246,0.37754,0.0
1300,neutral,2e-05,0.99998,0.0
1301,negative,1.0,0.0,0.0
1302,neutral,0.0,1.0,0.0
1303,negative,1.0,0.0,0.0
1304,neutral,0.00317,0.99673,0.0001
1305,neutral,0.00193,0.99807,0.0
1306,neutral,2e-05,0.99996,2e-05
1307,neutral,0.0,1.0,0.0
1308,negative,0.99995,2e-05,4e-05
1309,negative,1.0,0.0,0.0
1310,negative,1.0,0.0,0.0
1311,negative,0.56217,0.43782,1e-05
1312,negative,0.9998,0.0002,0.0
1313,neutral,0.00055,0.99945,0.0
1314,negative,0.9985,0.0015,0.0
1315,negative,1.0,0.0,0.0
1316,negative,0.92413,0.07586,1e-05
1317,neutral,0.0001,0.9999,0.0
1318,negative,0.99683,0.00317,0.0
1319,negative,1.0,0.0,0.0
1320,negative,0.9999,0.0001,0.0
1321,neutral,0.03733,0.96267,0.0
1322,neutral,2e-05,0.99998,0.0
1323,negative,0.81756,0.18242,1e-05
1324,negative,0.99683,0.00317,0.0
1325,neutral,0.0,1.0,0.0
1326,negative,0.93991,0.06009,0.0
1327,negative,0.99988,0.00012,0.0
1328,negative,0.98201,0.01799,0.0
1329,neutral,0.01799,0.98201,0.0
1330,negative,1.0,0.0,0.0
1331,neutral,0.0031,0.97399,0.02291
1332,neutral,0.03733,0.96266,2e-05
1333,negative,0.8808,0.1192,0.0
1334,negative,0.99979,0.0002,0.0
1335,neutral,0.0,1.0,0.0
1336,neutral,0.0,1.0,0.0
1337,neutral,0.0,1.0,0.0
1338,neutral,0.0,1.0,0.0
1339,neutral,0.0,0.99994,6e-05
1340,neutral,0.0,1.0,0.0
1341,negative,0.9999,0.0001,0.0
1342,positive,0.0,0.0,1.0
1343,negative,0.97702,0.02298,0.0
1344,neutral,0.00012,0.99983,5e-05
1345,negative,0.62245,0.37754,1e-05
1346,neutral,0.00858,0.99141,1e-05
1347,positive,0.01305,0.43211,0.55484
1348,positive,0.0,0.0,1.0
1349,neutral,0.00071,0.99929,0.0
1350,neutral,0.0,1.0,0.0
1351,neutral,2e-05,0.99998,0.0
1352,negative,0.99807,0.00193,0.0
1353,neutral,0.0,1.0,0.0
1354,negative,0.90465,0.09535,0.0
1355,neutral,0.0,1.0,0.0
1356,negative,1.0,0.0,0.0
1357,negative,0.99807,0.00193,0.0
1358,negative,1.0,0.0,0.0
1359,neutral,0.0,1.0,0.0
1360,negative,0.99994,6e-05,0.0
1361,neutral,0.00055,0.9994,5e-05
1362,neutral,0.0,1.0,0.0
1363,neutral,0.00117,0.99863,0.0002
1364,neutral,2e-05,0.99998,0.0
1365,positive,2e-05,6e-05,0.99993
1366,neutral,0.09535,0.90465,0.0
1367,neutral,0.00247,0.99753,0.0
1368,neutral,0.00193,0.99805,3e-05
1369,positive,0.00011,0.00055,0.99934
1370,neutral,0.00669,0.99331,0.0
1371,neutral,0.01093,0.98391,0.00516
1372,neutral,1e-05,0.99998,1e-05
1373,negative,1.0,0.0,0.0
1374,neutral,0.0,1.0,0.0
1375,neutral,1e-05,0.99999,0.0
1376,negative,1.0,0.0,0.0
1377,neutral,1e-05,0.99999,0.0
1378,negative,1.0,0.0,0.0
1379,positive,6e-05,0.01099,0.98896
1380,neutral,1e-05,0.99999,0.0
1381,positive,0.00026,0.00193,0.99781
1382,neutral,0.00317,0.99683,0.0
1383,negative,0.49994,0.49993,0.00013
1384,neutral,0.00032,0.96236,0.03731
1385,neutral,0.00247,0.99752,0.0
1386,neutral,0.0,1.0,0.0
1387,neutral,0.0,1.0,0.0
1388,neutral,0.00094,0.62188,0.37719
1389,neutral,2e-05,0.99998,0.0
1390,positive,1e-05,0.0,0.99999
1391,negative,1.0,0.0,0.0
1392,negative,0.85195,0.14805,0.0
1393,neutral,0.0,1.0,0.0
1394,negative,1.0,0.0,0.0
1395,neutral,0.00858,0.99142,0.0
1396,negative,0.99998,2e-05,0.0
1397,negative,0.73106,0.26894,0.0
1398,negative,1.0,0.0,0.0
1399,negative,1.0,0.0,0.0
1400,neutral,0.07586,0.92414,0.0
1401,negative,0.73106,0.26894,0.0
1402,neutral,0.0,1.0,0.0
1403,neutral,0.00026,0.99974,0.0
1404,neutral,0.0,1.0,0.0
1405,neutral,0.00317,0.99683,0.0
1406,neutral,0.0,1.0,0.0
1407,negative,1.0,0.0,0.0
1408,negative,1.0,0.0,0.0
1409,negative,0.9042,0.0953,0.0005
1410,neutral,0.00091,0.99909,0.0
1411,negative,0.99683,0.00317,0.0
1412,negative,1.0,0.0,0.0
1413,neutral,0.0,1.0,0.0
1414,neutral,0.00193,0.99807,0.0
1415,neutral,1e-05,0.99999,0.0
1416,negative,0.99999,1e-05,0.0
1417,negative,0.99988,0.00012,0.0
1418,neutral,0.0015,0.9985,0.0
1419,negative,0.8259,0.08705,0.08705
1420,neutral,1e-05,0.99999,0.0
1421,neutral,0.00522,0.99478,0.0
1422,neutral,0.0,1.0,0.0
1423,neutral,1e-05,0.99999,0.0
1424,neutral,0.0,1.0,0.0
1425,negative,1.0,0.0,0.0
1426,negative,0.92414,0.07586,0.0
1427,positive,0.00069,0.02296,0.97635
1428,negative,1.0,0.0,0.0
1429,neutral,7e-05,0.99471,0.00522
1430,neutral,2e-05,0.99955,0.00043
1431,negative,0.99988,0.00012,0.0
1432,negative,0.99807,0.00193,0.0
1433,negative,1.0,0.0,0.0
1434,negative,0.99909,0.00091,0.0
1435,negative,0.99753,0.00247,0.0
1436,neutral,0.00012,0.99988,0.0
1437,negative,1.0,0.0,0.0
1438,neutral,0.0,1.0,0.0
1439,negative,1.0,0.0,0.0
1440,neutral,0.0,1.0,0.0
1441,negative,0.99996,4e-05,0.0
1442,neutral,0.00016,0.99984,0.0
1443,negative,0.95257,0.04743,0.0
1444,negative,1.0,0.0,0.0
1445,negative,0.99996,4e-05,0.0
1446,neutral,0.0,1.0,0.0
1447,negative,0.99993,7e-05,0.0
1448,neutral,0.00055,0.99276,0.00669
1449,neutral,0.0,1.0,0.0
1450,neutral,0.0,1.0,0.0
1451,negative,0.9998,0.0002,0.0
1452,negative,1.0,0.0,0.0
1453,neutral,0.00091,0.99909,0.0
1454,negative,0.92414,0.07586,0.0
1455,neutral,0.0,1.0,0.0
1456,neutral,4e-05,0.99996,0.0
1457,neutral,0.0,1.0,0.0
1458,negative,1.0,0.0,0.0
1459,neutral,0.00117,0.99883,0.0
1460,negative,0.99994,6e-05,0.0
1461,negative,1.0,0.0,0.0
1462,positive,0.01098,0.00062,0.9884
1463,positive,0.00026,0.0001,0.99964
1464,positive,2e-05,0.00247,0.99751
1465,negative,0.99929,0.00071,0.0
1466,negative,0.81757,0.18243,0.0
1467,neutral,0.00091,0.99907,2e-05
1468,negative,0.96267,0.03733,0.0
1469,negative,0.62245,0.37754,1e-05
1470,neutral,0.0,1.0,0.0
1471,neutral,2e-05,0.99998,0.0
1472,neutral,0.00522,0.99478,0.0
1473,positive,0.0,0.0,1.0
1474,positive,0.0,0.0,0.99999
1475,negative,0.98892,0.01099,0.0001
1476,negative,1.0,0.0,0.0
1477,neutral,0.0,1.0,0.0
1478,neutral,0.0,1.0,0.0
1479,negative,1.0,0.0,0.0
1480,neutral,0.0,1.0,0.0
1481,neutral,0.02931,0.97069,0.0
1482,neutral,0.0,1.0,0.0
1483,negative,1.0,0.0,0.0
1484,neutral,0.0,1.0,0.0
1485,neutral,4e-05,0.99996,0.0
1486,negative,0.97069,0.02931,0.0
1487,neutral,0.0001,0.9999,0.0
1488,neutral,0.18241,0.81748,0.00011
1489,positive,0.00026,3e-05,0.99971
1490,negative,1.0,0.0,0.0
1491,neutral,1e-05,0.99999,0.0
1492,neutral,0.0,1.0,0.0
1493,neutral,0.00117,0.99883,0.0
1494,negative,0.92411,0.07586,3e-05
1495,neutral,0.0,1.0,0.0
1496,negative,0.99988,0.00012,0.0
1497,positive,1e-05,0.00071,0.99928
1498,neutral,0.0002,0.99863,0.00117
1499,positive,0.0,1e-05,0.99999
1500,negative,1.0,0.0,0.0
1501,neutral,0.0,1.0,0.0
1502,positive,0.0,0.0,1.0
1503,negative,0.99993,7e-05,0.0
1504,negative,1.0,0.0,0.0
1505,neutral,0.00407,0.99593,0.0
1506,neutral,1e-05,0.99999,0.0
1507,negative,1.0,0.0,0.0
1508,positive,0.0,4e-05,0.99996
1509,neutral,0.37751,0.62241,8e-05
1510,neutral,0.0,1.0,0.0
1511,neutral,0.0,1.0,0.0
1512,neutral,0.0,1.0,0.0
1513,neutral,7e-05,0.99992,1e-05
1514,neutral,0.0,1.0,0.0
1515,neutral,0.01098,0.98881,0.0002
1516,neutral,0.01799,0.98201,0.0
1517,neutral,0.07586,0.92413,1e-05
1518,neutral,0.0,1.0,0.0
1519,neutral,0.01799,0.98201,0.0
1520,neutral,0.0,1.0,0.0
1521,negative,0.90132,0.095,0.00368
1522,neutral,4e-05,0.99996,0.0
1523,neutral,0.0,1.0,0.0
1524,negative,1.0,0.0,0.0
1525,negative,0.90465,0.09535,0.0
1526,neutral,1e-05,0.99999,0.0
1527,neutral,3e-05,0.92411,0.07586
1528,negative,0.90465,0.09535,1e-05
1529,negative,0.90465,0.09535,0.0
1530,neutral,0.0,1.0,0.0
1531,negative,0.99979,0.0002,0.0
1532,neutral,0.00247,0.99753,0.0
1533,neutral,0.02298,0.97702,0.0
1534,neutral,0.0,1.0,0.0
1535,neutral,0.01406,0.98594,0.0
1536,positive,0.0,0.0,1.0
1537,neutral,0.0002,0.9998,0.0
1538,negative,1.0,0.0,0.0
1539,negative,0.99883,0.00117,0.0
1540,negative,1.0,0.0,0.0
1541,neutral,0.0,1.0,0.0
1542,negative,0.90465,0.09535,0.0
1543,neutral,0.17095,0.76616,0.06289
1544,neutral,0.00016,0.99984,0.0
1545,neutral,0.0,1.0,0.0
1546,negative,1.0,0.0,0.0
1547,negative,0.99909,0.00091,0.0
1548,negative,0.99984,0.00016,0.0
1549,negative,1.0,0.0,0.0
1550,neutral,7e-05,0.99993,0.0
1551,neutral,0.02931,0.97069,0.0
1552,negative,0.99998,2e-05,0.0
1553,neutral,0.00034,0.9994,0.00026
1554,neutral,8e-05,0.56213,0.43779
1555,neutral,0.26894,0.73106,0.0
1556,neutral,0.0,1.0,0.0
1557,negative,0.99999,1e-05,0.0
1558,neutral,0.0052,0.99164,0.00316
1559,positive,0.0,0.0,1.0
1560,negative,0.92414,0.07586,1e-05
1561,neutral,0.03709,0.95647,0.00644
1562,neutral,0.0,1.0,0.0
1563,neutral,0.2227,0.7773,0.0
1564,positive,0.0,0.0,1.0
1565,positive,0.0,0.0,1.0
1566,neutral,0.0,1.0,0.0
1567,positive,0.00662,0.01091,0.98247
1568,neutral,0.14804,0.85191,5e-05
1569,neutral,3e-05,0.99997,0.0
1570,positive,0.0,0.0,1.0
1571,neutral,0.0,1.0,0.0
1572,negative,0.99992,2e-05,6e-05
1573,negative,1.0,0.0,0.0
1574,positive,1e-05,1e-05,0.99998
1575,negative,1.0,0.0,0.0
1576,neutral,0.0,1.0,0.0
1577,negative,0.96267,0.03733,0.0
1578,neutral,0.0,1.0,0.0
1579,negative,1.0,0.0,0.0
1580,neutral,0.0,1.0,0.0
1581,neutral,0.00091,0.99909,0.0
1582,neutral,0.0002,0.99946,0.00034
1583,negative,0.99999,1e-05,0.0
1584,negative,1.0,0.0,0.0
1585,neutral,0.0,1.0,0.0
1586,negative,0.99966,0.00034,0.0
1587,positive,0.0,0.0,1.0
1588,neutral,0.01406,0.98594,0.0
1589,neutral,0.01406,0.98594,0.0
1590,negative,1.0,0.0,0.0
1591,negative,0.99929,0.00071,0.0
1592,neutral,0.00034,0.99966,0.0
1593,neutral,0.0,1.0,0.0
1594,neutral,4e-05,0.99996,0.0
1595,neutral,0.09535,0.90465,0.0
1596,neutral,2e-05,0.99998,0.0
1597,neutral,0.0,1.0,0.0
1598,negative,0.56216,0.43781,3e-05
1599,neutral,0.0,1.0,0.0
1600,neutral,0.06008,0.93983,9e-05
1601,neutral,0.0,1.0,0.0
1602,neutral,0.0015,0.99847,3e-05
1603,neutral,0.0,1.0,0.0
1604,neutral,0.0,1.0,0.0
1605,negative,1.0,0.0,0.0
1606,neutral,0.2227,0.7773,0.0
1607,neutral,5e-05,0.99995,0.0
1608,neutral,0.32079,0.67911,9e-05
1609,neutral,0.0001,0.9999,0.0
1610,negative,0.99993,7e-05,0.0
1611,negative,1.0,0.0,0.0
1612,neutral,0.0,1.0,0.0
1613,negative,1.0,0.0,0.0
1614,negative,1.0,0.0,0.0
1615,neutral,0.00117,0.99883,0.0
1616,negative,0.81757,0.18242,1e-05
1617,neutral,0.00012,0.99988,0.0
1618,neutral,1e-05,0.99994,5e-05
1619,neutral,0.0,1.0,0.0
1620,negative,0.99683,0.00317,0.0
1621,neutral,0.0,1.0,0.0
1622,neutral,0.0,1.0,0.0
1623,neutral,3e-05,0.99997,0.0
1624,neutral,0.00189,0.98016,0.01795
1625,neutral,0.0,1.0,0.0
1626,neutral,0.00858,0.99142,0.0
1627,neutral,6e-05,0.99994,0.0
1628,neutral,0.0015,0.99824,0.00026
1629,neutral,0.37209,0.61348,0.01443
1630,negative,0.93991,0.06009,0.0
1631,neutral,0.0002,0.9998,0.0
1632,negative,0.99142,0.00858,0.0
1633,negative,0.99929,0.00071,0.0
1634,negative,0.99998,2e-05,0.0
1635,negative,1.0,0.0,0.0
1636,neutral,0.0,1.0,0.0
1637,positive,3e-05,0.06009,0.93989
1638,negative,0.90464,0.09535,1e-05
1639,neutral,0.0,1.0,0.0
1640,negative,1.0,0.0,0.0
1641,neutral,0.0,1.0,0.0
1642,neutral,4e-05,0.99996,0.0
1643,negative,0.97963,0.01794,0.00243
1644,neutral,6e-05,0.99988,6e-05
1645,neutral,0.04743,0.95257,0.0
1646,negative,0.73104,0.26894,2e-05
1647,neutral,0.00071,0.99896,0.00034
1648,neutral,0.0,1.0,0.0
1649,neutral,0.0,1.0,0.0
1650,negative,0.85194,0.14804,1e-05
1651,positive,0.02191,0.04639,0.9317
1652,neutral,3e-05,0.99997,0.0
1653,negative,0.96267,0.03733,0.0
1654,neutral,0.0,1.0,0.0
1655,neutral,0.0,1.0,0.0
1656,neutral,0.00247,0.99753,0.0
1657,negative,1.0,0.0,0.0
1658,negative,0.5,0.5,0.0
1659,neutral,0.0,1.0,0.0
1660,positive,0.0,0.0,1.0
1661,negative,1.0,0.0,0.0
1662,negative,0.92414,0.07586,0.0
1663,positive,0.0,4e-05,0.99996
1664,negative,1.0,0.0,0.0
1665,neutral,0.00026,0.7771,0.22264
1666,neutral,0.0,1.0,0.0
1667,neutral,0.09535,0.90465,0.0
1668,neutral,0.00619,0.91842,0.07539
1669,negative,0.97702,0.02298,0.0
1670,neutral,0.1192,0.8808,0.0
1671,neutral,0.0,1.0,0.0
1672,neutral,0.0,1.0,0.0
1673,neutral,2e-05,0.99993,5e-05
1674,neutral,0.00091,0.99909,0.0
1675,neutral,0.14805,0.85195,1e-05
1676,neutral,0.0,1.0,0.0
1677,neutral,0.00025,0.93968,0.06007
1678,neutral,0.00091,0.99909,0.0
1679,neutral,0.2227,0.7773,0.0
1680,negative,1.0,0.0,0.0
1681,neutral,0.00669,0.9933,1e-05
1682,neutral,0.0,0.99999,0.0
1683,negative,1.0,0.0,0.0
1684,neutral,0.0,1.0,0.0
1685,neutral,0.0,1.0,0.0
1686,neutral,0.00012,0.99988,0.0
1687,positive,0.00702,0.18114,0.81183
1688,negative,1.0,0.0,0.0
1689,negative,1.0,0.0,0.0
1690,negative,0.85192,0.14804,4e-05
1691,negative,0.92414,0.07586,0.0
1692,neutral,7e-05,0.99991,2e-05
1693,positive,0.0,0.0,1.0
1694,neutral,0.03733,0.96267,0.0
1695,neutral,0.0,1.0,0.0
1696,neutral,4e-05,0.99996,0.0
1697,neutral,4e-05,0.99996,0.0
1698,negative,0.90449,0.09533,0.00018
1699,neutral,0.0,0.99807,0.00193
1700,neutral,0.0,1.0,0.0
1701,negative,0.99945,0.00055,0.0
1702,neutral,0.0,1.0,0.0
1703,negative,0.96183,0.03729,0.00088
1704,negative,0.96266,0.03733,1e-05
1705,neutral,0.0,1.0,0.0
1706,neutral,0.00012,0.99975,0.00012
1707,neutral,0.0,1.0,0.0
1708,neutral,0.0001,0.9999,0.0
1709,negative,1.0,0.0,0.0
1710,neutral,0.43782,0.56218,0.0
1711,neutral,0.42849,0.55018,0.02133
1712,neutral,1e-05,0.99987,0.00012
1713,negative,1.0,0.0,0.0
1714,neutral,0.0,1.0,0.0
1715,negative,1.0,0.0,0.0
1716,neutral,0.0,0.99999,1e-05
1717,neutral,0.0,1.0,0.0
1718,negative,0.99998,2e-05,0.0
1719,neutral,0.0,1.0,0.0
1720,negative,0.99994,6e-05,0.0
1721,neutral,2e-05,0.99989,0.0001
1722,positive,0.0,0.00117,0.99883
1723,neutral,0.01793,0.97895,0.00312
1724,neutral,2e-05,0.99998,0.0
1725,neutral,2e-05,0.99998,0.0
1726,negative,0.88078,0.1192,2e-05
1727,negative,0.49999,0.49999,2e-05
1728,negative,0.81757,0.18243,0.0
1729,positive,2e-05,0.00026,0.99972
1730,neutral,0.0015,0.9985,0.0
1731,negative,0.99988,0.00012,0.0
1732,neutral,6e-05,0.99994,0.0
1733,neutral,0.06009,0.93991,0.0
1734,neutral,0.0,1.0,0.0
1735,neutral,1e-05,0.99999,0.0
1736,negative,0.98201,0.01799,0.0
1737,negative,1.0,0.0,0.0
1738,neutral,0.03733,0.96267,0.0
1739,neutral,0.09533,0.90444,0.00024
1740,neutral,2e-05,0.99998,0.0
1741,neutral,0.0,1.0,0.0
1742,neutral,0.00034,0.99966,0.0
1743,neutral,0.0,1.0,0.0
1744,neutral,0.00247,0.99753,0.0
1745,neutral,0.0015,0.99849,1e-05
1746,neutral,0.00012,0.99988,0.0
1747,neutral,0.0,1.0,0.0
1748,negative,0.9398,0.01341,0.04679
1749,neutral,0.0,1.0,0.0
1750,neutral,0.0,0.99929,0.00071
1751,neutral,1e-05,0.99999,0.0
1752,negative,1.0,0.0,0.0
1753,negative,0.97069,0.02931,0.0
1754,neutral,1e-05,0.99592,0.00407
1755,neutral,0.0,1.0,0.0
1756,neutral,0.00012,0.99988,0.0
1757,neutral,0.0,1.0,0.0
1758,neutral,0.0,1.0,0.0
1759,neutral,0.02298,0.97695,7e-05
1760,neutral,0.0002,0.99964,0.00016
1761,negative,0.8808,0.1192,0.0
1762,neutral,0.0015,0.9985,0.0
1763,negative,1.0,0.0,0.0
1764,negative,0.99994,6e-05,0.0
1765,negative,0.8808,0.1192,0.0
1766,neutral,0.0015,0.9985,0.0
1767,negative,0.99998,2e-05,0.0
1768,negative,1.0,0.0,0.0
1769,neutral,0.00407,0.99593,0.0
1770,neutral,0.14805,0.85195,0.0
1771,negative,0.99945,0.00055,0.0
1772,positive,0.00012,0.00407,0.99581
1773,neutral,0.02298,0.977,2e-05
1774,neutral,0.06009,0.93991,0.0
1775,neutral,0.09527,0.9039,0.00082
1776,neutral,0.2227,0.7773,0.0
1777,negative,0.99972,2e-05,0.00026
1778,negative,0.92414,0.07586,0.0
1779,neutral,0.00091,0.99838,0.00071
1780,neutral,0.0,1.0,0.0
1781,neutral,0.0,1.0,0.0
1782,negative,0.98194,0.01798,7e-05
1783,neutral,0.0,1.0,0.0
1784,neutral,0.2218,0.77414,0.00406
1785,neutral,0.02298,0.97702,0.0
1786,neutral,0.0,0.99995,5e-05
1787,neutral,7e-05,0.99992,0.0
1788,negative,0.99999,0.0,0.0
1789,neutral,0.0,1.0,0.0
1790,neutral,0.02931,0.97069,0.0
1791,neutral,0.0001,0.9999,0.0
1792,negative,1.0,0.0,0.0
1793,neutral,1e-05,0.99999,0.0
1794,negative,0.9999,0.0001,0.0
1795,neutral,3e-05,0.99997,0.0
1796,negative,0.99998,2e-05,0.0
1797,neutral,0.119,0.6848,0.1962
1798,neutral,0.1192,0.8808,0.0
1799,neutral,1e-05,0.99999,0.0
1800,neutral,0.0015,0.99816,0.00033
1801,positive,0.00073,0.37727,0.62201
1802,negative,0.99966,0.00034,0.0
1803,neutral,3e-05,0.99997,0.0
1804,negative,0.99753,0.00247,0.0
1805,negative,1.0,0.0,0.0
1806,neutral,0.0,1.0,0.0
1807,neutral,0.0,1.0,0.0
1808,neutral,0.0,1.0,0.0
1809,negative,1.0,0.0,0.0
1810,neutral,0.0,1.0,0.0
1811,neutral,1e-05,0.99999,0.0
1812,neutral,0.0,1.0,0.0
1813,neutral,4e-05,0.99996,0.0
1814,negative,1.0,0.0,0.0
1815,neutral,0.07586,0.92414,0.0
1816,negative,1.0,0.0,0.0
1817,neutral,0.0,1.0,0.0
1818,negative,0.98953,0.00191,0.00856
1819,neutral,0.03733,0.96267,0.0
1820,neutral,0.07586,0.92414,0.0
1821,neutral,7e-05,0.99993,0.0
1822,neutral,2e-05,0.99998,0.0
1823,neutral,0.14805,0.85195,0.0
1824,neutral,2e-05,0.9399,0.06009
1825,negative,1.0,0.0,0.0
1826,neutral,0.0,1.0,0.0
1827,negative,0.99988,0.00012,0.0
1828,negative,0.99929,0.00071,0.0
1829,neutral,1e-05,0.99999,0.0
1830,negative,1.0,0.0,0.0
1831,negative,1.0,0.0,0.0
1832,neutral,0.0,1.0,0.0
1833,neutral,0.0,1.0,0.0
1834,neutral,1e-05,0.99999,0.0
1835,neutral,0.0,1.0,0.0
1836,negative,0.93987,0.06008,4e-05
1837,negative,0.99142,0.00858,0.0
1838,neutral,4e-05,0.99996,0.0
1839,negative,1.0,0.0,0.0
1840,neutral,0.01406,0.98594,0.0
1841,neutral,0.00407,0.9955,0.00043
1842,neutral,0.0,1.0,0.0
1843,negative,0.99807,0.00193,0.0
1844,neutral,0.32082,0.67918,0.0
1845,negative,1.0,0.0,0.0
1846,neutral,0.0015,0.9985,0.0
1847,neutral,0.0,0.99966,0.00034
1848,negative,0.67523,0.31893,0.00584
1849,negative,0.99999,1e-05,0.0
1850,negative,1.0,0.0,0.0
1851,negative,0.99928,0.00071,1e-05
1852,positive,0.0,0.0,1.0
1853,negative,0.56217,0.43782,1e-05
1854,neutral,5e-05,0.99995,0.0
1855,negative,0.99999,1e-05,0.0
1856,neutral,0.14805,0.85194,1e-05
1857,neutral,0.00777,0.89762,0.09461
1858,neutral,0.00055,0.99538,0.00407
1859,positive,0.0,2e-05,0.99998
1860,positive,0.0,0.00016,0.99984
1861,neutral,0.26894,0.73106,0.0
1862,negative,0.5,0.49999,1e-05
1863,negative,1.0,0.0,0.0
1864,neutral,0.0,1.0,0.0
1865,neutral,0.0,1.0,0.0
1866,positive,0.0,0.0,1.0
1867,negative,0.99994,6e-05,0.0
1868,neutral,0.0,1.0,0.0
1869,neutral,0.00117,0.99883,0.0
1870,neutral,2e-05,0.99998,0.0
1871,negative,1.0,0.0,0.0
1872,neutral,0.0015,0.9985,0.0
1873,neutral,0.32063,0.67876,0.00062
1874,negative,0.99327,0.00669,4e-05
1875,negative,0.93991,0.06009,0.0
1876,neutral,0.04743,0.95257,0.0
1877,negative,1.0,0.0,0.0
1878,neutral,0.0,1.0,0.0
1879,positive,0.0,1e-05,0.99999
1880,positive,0.0,0.0,1.0
1881,negative,1.0,0.0,0.0
1882,neutral,0.0,1.0,0.0
1883,negative,1.0,0.0,0.0
1884,negative,0.99883,0.00117,0.0
1885,neutral,1e-05,0.99998,1e-05
1886,positive,0.0009,0.01098,0.98812
1887,negative,0.99999,1e-05,0.0
1888,neutral,0.0,1.0,0.0
1889,negative,0.93991,0.06009,0.0
1890,positive,0.0,0.0,1.0
1891,neutral,0.0,1.0,0.0
1892,neutral,0.04743,0.95257,0.0
1893,neutral,0.00055,0.99945,0.0
1894,negative,0.92412,0.07586,2e-05
1895,negative,0.99478,0.00522,0.0
1896,negative,0.56218,0.43782,0.0
1897,positive,0.0,0.0,1.0
1898,neutral,0.06009,0.93991,0.0
1899,neutral,2e-05,0.95255,0.04742
1900,neutral,0.00013,0.81747,0.1824
1901,neutral,0.04719,0.94784,0.00497
1902,neutral,0.00071,0.99612,0.00317
1903,negative,1.0,0.0,0.0
1904,neutral,0.00026,0.99974,0.0
1905,neutral,0.31969,0.67676,0.00355
1906,neutral,0.02931,0.97069,0.0
1907,neutral,2e-05,0.99998,0.0
1908,neutral,0.0,1.0,0.0
1909,neutral,5e-05,0.99995,0.0
1910,negative,1.0,0.0,0.0
1911,neutral,0.0,1.0,0.0
1912,neutral,0.00305,0.95973,0.03721
1913,neutral,4e-05,0.99996,0.0
1914,neutral,0.00407,0.99589,4e-05
1915,neutral,0.0,1.0,0.0
1916,neutral,0.0,1.0,0.0
1917,negative,0.99988,0.00012,0.0
1918,neutral,0.0,1.0,0.0
1919,neutral,0.00071,0.99929,0.0
1920,neutral,0.00012,0.99988,0.0
1921,negative,1.0,0.0,0.0
1922,negative,0.49999,0.49999,2e-05
1923,positive,0.0,0.0,1.0
1924,negative,1.0,0.0,0.0
1925,negative,1.0,0.0,0.0
1926,negative,0.99331,0.00669,0.0
1927,negative,0.81754,0.18242,4e-05
1928,negative,0.99994,6e-05,0.0
1929,negative,0.99478,0.00522,0.0
1930,neutral,0.01406,0.98594,0.0
1931,negative,1.0,0.0,0.0
1932,negative,0.9933,0.00669,0.0
1933,negative,1.0,0.0,0.0
1934,neutral,0.11919,0.88067,0.00014
1935,neutral,0.0,1.0,0.0
1936,neutral,0.18243,0.81757,0.0
1937,neutral,0.00247,0.99753,0.0
1938,negative,0.99997,3e-05,0.0
1939,neutral,1e-05,0.99999,0.0
1940,neutral,0.03733,0.96267,0.0
1941,neutral,0.0015,0.9985,0.0
1942,neutral,0.0015,0.9985,0.0
1943,neutral,1e-05,0.99965,0.00034
1944,neutral,0.18242,0.81757,1e-05
1945,neutral,0.00091,0.99909,0.0
1946,negative,0.99753,0.00247,0.0
1947,positive,0.0,0.0,1.0
1948,negative,1.0,0.0,0.0
1949,neutral,1e-05,0.99999,0.0
1950,neutral,4e-05,0.99996,0.0
1951,neutral,0.37209,0.61348,0.01443
1952,neutral,0.0,1.0,0.0
1953,negative,0.56217,0.43782,0.0
1954,neutral,0.00091,0.99717,0.00192
1955,neutral,0.00858,0.99142,0.0
1956,neutral,0.0,1.0,0.0
1957,negative,0.99974,0.00026,0.0
1958,positive,0.0001,0.22268,0.77723
1959,neutral,0.00043,0.99957,0.0
1960,neutral,0.0,1.0,0.0
1961,negative,0.99996,4e-05,0.0
1962,neutral,0.00091,0.99909,0.0
1963,neutral,0.0,1.0,0.0
1964,negative,1.0,0.0,0.0
1965,neutral,0.00247,0.99752,0.0
1966,neutral,0.1822,0.81657,0.00123
1967,negative,1.0,0.0,0.0
1968,neutral,0.00128,0.85086,0.14786
1969,positive,0.0,0.0,1.0
1970,neutral,0.37754,0.62246,0.0
1971,positive,0.0,0.0,1.0
1972,negative,0.9985,0.0015,0.0
1973,neutral,0.18243,0.81757,0.0
1974,neutral,0.0,1.0,0.0
1975,neutral,0.00669,0.9933,0.0
1976,negative,0.7773,0.2227,0.0
1977,negative,1.0,0.0,0.0
1978,negative,0.98593,0.01406,0.0
1979,neutral,0.0,1.0,0.0
1980,neutral,0.0,1.0,0.0
1981,neutral,0.0,1.0,0.0
1982,neutral,0.00026,0.99971,3e-05
1983,neutral,0.0,1.0,0.0
1984,negative,0.97069,0.02931,0.0
1985,negative,0.98594,0.01406,0.0
1986,neutral,0.00012,0.99988,0.0
1987,neutral,0.0,1.0,0.0
1988,positive,0.0,0.0,1.0
1989,neutral,0.0,1.0,0.0
1990,neutral,0.00026,0.99857,0.00117
1991,negative,1.0,0.0,0.0
1992,neutral,0.02298,0.977,2e-05
1993,positive,0.02273,0.01074,0.96653
1994,neutral,0.0,1.0,0.0
1995,neutral,2e-05,0.99991,7e-05
1996,negative,1.0,0.0,0.0
1997,neutral,7e-05,0.99993,0.0
1998,neutral,0.0,1.0,0.0
1999,neutral,0.0,1.0,0.0
2000,neutral,0.0,1.0,0.0
2001,negative,0.98594,0.01406,0.0
2002,negative,1.0,0.0,0.0
2003,negative,0.982,0.01799,1e-05
2004,positive,0.0,2e-05,0.99998
2005,neutral,0.00407,0.99593,0.0
2006,neutral,0.0,1.0,0.0
2007,neutral,0.0,1.0,0.0
2008,neutral,0.0,1.0,0.0
2009,negative,0.98884,0.01098,0.00018
2010,neutral,0.00071,0.99929,0.0
2011,negative,0.99996,4e-05,0.0
2012,negative,1.0,0.0,0.0
2013,neutral,2e-05,0.99998,0.0
2014,neutral,0.0002,0.9998,0.0
2015,neutral,0.01079,0.97142,0.01779
2016,neutral,0.0,1.0,0.0
2017,neutral,0.00247,0.99561,0.00192
2018,neutral,0.00055,0.99945,0.0
2019,neutral,0.09531,0.9043,0.00039
2020,negative,1.0,0.0,0.0
2021,negative,1.0,0.0,0.0
2022,neutral,0.14805,0.85195,0.0
2023,neutral,0.00049,0.77692,0.22259
2024,negative,0.92414,0.07586,0.0
2025,negative,0.67918,0.32082,0.0
2026,neutral,0.0,1.0,0.0
2027,neutral,0.0015,0.9985,0.0
2028,negative,0.98901,0.01099,1e-05
2029,neutral,1e-05,0.99999,0.0
2030,negative,1.0,0.0,0.0
2031,negative,0.81757,0.18243,0.0
2032,neutral,0.04743,0.95257,0.0
2033,negative,0.98594,0.01406,0.0
2034,neutral,0.0,1.0,0.0
2035,neutral,0.0,1.0,0.0
2036,neutral,1e-05,0.99999,0.0
2037,neutral,0.0,1.0,0.0
2038,negative,1.0,0.0,0.0
2039,negative,1.0,0.0,0.0
2040,neutral,0.0,1.0,0.0
2041,positive,0.0,0.0,1.0
2042,negative,1.0,0.0,0.0
2043,neutral,0.0,1.0,0.0
2044,neutral,0.0,1.0,0.0
2045,neutral,0.00016,0.99984,0.0
2046,neutral,0.01799,0.98197,4e-05
2047,neutral,0.22237,0.60445,0.17318
2048,neutral,2e-05,0.99998,0.0
2049,positive,0.00969,0.11805,0.87226
2050,negative,0.97702,0.02298,0.0
2051,neutral,0.0,1.0,0.0
2052,neutral,0.00055,0.99937,7e-05
2053,neutral,0.00193,0.99807,0.0
2054,negative,0.99929,0.00071,0.0
2055,negative,1.0,0.0,0.0
2056,neutral,0.01406,0.98594,0.0
2057,positive,0.0,0.0,1.0
2058,negative,0.85195,0.14805,0.0
2059,neutral,0.00055,0.99752,0.00193
2060,neutral,0.0,1.0,0.0
2061,neutral,0.0,1.0,0.0
2062,negative,0.99683,0.00317,0.0
2063,neutral,7e-05,0.99993,0.0
2064,neutral,3e-05,0.99997,0.0
2065,negative,0.99929,0.00071,0.0
2066,neutral,0.00584,0.67521,0.31895
2067,negative,0.67918,0.32082,0.0
2068,negative,0.99807,0.00193,0.0
2069,negative,0.73106,0.26894,0.0
2070,neutral,0.0,1.0,0.0
2071,neutral,1e-05,0.99752,0.00247
2072,neutral,0.03733,0.96267,0.0
2073,neutral,0.32082,0.67918,0.0
2074,neutral,0.0,1.0,0.0
2075,neutral,0.18243,0.81757,0.0
2076,negative,1.0,0.0,0.0
2077,neutral,0.18242,0.81756,2e-05
2078,negative,0.99996,4e-05,0.0
2079,neutral,0.0,1.0,0.0
2080,neutral,0.00669,0.99325,6e-05
2081,neutral,0.09535,0.90463,2e-05
2082,neutral,0.0001,0.9999,0.0
2083,neutral,1e-05,0.99882,0.00117
2084,negative,1.0,0.0,0.0
2085,neutral,0.0,1.0,0.0
2086,positive,0.0,0.0,1.0
2087,neutral,0.1192,0.88079,0.0
2088,neutral,0.32067,0.67885,0.00048
2089,neutral,0.00055,0.99945,0.0
2090,neutral,7e-05,0.56214,0.43779
2091,neutral,0.0,1.0,0.0
2092,neutral,5e-05,0.99995,0.0
2093,neutral,0.00277,0.6773,0.31993
2094,neutral,0.0,0.99999,1e-05
2095,positive,0.0,0.0,1.0
2096,neutral,0.0,1.0,0.0
2097,neutral,0.00193,0.99807,0.0
2098,neutral,0.0,1.0,0.0
2099,neutral,0.2689,0.73095,0.00015
2100,negative,1.0,0.0,0.0
2101,negative,1.0,0.0,0.0
2102,neutral,0.0,1.0,0.0
2103,neutral,0.0,1.0,0.0
2104,negative,1.0,0.0,0.0
2105,neutral,0.00043,0.99957,0.0
2106,neutral,0.0,1.0,0.0
2107,negative,0.99997,3e-05,0.0
2108,negative,0.85195,0.14805,0.0
2109,negative,0.97069,0.02931,0.0
2110,negative,0.90464,0.09535,1e-05
2111,negative,0.96267,0.03733,0.0
2112,neutral,0.0,1.0,0.0
2113,negative,0.9985,0.0015,0.0
2114,negative,0.62243,0.37752,5e-05
2115,neutral,0.00193,0.99807,0.0
2116,positive,0.0,7e-05,0.99992
2117,neutral,0.00317,0.99683,0.0
2118,negative,1.0,0.0,0.0
2119,neutral,1e-05,0.99998,0.0
2120,neutral,0.00117,0.99883,0.0
2121,neutral,0.43782,0.56218,0.0
2122,neutral,0.0,1.0,0.0
2123,negative,0.99988,0.00012,0.0
2124,negative,1.0,0.0,0.0
2125,negative,1.0,0.0,0.0
2126,neutral,0.00117,0.99883,0.0
2127,negative,0.85195,0.14805,0.0
2128,neutral,0.2227,0.77728,2e-05
2129,neutral,0.0,1.0,0.0
2130,neutral,2e-05,0.99998,0.0
2131,negative,1.0,0.0,0.0
2132,negative,0.62246,0.37754,0.0
2133,neutral,0.0002,0.9998,0.0
2134,positive,9e-05,0.02931,0.9706
2135,neutral,0.0,1.0,0.0
2136,neutral,1e-05,0.99999,0.0
2137,neutral,0.02283,0.97063,0.00654
2138,negative,0.99957,0.00043,0.0
2139,negative,1.0,0.0,0.0
2140,negative,0.99142,0.00858,0.0
2141,neutral,0.00026,0.99972,2e-05
2142,negative,0.92414,0.07586,0.0
2143,neutral,0.0,1.0,0.0
2144,neutral,0.00317,0.99683,0.0
2145,neutral,0.00669,0.9933,1e-05
2146,positive,1e-05,3e-05,0.99996
2147,neutral,2e-05,0.99998,0.0
2148,negative,0.90465,0.09535,0.0
2149,neutral,2e-05,0.99993,6e-05
2150,neutral,0.0,1.0,0.0
2151,neutral,0.0015,0.9985,0.0
2152,negative,0.8808,0.1192,0.0
2153,neutral,0.0,1.0,0.0
2154,neutral,0.0,1.0,0.0
2155,positive,0.0,0.00012,0.99988
2156,neutral,0.0,1.0,0.0
2157,negative,0.99478,0.00522,0.0
2158,neutral,0.0,1.0,0.0
2159,negative,1.0,0.0,0.0
2160,neutral,1e-05,0.56217,0.43782
2161,neutral,0.0,1.0,0.0
2162,neutral,0.00026,0.99974,0.0
2163,neutral,0.0,1.0,0.0
2164,neutral,0.0,1.0,0.0
2165,neutral,0.00011,0.8807,0.11919
2166,negative,0.67918,0.32082,0.0
2167,negative,0.99683,0.00317,0.0
2168,negative,0.98594,0.01406,0.0
2169,negative,1.0,0.0,0.0
2170,negative,0.85164,0.14799,0.00037
2171,positive,0.0,0.0,1.0
2172,negative,1.0,0.0,0.0
2173,neutral,0.0,1.0,0.0
2174,negative,0.85194,0.14804,1e-05
2175,negative,0.99974,0.00026,0.0
2176,neutral,0.00026,0.99974,0.0
2177,neutral,0.32076,0.67906,0.00018
2178,negative,0.67918,0.32082,0.0
2179,neutral,0.00856,0.98995,0.00149
2180,neutral,3e-05,0.99997,0.0
2181,neutral,6e-05,0.99587,0.00407
2182,neutral,0.01201,0.84172,0.14627
2183,neutral,2e-05,0.99998,0.0
2184,neutral,0.0,1.0,0.0
2185,negative,1.0,0.0,0.0
2186,neutral,0.01692,0.92401,0.05907
2187,negative,0.96267,0.03733,0.0
2188,neutral,0.00016,0.99984,0.0
2189,negative,1.0,0.0,0.0
2190,neutral,0.3773,0.62205,0.00064
2191,neutral,0.1192,0.88079,0.0
2192,negative,0.99994,6e-05,0.0
2193,neutral,0.0,1.0,0.0
2194,negative,0.9998,0.00012,7e-05
2195,negative,1.0,0.0,0.0
2196,neutral,6e-05,0.99994,0.0
2197,neutral,0.0,1.0,0.0
2198,neutral,0.0,1.0,0.0
2199,neutral,0.00407,0.99593,0.0
2200,neutral,0.0,1.0,0.0
2201,neutral,0.0,1.0,0.0
2202,negative,1.0,0.0,0.0
2203,negative,1.0,0.0,0.0
2204,neutral,0.0,1.0,0.0
2205,neutral,4e-05,0.99996,0.0
2206,negative,1.0,0.0,0.0
2207,neutral,0.0,1.0,0.0
2208,neutral,0.06009,0.93989,2e-05
2209,negative,0.99593,0.00407,0.0
2210,negative,1.0,0.0,0.0
2211,neutral,0.00247,0.99752,0.0
2212,neutral,0.01799,0.98201,0.0
2213,negative,0.98201,0.01799,0.0
2214,negative,1.0,0.0,0.0
2215,neutral,6e-05,0.96262,0.03732
2216,positive,0.0,0.0,1.0
2217,positive,0.01058,0.03693,0.95249
2218,positive,7e-05,0.43779,0.56214
2219,neutral,0.07586,0.92413,2e-05
2220,negative,0.99999,1e-05,0.0
2221,negative,0.99999,0.0,0.0
2222,negative,0.45186,0.27407,0.27407
2223,negative,1.0,0.0,0.0
2224,neutral,0.0,1.0,0.0
2225,neutral,0.00407,0.99593,0.0
2226,neutral,1e-05,0.99999,0.0
2227,neutral,0.00016,0.99984,0.0
2228,negative,0.9998,0.0002,0.0
2229,neutral,0.22268,0.77724,7e-05
2230,neutral,0.14799,0.85164,0.00037
2231,negative,1.0,0.0,0.0
2232,negative,1.0,0.0,0.0
2233,negative,1.0,0.0,0.0
2234,neutral,0.0,1.0,0.0
2235,neutral,0.0,1.0,0.0
2236,neutral,0.0,1.0,0.0
2237,negative,1.0,0.0,0.0
2238,negative,0.5,0.5,0.0
2239,positive,0.0,0.0,1.0
2240,negative,1.0,0.0,0.0
2241,neutral,0.0,1.0,0.0
2242,negative,0.99478,0.00522,0.0
2243,neutral,0.0,1.0,0.0
2244,neutral,0.09535,0.90465,0.0
2245,negative,1.0,0.0,0.0
2246,negative,0.93943,0.06005,0.00052
2247,neutral,0.43782,0.56216,2e-05
2248,negative,1.0,0.0,0.0
2249,negative,1.0,0.0,0.0
2250,negative,1.0,0.0,0.0
2251,negative,0.99974,0.00026,0.0
2252,neutral,0.0,1.0,0.0
2253,positive,0.0,0.0,1.0
2254,neutral,0.0,1.0,0.0
2255,neutral,0.0,1.0,0.0
2256,neutral,0.1192,0.88079,0.0
2257,neutral,0.43735,0.56157,0.00108
2258,positive,1e-05,0.00055,0.99944
2259,neutral,0.0,1.0,0.0
2260,positive,0.0,0.0,1.0
2261,neutral,0.00247,0.99752,0.0
2262,positive,0.0,1e-05,0.99999
2263,neutral,0.03709,0.95647,0.00644
2264,negative,1.0,0.0,0.0
2265,negative,0.99142,0.00858,0.0
2266,negative,0.99882,0.00117,1e-05
2267,negative,1.0,0.0,0.0
2268,neutral,0.0,1.0,0.0
2269,neutral,0.1192,0.8808,0.0
2270,neutral,0.0,1.0,0.0
2271,neutral,0.0,1.0,0.0
2272,positive,0.0,0.0,1.0
2273,neutral,0.43777,0.56211,0.00011
2274,negative,0.99945,0.00055,0.0
2275,neutral,0.00034,0.99966,0.0
2276,negative,0.99966,0.00034,0.0
2277,positive,0.0,0.0,1.0
2278,neutral,0.01799,0.98201,0.0
2279,negative,0.56217,0.43782,0.0
2280,negative,1.0,0.0,0.0
2281,neutral,0.0,1.0,0.0
2282,neutral,3e-05,0.99997,0.0
2283,positive,5e-05,0.00317,0.99678
2284,negative,0.5,0.5,0.0
2285,neutral,0.0015,0.9985,0.0
2286,negative,1.0,0.0,0.0
2287,neutral,0.2227,0.7773,0.0
2288,neutral,0.0,1.0,0.0
2289,negative,1.0,0.0,0.0
2290,positive,0.0,0.0,1.0
2291,neutral,0.0,1.0,0.0
2292,neutral,0.01799,0.98201,0.0
2293,neutral,0.0,1.0,0.0
2294,negative,1.0,0.0,0.0
2295,negative,0.99957,0.00043,0.0
2296,neutral,1e-05,0.99999,0.0
2297,negative,0.99327,0.00669,4e-05
2298,neutral,0.0,1.0,0.0
2299,neutral,0.0,1.0,0.0
2300,negative,0.99998,2e-05,0.0
2301,neutral,0.0,1.0,0.0
2302,neutral,1e-05,0.99997,2e-05
2303,negative,1.0,0.0,0.0
2304,neutral,0.00015,0.92401,0.07585
2305,neutral,0.00193,0.99795,0.00012
2306,neutral,0.00012,0.99988,0.0
2307,neutral,0.00858,0.99142,0.0
2308,neutral,0.00016,0.99984,0.0
2309,neutral,4e-05,0.99905,0.00091
2310,neutral,0.0,1.0,0.0
2311,positive,1e-05,1e-05,0.99999
2312,neutral,1e-05,0.99999,0.0
2313,neutral,0.04743,0.95257,0.0
2314,neutral,0.00407,0.99593,0.0
2315,neutral,0.00522,0.99478,0.0
2316,negative,1.0,0.0,0.0
2317,negative,0.98901,0.01099,0.0
2318,neutral,1e-05,0.99999,0.0
2319,neutral,0.0,1.0,0.0
2320,neutral,0.0,1.0,0.0
2321,negative,0.62245,0.37754,1e-05
2322,neutral,0.0001,0.99989,1e-05
2323,negative,1.0,0.0,0.0
2324,neutral,0.03733,0.96267,0.0
2325,neutral,0.0,1.0,0.0
2326,neutral,0.0,1.0,0.0
2327,neutral,0.01799,0.98201,0.0
2328,positive,1e-05,0.1192,0.88079
2329,neutral,0.01406,0.98594,0.0
2330,neutral,0.0,1.0,0.0
2331,negative,0.99683,0.00317,0.0
2332,neutral,0.0002,0.9998,0.0
2333,neutral,0.00055,0.99945,0.0
2334,negative,0.73106,0.26894,0.0
2335,negative,0.97702,0.02298,0.0
2336,neutral,0.0,1.0,0.0
2337,neutral,0.03733,0.96267,0.0
2338,negative,1.0,0.0,0.0
2339,negative,1.0,0.0,0.0
2340,positive,0.0,0.0,1.0
2341,positive,0.0,0.0,1.0
2342,neutral,4e-05,0.99995,1e-05
2343,neutral,0.0,1.0,0.0
2344,neutral,0.37754,0.62246,0.0
2345,neutral,2e-05,0.99998,0.0
2346,neutral,0.22216,0.77537,0.00247
2347,negative,1.0,0.0,0.0
2348,negative,1.0,0.0,0.0
2349,neutral,0.14805,0.85195,0.0
2350,neutral,0.09535,0.90465,0.0
2351,neutral,0.0,1.0,0.0
2352,neutral,0.00034,0.99954,0.00012
2353,negative,0.98201,0.01799,0.0
2354,neutral,6e-05,0.99994,0.0
2355,negative,0.81757,0.18243,0.0
2356,negative,0.62246,0.37754,0.0
2357,neutral,0.00055,0.99935,0.0001
2358,neutral,0.00317,0.99683,0.0
2359,positive,0.0,0.0,1.0
2360,negative,0.99993,7e-05,0.0
2361,neutral,0.02298,0.97702,0.0
2362,neutral,0.00247,0.99753,0.0
2363,neutral,0.00024,0.81738,0.18238
2364,neutral,1e-05,0.99999,0.0
2365,neutral,0.0,1.0,0.0
2366,negative,0.99998,2e-05,0.0
2367,neutral,0.0,1.0,0.0
2368,negative,0.5,0.5,0.0
2369,negative,0.95257,0.04743,0.0
2370,neutral,7e-05,0.99959,0.00034
2371,negative,1.0,0.0,0.0
2372,neutral,0.0,1.0,0.0
2373,neutral,0.0004,0.93953,0.06006
2374,negative,1.0,0.0,0.0
2375,negative,1.0,0.0,0.0
2376,neutral,0.0,1.0,0.0
2377,neutral,0.00026,0.9997,4e-05
2378,negative,0.99929,0.00071,0.0
2379,neutral,0.00117,0.99883,0.0
2380,negative,0.90465,0.09535,0.0
2381,neutral,0.0,0.99994,6e-05
2382,neutral,0.0,1.0,0.0
2383,neutral,0.0,0.99996,4e-05
2384,neutral,0.0,1.0,0.0
2385,neutral,0.0,1.0,0.0
2386,neutral,0.0,1.0,0.0
2387,neutral,0.09535,0.90465,0.0
2388,neutral,0.0,1.0,0.0
2389,negative,0.8808,0.1192,0.0
2390,neutral,4e-05,0.99996,0.0
2391,positive,0.0,0.0,1.0
2392,negative,0.98787,0.01097,0.00116
2393,negative,1.0,0.0,0.0
2394,negative,1.0,0.0,0.0
2395,neutral,0.0,1.0,0.0
2396,neutral,0.0,1.0,0.0
2397,neutral,0.0,1.0,0.0
2398,neutral,0.0,1.0,0.0
2399,positive,0.0,0.0,1.0
2400,neutral,0.00407,0.99593,0.0
2401,negative,0.85195,0.14805,0.0
2402,positive,0.03682,0.01355,0.94963
2403,neutral,0.00071,0.99926,4e-05
2404,negative,1.0,0.0,0.0
2405,neutral,0.0,1.0,0.0
2406,negative,1.0,0.0,0.0
2407,negative,1.0,0.0,0.0
2408,neutral,0.0,1.0,0.0
2409,negative,1.0,0.0,0.0
2410,negative,0.87989,0.00103,0.11908
2411,neutral,0.00043,0.99957,0.0
2412,neutral,0.0,1.0,0.0
2413,negative,1.0,0.0,0.0
2414,neutral,0.0,1.0,0.0
2415,neutral,0.07586,0.92414,0.0
2416,neutral,0.0,1.0,0.0
2417,neutral,0.0,1.0,0.0
2418,neutral,0.04743,0.95257,0.0
2419,negative,0.99753,0.00247,0.0
2420,neutral,0.0,0.99999,0.0
2421,positive,0.0,0.0,1.0
2422,negative,1.0,0.0,0.0
2423,neutral,0.01406,0.98594,0.0
2424,neutral,0.1192,0.88079,1e-05
2425,neutral,6e-05,0.99994,0.0
2426,neutral,0.00317,0.99628,0.00055
2427,neutral,0.32078,0.67908,0.00014
2428,negative,1.0,0.0,0.0
2429,neutral,1e-05,0.99999,0.0
2430,neutral,7e-05,0.9998,0.00012
2431,neutral,1e-05,0.99999,0.0
2432,neutral,0.0,1.0,0.0
2433,neutral,0.00117,0.99883,0.0
2434,negative,0.81758,0.18242,0.0
2435,positive,0.0,0.0,1.0
2436,neutral,0.18243,0.81757,0.0
2437,positive,0.0,0.0,1.0
2438,negative,0.99988,0.00012,0.0
2439,neutral,0.0,1.0,0.0
2440,neutral,0.00012,0.99988,0.0
2441,negative,0.99998,2e-05,0.0
2442,neutral,0.14577,0.83886,0.01536
2443,negative,0.56217,0.43782,2e-05
2444,negative,0.99587,0.00407,6e-05
2445,negative,1.0,0.0,0.0
2446,negative,1.0,0.0,0.0
2447,neutral,0.0,1.0,0.0
2448,neutral,0.0,1.0,0.0
2449,negative,1.0,0.0,0.0
2450,negative,1.0,0.0,0.0
2451,neutral,0.07526,0.91681,0.00793
2452,negative,1.0,0.0,0.0
2453,neutral,0.00055,0.99945,0.0
2454,positive,0.0,0.00407,0.99593
2455,neutral,0.0,1.0,0.0
2456,positive,0.0,0.0,1.0
2457,neutral,1e-05,0.99944,0.00055
2458,negative,0.98594,0.01406,0.0
2459,negative,1.0,0.0,0.0
2460,neutral,2e-05,0.99998,0.0
2461,neutral,2e-05,0.99751,0.00247
2462,positive,0.0,0.0,1.0
2463,negative,0.99999,1e-05,0.0
2464,neutral,0.00669,0.99331,0.0
2465,negative,1.0,0.0,0.0
2466,negative,0.95255,0.04742,3e-05
2467,neutral,0.0,1.0,0.0
2468,neutral,1e-05,0.99999,0.0
2469,negative,1.0,0.0,0.0
2470,neutral,0.00055,0.99945,0.0
2471,neutral,0.0,1.0,0.0
2472,neutral,0.02298,0.97702,0.0
2473,negative,0.99997,3e-05,0.0
2474,neutral,0.01406,0.98594,0.0
2475,neutral,0.0,1.0,0.0
2476,positive,9e-05,0.26892,0.73099
2477,negative,0.9985,0.0015,0.0
2478,neutral,0.0,1.0,0.0
2479,neutral,0.00407,0.99591,2e-05
2480,negative,0.88046,0.11916,0.00038
2481,neutral,0.00407,0.99593,0.0
2482,neutral,0.0,1.0,0.0
2483,neutral,0.07584,0.92385,0.00031
2484,negative,1.0,0.0,0.0
2485,negative,0.9999,0.0001,0.0
2486,neutral,0.00071,0.99929,0.0
2487,neutral,0.14805,0.85195,0.0
2488,neutral,0.0,1.0,0.0
2489,neutral,0.00193,0.99807,0.0
2490,neutral,0.06009,0.93991,0.0
2491,neutral,0.03733,0.96267,0.0
2492,neutral,0.0,1.0,0.0
2493,negative,1.0,0.0,0.0
2494,neutral,0.0,1.0,0.0
2495,positive,0.0,0.0,1.0
2496,positive,0.0,0.0,1.0
2497,neutral,2e-05,0.99998,0.0
2498,negative,0.97702,0.02298,0.0
2499,neutral,1e-05,0.99999,0.0
2500,negative,1.0,0.0,0.0
2501,negative,1.0,0.0,0.0
2502,neutral,2e-05,0.99998,0.0
2503,neutral,0.0,1.0,0.0
2504,neutral,0.01406,0.98594,0.0
2505,negative,1.0,0.0,0.0
2506,neutral,0.0,1.0,0.0
2507,negative,0.98201,0.01799,0.0
2508,neutral,0.18243,0.81757,1e-05
2509,neutral,2e-05,0.99998,0.0
2510,neutral,0.0,1.0,0.0
2511,negative,0.99807,0.00193,0.0
2512,negative,0.93711,0.05991,0.00298
2513,negative,0.99462,0.00522,0.00016
2514,negative,1.0,0.0,0.0
2515,positive,1e-05,0.00026,0.99973
2516,negative,0.67918,0.32082,1e-05
2517,negative,0.56213,0.43778,9e-05
2518,neutral,0.0,1.0,0.0
2519,neutral,0.00071,0.99929,0.0
2520,neutral,0.0,1.0,0.0
2521,negative,1.0,0.0,0.0
2522,positive,0.0,0.0,1.0
2523,neutral,0.0,1.0,0.0
2524,neutral,1e-05,0.99999,0.0
2525,neutral,0.0,1.0,0.0
2526,negative,1.0,0.0,0.0
2527,negative,1.0,0.0,0.0
2528,negative,0.98201,0.01799,0.0
2529,neutral,0.0,1.0,0.0
2530,negative,1.0,0.0,0.0
2531,negative,0.98199,0.01799,2e-05
2532,negative,1.0,0.0,0.0
2533,neutral,0.0,1.0,0.0
2534,neutral,0.0,1.0,0.0
2535,negative,0.98201,0.01799,0.0
2536,neutral,0.0,1.0,0.0
2537,negative,1.0,0.0,0.0
2538,positive,0.0,0.0,1.0
2539,neutral,0.00193,0.99807,0.0
2540,neutral,0.14433,0.83058,0.02508
2541,negative,0.95257,0.04743,0.0
2542,negative,1.0,0.0,0.0
2543,negative,1.0,0.0,0.0
2544,neutral,0.0,1.0,0.0
2545,negative,0.99998,2e-05,0.0
2546,neutral,0.26894,0.73106,0.0
2547,neutral,0.00016,0.99984,0.0
2548,negative,0.87399,0.03389,0.09212
2549,neutral,0.00012,0.99988,0.0
2550,neutral,1e-05,0.62245,0.37754
2551,neutral,0.0,1.0,0.0
2552,negative,1.0,0.0,0.0
2553,neutral,0.00149,0.99183,0.00668
2554,neutral,0.02931,0.97069,0.0
2555,negative,1.0,0.0,0.0
2556,neutral,0.0002,0.9998,0.0
2557,neutral,0.00012,0.99987,0.0
2558,neutral,0.0,1.0,0.0
2559,negative,0.99753,0.00247,0.0
2560,negative,1.0,0.0,0.0
2561,neutral,0.02298,0.97702,0.0
2562,neutral,1e-05,0.99999,0.0
2563,neutral,0.0,1.0,0.0
2564,neutral,5e-05,0.99994,1e-05
2565,neutral,7e-05,0.9999,2e-05
2566,neutral,0.00055,0.99945,0.0
2567,neutral,0.00858,0.9914,2e-05
2568,negative,1.0,0.0,0.0
2569,neutral,0.0,1.0,0.0
2570,neutral,1e-05,0.99999,0.0
2571,neutral,0.00806,0.72517,0.26677
2572,negative,0.62246,0.37754,0.0
2573,negative,0.92414,0.07586,0.0
2574,neutral,0.18243,0.81757,0.0
2575,neutral,0.00091,0.99909,0.0
2576,neutral,1e-05,0.99999,0.0
2577,negative,0.99683,0.00317,0.0
2578,neutral,6e-05,0.99994,0.0
2579,neutral,0.0,1.0,0.0
2580,negative,0.90465,0.09535,0.0
2581,negative,0.9985,0.0015,0.0
2582,positive,0.21194,0.21194,0.57612
2583,negative,1.0,0.0,0.0
2584,negative,1.0,0.0,0.0
2585,negative,0.85195,0.14805,0.0
2586,negative,1.0,0.0,0.0
2587,neutral,0.00404,0.98742,0.00854
2588,negative,1.0,0.0,0.0
2589,neutral,0.11916,0.88046,0.00038
2590,negative,1.0,0.0,0.0
2591,neutral,0.1192,0.8808,0.0
2592,negative,1.0,0.0,0.0
2593,negative,1.0,0.0,0.0
2594,neutral,0.0,1.0,0.0
2595,neutral,0.0,0.9985,0.0015
2596,neutral,4e-05,0.99996,0.0
2597,neutral,0.02931,0.97069,0.0
2598,neutral,0.0015,0.99848,2e-05
2599,negative,1.0,0.0,0.0
2600,neutral,0.0,1.0,0.0
2601,negative,1.0,0.0,0.0
2602,neutral,0.00012,0.99987,1e-05
2603,neutral,0.0,1.0,0.0
2604,negative,0.92414,0.07586,0.0
2605,neutral,0.2227,0.77729,1e-05
2606,negative,1.0,0.0,0.0
2607,neutral,0.00293,0.92143,0.07564
2608,negative,0.99996,4e-05,0.0
2609,neutral,0.0,1.0,0.0
2610,neutral,0.0,1.0,0.0
2611,neutral,0.0,1.0,0.0
2612,negative,0.99478,0.00522,0.0
2613,neutral,0.0,1.0,0.0
2614,neutral,1e-05,0.99999,0.0
2615,neutral,0.0,1.0,0.0
2616,negative,0.7773,0.2227,0.0
2617,positive,0.0,0.0,1.0
2618,neutral,0.00407,0.99593,0.0
2619,negative,0.99683,0.00317,0.0
2620,negative,1.0,0.0,0.0
2621,negative,1.0,0.0,0.0
2622,neutral,3e-05,0.99997,0.0
2623,neutral,0.0,1.0,0.0
2624,negative,0.49998,0.49998,4e-05
2625,neutral,1e-05,0.99999,0.0
2626,negative,0.95257,0.04743,0.0
2627,neutral,0.0,1.0,0.0
2628,negative,0.99478,0.00522,0.0
2629,negative,1.0,0.0,0.0
2630,neutral,0.0,1.0,0.0
2631,neutral,0.00407,0.99593,0.0
2632,negative,0.99966,0.00034,0.0
2633,negative,0.97702,0.02298,0.0
2634,negative,0.99142,0.00858,0.0
2635,negative,0.99996,4e-05,0.0
2636,neutral,0.0,1.0,0.0
2637,neutral,0.37754,0.62246,0.0
2638,negative,1.0,0.0,0.0
2639,neutral,2e-05,0.99997,0.0
2640,positive,5e-05,3e-05,0.99993
2641,neutral,2e-05,0.99998,0.0
2642,neutral,0.0,1.0,0.0
2643,neutral,0.0,1.0,0.0
2644,neutral,0.00522,0.99478,0.0
2645,neutral,0.0,1.0,0.0
2646,negative,1.0,0.0,0.0
2647,neutral,0.00407,0.99593,0.0
2648,negative,1.0,0.0,0.0
2649,neutral,0.0,1.0,0.0
2650,neutral,0.0,1.0,0.0
2651,neutral,0.0,1.0,0.0
2652,neutral,0.0,1.0,0.0
2653,neutral,0.00055,0.99941,4e-05
2654,neutral,0.01406,0.98574,0.0002
2655,negative,0.99966,0.00034,0.0
2656,neutral,0.01032,0.72351,0.26617
2657,positive,0.0,1e-05,0.99999
2658,neutral,0.0,1.0,0.0
2659,neutral,0.00117,0.99883,0.0
2660,neutral,1e-05,0.99999,0.0
2661,negative,0.97702,0.02298,0.0
2662,positive,0.00016,1e-05,0.99983
2663,positive,1e-05,0.00026,0.99973
2664,neutral,0.07557,0.92066,0.00376
2665,negative,0.99995,5e-05,0.0
2666,negative,0.99999,1e-05,0.0
2667,neutral,0.0,1.0,0.0
2668,negative,1.0,0.0,0.0
2669,negative,1.0,0.0,0.0
2670,neutral,3e-05,0.99985,0.00012
2671,negative,1.0,0.0,0.0
2672,neutral,0.00043,0.99957,0.0
2673,neutral,0.04743,0.95257,0.0
2674,negative,1.0,0.0,0.0
2675,negative,0.90465,0.09535,0.0
2676,positive,2e-05,0.00012,0.99986
2677,negative,0.8808,0.1192,0.0
2678,neutral,0.02931,0.97069,0.0
2679,neutral,0.43782,0.56217,1e-05
2680,negative,0.99883,0.00117,0.0
2681,positive,0.0,0.0,1.0
2682,negative,1.0,0.0,0.0
2683,neutral,0.03733,0.96267,0.0
2684,negative,0.67918,0.32082,0.0
2685,neutral,0.0,1.0,0.0
2686,neutral,0.03731,0.96227,0.00041
2687,neutral,1e-05,0.99999,0.0
2688,negative,0.97068,0.02931,0.0
2689,negative,0.5,0.49999,1e-05
2690,negative,0.99998,2e-05,0.0
2691,neutral,4e-05,0.99996,0.0
2692,neutral,1e-05,0.99999,0.0
2693,negative,1.0,0.0,0.0
2694,neutral,0.00669,0.99315,0.00016
2695,neutral,0.0,0.99999,1e-05
2696,negative,1.0,0.0,0.0
2697,negative,0.98901,0.01099,1e-05
2698,neutral,0.0,1.0,0.0
2699,negative,1.0,0.0,0.0
2700,neutral,0.00117,0.99883,0.0
2701,negative,0.98285,0.00313,0.01402
2702,negative,0.9999,5e-05,6e-05
2703,neutral,0.0,1.0,0.0
2704,neutral,0.32082,0.67918,0.0
2705,neutral,0.0,1.0,0.0
2706,positive,0.0,0.00043,0.99957
2707,neutral,0.00123,0.56149,0.43729
2708,neutral,0.0,1.0,0.0
2709,neutral,0.00043,0.99957,0.0
2710,neutral,0.00858,0.99142,0.0
2711,neutral,0.04743,0.95257,0.0
2712,neutral,0.03733,0.96266,2e-05
2713,neutral,0.0,1.0,0.0
2714,negative,0.99305,0.00669,0.00026
2715,neutral,0.0002,0.99787,0.00193
2716,neutral,0.0,1.0,0.0
2717,neutral,0.0015,0.99844,6e-05
2718,positive,0.0,0.0,1.0
2719,neutral,5e-05,0.99995,0.0
2720,neutral,0.0,1.0,0.0
2721,neutral,0.0,1.0,0.0
2722,neutral,0.00034,0.99966,0.0
2723,neutral,0.0,1.0,0.0
2724,neutral,0.0,1.0,0.0
2725,negative,0.99999,0.0,0.0
2726,positive,6e-05,0.01799,0.98196
2727,negative,0.9985,0.0015,0.0
2728,negative,0.93991,0.06009,1e-05
2729,negative,0.99593,0.00407,0.0
2730,neutral,0.43782,0.56216,2e-05
2731,negative,0.92414,0.07586,0.0
2732,positive,0.07163,0.05578,0.87259
2733,negative,0.99593,0.00407,0.0
2734,positive,0.00012,0.22267,0.7772
2735,negative,0.97069,0.02931,0.0
2736,neutral,0.0,1.0,0.0
2737,negative,1.0,0.0,0.0
2738,neutral,0.0015,0.9985,0.0
2739,neutral,0.0,1.0,0.0
2740,negative,1.0,0.0,0.0
2741,neutral,0.01099,0.98901,0.0
2742,neutral,0.0,1.0,0.0
2743,neutral,1e-05,0.99999,0.0
2744,neutral,0.0,1.0,0.0
2745,neutral,0.00193,0.99807,0.0
2746,neutral,0.00068,0.96202,0.0373
2747,neutral,0.01406,0.98593,1e-05
2748,neutral,0.00055,0.99945,0.0
2749,negative,1.0,0.0,0.0
2750,neutral,2e-05,0.99998,0.0
2751,negative,0.99993,7e-05,0.0
2752,positive,0.0,0.0,1.0
2753,negative,1.0,0.0,0.0
2754,negative,0.99988,0.00012,0.0
2755,neutral,1e-05,0.99999,0.0
2756,neutral,2e-05,0.99982,0.00016
2757,neutral,0.1192,0.88079,0.0
2758,neutral,4e-05,0.99996,0.0
2759,neutral,1e-05,0.99999,1e-05
2760,neutral,0.00669,0.99331,0.0
2761,positive,0.0,0.00858,0.99142
2762,negative,1.0,0.0,0.0
2763,neutral,0.0,0.99994,6e-05
2764,neutral,0.00034,0.99966,0.0
2765,negative,0.98593,0.01406,0.0
2766,negative,0.99993,7e-05,0.0
2767,neutral,0.0,1.0,0.0
2768,negative,1.0,0.0,0.0
2769,neutral,0.00117,0.99883,0.0
2770,neutral,0.2227,0.77729,1e-05
2771,negative,1.0,0.0,0.0
2772,neutral,0.26894,0.73106,0.0
2773,neutral,0.0,1.0,0.0
2774,neutral,0.32078,0.67908,0.00014
2775,negative,0.8808,0.1192,0.0
2776,negative,0.61986,0.37596,0.00418
2777,negative,1.0,0.0,0.0
2778,neutral,0.0,1.0,0.0
2779,neutral,0.0,1.0,0.0
2780,negative,0.7773,0.2227,0.0
2781,neutral,0.00012,0.99838,0.0015
2782,negative,0.5,0.5,0.0
2783,neutral,4e-05,0.99996,0.0
2784,neutral,0.14805,0.85195,0.0
2785,neutral,0.00091,0.99909,0.0
2786,neutral,2e-05,0.99986,0.00012
2787,neutral,0.1192,0.8808,0.0
2788,negative,1.0,0.0,0.0
2789,neutral,0.2227,0.7773,0.0
2790,positive,0.00038,0.3207,0.67892
2791,negative,0.99683,0.00317,0.0
2792,neutral,3e-05,0.99997,0.0
2793,neutral,0.0,1.0,0.0
2794,neutral,0.0,1.0,0.0
2795,neutral,3e-05,0.99997,0.0
2796,neutral,0.0,1.0,0.0
2797,neutral,0.0,1.0,0.0
2798,neutral,0.0002,0.9998,0.0
2799,neutral,0.1192,0.8808,0.0
2800,negative,1.0,0.0,0.0
2801,neutral,7e-05,0.99992,1e-05
2802,negative,0.99996,4e-05,0.0
2803,neutral,0.03733,0.96267,0.0
2804,neutral,0.00034,0.99966,0.0
2805,neutral,0.00043,0.99957,0.0
2806,negative,1.0,0.0,0.0
2807,negative,1.0,0.0,0.0
2808,neutral,0.0,1.0,0.0
2809,neutral,0.00055,0.99945,0.0
2810,neutral,5e-05,0.99995,0.0
2811,neutral,4e-05,0.99996,0.0
2812,neutral,0.32082,0.67918,0.0
2813,neutral,0.00117,0.99883,0.0
2814,neutral,1e-05,0.99999,0.0
2815,neutral,0.0,1.0,0.0
2816,negative,0.99974,0.00026,0.0
2817,neutral,0.0,1.0,0.0
2818,neutral,2e-05,0.99998,0.0
2819,neutral,0.0,1.0,0.0
2820,negative,1.0,0.0,0.0
2821,negative,1.0,0.0,0.0
2822,negative,0.99993,7e-05,0.0
2823,neutral,0.37754,0.62246,0.0
2824,negative,0.99883,0.00117,0.0
2825,neutral,0.02931,0.97069,0.0
2826,neutral,7e-05,0.99471,0.00522
2827,negative,1.0,0.0,0.0
2828,neutral,0.00317,0.99683,0.0
2829,neutral,0.00858,0.99142,0.0
2830,neutral,0.32082,0.67918,0.0
2831,negative,1.0,0.0,0.0
2832,neutral,0.0,1.0,0.0
2833,negative,1.0,0.0,0.0
2834,negative,0.99475,0.00522,3e-05
2835,neutral,0.0,1.0,0.0
2836,positive,0.00014,0.11919,0.88067
2837,neutral,0.00317,0.99683,0.0
2838,neutral,0.0,1.0,0.0
2839,neutral,7e-05,0.99993,0.0
2840,neutral,6e-05,0.99994,0.0
2841,negative,1.0,0.0,0.0
2842,neutral,0.04736,0.95121,0.00143
2843,neutral,0.00317,0.99683,0.0
2844,neutral,0.0,1.0,0.0
2845,negative,0.97068,0.02931,1e-05
2846,negative,0.81757,0.18243,0.0
2847,neutral,0.01099,0.98901,0.0
2848,neutral,0.00026,0.99972,2e-05
2849,neutral,0.0,1.0,0.0
2850,neutral,0.0,1.0,0.0
2851,neutral,1e-05,0.99999,0.0
2852,neutral,0.00043,0.99956,1e-05
2853,neutral,0.0,1.0,0.0
2854,negative,1.0,0.0,0.0
2855,neutral,7e-05,0.99992,0.0
2856,negative,1.0,0.0,0.0
2857,neutral,0.26894,0.73106,0.0
2858,neutral,0.03073,0.79245,0.17682
2859,neutral,0.43782,0.56218,0.0
2860,negative,1.0,0.0,0.0
2861,neutral,0.37753,0.62243,4e-05
2862,neutral,0.00117,0.99883,0.0
2863,neutral,0.0,1.0,0.0
2864,negative,0.99141,0.00858,1e-05
2865,negative,1.0,0.0,0.0
2866,negative,1.0,0.0,0.0
2867,negative,0.99945,0.00055,0.0
2868,negative,0.99753,0.00247,0.0
2869,neutral,0.0,1.0,0.0
2870,neutral,0.0001,0.9999,0.0
2871,neutral,0.0,1.0,0.0
2872,neutral,0.00407,0.9959,3e-05
2873,negative,0.99929,0.00071,0.0
2874,neutral,0.2227,0.7773,0.0
2875,neutral,0.0,1.0,0.0
2876,negative,0.99999,1e-05,0.0
2877,negative,0.93991,0.06009,0.0
2878,negative,1.0,0.0,0.0
2879,negative,1.0,0.0,0.0
2880,neutral,0.00026,0.99974,0.0
2881,negative,0.99857,0.00117,0.00026
2882,neutral,1e-05,0.99995,4e-05
2883,negative,1.0,0.0,0.0
2884,negative,1.0,0.0,0.0
2885,negative,0.99807,0.00193,0.0
2886,neutral,7e-05,0.99993,0.0
2887,neutral,0.0,1.0,0.0
2888,negative,1.0,0.0,0.0
2889,neutral,0.04743,0.95257,0.0
2890,neutral,0.0,1.0,0.0
2891,neutral,0.0,1.0,0.0
2892,negative,0.92414,0.07586,0.0
2893,neutral,0.0,1.0,0.0
2894,negative,1.0,0.0,0.0
2895,negative,0.99883,0.00117,0.0
2896,neutral,0.00522,0.99478,0.0
2897,negative,0.99873,0.00117,0.0001
2898,neutral,0.0,1.0,0.0
2899,negative,0.85195,0.14805,0.0
2900,neutral,0.43782,0.56218,0.0
2901,neutral,0.00091,0.99893,0.00016
2902,neutral,0.1192,0.8808,0.0
2903,neutral,0.0,1.0,0.0
2904,neutral,0.0,1.0,0.0
2905,negative,0.99994,6e-05,0.0
2906,negative,1.0,0.0,0.0
2907,neutral,0.00117,0.99883,0.0
2908,neutral,0.04743,0.95257,0.0
2909,negative,0.99999,1e-05,0.0
2910,negative,0.98201,0.01799,0.0
2911,neutral,0.00139,0.92286,0.07575
2912,negative,1.0,0.0,0.0
2913,neutral,0.2227,0.7773,0.0
2914,neutral,0.0,1.0,0.0
2915,negative,1.0,0.0,0.0
2916,neutral,0.03733,0.96267,0.0
2917,negative,0.98525,0.01405,0.0007
2918,neutral,0.0,1.0,0.0
2919,neutral,0.0,1.0,0.0
2920,neutral,0.0,1.0,0.0
2921,neutral,0.00034,0.99966,0.0
2922,neutral,0.00247,0.99753,0.0
2923,positive,1e-05,0.03733,0.96266
2924,neutral,1e-05,0.99999,0.0
2925,neutral,0.18243,0.81757,0.0
2926,neutral,0.1192,0.8808,0.0
2927,neutral,0.09501,0.90131,0.00368
2928,negative,0.88078,0.1192,2e-05
2929,neutral,0.0,1.0,0.0
2930,neutral,0.26893,0.73103,3e-05
2931,negative,1.0,0.0,0.0
2932,neutral,0.00034,0.99966,0.0
2933,positive,1e-05,0.0015,0.99849
2934,neutral,0.0,1.0,0.0
2935,neutral,0.0,1.0,0.0
2936,negative,1.0,0.0,0.0
2937,neutral,0.00026,0.99974,0.0
2938,neutral,0.0,0.98201,0.01799
2939,neutral,0.0,1.0,0.0
2940,neutral,0.0,1.0,0.0
2941,neutral,0.0,1.0,0.0
2942,neutral,0.00407,0.99523,0.00071
2943,negative,1.0,0.0,0.0
2944,neutral,0.0,0.99984,0.00016
2945,neutral,4e-05,0.99996,0.0
2946,positive,0.0,0.0,1.0
2947,negative,0.90465,0.09535,0.0
2948,neutral,0.0,1.0,0.0
2949,negative,0.77728,0.22269,3e-05
2950,neutral,0.04742,0.95246,0.00012
2951,negative,1.0,0.0,0.0
2952,positive,1e-05,0.03733,0.96266
2953,neutral,0.0,1.0,0.0
2954,neutral,0.0,1.0,0.0
2955,negative,0.98594,0.01406,0.0
2956,neutral,6e-05,0.99993,1e-05
2957,neutral,0.0,1.0,0.0
2958,neutral,0.00473,0.90038,0.0949
2959,neutral,0.0,1.0,0.0
2960,neutral,0.00193,0.99807,0.0
2961,negative,1.0,0.0,0.0
2962,neutral,0.03733,0.96267,0.0
2963,neutral,7e-05,0.99992,0.0
2964,neutral,0.01099,0.98901,0.0
2965,neutral,0.00055,0.9994,5e-05
2966,neutral,0.00193,0.99804,4e-05
2967,neutral,0.0,1.0,0.0
2968,neutral,6e-05,0.99994,0.0
2969,neutral,0.0,1.0,0.0
2970,negative,1.0,0.0,0.0
2971,neutral,0.00034,0.99966,0.0
2972,negative,1.0,0.0,0.0
2973,neutral,0.0,1.0,0.0
2974,negative,1.0,0.0,0.0
2975,negative,1.0,0.0,0.0
2976,neutral,1e-05,0.99999,0.0
2977,neutral,0.32082,0.67918,0.0
2978,negative,1.0,0.0,0.0
2979,neutral,0.0,1.0,0.0
2980,neutral,2e-05,0.99972,0.00026
2981,neutral,0.0,1.0,0.0
2982,neutral,0.0002,0.9998,0.0
2983,neutral,0.00034,0.99965,2e-05
2984,negative,0.77727,0.22269,4e-05
2985,negative,0.99994,6e-05,0.0
2986,positive,0.0,0.01099,0.98901
2987,neutral,0.0,1.0,0.0
2988,neutral,0.0,1.0,0.0
2989,negative,0.99988,0.00012,0.0
2990,neutral,0.0,1.0,0.0
2991,neutral,0.0,1.0,0.0
2992,positive,0.0,0.0,1.0
2993,neutral,0.00316,0.99278,0.00406
2994,negative,0.93989,0.06008,3e-05
2995,neutral,0.00034,0.99966,0.0
2996,neutral,3e-05,0.99997,0.0
2997,neutral,0.2227,0.7773,0.0
2998,negative,0.99997,3e-05,0.0
2999,negative,1.0,0.0,0.0
3000,negative,1.0,0.0,0.0
3001,negative,0.97702,0.02298,0.0
3002,neutral,0.0,1.0,0.0
3003,negative,1.0,0.0,0.0
3004,neutral,0.00522,0.99478,0.0
3005,neutral,1e-05,0.99999,0.0
3006,negative,0.99966,0.00034,0.0
3007,negative,1.0,0.0,0.0
3008,neutral,0.0002,0.99663,0.00317
3009,neutral,1e-05,0.99999,0.0
3010,neutral,0.00193,0.99807,0.0
3011,neutral,5e-05,0.81753,0.18242
3012,negative,0.99998,1e-05,1e-05
3013,neutral,0.00858,0.99142,0.0
3014,neutral,0.0,1.0,0.0
3015,neutral,0.222,0.77484,0.00317
3016,neutral,0.00016,0.98886,0.01099
3017,neutral,1e-05,0.99999,0.0
3018,neutral,0.0,1.0,0.0
3019,neutral,0.00034,0.99966,0.0
3020,negative,1.0,0.0,0.0
3021,neutral,0.00071,0.99929,0.0
3022,neutral,0.0,1.0,0.0
3023,negative,0.99998,2e-05,0.0
3024,neutral,0.0,1.0,0.0
3025,positive,0.0,0.0,0.99999
3026,negative,1.0,0.0,0.0
3027,negative,0.7773,0.2227,0.0
3028,neutral,0.0,1.0,0.0
3029,neutral,0.0,1.0,0.0
3030,negative,0.99995,5e-05,0.0
3031,neutral,0.00071,0.99929,0.0
3032,neutral,2e-05,0.99998,0.0
3033,negative,0.93991,0.06009,0.0
3034,negative,0.67918,0.32082,0.0
3035,negative,0.97702,0.02298,0.0
3036,negative,1.0,0.0,0.0
3037,negative,1.0,0.0,0.0
3038,neutral,0.1192,0.88079,1e-05
3039,neutral,0.00858,0.99142,0.0
3040,neutral,6e-05,0.99994,0.0
3041,negative,0.98201,0.01799,0.0
3042,positive,0.0,0.0,1.0
3043,positive,0.00035,0.18236,0.81729
3044,neutral,0.00669,0.99325,6e-05
3045,neutral,0.0,1.0,0.0
3046,neutral,0.00858,0.99142,0.0
3047,negative,1.0,0.0,0.0
3048,negative,1.0,0.0,0.0
3049,negative,0.99999,1e-05,0.0
3050,neutral,0.0,1.0,0.0
3051,neutral,0.0,1.0,0.0
3052,neutral,0.00669,0.99331,0.0
3053,neutral,0.26832,0.72936,0.00232
3054,neutral,6e-05,0.93985,0.06008
3055,negative,1.0,0.0,0.0
3056,neutral,0.00247,0.99752,1e-05
3057,negative,0.99999,1e-05,0.0
3058,neutral,4e-05,0.99996,0.0
3059,negative,0.99331,0.00669,0.0
3060,neutral,0.119,0.8793,0.0017
3061,neutral,0.0,1.0,0.0
3062,neutral,0.00091,0.99909,0.0
3063,positive,4e-05,0.01799,0.98197
3064,neutral,2e-05,0.99998,0.0
3065,neutral,0.00071,0.99929,0.0
3066,negative,1.0,0.0,0.0
3067,negative,1.0,0.0,0.0
3068,negative,1.0,0.0,0.0
3069,negative,0.99998,2e-05,0.0
3070,negative,0.96159,0.03728,0.00113
3071,negative,0.95257,0.04743,0.0
3072,neutral,5e-05,0.99995,0.0
3073,positive,0.0,0.0,1.0
3074,neutral,0.0,1.0,0.0
3075,negative,1.0,0.0,0.0
3076,negative,1.0,0.0,0.0
3077,negative,0.5,0.5,0.0
3078,neutral,0.18243,0.81757,0.0
3079,negative,0.99478,0.00522,0.0
3080,neutral,0.0,1.0,0.0
3081,neutral,0.01787,0.97556,0.00657
3082,neutral,0.0,0.9999,0.0001
3083,neutral,0.0,1.0,0.0
3084,neutral,0.00193,0.99805,2e-05
3085,neutral,0.11918,0.88064,0.00018
3086,negative,1.0,0.0,0.0
3087,neutral,2e-05,0.99998,0.0
3088,neutral,0.0,1.0,0.0
3089,positive,0.00026,0.01406,0.98568
3090,neutral,0.00522,0.99452,0.00026
3091,neutral,0.00026,0.99974,0.0
3092,neutral,1e-05,0.99956,0.00043
3093,negative,1.0,0.0,0.0
3094,positive,0.0,0.03733,0.96267
3095,neutral,0.0,1.0,0.0
3096,negative,1.0,0.0,0.0
3097,neutral,0.0,0.99979,0.0002
3098,negative,0.73104,0.26893,3e-05
3099,neutral,0.02298,0.97699,3e-05
3100,neutral,1e-05,0.99999,0.0
3101,neutral,0.04743,0.95257,0.0
3102,negative,0.99683,0.00317,0.0
3103,negative,1.0,0.0,0.0
3104,neutral,0.09535,0.90465,0.0
3105,neutral,0.0,1.0,0.0
3106,negative,0.97698,0.02298,4e-05
3107,neutral,0.00071,0.99929,0.0
3108,negative,0.99998,2e-05,0.0
3109,positive,0.0,0.0,1.0
3110,neutral,0.0,1.0,0.0
3111,negative,1.0,0.0,0.0
3112,neutral,0.37754,0.62246,1e-05
3113,neutral,0.2227,0.7773,0.0
3114,neutral,0.0,1.0,0.0
3115,neutral,0.01099,0.98901,0.0
3116,neutral,0.01099,0.98901,0.0
3117,positive,0.0015,0.00192,0.99658
3118,positive,0.0,0.0,1.0
3119,positive,0.0,0.0,1.0
3120,neutral,3e-05,0.99997,0.0
3121,neutral,0.00043,0.99947,0.0001
3122,neutral,1e-05,0.99999,0.0
3123,neutral,0.0,1.0,0.0
3124,neutral,7e-05,0.99992,1e-05
3125,neutral,4e-05,0.99996,0.0
3126,neutral,0.0,1.0,0.0
3127,neutral,0.0,1.0,0.0
3128,neutral,0.0001,0.9999,0.0
3129,neutral,0.00858,0.9914,2e-05
3130,neutral,0.00317,0.99683,0.0
3131,neutral,1e-05,0.99999,0.0
3132,neutral,0.0,1.0,0.0
3133,negative,0.97069,0.02931,0.0
3134,neutral,0.00012,0.99988,0.0
3135,positive,0.07487,0.01301,0.91212
3136,positive,0.06289,0.17095,0.76616
3137,neutral,2e-05,0.99955,0.00043
3138,neutral,0.00117,0.99883,0.0
3139,neutral,7e-05,0.99993,0.0
3140,negative,0.99988,0.00012,0.0
3141,neutral,0.0,1.0,0.0
3142,negative,1.0,0.0,0.0
3143,negative,0.9399,0.06009,1e-05
3144,neutral,1e-05,0.99998,1e-05
3145,negative,0.93991,0.06009,0.0
3146,neutral,0.1192,0.88079,0.0
3147,neutral,0.00012,0.99988,0.0
3148,negative,1.0,0.0,0.0
3149,neutral,0.06009,0.93991,0.0
3150,negative,1.0,0.0,0.0
3151,neutral,0.00016,0.99984,0.0
3152,neutral,0.0,1.0,0.0
3153,positive,0.0,0.0,1.0
3154,neutral,0.14805,0.85195,0.0
3155,negative,1.0,0.0,0.0
3156,negative,0.91864,0.04574,0.03562
3157,negative,1.0,0.0,0.0
3158,neutral,0.0,1.0,0.0
3159,neutral,2e-05,0.982,0.01799
3160,neutral,0.0,1.0,0.0
3161,negative,1.0,0.0,0.0
3162,neutral,0.0,1.0,0.0
3163,negative,0.9985,0.0015,0.0
3164,negative,0.92414,0.07586,0.0
3165,neutral,0.18241,0.81751,8e-05
3166,neutral,7e-05,0.99993,0.0
3167,negative,0.99807,0.00193,0.0
3168,neutral,0.01099,0.98901,0.0
3169,neutral,1e-05,0.99999,0.0
3170,positive,3e-05,0.00043,0.99954
3171,neutral,0.0,1.0,0.0
3172,neutral,0.0,1.0,0.0
3173,negative,0.81757,0.18243,0.0
3174,neutral,0.00043,0.99957,0.0
3175,neutral,0.0,1.0,0.0
3176,neutral,1e-05,0.99997,3e-05
3177,neutral,0.0,1.0,0.0
3178,positive,4e-05,0.09535,0.90461
3179,neutral,0.00192,0.99402,0.00406
3180,negative,1.0,0.0,0.0
3181,negative,1.0,0.0,0.0
3182,neutral,0.0,1.0,0.0
3183,negative,0.67918,0.32082,0.0
3184,neutral,0.02298,0.97702,0.0
3185,negative,0.85172,0.148,0.00029
3186,negative,1.0,0.0,0.0
3187,neutral,0.0,1.0,0.0
3188,negative,0.56218,0.43782,0.0
3189,negative,0.99998,1e-05,1e-05
3190,positive,0.0,0.0,1.0
3191,positive,2e-05,4e-05,0.99995
3192,negative,0.35987,0.35987,0.28026
3193,positive,0.0,0.0,1.0
3194,neutral,0.00858,0.99142,0.0
3195,negative,1.0,0.0,0.0
3196,negative,0.95257,0.04743,0.0
3197,neutral,1e-05,0.99999,0.0
3198,negative,1.0,0.0,0.0
3199,neutral,0.00247,0.99752,0.0
3200,neutral,0.00193,0.99787,0.0002
3201,negative,0.96267,0.03733,0.0
3202,neutral,0.0002,0.9998,0.0
3203,positive,0.00669,0.0007,0.99261
3204,negative,1.0,0.0,0.0
3205,neutral,0.02931,0.97069,0.0
3206,neutral,0.06913,0.84212,0.08876
3207,positive,0.0,0.0,1.0
3208,neutral,0.0,1.0,0.0
3209,negative,1.0,0.0,0.0
3210,neutral,0.1192,0.8808,0.0
3211,neutral,0.0,1.0,0.0
3212,negative,0.56217,0.43782,1e-05
3213,negative,1.0,0.0,0.0
3214,neutral,0.0,1.0,0.0
3215,neutral,0.0,1.0,0.0
3216,neutral,0.26894,0.73106,0.0
3217,neutral,0.0015,0.99849,0.0
3218,neutral,0.14805,0.85195,0.0
3219,neutral,1e-05,0.99999,0.0
3220,neutral,1e-05,0.99978,0.0002
3221,neutral,0.0,1.0,0.0
3222,neutral,0.0,1.0,0.0
3223,neutral,0.03733,0.96267,0.0
3224,positive,0.00164,0.1478,0.85055
3225,neutral,0.00055,0.99944,1e-05
3226,neutral,0.32082,0.67918,0.0
3227,neutral,0.14805,0.85195,0.0
3228,neutral,0.26894,0.73106,0.0
3229,negative,1.0,0.0,0.0
3230,positive,2e-05,0.07586,0.92412
3231,neutral,0.09518,0.90307,0.00174
3232,neutral,0.0,1.0,0.0
3233,negative,0.99999,1e-05,0.0
3234,negative,1.0,0.0,0.0
3235,neutral,0.0,1.0,0.0
3236,neutral,0.00317,0.99683,0.0
3237,neutral,0.0,0.99999,1e-05
3238,neutral,0.09535,0.90465,0.0
3239,negative,1.0,0.0,0.0
3240,neutral,0.0,1.0,0.0
3241,neutral,0.0,1.0,0.0
3242,positive,6e-05,0.02298,0.97697
3243,negative,0.96267,0.03733,0.0
3244,neutral,0.00016,0.99983,1e-05
3245,positive,0.0201,0.31437,0.66553
3246,neutral,0.0,1.0,0.0
3247,neutral,0.0,1.0,0.0
3248,neutral,0.09535,0.90465,0.0
3249,positive,0.0,0.0,1.0
3250,negative,1.0,0.0,0.0
3251,negative,0.50001,0.49999,0.0
3252,neutral,0.00117,0.99883,0.0
3253,negative,0.90465,0.09535,0.0
3254,neutral,5e-05,0.99995,0.0
3255,neutral,5e-05,0.99995,0.0
3256,negative,0.99999,1e-05,0.0
3257,neutral,0.0,1.0,0.0
3258,neutral,0.07572,0.71844,0.20584
3259,negative,0.99752,0.00247,1e-05
3260,neutral,1e-05,0.99999,0.0
3261,neutral,0.0,1.0,0.0
3262,neutral,0.0,1.0,0.0
3263,neutral,0.0,1.0,0.0
3264,negative,1.0,0.0,0.0
3265,neutral,0.0,1.0,0.0
3266,neutral,0.03709,0.95647,0.00644
3267,negative,0.99478,0.00522,0.0
3268,neutral,0.0,1.0,0.0
3269,negative,1.0,0.0,0.0
3270,neutral,0.0,1.0,0.0
3271,negative,1.0,0.0,0.0
3272,neutral,0.0001,0.9999,0.0
3273,negative,0.99142,0.00858,0.0
3274,neutral,5e-05,0.99995,0.0
3275,neutral,0.0,1.0,0.0
3276,neutral,4e-05,0.99996,0.0
3277,neutral,0.0,1.0,0.0
3278,negative,0.99955,0.00043,2e-05
3279,negative,0.62242,0.37752,6e-05
3280,neutral,0.0,1.0,0.0
3281,negative,1.0,0.0,0.0
3282,negative,0.93991,0.06009,0.0
3283,neutral,0.0002,0.9998,0.0
3284,negative,0.92414,0.07586,0.0
3285,neutral,0.00043,0.99957,0.0
3286,negative,0.99995,5e-05,0.0
3287,neutral,0.14801,0.85176,0.00022
3288,negative,1.0,0.0,0.0
3289,negative,1.0,0.0,0.0
3290,neutral,7e-05,0.99993,0.0
3291,neutral,0.0,1.0,0.0
3292,negative,0.99909,0.00091,0.0
3293,neutral,0.2227,0.7773,0.0
3294,neutral,0.00193,0.99803,5e-05
3295,neutral,2e-05,0.99998,0.0
3296,neutral,0.03733,0.96267,0.0
3297,negative,1.0,0.0,0.0
3298,neutral,0.0,1.0,0.0
3299,negative,0.99593,0.00407,0.0
3300,neutral,3e-05,0.99971,0.00026
3301,neutral,0.0,1.0,0.0
3302,neutral,0.0,1.0,0.0
3303,neutral,1e-05,0.99998,0.0
3304,neutral,2e-05,0.99998,0.0
3305,neutral,0.00055,0.99945,0.0
3306,neutral,1e-05,0.99999,0.0
3307,negative,0.9933,0.00669,0.0
3308,neutral,0.0002,0.9998,0.0
3309,neutral,0.0,1.0,0.0
3310,neutral,0.00043,0.99957,0.0
3311,neutral,0.0,1.0,0.0
3312,neutral,0.01099,0.98901,0.0
3313,neutral,0.0,1.0,0.0
3314,negative,1.0,0.0,0.0
3315,neutral,0.0,0.99992,7e-05
3316,negative,0.9985,0.0015,0.0
3317,negative,0.90465,0.09535,0.0
3318,neutral,0.0,1.0,0.0
3319,neutral,0.0,1.0,0.0
3320,neutral,0.0,1.0,0.0
3321,negative,1.0,0.0,0.0
3322,negative,1.0,0.0,0.0
3323,negative,0.99945,0.00055,0.0
3324,neutral,0.00117,0.99883,0.0
3325,neutral,0.0,1.0,0.0
3326,negative,0.99883,0.00117,0.0
3327,neutral,5e-05,0.99995,0.0
3328,neutral,0.0,1.0,0.0
3329,negative,0.73107,0.26893,0.0
3330,neutral,0.0,1.0,0.0
3331,neutral,0.07585,0.92409,5e-05
3332,neutral,0.18243,0.81757,0.0
3333,neutral,0.00021,0.62233,0.37746
3334,neutral,2e-05,0.99998,0.0
3335,neutral,0.0,1.0,0.0
3336,negative,0.99994,6e-05,0.0
3337,neutral,0.00117,0.99691,0.00192
3338,neutral,0.0,1.0,0.0
3339,neutral,0.0,1.0,0.0
3340,negative,1.0,0.0,0.0
3341,neutral,0.00012,0.99988,0.0
3342,negative,0.99998,2e-05,0.0
3343,neutral,0.0015,0.9985,0.0
3344,neutral,0.00012,0.99987,1e-05
3345,neutral,0.0,1.0,0.0
3346,neutral,0.0,1.0,0.0
3347,neutral,0.0015,0.9985,0.0
3348,negative,0.62246,0.37754,0.0
3349,neutral,0.0,1.0,0.0
3350,negative,1.0,0.0,0.0
3351,negative,0.99986,0.00012,1e-05
3352,neutral,1e-05,0.99998,0.0
3353,neutral,0.0,1.0,0.0
3354,negative,0.99683,0.00317,0.0
3355,positive,0.0,0.00071,0.99929
3356,neutral,0.0,1.0,0.0
3357,neutral,0.0,1.0,0.0
3358,neutral,0.0,1.0,0.0
3359,negative,0.99992,7e-05,0.0
3360,neutral,0.0,1.0,0.0
3361,neutral,2e-05,0.99996,2e-05
3362,neutral,0.00193,0.99806,1e-05
3363,negative,0.99883,0.00117,0.0
3364,neutral,0.0,1.0,0.0
3365,negative,0.99683,0.00317,0.0
3366,negative,0.99683,0.00317,0.0
3367,negative,0.99999,1e-05,0.0
3368,neutral,0.32081,0.67915,4e-05
3369,neutral,0.00016,0.99984,1e-05
3370,negative,0.99478,0.00522,0.0
3371,neutral,0.04743,0.95257,0.0
3372,neutral,0.0015,0.9985,0.0
3373,neutral,0.00026,0.99974,0.0
3374,negative,0.96267,0.03733,0.0
3375,neutral,0.03733,0.96267,0.0
3376,neutral,0.0,1.0,0.0
3377,neutral,2e-05,0.98899,0.01099
3378,neutral,1e-05,0.99999,0.0
3379,neutral,0.0,1.0,0.0
3380,negative,1.0,0.0,0.0
3381,neutral,0.0,1.0,0.0
3382,negative,0.95257,0.04743,0.0
3383,neutral,0.0,1.0,0.0
3384,negative,0.73106,0.26894,1e-05
3385,neutral,0.00117,0.99883,0.0
3386,positive,5e-05,0.0,0.99995
3387,negative,1.0,0.0,0.0
3388,neutral,0.00247,0.99752,0.0
3389,negative,1.0,0.0,0.0
3390,neutral,0.01099,0.98901,0.0
3391,negative,0.99909,0.00091,0.0
3392,neutral,0.00055,0.99945,0.0
3393,neutral,0.01799,0.98192,9e-05
3394,negative,1.0,0.0,0.0
3395,neutral,0.00012,0.99988,0.0
3396,neutral,0.0,1.0,0.0
3397,neutral,0.00669,0.99305,0.00026
3398,negative,0.90448,0.09533,0.00018
3399,neutral,0.00669,0.99331,0.0
3400,negative,0.9998,0.0002,0.0
3401,neutral,4e-05,0.99996,0.0
3402,negative,0.99883,0.00117,0.0
3403,negative,0.73106,0.26894,0.0
3404,neutral,0.0,1.0,0.0
3405,neutral,1e-05,0.99999,0.0
3406,neutral,0.11916,0.8805,0.00033
3407,neutral,3e-05,0.99997,0.0
3408,neutral,0.00034,0.99966,0.0
3409,negative,0.73106,0.26894,0.0
3410,negative,0.67918,0.32082,0.0
3411,neutral,0.0,1.0,0.0
3412,neutral,0.0,1.0,0.0
3413,negative,0.99995,5e-05,0.0
3414,neutral,0.00669,0.99331,0.0
3415,negative,0.99998,1e-05,2e-05
3416,neutral,0.0,1.0,0.0
3417,negative,0.99929,0.00071,0.0
3418,negative,1.0,0.0,0.0
3419,neutral,0.0,1.0,0.0
3420,neutral,0.0,1.0,0.0
3421,neutral,0.0,1.0,0.0
3422,neutral,0.06009,0.93991,0.0
3423,positive,0.0,0.0,1.0
3424,neutral,0.00521,0.99233,0.00246
3425,neutral,0.00355,0.67677,0.31968
3426,neutral,4e-05,0.99996,0.0
3427,neutral,0.32082,0.67918,0.0
3428,neutral,0.01798,0.98176,0.00026
3429,neutral,0.00055,0.99874,0.00071
3430,neutral,0.37754,0.62246,0.0
3431,neutral,1e-05,0.99999,0.0
3432,neutral,0.22269,0.77725,6e-05
3433,neutral,0.06009,0.93991,0.0
3434,positive,0.0,0.0,1.0
3435,negative,1.0,0.0,0.0
3436,negative,1.0,0.0,0.0
3437,neutral,0.0,1.0,0.0
3438,neutral,0.01406,0.98594,0.0
3439,negative,0.99472,0.00522,6e-05
3440,negative,1.0,0.0,0.0
3441,negative,1.0,0.0,0.0
3442,neutral,0.02298,0.97702,0.0
3443,neutral,0.37754,0.62246,0.0
3444,negative,1.0,0.0,0.0
3445,negative,0.99974,0.00026,0.0
3446,negative,0.97702,0.02298,0.0
3447,negative,0.91681,0.07525,0.00793
3448,negative,0.85195,0.14805,1e-05
3449,negative,1.0,0.0,0.0
3450,neutral,2e-05,0.99998,0.0
3451,negative,0.9998,0.0002,0.0
3452,negative,1.0,0.0,0.0
3453,neutral,0.00012,0.99988,0.0
3454,negative,1.0,0.0,0.0
3455,neutral,0.00091,0.99909,0.0
3456,negative,0.85195,0.14805,0.0
3457,neutral,0.00122,0.92301,0.07577
3458,negative,0.99999,1e-05,0.0
3459,neutral,1e-05,0.99999,0.0
3460,negative,0.5,0.5,0.0
3461,negative,0.9994,0.00055,5e-05
3462,positive,0.01406,0.00012,0.98582
3463,neutral,0.32082,0.67918,0.0
3464,neutral,0.0,0.99966,0.00034
3465,neutral,0.0,1.0,0.0
3466,positive,0.0,0.0,1.0
3467,negative,1.0,0.0,0.0
3468,negative,0.99683,0.00317,0.0
3469,negative,0.81757,0.18243,0.0
3470,negative,0.93991,0.06009,0.0
3471,negative,0.99909,0.00091,0.0
3472,positive,6e-05,0.00669,0.99325
3473,neutral,2e-05,0.99998,0.0
3474,negative,0.95257,0.04743,0.0
3475,neutral,0.0,1.0,0.0
3476,neutral,0.02931,0.97065,3e-05
3477,neutral,0.01789,0.97698,0.00513
3478,negative,1.0,0.0,0.0
3479,negative,0.7773,0.2227,0.0
3480,neutral,0.26893,0.73102,5e-05
3481,neutral,0.0,1.0,0.0
3482,negative,1.0,0.0,0.0
3483,neutral,0.00858,0.99142,0.0
3484,neutral,1e-05,0.99999,0.0
3485,negative,1.0,0.0,0.0
3486,neutral,3e-05,0.99997,0.0
3487,negative,0.62242,0.37752,6e-05
3488,neutral,0.0,1.0,0.0
3489,negative,1.0,0.0,0.0
3490,neutral,2e-05,0.99998,0.0
3491,negative,1.0,0.0,0.0
3492,negative,0.5,0.49999,1e-05
3493,negative,0.85194,0.14804,1e-05
3494,neutral,0.0,1.0,0.0
3495,negative,0.9999,0.0001,0.0
3496,negative,0.99994,6e-05,0.0
3497,negative,1.0,0.0,0.0
3498,negative,1.0,0.0,0.0
3499,negative,1.0,0.0,0.0
3500,neutral,0.0,1.0,0.0
3501,neutral,0.0,1.0,0.0
3502,neutral,0.01797,0.98089,0.00115
3503,neutral,0.00025,0.95234,0.04741
3504,neutral,0.0,1.0,0.0
3505,negative,0.9933,0.00669,0.0
3506,neutral,0.00117,0.99883,0.0
3507,neutral,0.0002,0.99979,0.0
3508,neutral,0.0,1.0,0.0
3509,negative,0.85194,0.14805,1e-05
3510,negative,0.99995,5e-05,0.0
3511,neutral,0.0,1.0,0.0
3512,negative,0.99995,5e-05,0.0
3513,negative,1.0,0.0,0.0
3514,neutral,2e-05,0.99997,1e-05
3515,positive,0.0,0.0,1.0
3516,neutral,3e-05,0.99997,0.0
3517,positive,0.0,0.0,1.0
3518,negative,1.0,0.0,0.0
3519,positive,0.0,1e-05,0.99999
3520,negative,1.0,0.0,0.0
3521,neutral,0.00026,0.99974,0.0
3522,neutral,0.0,1.0,0.0
3523,neutral,0.0,1.0,0.0
3524,negative,0.56218,0.43782,0.0
3525,negative,0.67916,0.32081,2e-05
3526,negative,1.0,0.0,0.0
3527,neutral,3e-05,0.99997,0.0
3528,neutral,0.02931,0.97069,0.0
3529,neutral,4e-05,0.99996,1e-05
3530,negative,1.0,0.0,0.0
3531,neutral,0.0015,0.9985,0.0
3532,negative,0.85195,0.14805,0.0
3533,neutral,0.0,1.0,0.0
3534,neutral,0.0,1.0,0.0
3535,negative,0.99984,0.00016,0.0
3536,negative,1.0,0.0,0.0
3537,neutral,0.32082,0.67918,0.0
3538,negative,0.99142,0.00858,0.0
3539,neutral,0.1192,0.8808,0.0
3540,neutral,0.0,1.0,0.0
3541,neutral,0.02931,0.97069,0.0
3542,negative,1.0,0.0,0.0
3543,neutral,0.0,1.0,0.0
3544,neutral,0.0,1.0,0.0
3545,neutral,0.00031,0.92386,0.07583
3546,neutral,0.0,1.0,0.0
3547,neutral,0.0,1.0,0.0
3548,neutral,1e-05,0.99999,0.0
3549,positive,0.00082,0.09527,0.9039
3550,neutral,0.0,1.0,0.0
3551,neutral,0.02298,0.97702,0.0
3552,neutral,0.0,1.0,0.0
3553,neutral,0.0,1.0,0.0
3554,negative,0.5,0.5,0.0
3555,negative,0.99997,3e-05,0.0
3556,neutral,0.03733,0.96267,0.0
3557,neutral,0.14805,0.85195,0.0
3558,negative,1.0,0.0,0.0
3559,neutral,0.00193,0.99807,0.0
3560,negative,1.0,0.0,0.0
3561,negative,0.88079,0.1192,1e-05
3562,negative,1.0,0.0,0.0
3563,neutral,0.0,1.0,0.0
3564,positive,0.0,0.0,1.0
3565,neutral,0.00012,0.97057,0.02931
3566,neutral,0.2227,0.7773,0.0
3567,neutral,1e-05,0.99999,0.0
3568,negative,1.0,0.0,0.0
3569,negative,0.99996,4e-05,0.0
3570,neutral,7e-05,0.99992,1e-05
3571,neutral,0.00071,0.99929,0.0
3572,neutral,5e-05,0.99995,0.0
3573,neutral,0.0,1.0,0.0
3574,neutral,0.0,1.0,0.0
3575,neutral,0.0,1.0,0.0
3576,neutral,0.1192,0.8808,0.0
3577,neutral,0.00669,0.99331,0.0
3578,neutral,6e-05,0.99994,0.0
3579,neutral,2e-05,0.98592,0.01406
3580,negative,1.0,0.0,0.0
3581,neutral,0.0,1.0,0.0
3582,neutral,0.0,1.0,0.0
3583,neutral,0.0,1.0,0.0
3584,positive,2e-05,7e-05,0.99991
3585,negative,1.0,0.0,0.0
3586,neutral,0.00029,0.67898,0.32073
3587,neutral,0.00043,0.99957,0.0
3588,neutral,0.0,1.0,0.0
3589,neutral,0.00034,0.99966,0.0
3590,negative,0.99995,5e-05,0.0
3591,neutral,0.00016,0.99984,1e-05
3592,positive,0.0,0.0,1.0
3593,neutral,0.0,1.0,0.0
3594,neutral,0.0,1.0,0.0
3595,neutral,6e-05,0.99994,0.0
3596,neutral,0.00522,0.99478,0.0
3597,neutral,0.01799,0.98201,1e-05
3598,neutral,1e-05,0.99987,0.00012
3599,negative,1.0,0.0,0.0
3600,negative,0.9998,0.0002,0.0
3601,neutral,5e-05,0.99995,0.0
3602,neutral,0.02298,0.97702,0.0
3603,positive,0.0,0.0,1.0
3604,neutral,0.00091,0.99909,0.0
3605,neutral,0.0,1.0,0.0
3606,positive,0.0,0.0,1.0
3607,negative,1.0,0.0,0.0
3608,neutral,6e-05,0.99994,0.0
3609,negative,1.0,0.0,0.0
3610,negative,1.0,0.0,0.0
3611,positive,0.0,0.0,1.0
3612,positive,0.0,0.0,1.0
3613,negative,0.9998,0.0002,0.0
3614,negative,1.0,0.0,0.0
3615,negative,0.99928,0.00071,1e-05
3616,neutral,0.0,1.0,0.0
3617,neutral,0.0,1.0,0.0
3618,neutral,0.0,1.0,0.0
3619,negative,0.99929,0.00071,0.0
3620,neutral,0.00193,0.99803,5e-05
3621,positive,3e-05,0.43781,0.56216
3622,negative,1.0,0.0,0.0
3623,positive,0.00096,0.18225,0.81679
3624,positive,0.0,4e-05,0.99996
3625,negative,1.0,0.0,0.0
3626,neutral,0.03733,0.96267,1e-05
3627,neutral,0.0002,0.9998,0.0
3628,positive,0.00117,0.00016,0.99867
3629,neutral,0.0,1.0,0.0
3630,neutral,1e-05,0.99999,0.0
3631,negative,0.99966,0.00034,0.0
3632,negative,1.0,0.0,0.0
3633,positive,0.0,0.00026,0.99974
3634,positive,0.00066,0.07581,0.92354
3635,neutral,4e-05,0.99905,0.00091
3636,neutral,0.0,1.0,0.0
3637,positive,0.0,0.0015,0.9985
3638,neutral,0.0,1.0,0.0
3639,negative,1.0,0.0,0.0
3640,neutral,4e-05,0.99996,0.0
3641,neutral,0.00193,0.99781,0.00026
3642,negative,1.0,0.0,0.0
3643,negative,1.0,0.0,0.0
3644,neutral,0.0,1.0,0.0
3645,negative,0.99987,0.00012,0.0
3646,neutral,0.0002,0.9998,0.0
3647,neutral,0.0001,0.9999,0.0
3648,neutral,0.0,1.0,0.0
3649,neutral,0.00012,0.99988,0.0
3650,neutral,0.0001,0.99919,0.00071
3651,neutral,0.00012,0.99988,0.0
3652,positive,0.0,0.0,1.0
3653,negative,1.0,0.0,0.0
3654,neutral,1e-05,0.99999,0.0
3655,negative,0.99478,0.00522,0.0
3656,negative,1.0,0.0,0.0
3657,neutral,0.00012,0.99988,0.0
3658,neutral,0.00054,0.98148,0.01798
3659,neutral,0.0,1.0,0.0
3660,negative,1.0,0.0,0.0
3661,positive,0.0,0.00091,0.99909
3662,negative,1.0,0.0,0.0
3663,negative,1.0,0.0,0.0
3664,positive,0.00136,0.09522,0.90342
3665,negative,1.0,0.0,0.0
3666,negative,1.0,0.0,0.0
3667,negative,1.0,0.0,0.0
3668,negative,0.99957,0.00043,0.0
3669,negative,1.0,0.0,0.0
3670,neutral,1e-05,0.99999,0.0
3671,neutral,3e-05,0.99954,0.00043
3672,neutral,0.02931,0.97069,0.0
3673,negative,1.0,0.0,0.0
3674,negative,0.56218,0.43782,0.0
3675,positive,0.0,0.0,1.0
3676,negative,0.99142,0.00858,0.0
3677,neutral,4e-05,0.99996,0.0
3678,neutral,0.00017,0.81744,0.1824
3679,negative,0.97374,0.01783,0.00842
3680,neutral,0.43782,0.56217,0.0
3681,neutral,0.04743,0.95257,0.0
3682,negative,1.0,0.0,0.0
3683,negative,0.90465,0.09535,0.0
3684,negative,1.0,0.0,0.0
3685,neutral,0.0,1.0,0.0
3686,neutral,6e-05,0.99994,0.0
3687,neutral,0.0,1.0,0.0
3688,neutral,0.0,1.0,0.0
3689,neutral,0.00071,0.99929,0.0
3690,neutral,0.0,1.0,0.0
3691,negative,0.96267,0.03733,0.0
3692,negative,0.97702,0.02298,0.0
3693,neutral,0.0,1.0,0.0
3694,negative,1.0,0.0,0.0
3695,neutral,0.00857,0.991,0.00043
3696,neutral,0.0,1.0,0.0
3697,negative,0.99957,0.00043,0.0
3698,neutral,0.0,1.0,0.0
3699,neutral,0.00407,0.99592,1e-05
3700,negative,0.96267,0.03733,0.0
3701,positive,0.01406,0.00026,0.98568
3702,neutral,1e-05,0.99999,0.0
3703,neutral,0.0,1.0,0.0
3704,negative,1.0,0.0,0.0
3705,neutral,0.00247,0.99753,0.0
3706,negative,0.90465,0.09535,0.0
3707,negative,1.0,0.0,0.0
3708,neutral,0.2227,0.7773,0.0
3709,negative,1.0,0.0,0.0
3710,neutral,7e-05,0.99988,5e-05
3711,neutral,1e-05,0.99996,4e-05
3712,negative,0.99974,0.00026,0.0
3713,negative,0.95257,0.04743,0.0
3714,neutral,0.0,1.0,0.0
3715,neutral,0.0,1.0,0.0
3716,neutral,0.01032,0.72351,0.26617
3717,neutral,0.0,1.0,0.0
3718,negative,0.9999,0.0001,0.0
3719,neutral,0.01099,0.98901,0.0
3720,positive,0.0,0.0,1.0
3721,neutral,0.0,1.0,0.0
3722,neutral,0.32082,0.67917,1e-05
3723,neutral,0.0,1.0,0.0
3724,neutral,0.0,1.0,0.0
3725,negative,0.99883,0.00117,0.0
3726,neutral,0.18241,0.81749,0.0001
3727,neutral,0.0,1.0,0.0
3728,neutral,0.00034,0.99966,0.0
3729,neutral,1e-05,0.99999,0.0
3730,neutral,0.00522,0.99478,0.0
3731,neutral,0.0,1.0,0.0
3732,neutral,0.00016,0.99984,0.0
3733,neutral,0.0,1.0,0.0
3734,neutral,0.04743,0.95257,0.0
3735,neutral,0.1192,0.8808,0.0
3736,neutral,0.0,1.0,0.0
3737,negative,0.9985,0.0015,0.0
3738,neutral,0.0,1.0,0.0
3739,neutral,1e-05,0.99999,0.0
3740,neutral,0.00026,0.99954,0.0002
3741,neutral,0.00317,0.99683,0.0
3742,negative,0.99683,0.00317,0.0
3743,positive,0.0,0.0,1.0
3744,negative,0.99945,0.00055,0.0
3745,negative,0.99909,0.00091,0.0
3746,neutral,0.0,1.0,0.0
3747,negative,0.99994,6e-05,0.0
3748,negative,1.0,0.0,0.0
3749,negative,0.99999,1e-05,0.0
3750,neutral,0.0015,0.99849,1e-05
3751,neutral,0.0,1.0,0.0
3752,neutral,0.00071,0.99886,0.00043
3753,neutral,0.1192,0.88078,2e-05
3754,neutral,0.37679,0.62123,0.00198
3755,neutral,0.0,1.0,0.0
3756,neutral,0.0,1.0,0.0
3757,neutral,0.0001,0.9999,0.0
3758,neutral,0.0,0.99999,0.0
3759,neutral,0.0,1.0,0.0
3760,neutral,0.16795,0.75271,0.07934
3761,neutral,2e-05,0.99998,0.0
3762,neutral,0.0,1.0,0.0
3763,negative,1.0,0.0,0.0
3764,neutral,0.00071,0.99929,0.0
3765,negative,0.49995,0.49995,0.0001
3766,negative,1.0,0.0,0.0
3767,neutral,3e-05,0.99997,0.0
3768,negative,0.8808,0.1192,0.0
3769,neutral,0.0,1.0,0.0
3770,neutral,2e-05,0.99998,0.0
3771,negative,1.0,0.0,0.0
3772,neutral,0.0,1.0,0.0
3773,neutral,1e-05,0.99999,0.0
3774,negative,1.0,0.0,0.0
3775,negative,1.0,0.0,0.0
3776,neutral,0.00091,0.99897,0.00012
3777,neutral,0.00091,0.99899,0.0001
3778,neutral,0.0,1.0,0.0
3779,neutral,0.37754,0.62246,0.0
3780,neutral,3e-05,0.99997,0.0
3781,negative,0.99995,5e-05,0.0
3782,neutral,0.0,1.0,0.0
3783,negative,0.9985,0.00033,0.00117
3784,negative,1.0,0.0,0.0
3785,neutral,0.00029,0.67898,0.32073
3786,positive,2e-05,0.49999,0.49999
3787,neutral,0.00012,0.99988,0.0
3788,negative,1.0,0.0,0.0
3789,neutral,0.00016,0.9998,5e-05
3790,negative,0.56217,0.43782,2e-05
3791,neutral,0.0,1.0,0.0
3792,neutral,0.0,1.0,0.0
3793,positive,0.0,0.0,1.0
3794,negative,1.0,0.0,0.0
3795,neutral,0.0002,0.99979,0.0
3796,negative,0.99999,1e-05,0.0
3797,neutral,0.00046,0.49977,0.49977
3798,negative,0.99999,0.0,0.0
3799,positive,7e-05,0.26892,0.73101
3800,neutral,0.0,1.0,0.0
3801,neutral,7e-05,0.99993,0.0
3802,neutral,0.0,1.0,0.0
3803,neutral,0.00016,0.62236,0.37748
3804,neutral,1e-05,0.99999,0.0
3805,neutral,0.0,1.0,0.0
3806,negative,0.90465,0.09535,0.0
3807,neutral,0.0,1.0,0.0
3808,negative,1.0,0.0,0.0
3809,negative,1.0,0.0,0.0
3810,negative,0.99593,0.00407,0.0
3811,neutral,0.0001,0.90456,0.09534
3812,neutral,0.00033,0.99298,0.00669
3813,negative,0.96258,0.03732,9e-05
3814,negative,1.0,0.0,0.0
3815,neutral,0.0,1.0,0.0
3816,neutral,0.0,1.0,0.0
3817,neutral,0.00148,0.98448,0.01404
3818,neutral,0.0,1.0,0.0
3819,neutral,7e-05,0.9999,2e-05
3820,neutral,0.0,1.0,0.0
3821,positive,0.0,0.0,1.0
3822,negative,0.99966,0.00034,0.0
3823,negative,1.0,0.0,0.0
3824,neutral,0.00117,0.99883,0.0
3825,negative,0.73106,0.26894,0.0
3826,negative,1.0,0.0,0.0
3827,negative,0.8808,0.1192,0.0
3828,negative,0.99983,0.00016,1e-05
3829,neutral,0.04743,0.95257,0.0
3830,neutral,2e-05,0.99998,0.0
3831,negative,1.0,0.0,0.0
3832,negative,1.0,0.0,0.0
3833,negative,0.73103,0.26893,4e-05
3834,positive,0.0,0.0,1.0
3835,negative,0.85194,0.14804,1e-05
3836,neutral,0.00317,0.99683,0.0
3837,negative,0.99999,1e-05,0.0
3838,neutral,0.0,1.0,0.0
3839,negative,1.0,0.0,0.0
3840,neutral,1e-05,0.99999,0.0
3841,neutral,0.0,1.0,0.0
3842,negative,0.96266,0.03733,1e-05
3843,neutral,0.11915,0.88037,0.00049
3844,neutral,0.0,1.0,0.0
3845,neutral,0.0002,0.9998,0.0
3846,neutral,0.0,1.0,0.0
3847,neutral,0.0,1.0,0.0
3848,neutral,0.0001,0.99989,1e-05
3849,negative,1.0,0.0,0.0
3850,neutral,3e-05,0.99997,0.0
3851,neutral,0.0,1.0,0.0
3852,neutral,0.01406,0.9859,4e-05
3853,neutral,0.0,1.0,0.0
3854,neutral,0.0,1.0,0.0
3855,neutral,1e-05,0.99999,0.0
3856,negative,0.56218,0.43782,0.0
3857,neutral,0.0,1.0,0.0
3858,neutral,0.0,1.0,0.0
3859,neutral,0.0,1.0,0.0
3860,neutral,0.0,1.0,0.0
3861,neutral,0.00858,0.99142,0.0
3862,neutral,6e-05,0.99994,0.0
3863,neutral,0.0,1.0,0.0
3864,negative,0.95243,0.04742,0.00015
3865,negative,0.73106,0.26894,0.0
3866,negative,0.99593,0.00407,0.0
3867,neutral,0.00407,0.99593,0.0
3868,negative,0.99999,1e-05,0.0
3869,negative,0.99752,0.00247,1e-05
3870,neutral,0.32082,0.67917,1e-05
3871,neutral,0.0,1.0,0.0
3872,neutral,0.2227,0.7773,0.0
3873,neutral,0.00247,0.99719,0.00033
3874,neutral,2e-05,0.99998,0.0
3875,positive,0.0,0.0,1.0
3876,neutral,0.0,1.0,0.0
3877,negative,1.0,0.0,0.0
3878,negative,1.0,0.0,0.0
3879,neutral,7e-05,0.99993,0.0
3880,neutral,0.00091,0.99909,0.0
3881,negative,1.0,0.0,0.0
3882,negative,0.99883,0.00117,0.0
3883,neutral,1e-05,0.99998,1e-05
3884,neutral,0.00071,0.99929,0.0
3885,negative,0.9999,0.0001,0.0
3886,neutral,0.00071,0.99929,0.0
3887,positive,0.00031,0.26886,0.73083
3888,neutral,0.0,1.0,0.0
3889,neutral,2e-05,0.99986,0.00012
3890,negative,0.49999,0.49999,1e-05
3891,neutral,0.00407,0.99577,0.00016
3892,neutral,0.00055,0.99935,0.0001
3893,neutral,0.00279,0.99201,0.00521
3894,neutral,0.00071,0.99929,0.0
3895,neutral,0.0,1.0,0.0
3896,neutral,0.0,1.0,0.0
3897,negative,0.99993,7e-05,0.0
3898,neutral,0.01799,0.98201,0.0
3899,neutral,0.0,1.0,0.0
3900,neutral,0.0,1.0,0.0
3901,neutral,0.00016,0.99984,0.0
3902,negative,0.99999,1e-05,0.0
3903,negative,0.97068,0.02931,0.0
3904,neutral,7e-05,0.99993,0.0
3905,negative,1.0,0.0,0.0
3906,positive,0.0,7e-05,0.99992
3907,neutral,0.0,1.0,0.0
3908,negative,0.99999,1e-05,0.0
3909,neutral,0.00117,0.99882,1e-05
3910,neutral,0.00012,0.99988,0.0
3911,positive,6e-05,0.04742,0.95252
3912,neutral,0.0,1.0,0.0
3913,neutral,0.0,1.0,0.0
3914,negative,0.99807,0.00193,0.0
3915,negative,0.85195,0.14805,0.0
3916,negative,0.72889,0.26814,0.00298
3917,neutral,1e-05,0.99999,0.0
3918,negative,0.67918,0.32082,0.0
3919,positive,4e-05,0.01799,0.98197
3920,neutral,0.0,1.0,0.0
3921,positive,1e-05,0.00669,0.9933
3922,negative,1.0,0.0,0.0
3923,neutral,0.0,1.0,0.0
3924,negative,1.0,0.0,0.0
3925,neutral,5e-05,0.99995,0.0
3926,neutral,4e-05,0.99996,0.0
3927,neutral,0.0,1.0,0.0
3928,negative,1.0,0.0,0.0
3929,negative,1.0,0.0,0.0
3930,neutral,3e-05,0.99906,0.00091
3931,neutral,0.0,1.0,0.0
3932,neutral,0.04743,0.95256,1e-05
3933,neutral,0.02931,0.97069,0.0
3934,neutral,0.0,1.0,0.0
3935,neutral,0.0,1.0,0.0
3936,neutral,0.01406,0.98594,0.0
3937,neutral,0.2227,0.7773,0.0
3938,negative,1.0,0.0,0.0
3939,neutral,3e-05,0.73104,0.26893
3940,neutral,0.0,1.0,0.0
3941,negative,0.99994,6e-05,0.0
3942,neutral,0.0015,0.99848,2e-05
3943,neutral,0.0,1.0,0.0
3944,negative,1.0,0.0,0.0
3945,neutral,0.0,1.0,0.0
3946,neutral,0.0,1.0,0.0
3947,neutral,0.0,1.0,0.0
3948,neutral,0.01406,0.98594,0.0
3949,neutral,0.02931,0.97068,1e-05
3950,neutral,0.00669,0.99331,0.0
3951,neutral,0.00034,0.99966,0.0
3952,neutral,0.0,1.0,0.0
3953,negative,1.0,0.0,0.0
3954,positive,0.0,0.0,1.0
3955,positive,0.0,0.00055,0.99945
3956,negative,0.99883,0.00117,0.0
3957,neutral,0.0,1.0,0.0
3958,neutral,0.0,1.0,0.0
3959,negative,1.0,0.0,0.0
3960,positive,0.00071,0.22254,0.77675
3961,negative,0.99999,1e-05,0.0
3962,negative,1.0,0.0,0.0
3963,negative,1.0,0.0,0.0
3964,negative,1.0,0.0,0.0
3965,negative,0.99999,1e-05,0.0
3966,neutral,0.0,1.0,0.0
3967,negative,0.99999,1e-05,0.0
3968,negative,0.99478,0.00522,0.0
3969,neutral,0.0,1.0,0.0
3970,negative,1.0,0.0,0.0
3971,neutral,0.0,1.0,0.0
3972,neutral,0.0,1.0,0.0
3973,negative,0.9985,0.0015,0.0
3974,negative,1.0,0.0,0.0
3975,neutral,0.2227,0.7773,0.0
3976,negative,1.0,0.0,0.0
3977,neutral,0.0,0.99984,0.00016
3978,negative,0.99807,0.00193,0.0
3979,negative,0.73106,0.26894,0.0
3980,positive,0.0,0.0,1.0
3981,negative,0.9998,0.0002,0.0
3982,negative,0.99998,2e-05,0.0
3983,neutral,0.0,1.0,0.0
3984,neutral,0.0,1.0,0.0
3985,negative,1.0,0.0,0.0
3986,neutral,0.04739,0.95193,0.00068
3987,neutral,0.0,1.0,0.0
3988,negative,0.92414,0.07586,0.0
3989,neutral,0.0,1.0,0.0
3990,neutral,0.0,1.0,0.0
3991,neutral,1e-05,0.99999,0.0
3992,neutral,0.0,1.0,0.0
3993,neutral,0.0,1.0,0.0
3994,neutral,0.0,1.0,0.0
3995,neutral,0.00117,0.99883,0.0
3996,negative,1.0,0.0,0.0
3997,negative,1.0,0.0,0.0
3998,negative,1.0,0.0,0.0
3999,positive,0.0,0.0,1.0
4000,negative,1.0,0.0,0.0
4001,neutral,0.00034,0.99966,0.0
4002,neutral,0.0,1.0,0.0
4003,negative,1.0,0.0,0.0
4004,neutral,1e-05,0.99999,0.0
4005,neutral,2e-05,0.99998,0.0
4006,neutral,2e-05,0.99998,0.0
4007,neutral,0.0001,0.9999,0.0
4008,positive,0.0,0.0,1.0
4009,neutral,0.0,1.0,0.0
4010,neutral,0.43782,0.56218,0.0
4011,positive,0.0,0.0,1.0
4012,negative,0.56218,0.43782,0.0
4013,neutral,0.02931,0.97069,0.0
4014,neutral,0.00071,0.99929,0.0
4015,neutral,0.00012,0.99978,0.0001
4016,negative,1.0,0.0,0.0
4017,negative,1.0,0.0,0.0
4018,negative,0.62246,0.37754,0.0
4019,negative,0.67266,0.31774,0.00959
4020,negative,1.0,0.0,0.0
4021,neutral,0.0,1.0,0.0
4022,negative,0.99883,0.00117,0.0
4023,neutral,1e-05,0.99928,0.00071
4024,neutral,0.00071,0.99928,1e-05
4025,neutral,0.0,1.0,0.0
4026,neutral,0.37754,0.62246,0.0
4027,negative,0.9998,0.0002,0.0
4028,positive,0.0,0.0,1.0
4029,neutral,2e-05,0.99998,0.0
4030,neutral,0.0,1.0,0.0
4031,neutral,0.00522,0.99478,0.0
4032,neutral,0.03733,0.96265,3e-05
4033,neutral,0.0,1.0,0.0
4034,neutral,0.32082,0.67918,0.0
4035,neutral,0.02931,0.97069,0.0
4036,neutral,0.0002,0.99946,0.00034
4037,neutral,0.00016,0.99984,0.0
4038,neutral,0.0,1.0,0.0
4039,negative,1.0,0.0,0.0
4040,positive,1e-05,0.18242,0.81757
4041,neutral,0.0,1.0,0.0
4042,positive,0.0,0.0,1.0
4043,neutral,0.0,1.0,0.0
4044,negative,1.0,0.0,0.0
4045,neutral,0.0,1.0,0.0
4046,neutral,0.0,1.0,0.0
4047,negative,1.0,0.0,0.0
4048,positive,0.0,0.0,1.0
4049,neutral,0.00055,0.99945,0.0
4050,negative,0.9998,0.0002,0.0
4051,negative,1.0,0.0,0.0
4052,negative,1.0,0.0,0.0
4053,neutral,0.0,1.0,0.0
4054,negative,0.99883,0.00117,0.0
4055,neutral,0.0,1.0,0.0
4056,negative,1.0,0.0,0.0
4057,negative,0.99779,0.00071,0.0015
4058,neutral,0.00522,0.99476,2e-05
4059,neutral,0.0002,0.9998,0.0
4060,neutral,0.00055,0.99945,0.0
4061,negative,0.81757,0.18242,1e-05
4062,neutral,0.0,0.99999,1e-05
4063,positive,0.0738,0.02715,0.89905
4064,neutral,0.0,1.0,0.0
4065,neutral,0.04742,0.95246,0.00012
4066,positive,3e-05,0.0001,0.99988
4067,neutral,0.00858,0.99117,0.00026
4068,negative,1.0,0.0,0.0
4069,neutral,0.0,1.0,0.0
4070,positive,0.00025,0.0293,0.97044
4071,negative,1.0,0.0,0.0
4072,neutral,0.09535,0.90465,0.0
4073,neutral,0.0,1.0,0.0
4074,neutral,0.0,1.0,0.0
4075,neutral,4e-05,0.99996,0.0
4076,neutral,0.00071,0.99927,2e-05
4077,neutral,0.37754,0.62246,1e-05
4078,positive,2e-05,0.00858,0.9914
4079,negative,0.99999,1e-05,0.0
4080,neutral,6e-05,0.99994,0.0
4081,negative,1.0,0.0,0.0
4082,neutral,0.00247,0.99753,0.0
4083,neutral,0.0,1.0,0.0
4084,neutral,0.00016,0.99984,0.0
4085,neutral,0.00012,0.99988,0.0
4086,positive,0.0,0.0,1.0
4087,positive,4e-05,0.00317,0.99679
4088,neutral,0.0,1.0,0.0
4089,neutral,0.0,1.0,0.0
4090,negative,0.62246,0.37754,1e-05
4091,positive,2e-05,0.00193,0.99806
4092,negative,0.99945,0.00055,0.0
4093,negative,1.0,0.0,0.0
4094,negative,0.99996,4e-05,0.0
4095,negative,0.7773,0.2227,0.0
4096,negative,1.0,0.0,0.0
4097,negative,1.0,0.0,0.0
4098,neutral,0.0015,0.99849,0.0
4099,neutral,0.0,1.0,0.0
4100,neutral,0.32082,0.67918,0.0
4101,negative,1.0,0.0,0.0
4102,negative,1.0,0.0,0.0
4103,neutral,0.02931,0.97066,3e-05
4104,neutral,0.00055,0.99945,0.0
4105,positive,0.0,0.0,1.0
4106,neutral,0.1192,0.8808,0.0
4107,positive,0.0,0.0002,0.9998
4108,neutral,3e-05,0.99997,0.0
4109,negative,1.0,0.0,0.0
4110,negative,0.99994,1e-05,5e-05
4111,negative,1.0,0.0,0.0
4112,negative,1.0,0.0,0.0
4113,neutral,0.43782,0.56218,0.0
4114,neutral,3e-05,0.99997,0.0
4115,neutral,2e-05,0.99998,0.0
4116,neutral,4e-05,0.99996,0.0
4117,negative,0.99928,0.00071,1e-05
4118,negative,0.99998,2e-05,0.0
4119,neutral,6e-05,0.99994,0.0
4120,positive,7e-05,0.43779,0.56214
4121,neutral,0.32082,0.67917,1e-05
4122,neutral,0.00071,0.99886,0.00043
4123,negative,0.90465,0.09535,0.0
4124,neutral,0.07586,0.92413,1e-05
4125,neutral,0.0,1.0,0.0
4126,neutral,0.004,0.97809,0.01791
4127,neutral,4e-05,0.99996,0.0
4128,neutral,0.0,1.0,0.0
4129,positive,0.0,0.0,1.0
4130,neutral,0.0,1.0,0.0
4131,neutral,0.0,1.0,0.0
4132,negative,1.0,0.0,0.0
4133,neutral,0.0001,0.9999,0.0
4134,neutral,0.0,1.0,0.0
4135,neutral,0.00317,0.99683,0.0
4136,negative,0.99807,0.00193,0.0
4137,neutral,0.00117,0.99883,0.0
4138,negative,0.88581,0.02083,0.09336
4139,negative,1.0,0.0,0.0
4140,neutral,1e-05,0.982,0.01799
4141,neutral,6e-05,0.99994,0.0
4142,negative,0.49978,0.49976,0.00046
4143,negative,0.98901,0.01099,0.0
4144,negative,1.0,0.0,0.0
4145,negative,0.5,0.5,0.0
4146,negative,1.0,0.0,0.0
4147,neutral,0.00071,0.99929,0.0
4148,negative,1.0,0.0,0.0
4149,negative,1.0,0.0,0.0
4150,neutral,0.0,1.0,0.0
4151,negative,0.99997,1e-05,2e-05
4152,neutral,0.0,1.0,0.0
4153,neutral,0.0,1.0,0.0
4154,neutral,0.0,1.0,0.0
4155,negative,0.99995,5e-05,0.0
4156,neutral,0.14805,0.85195,0.0
4157,negative,1.0,0.0,0.0
4158,neutral,0.0,1.0,0.0
4159,neutral,2e-05,0.99998,0.0
4160,negative,1.0,0.0,0.0
4161,neutral,0.00043,0.991,0.00857
4162,negative,0.99909,0.00091,0.0
4163,neutral,0.07586,0.92414,0.0
4164,negative,0.5,0.5,0.0
4165,negative,0.977,0.02298,2e-05
4166,neutral,3e-05,0.99997,0.0
4167,neutral,0.00047,0.85155,0.14798
4168,positive,0.05281,0.30388,0.64331
4169,neutral,1e-05,0.99999,0.0
4170,negative,0.97702,0.02298,0.0
4171,neutral,0.0,1.0,0.0
4172,negative,1.0,0.0,0.0
4173,neutral,0.0,1.0,0.0
4174,positive,0.0,0.00669,0.9933
4175,neutral,5e-05,0.99995,1e-05
4176,neutral,0.0,1.0,0.0
4177,negative,1.0,0.0,0.0
4178,negative,0.73106,0.26894,0.0
4179,negative,0.67918,0.32082,0.0
4180,negative,1.0,0.0,0.0
4181,neutral,0.02298,0.97702,0.0
4182,negative,1.0,0.0,0.0
4183,neutral,0.0,1.0,0.0
4184,negative,0.99978,0.0002,2e-05
4185,positive,0.02715,0.0738,0.89905
4186,negative,0.5,0.5,0.0
4187,neutral,0.04742,0.9525,8e-05
4188,negative,1.0,0.0,0.0
4189,neutral,0.0,1.0,0.0
4190,negative,0.99957,0.00043,0.0
4191,negative,1.0,0.0,0.0
4192,neutral,0.0,1.0,0.0
4193,neutral,0.26894,0.73105,1e-05
4194,negative,1.0,0.0,0.0
4195,neutral,0.0,1.0,0.0
4196,neutral,0.00317,0.99683,0.0
4197,neutral,1e-05,0.99999,0.0
4198,negative,1.0,0.0,0.0
4199,negative,0.98201,0.01799,0.0
4200,negative,0.99909,0.00091,0.0
4201,neutral,0.0,1.0,0.0
4202,neutral,1e-05,0.99999,0.0
4203,negative,1.0,0.0,0.0
4204,neutral,0.0,1.0,0.0
4205,negative,1.0,0.0,0.0
4206,negative,1.0,0.0,0.0
4207,neutral,0.00858,0.99142,0.0
4208,neutral,0.00669,0.99329,2e-05
4209,negative,0.93987,0.06008,4e-05
4210,neutral,0.00102,0.67849,0.32049
4211,negative,0.99445,0.00522,0.00033
4212,neutral,4e-05,0.99996,0.0
4213,neutral,0.0,1.0,0.0
4214,neutral,6e-05,0.99994,0.0
4215,negative,0.77697,0.2226,0.00043
4216,neutral,0.00034,0.99966,0.0
4217,neutral,0.0,1.0,0.0
4218,neutral,0.0,0.99999,0.0
4219,negative,0.99331,0.00669,0.0
4220,neutral,0.37753,0.62244,4e-05
4221,neutral,0.0,1.0,0.0
4222,neutral,0.0,1.0,0.0
4223,positive,0.0,0.0,1.0
4224,neutral,0.0,1.0,0.0
4225,negative,0.99142,0.00858,0.0
4226,negative,1.0,0.0,0.0
4227,negative,0.99999,1e-05,0.0
4228,neutral,0.0,1.0,0.0
4229,neutral,0.0,1.0,0.0
4230,positive,0.00427,0.18165,0.81408
4231,neutral,0.32081,0.67916,3e-05
4232,neutral,1e-05,0.99849,0.0015
4233,neutral,0.0,1.0,0.0
4234,neutral,0.0,1.0,0.0
4235,neutral,3e-05,0.99997,0.0
4236,negative,1.0,0.0,0.0
4237,neutral,0.00247,0.99752,0.0
4238,neutral,0.18243,0.81757,0.0
4239,neutral,0.0001,0.9984,0.0015
4240,neutral,0.0,1.0,0.0
4241,neutral,0.2227,0.7773,0.0
4242,positive,0.00035,0.18236,0.81729
4243,neutral,0.0,1.0,0.0
4244,neutral,0.00247,0.99753,0.0
4245,neutral,0.43782,0.56218,0.0
4246,neutral,0.00193,0.99807,0.0
4247,positive,0.01758,0.02257,0.95985
4248,neutral,0.0,1.0,0.0
4249,neutral,0.1192,0.88077,2e-05
4250,neutral,0.43781,0.56216,3e-05
4251,neutral,0.00055,0.99945,0.0
4252,negative,0.99999,1e-05,0.0
4253,neutral,0.0,1.0,0.0
4254,neutral,0.0,0.99999,0.0
4255,neutral,0.0,1.0,0.0
4256,neutral,0.0,1.0,0.0
4257,neutral,1e-05,0.99999,0.0
4258,neutral,0.00247,0.99753,0.0
4259,neutral,3e-05,0.99997,0.0
4260,neutral,0.00117,0.99883,0.0
4261,negative,1.0,0.0,0.0
4262,neutral,0.01099,0.98901,0.0
4263,neutral,0.00858,0.99142,0.0
4264,negative,0.99824,0.0015,0.00026
4265,positive,0.0,0.0,1.0
4266,negative,1.0,0.0,0.0
4267,negative,1.0,0.0,0.0
4268,negative,1.0,0.0,0.0
4269,neutral,0.00117,0.99883,0.0
4270,neutral,0.0,1.0,0.0
4271,neutral,7e-05,0.99135,0.00858
4272,positive,0.0,0.0,1.0
4273,neutral,0.01099,0.98901,0.0
4274,negative,0.97069,0.02931,0.0
4275,positive,0.0,0.0,1.0
4276,negative,0.92414,0.07586,0.0
4277,negative,0.99828,0.00055,0.00117
4278,neutral,0.0,1.0,0.0
4279,neutral,7e-05,0.99992,0.0
4280,positive,0.0,0.0,0.99999
4281,neutral,0.0,1.0,0.0
4282,neutral,0.14805,0.85195,0.0
4283,negative,0.99998,2e-05,0.0
4284,neutral,0.00091,0.99909,0.0
4285,neutral,0.2227,0.7773,0.0
4286,neutral,0.0,1.0,0.0
4287,neutral,0.43782,0.56218,0.0
4288,negative,1.0,0.0,0.0
4289,neutral,0.0015,0.9985,0.0
4290,negative,0.97702,0.02298,0.0
4291,neutral,0.01799,0.98201,0.0
4292,neutral,0.0015,0.99838,0.00012
4293,negative,0.98594,0.01406,0.0
4294,neutral,0.00055,0.99935,0.0001
4295,neutral,0.0,1.0,0.0
4296,neutral,0.0,1.0,0.0
4297,neutral,0.00027,0.62229,0.37744
4298,neutral,0.0,1.0,0.0
4299,neutral,0.00858,0.99141,1e-05
4300,neutral,0.00034,0.99966,0.0
4301,negative,0.83059,0.02508,0.14433
4302,negative,0.98201,0.01799,0.0
4303,neutral,0.0,1.0,0.0
4304,neutral,0.0,0.99999,0.0
4305,neutral,0.0,1.0,0.0
4306,negative,1.0,0.0,0.0
4307,negative,0.98901,0.01099,0.0
4308,neutral,0.0001,0.99964,0.00026
4309,neutral,0.0,1.0,0.0
4310,negative,1.0,0.0,0.0
4311,neutral,0.0,1.0,0.0
4312,neutral,0.00034,0.99959,7e-05
4313,negative,0.99995,5e-05,0.0
4314,neutral,0.07586,0.92414,0.0
4315,neutral,0.00317,0.99683,0.0
4316,positive,3e-05,0.02931,0.97065
4317,negative,0.98594,0.01406,0.0
4318,positive,0.00995,0.0944,0.89565
4319,neutral,0.00091,0.99908,0.0
4320,neutral,0.00407,0.99593,0.0
4321,neutral,0.0,0.99999,1e-05
4322,negative,1.0,0.0,0.0
4323,neutral,0.01799,0.98201,0.0
4324,neutral,0.06008,0.9398,0.00012
4325,neutral,0.0,1.0,0.0
4326,negative,0.96267,0.03733,0.0
4327,neutral,0.00192,0.99717,0.00091
4328,neutral,0.0,1.0,0.0
4329,negative,0.95257,0.04743,0.0
4330,neutral,0.0,1.0,0.0
4331,negative,0.99466,0.00522,0.00012
4332,negative,0.9975,0.00247,3e-05
4333,positive,0.0,0.0,1.0
4334,positive,0.0,0.0,1.0
4335,neutral,1e-05,0.99999,0.0
4336,negative,0.90465,0.09535,0.0
4337,neutral,0.0,1.0,0.0
4338,negative,1.0,0.0,0.0
4339,neutral,0.0,0.99974,0.00026
4340,negative,0.99883,0.00117,0.0
4341,neutral,0.0,1.0,0.0
4342,neutral,0.00317,0.99683,0.0
4343,negative,0.99966,0.00034,0.0
4344,negative,1.0,0.0,0.0
4345,positive,0.0,0.0,1.0
4346,negative,0.97702,0.02298,0.0
4347,neutral,0.00407,0.99593,0.0
4348,neutral,0.0,1.0,0.0
4349,positive,1e-05,0.0,0.99999
4350,negative,0.99883,0.00117,0.0
4351,negative,1.0,0.0,0.0
4352,neutral,0.0,1.0,0.0
4353,neutral,0.2227,0.7773,0.0
4354,neutral,0.0,1.0,0.0
4355,negative,0.9998,0.0002,0.0
4356,negative,1.0,0.0,0.0
4357,negative,0.97649,0.02296,0.00054
4358,neutral,0.0,1.0,0.0
4359,neutral,0.0015,0.9985,0.0
4360,neutral,0.0015,0.9985,0.0
4361,neutral,0.0015,0.9985,0.0
4362,negative,0.95253,0.04742,4e-05
4363,neutral,0.00091,0.99909,0.0
4364,neutral,0.0,1.0,0.0
4365,neutral,0.0,1.0,0.0
4366,neutral,0.0,1.0,0.0
4367,neutral,0.0,1.0,0.0
4368,negative,0.99995,5e-05,0.0
4369,positive,0.00025,0.03732,0.96243
4370,negative,0.99999,1e-05,0.0
4371,negative,0.99141,0.00858,1e-05
4372,neutral,3e-05,0.99997,0.0
4373,negative,1.0,0.0,0.0
4374,negative,0.99996,4e-05,0.0
4375,negative,1.0,0.0,0.0
4376,negative,1.0,0.0,0.0
4377,neutral,0.0,1.0,0.0
4378,neutral,2e-05,0.99998,0.0
4379,neutral,4e-05,0.99996,0.0
4380,negative,1.0,0.0,0.0
4381,neutral,0.04742,0.95239,0.00019
4382,neutral,0.03668,0.94599,0.01733
4383,positive,0.0001,0.01099,0.98892
4384,negative,1.0,0.0,0.0
4385,positive,4e-05,0.01099,0.98897
4386,negative,1.0,0.0,0.0
4387,negative,1.0,0.0,0.0
4388,neutral,0.0,1.0,0.0
4389,negative,1.0,0.0,0.0
4390,neutral,0.00055,0.99945,0.0
4391,neutral,0.14666,0.84396,0.00938
4392,neutral,0.0,1.0,0.0
4393,negative,0.98201,0.01799,1e-05
4394,neutral,7e-05,0.99992,0.0
4395,negative,1.0,0.0,0.0
4396,negative,0.99807,0.00193,0.0
4397,positive,0.0,0.0,1.0
4398,neutral,0.0,1.0,0.0
4399,neutral,1e-05,0.99999,0.0
4400,neutral,0.0,1.0,0.0
4401,negative,1.0,0.0,0.0
4402,neutral,7e-05,0.99992,0.0
4403,neutral,0.0,1.0,0.0
4404,neutral,6e-05,0.99994,0.0
4405,positive,0.0,0.00055,0.99945
4406,neutral,0.00012,0.99987,1e-05
4407,neutral,0.01099,0.98889,0.00012
4408,negative,1.0,0.0,0.0
4409,neutral,0.00669,0.9933,1e-05
4410,neutral,1e-05,0.99997,2e-05
4411,neutral,4e-05,0.99996,0.0
4412,neutral,0.0001,0.9999,0.0
4413,neutral,0.0,1.0,0.0
4414,neutral,0.00034,0.99966,0.0
4415,neutral,0.02298,0.97702,0.0
4416,neutral,0.0,1.0,0.0
4417,positive,1e-05,0.00407,0.99592
4418,negative,0.98196,0.01799,6e-05
4419,negative,0.99478,0.00522,0.0
4420,neutral,0.00034,0.99966,0.0
4421,neutral,0.00026,0.99974,0.0
4422,negative,1.0,0.0,0.0
4423,negative,1.0,0.0,0.0
4424,neutral,6e-05,0.99994,0.0
4425,negative,1.0,0.0,0.0
4426,neutral,0.00043,0.99957,0.0
4427,neutral,0.0,1.0,0.0
4428,negative,0.56189,0.4376,0.00051
4429,negative,0.99141,0.00858,1e-05
4430,neutral,0.06009,0.93991,0.0
4431,neutral,0.00193,0.99807,0.0
4432,neutral,0.0,1.0,0.0
4433,negative,0.97702,0.02298,0.0
4434,neutral,0.01406,0.98592,2e-05
4435,negative,1.0,0.0,0.0
4436,neutral,0.0,1.0,0.0
4437,negative,0.99929,0.00071,0.0
4438,negative,1.0,0.0,0.0
4439,neutral,0.0,1.0,0.0
4440,neutral,0.0,1.0,0.0
4441,neutral,0.0,1.0,0.0
4442,neutral,0.32082,0.67918,0.0
4443,negative,1.0,0.0,0.0
4444,negative,1.0,0.0,0.0
4445,negative,1.0,0.0,0.0
4446,neutral,0.00025,0.93968,0.06007
4447,neutral,0.0,1.0,0.0
4448,negative,1.0,0.0,0.0
4449,neutral,0.01404,0.98406,0.0019
4450,neutral,0.0,1.0,0.0
4451,negative,1.0,0.0,0.0
4452,negative,1.0,0.0,0.0
4453,neutral,0.0,1.0,0.0
4454,neutral,0.1192,0.8808,0.0
4455,neutral,0.0,1.0,0.0
4456,neutral,0.00669,0.9933,0.0
4457,neutral,0.0,1.0,0.0
4458,neutral,0.0,1.0,0.0
4459,neutral,0.0,1.0,0.0
4460,neutral,0.00071,0.99929,0.0
4461,neutral,0.0,1.0,0.0
4462,neutral,0.0,1.0,0.0
4463,neutral,0.00034,0.99966,0.0
4464,neutral,0.00091,0.99909,0.0
4465,neutral,0.0,1.0,0.0
4466,neutral,0.00117,0.99871,0.00012
4467,negative,0.99994,6e-05,0.0
4468,positive,0.0,0.0,1.0
4469,neutral,0.0,1.0,0.0
4470,neutral,0.00055,0.99924,0.0002
4471,negative,1.0,0.0,0.0
4472,neutral,0.0,1.0,0.0
4473,neutral,0.0,1.0,0.0
4474,negative,1.0,0.0,0.0
4475,negative,0.98583,0.01406,0.00011
4476,positive,0.0,0.0,0.99999
4477,negative,0.9985,0.0015,0.0
4478,positive,0.0,0.0,1.0
4479,neutral,0.0,1.0,0.0
4480,neutral,0.0,1.0,0.0
4481,neutral,0.00317,0.99683,0.0
4482,negative,0.99995,5e-05,0.0
4483,neutral,0.0,1.0,0.0
4484,negative,0.99682,0.00317,0.0
4485,neutral,1e-05,0.99999,0.0
4486,neutral,0.00034,0.99966,0.0
4487,negative,1.0,0.0,0.0
4488,neutral,0.1192,0.8808,0.0
4489,neutral,0.0002,0.9998,0.0
4490,neutral,0.0,1.0,0.0
4491,neutral,0.00247,0.99753,0.0
4492,neutral,0.32082,0.67917,2e-05
4493,neutral,0.26894,0.73106,0.0
4494,negative,0.99753,0.00247,0.0
4495,neutral,0.0,1.0,0.0
4496,negative,0.98592,0.01406,2e-05
4497,neutral,0.00071,0.99929,0.0
4498,neutral,0.0,1.0,0.0
4499,neutral,0.00016,0.99982,2e-05
4500,neutral,0.0,1.0,0.0
4501,negative,1.0,0.0,0.0
4502,positive,0.0,0.0,1.0
4503,negative,0.97069,0.02931,0.0
4504,positive,0.0,0.0,1.0
4505,neutral,0.17974,0.80551,0.01475
4506,negative,0.62246,0.37754,0.0
4507,neutral,7e-05,0.97695,0.02298
4508,negative,0.81757,0.18242,0.0
4509,neutral,0.01799,0.98201,0.0
4510,neutral,0.1192,0.88079,0.0
4511,neutral,0.0,1.0,0.0
4512,negative,1.0,0.0,0.0
4513,negative,1.0,0.0,0.0
4514,negative,0.99998,2e-05,0.0
4515,positive,0.00066,0.43754,0.56181
4516,neutral,0.0,1.0,0.0
4517,neutral,1e-05,0.99752,0.00247
4518,positive,0.0,0.0,1.0
4519,negative,0.98201,0.01799,0.0
4520,negative,1.0,0.0,0.0
4521,negative,0.98201,0.01799,0.0
4522,neutral,0.04743,0.95257,0.0
4523,neutral,0.0015,0.9985,0.0
4524,negative,0.62243,0.37752,5e-05
4525,neutral,5e-05,0.99995,1e-05
4526,positive,0.0,0.00071,0.99929
4527,neutral,1e-05,0.99999,0.0
4528,neutral,0.0,1.0,0.0
4529,neutral,4e-05,0.99996,0.0
4530,negative,0.99478,0.00522,0.0
4531,negative,0.99992,7e-05,0.0
4532,neutral,2e-05,0.99998,0.0
4533,negative,0.95257,0.04743,0.0
4534,neutral,0.0,1.0,0.0
4535,neutral,0.0,1.0,0.0
4536,neutral,0.00193,0.99807,0.0
4537,neutral,0.00043,0.99956,0.0
4538,neutral,0.43782,0.56218,0.0
4539,neutral,0.0,1.0,0.0
4540,neutral,0.0,1.0,0.0
4541,neutral,0.0,1.0,0.0
4542,neutral,0.00858,0.99141,1e-05
4543,neutral,0.0,1.0,0.0
4544,neutral,0.00071,0.99919,0.0001
4545,neutral,1e-05,0.99966,0.00034
4546,negative,0.99753,0.00247,0.0
4547,neutral,0.0,1.0,0.0
4548,negative,0.95257,0.04743,1e-05
4549,neutral,0.00858,0.9914,3e-05
4550,neutral,0.06008,0.93988,3e-05
4551,negative,1.0,0.0,0.0
4552,negative,0.99997,3e-05,0.0
4553,neutral,0.0,0.99995,5e-05
4554,negative,0.9998,0.0002,0.0
4555,neutral,0.00033,0.97037,0.0293
4556,neutral,1e-05,0.99999,0.0
4557,neutral,0.00858,0.99142,0.0
4558,negative,0.99984,0.00016,0.0
4559,neutral,0.0,0.99984,0.00016
4560,positive,0.0,0.0,1.0
4561,negative,0.99867,0.00016,0.00117
4562,negative,1.0,0.0,0.0
4563,negative,1.0,0.0,0.0
4564,neutral,0.00015,0.97687,0.02297
4565,negative,1.0,0.0,0.0
4566,neutral,0.32081,0.67914,5e-05
4567,negative,0.99999,1e-05,0.0
4568,negative,0.62243,0.37752,5e-05
4569,neutral,0.00043,0.99957,0.0
4570,neutral,0.00034,0.99964,2e-05
4571,negative,0.5,0.5,0.0
4572,neutral,2e-05,0.99998,0.0
4573,neutral,1e-05,0.99996,4e-05
4574,negative,0.90465,0.09535,0.0
4575,neutral,0.0,1.0,0.0
4576,neutral,0.0,1.0,0.0
4577,positive,7e-05,0.07585,0.92408
4578,negative,0.99999,1e-05,0.0
4579,negative,0.73106,0.26894,0.0
4580,neutral,0.0,1.0,0.0
4581,neutral,4e-05,0.99996,0.0
4582,neutral,0.01153,0.80815,0.18032
4583,neutral,0.0001,0.9999,1e-05
4584,neutral,3e-05,0.99996,2e-05
4585,neutral,1e-05,0.99999,0.0
4586,neutral,0.26894,0.73106,0.0
4587,positive,0.0,0.0015,0.9985
4588,negative,0.81757,0.18243,0.0
4589,negative,1.0,0.0,0.0
4590,neutral,0.0,1.0,0.0
4591,negative,1.0,0.0,0.0
4592,negative,1.0,0.0,0.0
4593,neutral,0.0015,0.9985,0.0
4594,neutral,0.0,1.0,0.0
4595,neutral,0.00055,0.99945,0.0
4596,neutral,0.0,1.0,0.0
4597,neutral,0.01799,0.98201,0.0
4598,positive,0.0,0.0,1.0
4599,neutral,0.32082,0.67918,0.0
4600,neutral,0.0,1.0,0.0
4601,neutral,0.0002,0.99954,0.00026
4602,negative,0.81758,0.18242,0.0
4603,negative,1.0,0.0,0.0
4604,neutral,0.0015,0.99845,5e-05
4605,neutral,3e-05,0.99997,0.0
4606,negative,1.0,0.0,0.0
4607,positive,0.0,0.0,1.0
4608,neutral,0.0,0.88079,0.1192
4609,neutral,0.0,1.0,0.0
4610,neutral,6e-05,0.99994,0.0
4611,neutral,0.06009,0.93991,1e-05
4612,neutral,3e-05,0.99997,0.0
4613,negative,1.0,0.0,0.0
4614,neutral,0.01099,0.98901,0.0
4615,neutral,0.0002,0.99732,0.00247
4616,negative,1.0,0.0,0.0
4617,negative,1.0,0.0,0.0
4618,neutral,0.0,1.0,0.0
4619,neutral,0.00193,0.99807,0.0
4620,neutral,0.00317,0.99683,0.0
4621,neutral,0.0,1.0,0.0
4622,neutral,0.0,1.0,0.0
4623,neutral,0.0,1.0,0.0
4624,positive,1e-05,0.07586,0.92414
4625,neutral,0.00317,0.99683,0.0
4626,neutral,0.07154,0.67876,0.2497
4627,positive,0.0,0.0,1.0
4628,negative,1.0,0.0,0.0
4629,neutral,0.0447,0.89789,0.0574
4630,neutral,0.0,1.0,0.0
4631,negative,1.0,0.0,0.0
4632,positive,0.00407,0.0,0.99593
4633,negative,0.98201,0.01799,0.0
4634,neutral,1e-05,0.99999,0.0
4635,neutral,0.0,1.0,0.0
4636,negative,1.0,0.0,0.0
4637,negative,0.99142,0.00858,0.0
4638,neutral,0.0,1.0,0.0
4639,neutral,0.0,1.0,0.0
4640,neutral,0.0,1.0,0.0
4641,neutral,4e-05,0.62244,0.37753
4642,negative,1.0,0.0,0.0
4643,neutral,1e-05,0.99999,0.0
4644,neutral,0.0,1.0,0.0
4645,neutral,0.0,1.0,0.0
4646,neutral,0.00038,0.99293,0.00669
4647,neutral,0.0,1.0,0.0
4648,negative,0.98589,0.01406,4e-05
4649,negative,0.99683,0.00317,0.0
4650,negative,0.99957,0.00043,0.0
4651,neutral,0.00317,0.99683,0.0
4652,neutral,0.0001,0.99989,1e-05
4653,negative,0.99331,0.00669,0.0
4654,negative,0.99593,0.00407,0.0
4655,neutral,1e-05,0.99999,0.0
4656,neutral,0.0,1.0,0.0
4657,neutral,0.01406,0.98594,0.0
4658,negative,0.93991,0.06009,0.0
4659,neutral,1e-05,0.99999,0.0
4660,negative,0.73106,0.26894,0.0
4661,neutral,0.0,1.0,0.0
4662,neutral,7e-05,0.99993,0.0
4663,positive,0.0,0.0,1.0
4664,neutral,0.0,1.0,0.0
4665,negative,1.0,0.0,0.0
4666,positive,0.0,0.0,1.0
4667,neutral,0.0,1.0,0.0
4668,neutral,0.0,1.0,0.0
4669,negative,0.62245,0.37753,2e-05
4670,negative,1.0,0.0,0.0
4671,negative,0.97068,0.02931,0.0
4672,neutral,3e-05,0.99997,0.0
4673,neutral,0.0,1.0,0.0
4674,negative,0.88075,0.1192,5e-05
4675,positive,3e-05,0.0,0.99997
4676,negative,0.99807,0.00193,1e-05
4677,neutral,0.0,1.0,0.0
4678,negative,1.0,0.0,0.0
4679,neutral,0.0,1.0,0.0
4680,neutral,0.0,1.0,0.0
4681,neutral,1e-05,0.99999,0.0
4682,negative,0.99999,1e-05,0.0
4683,neutral,0.01799,0.98201,1e-05
4684,neutral,0.00043,0.99957,0.0
4685,neutral,0.00317,0.99682,0.0
4686,neutral,0.0,1.0,0.0
4687,neutral,0.0,1.0,0.0
4688,negative,0.56218,0.43782,0.0
4689,neutral,0.00089,0.98114,0.01797
4690,positive,0.00017,0.1824,0.81744
4691,negative,0.62245,0.37753,2e-05
4692,negative,1.0,0.0,0.0
4693,neutral,2e-05,0.99476,0.00522
4694,neutral,0.00043,0.99957,0.0
4695,neutral,0.01797,0.98114,0.00089
4696,neutral,0.0,1.0,0.0
4697,negative,0.93991,0.06009,0.0
4698,negative,0.99142,0.00858,1e-05
4699,neutral,0.00407,0.99593,0.0
4700,negative,0.9998,0.0002,0.0
4701,positive,0.0,0.0,1.0
4702,neutral,0.0001,0.99899,0.00091
4703,neutral,0.0,1.0,0.0
4704,neutral,0.0,1.0,0.0
4705,neutral,0.0,1.0,0.0
4706,positive,0.0,0.0,1.0
4707,neutral,0.00193,0.99807,0.0
4708,negative,1.0,0.0,0.0
4709,neutral,1e-05,0.99999,0.0
4710,neutral,0.0,1.0,0.0
4711,neutral,3e-05,0.99997,0.0
4712,positive,0.0,0.0,1.0
4713,neutral,5e-05,0.73102,0.26893
4714,neutral,0.00016,0.99315,0.00669
4715,neutral,0.01406,0.98594,0.0
4716,neutral,0.0,1.0,0.0
4717,neutral,0.18243,0.81757,0.0
4718,positive,0.0,0.0,1.0
4719,negative,1.0,0.0,0.0
4720,neutral,0.02931,0.97069,0.0
4721,negative,0.85195,0.14805,0.0
4722,neutral,1e-05,0.90464,0.09535
4723,negative,1.0,0.0,0.0
4724,neutral,0.0015,0.99838,0.00012
4725,neutral,0.0002,0.99946,0.00034
4726,neutral,0.0,1.0,0.0
4727,neutral,4e-05,0.99996,0.0
4728,negative,1.0,0.0,0.0
4729,neutral,0.0,1.0,0.0
4730,neutral,0.0,1.0,0.0
4731,negative,0.9985,0.0015,0.0
4732,neutral,0.06009,0.93991,0.0
4733,negative,0.99997,3e-05,0.0
4734,positive,1e-05,0.00026,0.99973
4735,negative,1.0,0.0,0.0
4736,neutral,0.1192,0.8808,0.0
4737,neutral,0.00026,0.99974,0.0
4738,neutral,0.0,1.0,0.0
4739,neutral,0.06009,0.93991,0.0
4740,neutral,0.00247,0.9975,3e-05
4741,neutral,0.0,1.0,0.0
4742,neutral,0.00669,0.99331,0.0
4743,neutral,3e-05,0.9988,0.00117
4744,neutral,0.00858,0.99139,4e-05
4745,positive,0.0,0.0,1.0
4746,negative,0.98201,0.01799,0.0
4747,neutral,0.0,1.0,0.0
4748,negative,1.0,0.0,0.0
4749,neutral,0.18243,0.81757,0.0
4750,neutral,0.00016,0.99984,0.0
4751,positive,0.00026,0.00034,0.9994
4752,positive,0.0,0.0,1.0
4753,positive,0.0,0.0002,0.9998
4754,neutral,0.0,1.0,0.0
4755,neutral,0.0,1.0,0.0
4756,negative,0.97069,0.02931,0.0
4757,neutral,0.00521,0.99233,0.00246
4758,neutral,0.0,1.0,0.0
4759,neutral,0.0,1.0,0.0
4760,neutral,0.0,1.0,0.0
4761,negative,0.81757,0.18243,0.0
4762,neutral,0.0,1.0,0.0
4763,negative,0.97069,0.02931,0.0
4764,neutral,0.18243,0.81757,0.0
4765,neutral,0.0015,0.99603,0.00247
4766,negative,0.99141,0.00858,1e-05
4767,neutral,0.0,1.0,0.0
4768,negative,1.0,0.0,0.0
4769,negative,0.99945,0.00055,0.0
4770,neutral,0.0002,0.9998,0.0
4771,negative,0.99807,0.00193,0.0
4772,neutral,0.0,1.0,0.0
4773,negative,1.0,0.0,0.0
4774,negative,0.98901,0.01099,0.0
4775,negative,0.9999,0.0001,0.0
4776,negative,0.9933,0.00669,1e-05
4777,positive,0.0,1e-05,0.99999
4778,neutral,0.00091,0.99909,0.0
4779,negative,1.0,0.0,0.0
4780,negative,0.88078,0.1192,1e-05
4781,negative,0.99999,1e-05,0.0
4782,positive,0.00026,0.00091,0.99883
4783,neutral,2e-05,0.99998,0.0
4784,negative,1.0,0.0,0.0
4785,negative,1.0,0.0,0.0
4786,negative,1.0,0.0,0.0
4787,neutral,0.0,1.0,0.0
4788,neutral,0.0,1.0,0.0
4789,negative,1.0,0.0,0.0
4790,positive,0.0,0.0,1.0
4791,negative,1.0,0.0,0.0
4792,negative,0.99999,1e-05,0.0
4793,negative,0.99984,0.00016,0.0
4794,neutral,6e-05,0.99137,0.00858
4795,positive,0.0,0.0,1.0
4796,positive,0.0,0.0,1.0
4797,neutral,0.26894,0.73105,1e-05
4798,neutral,0.0,1.0,0.0
4799,negative,0.99994,6e-05,0.0
4800,negative,1.0,0.0,0.0
4801,negative,0.73106,0.26894,0.0
4802,neutral,0.0,1.0,0.0
4803,negative,1.0,0.0,0.0
4804,negative,1.0,0.0,0.0
4805,neutral,1e-05,0.99999,0.0
4806,positive,4e-05,0.04742,0.95253
4807,neutral,0.04743,0.95248,9e-05
4808,neutral,0.07581,0.92354,0.00066
4809,neutral,0.0,1.0,0.0
4810,neutral,0.00016,0.99984,0.0
4811,negative,0.9998,0.0002,0.0
4812,neutral,0.01887,0.80215,0.17899
4813,negative,0.99999,1e-05,0.0
4814,negative,1.0,0.0,0.0
4815,neutral,0.0,1.0,0.0
4816,negative,1.0,0.0,0.0
4817,neutral,0.00032,0.93962,0.06007
4818,neutral,0.00193,0.99806,1e-05
4819,positive,0.0,0.0,1.0
4820,negative,0.97069,0.02931,0.0
4821,neutral,0.02931,0.97064,4e-05
4822,neutral,1e-05,0.99999,0.0
4823,neutral,1e-05,0.99999,0.0
4824,neutral,1e-05,0.99999,0.0
4825,negative,1.0,0.0,0.0
4826,neutral,0.02931,0.97069,0.0
4827,neutral,0.0,1.0,0.0
4828,neutral,0.0,1.0,0.0
4829,neutral,0.00483,0.91968,0.07549
4830,neutral,1e-05,0.99999,0.0
4831,neutral,0.00026,0.99974,0.0
4832,neutral,0.00407,0.99593,0.0
4833,neutral,0.0,1.0,0.0
4834,negative,1.0,0.0,0.0
4835,neutral,0.0,1.0,0.0
4836,neutral,0.0,1.0,0.0
4837,neutral,0.01406,0.98594,0.0
4838,neutral,4e-05,0.99993,4e-05
4839,negative,1.0,0.0,0.0
4840,negative,0.90465,0.09535,0.0
4841,negative,1.0,0.0,0.0
4842,negative,0.73106,0.26894,0.0
4843,negative,1.0,0.0,0.0
4844,neutral,0.37495,0.61818,0.00687
4845,neutral,0.0,1.0,0.0
4846,positive,1e-05,0.00034,0.99966
4847,negative,1.0,0.0,0.0
4848,negative,0.99945,0.00055,0.0
4849,positive,0.07575,0.00139,0.92286
4850,neutral,0.0,1.0,0.0
4851,neutral,0.07586,0.92413,1e-05
4852,neutral,0.1192,0.88079,1e-05
4853,neutral,1e-05,0.99999,0.0
4854,neutral,0.0,1.0,0.0
4855,neutral,0.01341,0.9398,0.04679
4856,negative,0.99698,0.00247,0.00055
4857,negative,1.0,0.0,0.0
4858,neutral,1e-05,0.95257,0.04743
4859,neutral,1e-05,0.99999,0.0
4860,negative,0.9998,0.0002,0.0
4861,neutral,0.0,1.0,0.0
4862,neutral,0.14805,0.85195,0.0
4863,negative,0.96262,0.03732,6e-05
4864,neutral,0.0,1.0,0.0
4865,negative,0.90465,0.09535,0.0
4866,negative,1.0,0.0,0.0
4867,neutral,0.2227,0.77729,1e-05
4868,negative,0.56218,0.43782,0.0
4869,neutral,0.00071,0.99929,0.0
4870,neutral,6e-05,0.99994,0.0
4871,negative,1.0,0.0,0.0
4872,negative,1.0,0.0,0.0
4873,negative,1.0,0.0,0.0
4874,neutral,0.32082,0.67918,0.0
4875,neutral,0.0,0.98593,0.01406
4876,neutral,0.00247,0.99753,0.0
4877,neutral,0.0,1.0,0.0
4878,negative,0.81757,0.18242,1e-05
4879,neutral,0.00407,0.99593,0.0
4880,neutral,0.0,1.0,0.0
4881,neutral,0.07585,0.92397,0.00019
4882,neutral,0.00043,0.99957,0.0
4883,neutral,0.18243,0.81757,0.0
4884,neutral,0.0,1.0,0.0
4885,neutral,0.0,1.0,0.0
4886,neutral,1e-05,0.99999,0.0
4887,neutral,0.00858,0.99142,0.0
4888,neutral,0.06009,0.93991,0.0
4889,positive,0.0,0.0,1.0
4890,positive,0.0,0.0,1.0
4891,neutral,1e-05,0.99882,0.00117
4892,neutral,0.0,0.99999,0.0
4893,negative,1.0,0.0,0.0
4894,neutral,0.43782,0.56218,0.0
4895,negative,1.0,0.0,0.0
4896,negative,1.0,0.0,0.0
4897,neutral,0.01799,0.98201,0.0
4898,negative,0.99999,1e-05,0.0
4899,neutral,0.00116,0.99215,0.00669
4900,positive,4e-05,0.18242,0.81754
4901,positive,0.0,0.0,1.0
4902,negative,1.0,0.0,0.0
4903,negative,0.99593,0.00407,0.0
4904,neutral,0.02298,0.97698,4e-05
4905,neutral,0.0,0.99974,0.00026
4906,neutral,0.0,1.0,0.0
4907,positive,1e-05,0.03733,0.96266
4908,neutral,0.0015,0.99824,0.00026
4909,negative,1.0,0.0,0.0
4910,neutral,0.0002,0.9998,0.0
4911,positive,0.0,0.0,1.0
4912,negative,1.0,0.0,0.0
4913,neutral,0.0001,0.9999,0.0
4914,neutral,0.0,1.0,0.0
4915,negative,1.0,0.0,0.0
4916,neutral,0.02298,0.97702,0.0
4917,neutral,4e-05,0.99996,0.0
4918,negative,0.99929,0.00071,0.0
4919,neutral,1e-05,0.81756,0.18242
4920,negative,1.0,0.0,0.0
4921,neutral,0.00858,0.99141,1e-05
4922,neutral,0.0,1.0,0.0
4923,neutral,0.00247,0.99753,0.0
4924,negative,1.0,0.0,0.0
4925,neutral,0.0,1.0,0.0
4926,neutral,0.0,1.0,0.0
4927,negative,1.0,0.0,0.0
4928,neutral,0.0,1.0,0.0
4929,neutral,0.0,1.0,0.0
4930,neutral,0.04743,0.95257,0.0
4931,neutral,0.0,1.0,0.0
4932,neutral,0.0,1.0,0.0
4933,neutral,0.00043,0.99957,0.0
4934,neutral,0.0,1.0,0.0
4935,negative,0.98901,0.01099,0.0
4936,negative,1.0,0.0,0.0
4937,neutral,1e-05,0.99983,0.00016
4938,neutral,0.00016,0.99984,0.0
4939,neutral,0.01406,0.98592,2e-05
4940,neutral,0.37754,0.62246,0.0
4941,neutral,0.0,1.0,0.0
4942,neutral,0.01355,0.94963,0.03682
4943,neutral,0.0,1.0,0.0
4944,neutral,1e-05,0.99999,0.0
4945,neutral,0.32082,0.67918,0.0
4946,neutral,0.14805,0.85194,1e-05
4947,neutral,0.0,1.0,0.0
4948,neutral,0.0,1.0,0.0
4949,neutral,0.0,1.0,0.0
4950,neutral,0.0001,0.9999,0.0
4951,negative,0.88079,0.1192,0.0
4952,neutral,0.0,1.0,0.0
4953,neutral,0.0002,0.99573,0.00407
4954,negative,0.67918,0.32082,0.0
4955,neutral,0.0,1.0,0.0
4956,negative,0.99994,6e-05,0.0
4957,negative,1.0,0.0,0.0
4958,negative,1.0,0.0,0.0
4959,neutral,0.00012,0.99988,0.0
4960,negative,0.99593,0.00407,0.0
4961,neutral,0.0,1.0,0.0
4962,neutral,3e-05,0.99997,0.0
4963,neutral,0.0,1.0,0.0
4964,negative,0.99909,0.00091,0.0
4965,neutral,0.0,1.0,0.0
4966,neutral,0.0,1.0,0.0
4967,negative,0.97069,0.02931,0.0
4968,negative,0.99999,1e-05,0.0
4969,neutral,0.43782,0.56218,0.0
4970,positive,0.29176,0.22722,0.48102
4971,positive,0.18206,0.00202,0.81592
4972,neutral,0.14805,0.85195,0.0
4973,negative,1.0,0.0,0.0
4974,positive,0.0,0.0,1.0
4975,negative,1.0,0.0,0.0
4976,neutral,0.0,1.0,0.0
4977,neutral,0.0,1.0,0.0
4978,neutral,0.06009,0.93991,0.0
4979,positive,0.0006,0.14796,0.85144
4980,neutral,0.0,1.0,0.0
4981,neutral,6e-05,0.99994,0.0
4982,neutral,1e-05,0.99999,0.0
4983,negative,0.97702,0.02298,0.0
4984,neutral,0.0,1.0,0.0
4985,neutral,0.0,1.0,0.0
4986,negative,0.99945,0.00055,0.0
4987,negative,0.99478,0.00522,0.0
4988,neutral,0.0,0.99994,6e-05
4989,positive,0.04743,0.0,0.95257
4990,positive,0.0,0.0,1.0
4991,positive,0.0,0.0,1.0
4992,negative,1.0,0.0,0.0
4993,neutral,0.0,1.0,0.0
4994,neutral,0.0,1.0,0.0
4995,neutral,1e-05,0.99999,0.0
4996,neutral,1e-05,0.9399,0.06009
4997,negative,0.99804,4e-05,0.00193
4998,negative,1.0,0.0,0.0
4999,negative,1.0,0.0,0.0
5000,neutral,0.00043,0.99956,1e-05
5001,neutral,0.00034,0.99961,6e-05
5002,neutral,0.01406,0.98593,0.0
5003,positive,0.0,0.0,1.0
5004,neutral,0.00669,0.99331,0.0
5005,neutral,3e-05,0.99991,6e-05
5006,negative,0.99993,7e-05,0.0
5007,neutral,2e-05,0.99998,0.0
5008,negative,1.0,0.0,0.0
5009,neutral,0.0,1.0,0.0
5010,neutral,0.0,1.0,0.0
5011,neutral,0.0,1.0,0.0
5012,neutral,0.00247,0.9974,0.00012
5013,neutral,0.0,1.0,0.0
5014,negative,1.0,0.0,0.0
5015,negative,0.7773,0.2227,0.0
5016,negative,0.62245,0.37754,1e-05
5017,positive,0.0,0.0,1.0
5018,negative,0.88037,0.11914,0.00049
5019,negative,1.0,0.0,0.0
5020,negative,0.99996,4e-05,0.0
5021,neutral,6e-05,0.99994,0.0
5022,neutral,1e-05,0.99998,1e-05
5023,negative,0.99984,0.00016,0.0
5024,positive,0.0,0.0,1.0
5025,negative,1.0,0.0,0.0
5026,neutral,0.02931,0.97069,0.0
5027,negative,0.99478,0.00522,0.0
5028,neutral,0.03733,0.96267,0.0
5029,neutral,0.2227,0.7773,0.0
5030,negative,1.0,0.0,0.0
5031,negative,0.5621,0.43776,0.00015
5032,neutral,0.0,1.0,0.0
5033,neutral,0.00026,0.99971,3e-05
5034,neutral,0.0,1.0,0.0
5035,negative,0.85195,0.14805,0.0
5036,negative,1.0,0.0,0.0
5037,neutral,0.0,1.0,0.0
5038,neutral,0.0,1.0,0.0
5039,positive,0.0,0.32082,0.67918
5040,negative,0.81757,0.18243,0.0
5041,negative,0.95257,0.04743,1e-05
5042,neutral,0.0,1.0,0.0
5043,positive,0.00026,0.32074,0.679
5044,negative,0.81757,0.18243,0.0
5045,positive,0.0,0.0,1.0
5046,neutral,4e-05,0.99993,4e-05
5047,neutral,0.0,1.0,0.0
5048,neutral,0.0,1.0,0.0
5049,negative,0.85193,0.14804,3e-05
5050,neutral,0.00075,0.81697,0.18229
5051,neutral,0.0,1.0,0.0
5052,negative,0.99996,4e-05,0.0
5053,neutral,2e-05,0.99998,0.0
5054,neutral,0.0,1.0,0.0
5055,neutral,0.0,1.0,0.0
5056,negative,1.0,0.0,0.0
5057,negative,0.99682,0.00317,0.0
5058,neutral,5e-05,0.99995,0.0
5059,neutral,0.06009,0.93991,0.0
5060,neutral,4e-05,0.99996,0.0
5061,negative,0.99995,5e-05,0.0
5062,neutral,7e-05,0.99992,1e-05
5063,neutral,0.0,1.0,0.0
5064,neutral,1e-05,0.99999,0.0
5065,neutral,0.00117,0.99867,0.00016
5066,neutral,0.0,1.0,0.0
5067,neutral,0.0,1.0,0.0
5068,negative,1.0,0.0,0.0
5069,neutral,0.0,1.0,0.0
5070,negative,0.95249,0.04742,9e-05
5071,negative,1.0,0.0,0.0
5072,neutral,0.07586,0.92414,0.0
5073,neutral,0.0,1.0,0.0
5074,negative,0.93991,0.06009,0.0
5075,neutral,0.0,1.0,0.0
5076,negative,0.92414,0.07586,0.0
5077,negative,1.0,0.0,0.0
5078,neutral,7e-05,0.99993,0.0
5079,neutral,7e-05,0.99745,0.00247
5080,positive,0.00034,1e-05,0.99965
5081,neutral,0.00091,0.99909,0.0
5082,neutral,0.0,1.0,0.0
5083,neutral,0.02508,0.83058,0.14433
5084,neutral,0.0,1.0,0.0
5085,neutral,0.0,1.0,0.0
5086,negative,0.99974,0.00026,0.0
5087,neutral,0.0,1.0,0.0
5088,negative,0.77729,0.22269,1e-05
5089,neutral,0.01406,0.98594,0.0
5090,negative,0.62088,0.37658,0.00254
5091,neutral,0.0,1.0,0.0
5092,neutral,0.00043,0.99923,0.00034
5093,negative,0.90465,0.09535,0.0
5094,neutral,0.00247,0.99753,0.0
5095,neutral,0.00669,0.99331,0.0
5096,negative,1.0,0.0,0.0
5097,neutral,7e-05,0.99471,0.00522
5098,neutral,0.0,1.0,0.0
5099,neutral,0.0,1.0,0.0
5100,neutral,0.0,1.0,0.0
5101,neutral,0.00033,0.9985,0.00117
5102,neutral,0.0,1.0,0.0
5103,negative,1.0,0.0,0.0
5104,neutral,1e-05,0.99999,0.0
5105,negative,0.99998,2e-05,0.0
5106,neutral,0.07586,0.92414,0.0
5107,neutral,0.0,1.0,0.0
5108,neutral,0.0,1.0,0.0
5109,neutral,0.0002,0.9998,0.0
5110,neutral,0.0,1.0,0.0
5111,neutral,0.0,1.0,0.0
5112,neutral,1e-05,0.99999,0.0
5113,neutral,0.0,1.0,0.0
5114,neutral,0.0,1.0,0.0
5115,neutral,0.00055,0.99945,0.0
5116,negative,1.0,0.0,0.0
5117,neutral,0.01799,0.98201,0.0
5118,negative,0.92413,0.07586,1e-05
5119,neutral,3e-05,0.99981,0.00016
5120,neutral,0.0,1.0,0.0
5121,neutral,0.03598,0.92803,0.03598
5122,positive,0.0,1e-05,0.99999
5123,negative,1.0,0.0,0.0
5124,neutral,0.0,1.0,0.0
5125,positive,0.00629,0.05971,0.934
5126,negative,0.99476,0.00522,2e-05
5127,neutral,0.0002,0.9998,0.0
5128,negative,0.99996,4e-05,0.0
5129,negative,0.99999,0.0,1e-05
5130,neutral,0.0,1.0,0.0
5131,neutral,0.0,1.0,0.0
5132,neutral,0.0,1.0,0.0
5133,positive,1e-05,0.02931,0.97067
5134,neutral,0.0,1.0,0.0
5135,negative,1.0,0.0,0.0
5136,negative,0.99142,0.00858,0.0
5137,negative,0.49952,0.38902,0.11146
5138,neutral,0.43782,0.56217,1e-05
5139,neutral,0.00522,0.99478,0.0
5140,neutral,0.0,1.0,0.0
5141,positive,0.0,0.0,1.0
5142,neutral,0.00012,0.99988,0.0
5143,negative,1.0,0.0,0.0
5144,neutral,0.1192,0.88079,1e-05
5145,negative,1.0,0.0,0.0
5146,negative,0.5,0.5,0.0
5147,positive,0.0,0.0,1.0
5148,negative,1.0,0.0,0.0
5149,neutral,0.0,1.0,0.0
5150,negative,0.99683,0.00317,0.0
5151,neutral,0.0,1.0,0.0
5152,neutral,0.01406,0.98593,0.0
5153,neutral,0.00522,0.99478,0.0
5154,neutral,0.0,1.0,0.0
5155,negative,0.99863,0.00117,0.0002
5156,neutral,0.01099,0.98901,0.0
5157,neutral,0.0,1.0,0.0
5158,neutral,1e-05,0.99999,0.0
5159,neutral,0.04743,0.95257,0.0
5160,positive,0.0,0.0,1.0
5161,neutral,0.0,1.0,0.0
5162,negative,0.97702,0.02298,0.0
5163,neutral,1e-05,0.99999,0.0
5164,negative,1.0,0.0,0.0
5165,negative,1.0,0.0,0.0
5166,neutral,0.0001,0.9999,0.0
5167,neutral,0.00247,0.99753,0.0
5168,negative,0.97054,0.02931,0.00015
5169,positive,0.00368,0.095,0.90132
5170,positive,1e-05,0.00669,0.9933
5171,neutral,0.0,1.0,0.0
5172,neutral,1e-05,0.99907,0.00091
5173,neutral,0.0002,0.9998,0.0
5174,neutral,1e-05,0.99999,0.0
5175,negative,0.62246,0.37754,0.0
5176,neutral,5e-05,0.99995,0.0
5177,negative,1.0,0.0,0.0
5178,neutral,0.0001,0.9999,0.0
5179,positive,0.0,0.0,1.0
5180,positive,0.0,0.02298,0.97702
5181,negative,0.92414,0.07586,0.0
5182,negative,0.99331,0.00669,0.0
5183,negative,0.73106,0.26894,0.0
5184,neutral,0.00407,0.99593,0.0
5185,negative,0.81757,0.18242,0.0
5186,neutral,0.00193,0.99807,0.0
5187,negative,1.0,0.0,0.0
5188,neutral,0.0,1.0,0.0
5189,neutral,0.00317,0.99683,0.0
5190,positive,0.0,7e-05,0.99992
5191,neutral,0.0,1.0,0.0
5192,positive,0.0,0.0,1.0
5193,negative,0.97069,0.02931,0.0
5194,positive,5e-05,0.07585,0.92409
5195,negative,0.9999,0.0001,0.0
5196,neutral,5e-05,0.99995,0.0
5197,neutral,0.04743,0.95257,1e-05
5198,negative,0.99999,1e-05,0.0
5199,neutral,0.00407,0.99593,0.0
5200,negative,0.9765,0.02296,0.00054
5201,negative,1.0,0.0,0.0
5202,neutral,0.0,1.0,0.0
5203,negative,1.0,0.0,0.0
5204,negative,0.99478,0.00522,0.0
5205,neutral,0.04743,0.95256,1e-05
5206,negative,0.99945,0.00055,0.0
5207,negative,1.0,0.0,0.0
5208,neutral,0.01799,0.98201,0.0
5209,negative,0.99994,6e-05,0.0
5210,neutral,0.00407,0.99593,0.0
5211,negative,0.97068,0.02931,0.0
5212,negative,1.0,0.0,0.0
5213,neutral,0.0,1.0,0.0
5214,negative,0.99988,0.00012,0.0
5215,positive,0.0,0.0,1.0
5216,neutral,0.01406,0.98594,0.0
5217,negative,0.99957,0.00043,0.0
5218,neutral,0.0005,0.9042,0.0953
5219,neutral,1e-05,0.99998,1e-05
5220,negative,0.90465,0.09535,0.0
5221,negative,1.0,0.0,0.0
5222,neutral,0.01799,0.98201,0.0
5223,negative,1.0,0.0,0.0
5224,negative,0.99477,0.00522,1e-05
5225,neutral,0.0,1.0,0.0
5226,neutral,0.00247,0.99732,0.0002
5227,negative,1.0,0.0,0.0
5228,neutral,0.0,1.0,0.0
5229,neutral,0.1192,0.8808,0.0
5230,negative,1.0,0.0,0.0
5231,neutral,0.0,1.0,0.0
5232,neutral,0.0,1.0,0.0
5233,negative,0.5,0.5,0.0
5234,neutral,0.26814,0.72888,0.00298
5235,neutral,0.0,1.0,0.0
5236,negative,1.0,0.0,0.0
5237,neutral,0.0,1.0,0.0
5238,neutral,0.0,1.0,0.0
5239,negative,0.81757,0.18242,0.0
5240,neutral,0.00052,0.93942,0.06006
5241,neutral,0.0,1.0,0.0
5242,negative,0.99974,0.00026,0.0
5243,neutral,0.00071,0.99929,0.0
5244,negative,1.0,0.0,0.0
5245,negative,1.0,0.0,0.0
5246,negative,0.81757,0.18242,0.0
5247,neutral,0.00034,0.99966,0.0
5248,positive,0.00247,0.00033,0.99719
5249,neutral,0.0,1.0,0.0
5250,neutral,7e-05,0.99323,0.00669
5251,neutral,0.00522,0.99478,0.0
5252,neutral,2e-05,0.99998,0.0
5253,neutral,0.0,1.0,0.0
5254,neutral,6e-05,0.99994,0.0
5255,neutral,0.2227,0.7773,0.0
5256,negative,1.0,0.0,0.0
5257,neutral,0.09535,0.90465,0.0
5258,neutral,0.00026,0.99962,0.00012
5259,neutral,0.0,1.0,0.0
5260,neutral,0.0,1.0,0.0
5261,neutral,0.0001,0.99985,6e-05
5262,neutral,0.00522,0.99478,0.0
5263,neutral,0.02298,0.97702,0.0
5264,negative,0.90455,0.09534,0.00011
5265,neutral,0.0,1.0,0.0
5266,negative,0.99959,0.00034,7e-05
5267,negative,1.0,0.0,0.0
5268,neutral,0.00317,0.99683,0.0
5269,neutral,0.01099,0.98899,2e-05
5270,neutral,0.00317,0.99683,0.0
5271,neutral,0.32082,0.67918,0.0
5272,neutral,0.14805,0.85195,0.0
5273,neutral,0.00034,0.99966,0.0
5274,neutral,7e-05,0.99966,0.00026
5275,neutral,0.0,1.0,0.0
5276,neutral,0.0,1.0,0.0
5277,negative,1.0,0.0,0.0
5278,positive,2e-05,0.00193,0.99806
5279,neutral,0.0,0.99945,0.00055
5280,positive,0.00017,0.49992,0.49992
5281,neutral,0.0,1.0,0.0
5282,negative,1.0,0.0,0.0
5283,negative,0.85195,0.14804,0.0
5284,neutral,0.0,1.0,0.0
5285,negative,1.0,0.0,0.0
5286,neutral,6e-05,0.99994,0.0
5287,negative,1.0,0.0,0.0
5288,neutral,0.0,1.0,0.0
5289,neutral,0.03733,0.96267,0.0
5290,neutral,1e-05,0.99999,0.0
5291,neutral,0.0002,0.9998,0.0
5292,neutral,2e-05,0.99998,0.0
5293,neutral,4e-05,0.99981,0.00016
5294,neutral,0.0,1.0,0.0
5295,negative,0.67917,0.32082,1e-05
5296,neutral,0.02298,0.97702,0.0
5297,negative,0.8808,0.1192,0.0
5298,neutral,0.06009,0.93991,0.0
5299,negative,1.0,0.0,0.0
5300,negative,0.99849,0.0015,1e-05
5301,neutral,0.0,1.0,0.0
5302,neutral,0.0001,0.9999,0.0
5303,negative,0.9985,0.0015,0.0
5304,neutral,1e-05,0.99973,0.00026
5305,negative,0.99478,0.00522,0.0
5306,neutral,0.37754,0.62246,0.0
5307,neutral,0.0,1.0,0.0
5308,negative,0.99994,6e-05,0.0
5309,neutral,0.0,1.0,0.0
5310,negative,0.99444,0.0015,0.00406
5311,neutral,4e-05,0.99996,0.0
5312,neutral,0.0,1.0,0.0
5313,neutral,0.0824,0.78175,0.13585
5314,neutral,0.0,1.0,0.0
5315,negative,1.0,0.0,0.0
5316,neutral,1e-05,0.99999,0.0
5317,neutral,0.0,1.0,0.0
5318,neutral,0.0,1.0,0.0
5319,neutral,1e-05,0.99965,0.00034
5320,neutral,0.0,1.0,0.0
5321,positive,2e-05,0.00669,0.99329
5322,positive,0.0,0.0,1.0
5323,neutral,0.0,1.0,0.0
5324,negative,0.38365,0.2327,0.38365
5325,neutral,0.0,1.0,0.0
5326,neutral,0.01098,0.98876,0.00026
5327,positive,0.0,0.0,1.0
5328,neutral,0.01099,0.98901,0.0
5329,negative,0.96267,0.03733,0.0
5330,neutral,0.0015,0.99847,3e-05
5331,negative,1.0,0.0,0.0
5332,neutral,0.0,1.0,0.0
5333,neutral,0.0,0.99995,5e-05
5334,negative,1.0,0.0,0.0
5335,negative,0.85195,0.14805,0.0
5336,neutral,3e-05,0.99997,0.0
5337,neutral,3e-05,0.99994,4e-05
5338,neutral,0.00071,0.99929,0.0
5339,neutral,0.0,1.0,0.0
5340,neutral,0.00055,0.99945,0.0
5341,neutral,0.0,1.0,0.0
5342,neutral,0.0,1.0,0.0
5343,negative,1.0,0.0,0.0
5344,neutral,0.0,1.0,0.0
5345,negative,1.0,0.0,0.0
5346,negative,1.0,0.0,0.0
5347,neutral,0.0,1.0,0.0
5348,negative,0.62245,0.37753,2e-05
5349,neutral,0.00858,0.99142,0.0
5350,neutral,0.26894,0.73106,0.0
5351,neutral,0.0002,0.9998,0.0
5352,neutral,0.18243,0.81757,0.0
5353,neutral,0.0,1.0,0.0
5354,neutral,0.0,1.0,0.0
5355,neutral,0.00034,0.99966,1e-05
5356,negative,1.0,0.0,0.0
5357,positive,1e-05,0.0,0.99999
5358,neutral,1e-05,0.99999,0.0
5359,neutral,0.0,1.0,0.0
5360,negative,1.0,0.0,0.0
5361,neutral,0.0015,0.9985,0.0
5362,negative,1.0,0.0,0.0
5363,negative,0.81757,0.18242,0.0
5364,neutral,4e-05,0.95253,0.04742
5365,neutral,1e-05,0.99999,0.0
5366,neutral,0.00091,0.99909,0.0
5367,neutral,1e-05,0.99987,0.00012
5368,positive,0.0,0.0,1.0
5369,neutral,0.0373,0.96201,0.00068
5370,negative,0.99929,0.00071,0.0
5371,neutral,0.0,1.0,0.0
5372,positive,0.0,0.0,1.0
5373,neutral,2e-05,0.99998,0.0
5374,negative,0.73105,0.26894,1e-05
5375,negative,0.99477,0.00522,1e-05
5376,neutral,0.02298,0.97701,1e-05
5377,neutral,0.43781,0.56216,3e-05
5378,negative,1.0,0.0,0.0
5379,neutral,0.00034,0.99966,0.0
5380,neutral,0.0,1.0,0.0
5381,neutral,0.03733,0.96267,0.0
5382,negative,0.99999,1e-05,0.0
5383,neutral,0.0,1.0,0.0
5384,positive,0.0005,0.0953,0.9042
5385,negative,1.0,0.0,0.0
5386,positive,0.0,0.0,1.0
5387,negative,0.90465,0.09535,0.0
5388,neutral,0.00066,0.56181,0.43754
5389,negative,1.0,0.0,0.0
5390,negative,0.62246,0.37754,0.0
5391,negative,1.0,0.0,0.0
5392,neutral,0.00091,0.99909,0.0
5393,neutral,0.0,0.99999,0.0
5394,neutral,0.00071,0.99929,0.0
5395,positive,0.04742,5e-05,0.95253
5396,neutral,0.18242,0.81756,2e-05
5397,neutral,0.0,1.0,0.0
5398,neutral,0.0,1.0,0.0
5399,negative,0.8808,0.1192,0.0
5400,neutral,0.00091,0.99854,0.00055
5401,neutral,0.0015,0.99759,0.00091
5402,negative,0.99909,0.00091,0.0
5403,neutral,0.0,0.99979,0.0002
5404,positive,0.0,0.00026,0.99974
5405,neutral,0.0,1.0,0.0
5406,neutral,0.02297,0.97687,0.00015
5407,neutral,0.00055,0.99945,0.0
5408,neutral,0.00026,0.99974,0.0
5409,neutral,0.0,1.0,0.0
5410,neutral,0.00096,0.49952,0.49952
5411,neutral,0.00407,0.99581,0.00012
5412,negative,1.0,0.0,0.0
5413,neutral,0.0015,0.9985,0.0
5414,neutral,0.05947,0.9302,0.01033
5415,neutral,0.0,1.0,0.0
5416,negative,0.99988,0.00012,0.0
5417,neutral,0.00407,0.99593,0.0
5418,neutral,0.43782,0.56218,0.0
5419,neutral,0.11905,0.87963,0.00132
5420,neutral,0.0,1.0,0.0
5421,neutral,0.00016,0.99982,2e-05
5422,positive,0.0,0.00669,0.99331
5423,positive,0.0,0.00317,0.99682
5424,negative,1.0,0.0,0.0
5425,neutral,3e-05,0.99997,0.0
5426,neutral,0.0,1.0,0.0
5427,neutral,0.00071,0.99929,0.0
5428,neutral,0.0,1.0,0.0
5429,neutral,0.00089,0.98114,0.01797
5430,negative,1.0,0.0,0.0
5431,neutral,0.0,1.0,0.0
5432,negative,0.99753,0.00247,0.0
5433,negative,1.0,0.0,0.0
5434,negative,1.0,0.0,0.0
5435,negative,0.56218,0.43782,0.0
5436,neutral,0.00034,0.99966,0.0
5437,neutral,0.00016,0.99984,0.0
5438,neutral,0.0,1.0,0.0
5439,neutral,0.0,1.0,0.0
5440,neutral,1e-05,0.99996,4e-05
5441,neutral,0.00016,0.99984,0.0
5442,neutral,0.0,1.0,0.0
5443,negative,1.0,0.0,0.0
5444,neutral,0.0,1.0,0.0
5445,neutral,0.00317,0.99657,0.00026
5446,neutral,1e-05,0.99999,0.0
5447,negative,0.99999,1e-05,0.0
5448,positive,0.0,0.0,1.0
5449,neutral,0.0001,0.9999,0.0
5450,neutral,0.09535,0.90465,0.0
5451,neutral,7e-05,0.99992,0.0
5452,neutral,1e-05,0.99999,0.0
5453,neutral,0.03732,0.96258,9e-05
5454,neutral,0.0002,0.9997,0.0001
5455,negative,0.99478,0.00522,0.0
5456,neutral,0.0,1.0,0.0
5457,neutral,2e-05,0.99998,0.0
5458,negative,0.92413,0.07586,2e-05
5459,positive,1e-05,0.0001,0.9999
5460,negative,0.99998,2e-05,0.0
5461,neutral,0.0,1.0,0.0
5462,negative,0.9985,0.0015,0.0
5463,negative,0.99994,6e-05,0.0
5464,neutral,0.0,1.0,0.0
5465,neutral,0.2227,0.7773,0.0
5466,neutral,0.0,1.0,0.0
5467,neutral,0.00043,0.99955,2e-05
5468,neutral,0.01405,0.98525,0.0007
5469,neutral,0.00522,0.99476,2e-05
5470,neutral,0.0,1.0,0.0
5471,negative,0.95973,0.03721,0.00305
5472,neutral,0.00147,0.98057,0.01796
5473,neutral,0.0,1.0,0.0
5474,negative,1.0,0.0,0.0
5475,neutral,0.00012,0.98189,0.01798
5476,negative,0.7773,0.2227,0.0
5477,negative,0.9241,0.07585,4e-05
5478,neutral,0.00669,0.99331,0.0
5479,neutral,0.0,1.0,0.0
5480,neutral,0.0,1.0,0.0
5481,neutral,0.00015,0.97054,0.02931
5482,neutral,6e-05,0.99877,0.00117
5483,neutral,0.0001,0.9999,0.0
5484,negative,0.85194,0.14804,1e-05
5485,neutral,1e-05,0.99999,0.0
5486,negative,0.99995,5e-05,0.0
5487,negative,0.97702,0.02298,0.0
5488,neutral,6e-05,0.99994,0.0
5489,neutral,0.0,0.99999,0.0
5490,negative,0.99752,0.00247,1e-05
5491,negative,0.96265,0.03733,3e-05
5492,negative,0.73102,0.26893,5e-05
5493,negative,1.0,0.0,0.0
5494,negative,0.5,0.5,0.0
5495,neutral,0.0,0.99999,1e-05
5496,negative,1.0,0.0,0.0
5497,negative,0.56218,0.43782,0.0
5498,neutral,0.0,1.0,0.0
5499,negative,0.67918,0.32082,0.0
5500,neutral,0.06009,0.93991,0.0
5501,neutral,0.04743,0.95257,0.0
5502,neutral,0.0,1.0,0.0
5503,negative,0.97687,0.02297,0.00015
5504,positive,0.0,0.0,0.99999
5505,negative,0.5,0.5,1e-05
5506,positive,0.0,0.0,1.0
5507,neutral,0.03733,0.96267,0.0
5508,negative,0.99997,3e-05,0.0
5509,negative,1.0,0.0,0.0
5510,negative,1.0,0.0,0.0
5511,negative,1.0,0.0,0.0
5512,negative,1.0,0.0,0.0
5513,negative,0.9998,0.0002,0.0
5514,negative,0.99984,0.00016,0.0
5515,negative,1.0,0.0,0.0
5516,neutral,1e-05,0.99999,0.0
5517,negative,0.99944,0.00055,0.0
5518,negative,0.95193,0.04739,0.00068
5519,neutral,0.0,1.0,0.0
5520,neutral,0.0,1.0,0.0
5521,neutral,0.0,1.0,0.0
5522,negative,1.0,0.0,0.0
5523,negative,1.0,0.0,0.0
5524,positive,0.0,0.0,1.0
5525,negative,1.0,0.0,0.0
5526,neutral,0.0,1.0,0.0
5527,neutral,0.00026,0.99305,0.00669
5528,neutral,0.37754,0.62246,0.0
5529,negative,0.62246,0.37754,0.0
5530,neutral,0.0,1.0,0.0
5531,negative,1.0,0.0,0.0
5532,positive,0.0,0.0,1.0
5533,neutral,0.0015,0.9985,0.0
5534,neutral,0.0,1.0,0.0
5535,neutral,1e-05,0.99849,0.0015
5536,positive,0.0,0.0,1.0
5537,neutral,0.0,1.0,0.0
5538,neutral,0.11919,0.8807,0.00011
5539,positive,0.0,0.0,1.0
5540,neutral,2e-05,0.99997,0.0
5541,negative,1.0,0.0,0.0
5542,neutral,0.18243,0.81757,0.0
5543,neutral,0.00055,0.99945,0.0
5544,neutral,0.37754,0.62246,0.0
5545,neutral,0.0,1.0,0.0
5546,neutral,0.0,1.0,0.0
5547,negative,1.0,0.0,0.0
5548,positive,0.0,3e-05,0.99997
5549,neutral,0.0,1.0,0.0
5550,neutral,0.0,1.0,0.0
5551,negative,0.62242,0.37752,6e-05
5552,neutral,0.0,1.0,0.0
5553,negative,0.96267,0.03733,0.0
5554,positive,0.0,0.0,1.0
5555,neutral,0.0,1.0,0.0
5556,neutral,3e-05,0.99977,0.0002
5557,neutral,0.0,1.0,0.0
5558,positive,0.0,0.0,1.0
5559,negative,1.0,0.0,0.0
5560,neutral,5e-05,0.99962,0.00034
5561,neutral,0.00117,0.99883,0.0
5562,neutral,0.00013,0.85184,0.14803
5563,neutral,0.0,1.0,0.0
5564,negative,0.92413,0.07586,1e-05
5565,neutral,0.37754,0.62246,0.0
5566,negative,1.0,0.0,0.0
5567,neutral,0.00088,0.96183,0.03729
5568,negative,0.95255,0.04742,3e-05
5569,neutral,1e-05,0.99999,0.0
5570,neutral,0.04742,0.95254,3e-05
5571,neutral,0.18243,0.81757,0.0
5572,neutral,0.0,1.0,0.0
5573,negative,1.0,0.0,0.0
5574,negative,1.0,0.0,0.0
5575,positive,6e-05,0.02931,0.97063
5576,neutral,1e-05,0.99999,0.0
5577,negative,1.0,0.0,0.0
5578,neutral,0.0,1.0,0.0
5579,negative,1.0,0.0,0.0
5580,negative,0.99331,0.00669,0.0
5581,negative,1.0,0.0,0.0
5582,negative,1.0,0.0,0.0
5583,positive,1e-05,0.1192,0.88079
5584,neutral,0.0,1.0,0.0
5585,neutral,0.0,1.0,0.0
5586,neutral,0.0,1.0,0.0
5587,negative,0.81757,0.18243,0.0
5588,neutral,0.00247,0.99753,0.0
5589,neutral,0.0,1.0,0.0
5590,negative,0.98201,0.01799,1e-05
5591,neutral,0.00026,0.9994,0.00034
5592,neutral,0.00091,0.99909,0.0
5593,neutral,0.0,1.0,0.0
5594,negative,0.95257,0.04743,1e-05
5595,negative,1.0,0.0,0.0
5596,negative,1.0,0.0,0.0
5597,neutral,0.0,1.0,0.0
5598,neutral,0.0,1.0,0.0
5599,neutral,0.43776,0.56209,0.00015
5600,negative,0.88079,0.1192,0.0
5601,neutral,0.0,1.0,0.0
5602,negative,1.0,0.0,0.0
5603,neutral,0.0,1.0,0.0
5604,neutral,0.0,1.0,0.0
5605,neutral,0.00522,0.99478,0.0
5606,neutral,0.0,1.0,0.0
5607,neutral,0.05661,0.68967,0.25372
5608,neutral,0.26892,0.73101,7e-05
5609,neutral,0.01099,0.98901,0.0
5610,neutral,0.14805,0.85195,0.0
5611,positive,0.00055,0.22258,0.77687
5612,neutral,0.0,1.0,0.0
5613,neutral,0.0,1.0,0.0
5614,neutral,0.0,1.0,0.0
5615,neutral,0.0,1.0,0.0
5616,neutral,0.21194,0.57612,0.21194
5617,neutral,0.00858,0.99142,1e-05
5618,negative,0.99683,0.00317,0.0
5619,neutral,0.0,1.0,0.0
5620,negative,0.99929,0.00071,0.0
5621,neutral,0.0,1.0,0.0
5622,neutral,0.1192,0.8808,0.0
5623,neutral,0.0,1.0,0.0
5624,neutral,0.01406,0.98593,0.0
5625,neutral,0.0,1.0,0.0
5626,negative,1.0,0.0,0.0
5627,neutral,4e-05,0.99996,0.0
5628,negative,1.0,0.0,0.0
5629,neutral,0.18238,0.81735,0.00027
5630,neutral,0.0,1.0,0.0
5631,positive,0.0,0.0,1.0
5632,negative,0.92414,0.07586,0.0
5633,neutral,0.0,1.0,0.0
5634,neutral,0.0,1.0,0.0
5635,neutral,0.07585,0.92408,7e-05
5636,negative,0.99806,0.00193,1e-05
5637,neutral,0.0,1.0,0.0
5638,neutral,0.04728,0.94969,0.00302
5639,neutral,0.0,1.0,0.0
5640,neutral,0.01099,0.98901,0.0
5641,neutral,1e-05,0.99986,0.00012
5642,neutral,0.00058,0.8171,0.18232
5643,neutral,0.0,1.0,0.0
5644,neutral,2e-05,0.99998,0.0
5645,neutral,1e-05,0.97068,0.02931
5646,negative,0.81757,0.18242,1e-05
5647,neutral,1e-05,0.99999,0.0
5648,negative,0.56218,0.43782,0.0
5649,negative,0.49998,0.49998,5e-05
5650,negative,1.0,0.0,0.0
5651,neutral,0.0,1.0,0.0
5652,negative,0.85798,0.11611,0.02591
5653,neutral,0.0,1.0,0.0
5654,negative,1.0,0.0,0.0
5655,neutral,0.0,1.0,0.0
5656,neutral,0.37752,0.62243,5e-05
5657,neutral,0.01799,0.98201,0.0
5658,negative,1.0,0.0,0.0
5659,neutral,0.0015,0.9985,0.0
5660,neutral,0.0,1.0,0.0
5661,positive,0.0,0.0,1.0
5662,positive,0.0,0.0,1.0
5663,neutral,1e-05,0.99999,0.0
5664,neutral,0.0,1.0,0.0
5665,positive,0.00522,2e-05,0.99476
5666,neutral,0.2227,0.7773,0.0
5667,neutral,0.00091,0.99909,0.0
5668,negative,1.0,0.0,0.0
5669,negative,1.0,0.0,0.0
5670,neutral,0.0,1.0,0.0
5671,negative,0.56218,0.43782,0.0
5672,neutral,0.00026,0.99974,0.0
5673,neutral,3e-05,0.99997,0.0
5674,neutral,0.18243,0.81756,1e-05
5675,negative,0.99999,1e-05,0.0
5676,neutral,0.0001,0.9999,0.0
5677,neutral,0.0,1.0,0.0
5678,neutral,0.0,1.0,0.0
5679,negative,0.96267,0.03733,0.0
5680,neutral,0.00043,0.99953,4e-05
5681,negative,1.0,0.0,0.0
5682,neutral,0.00246,0.99437,0.00316
5683,neutral,3e-05,0.99997,0.0
5684,negative,0.99807,0.00193,0.0
5685,neutral,4e-05,0.99996,0.0
5686,negative,1.0,0.0,0.0
5687,negative,0.62246,0.37754,0.0
5688,negative,0.99999,1e-05,0.0
5689,negative,1.0,0.0,0.0
5690,neutral,0.0,1.0,0.0
5691,negative,1.0,0.0,0.0
5692,negative,1.0,0.0,0.0
5693,negative,0.989,0.01099,1e-05
5694,neutral,0.0,1.0,0.0
5695,negative,0.49992,0.49991,0.00017
5696,negative,0.9999,0.0001,0.0
5697,neutral,2e-05,0.99998,0.0
5698,positive,0.0,1e-05,0.99999
5699,positive,5e-05,0.14804,0.85191
5700,neutral,0.0,1.0,0.0
5701,positive,0.0,0.0,1.0
5702,positive,0.0,0.0,1.0
5703,negative,1.0,0.0,0.0
5704,neutral,0.0,1.0,0.0
5705,negative,1.0,0.0,0.0
5706,negative,0.5,0.49999,1e-05
5707,negative,0.99999,1e-05,0.0
5708,neutral,3e-05,0.99997,0.0
5709,neutral,0.0,1.0,0.0
5710,neutral,0.02931,0.97069,0.0
5711,negative,1.0,0.0,0.0
5712,neutral,5e-05,0.99995,0.0
5713,neutral,0.00016,0.99984,0.0
5714,negative,0.99478,0.00522,0.0
5715,neutral,0.01799,0.98201,0.0
5716,neutral,0.0,1.0,0.0
5717,neutral,0.32082,0.67918,0.0
5718,neutral,0.0,1.0,0.0
5719,negative,0.56218,0.43782,0.0
5720,neutral,0.00071,0.99928,1e-05
5721,negative,1.0,0.0,0.0
5722,neutral,0.0,1.0,0.0
5723,negative,1.0,0.0,0.0
5724,negative,1.0,0.0,0.0
5725,neutral,0.0,1.0,0.0
5726,positive,0.0,0.0,1.0
5727,negative,0.93991,0.06009,0.0
5728,neutral,0.0,1.0,0.0
5729,neutral,2e-05,0.99997,1e-05
5730,negative,0.99984,0.00016,0.0
5731,neutral,0.01099,0.98901,0.0
5732,neutral,0.0,0.99999,0.0
5733,negative,1.0,0.0,0.0
5734,negative,0.56215,0.4378,5e-05
5735,neutral,0.0,1.0,0.0
5736,positive,1e-05,0.00317,0.99682
5737,neutral,0.02298,0.977,3e-05
5738,neutral,0.0,1.0,0.0
5739,negative,0.99988,0.00012,0.0
5740,positive,0.0,0.0,1.0
5741,neutral,0.02907,0.9626,0.00833
5742,neutral,0.0,1.0,0.0
5743,negative,0.99908,0.00091,0.0
5744,neutral,0.0,1.0,0.0
5745,negative,0.67918,0.32082,0.0
5746,neutral,0.0,1.0,0.0
5747,negative,1.0,0.0,0.0
5748,positive,0.0,0.0,1.0
5749,negative,0.73106,0.26894,0.0
5750,neutral,0.18243,0.81757,0.0
5751,neutral,0.0,1.0,0.0
5752,negative,1.0,0.0,0.0
5753,negative,0.99478,0.00522,0.0
5754,neutral,0.0,1.0,0.0
5755,negative,0.99929,0.00071,0.0
5756,neutral,0.0,1.0,0.0
5757,positive,0.0,0.0,1.0
5758,positive,0.00017,0.1824,0.81744
5759,positive,0.0,0.0,1.0
5760,negative,1.0,0.0,0.0
5761,neutral,0.0,1.0,0.0
5762,neutral,0.07586,0.92414,0.0
5763,negative,1.0,0.0,0.0
5764,neutral,0.0,1.0,0.0
5765,negative,0.97649,0.02296,0.00054
5766,negative,1.0,0.0,0.0
5767,positive,0.0,0.0,1.0
5768,neutral,0.00026,0.99971,3e-05
5769,positive,0.14331,0.03198,0.82471
5770,neutral,0.0,1.0,0.0
5771,neutral,0.0,1.0,0.0
5772,negative,1.0,0.0,0.0
5773,neutral,0.0,1.0,0.0
5774,neutral,0.0,1.0,0.0
5775,neutral,0.00522,0.99478,0.0
5776,negative,0.9998,0.00012,7e-05
5777,neutral,0.0001,0.9999,0.0
5778,neutral,0.0,1.0,0.0
5779,negative,1.0,0.0,0.0
5780,neutral,3e-05,0.93989,0.06009
5781,neutral,0.03733,0.96267,0.0
5782,neutral,1e-05,0.99999,0.0
5783,neutral,0.00034,0.99964,2e-05
5784,neutral,1e-05,0.99999,0.0
5785,neutral,1e-05,0.99999,0.0
5786,neutral,0.00034,0.99966,0.0
5787,neutral,0.0,1.0,0.0
5788,neutral,0.09535,0.90465,0.0
5789,neutral,0.0,1.0,0.0
5790,neutral,0.00071,0.99929,0.0
5791,negative,1.0,0.0,0.0
5792,positive,0.0,0.0,0.99999
5793,neutral,0.0,1.0,0.0
5794,neutral,0.0,1.0,0.0
5795,negative,1.0,0.0,0.0
5796,neutral,0.3768,0.62122,0.00198
5797,neutral,0.0,1.0,0.0
5798,neutral,0.0015,0.9985,0.0
5799,negative,0.9985,0.0015,0.0
5800,negative,0.99997,3e-05,0.0
5801,neutral,0.00026,0.99117,0.00858
5802,neutral,5e-05,0.99995,0.0
5803,neutral,0.00012,0.99988,0.0
5804,neutral,4e-05,0.99996,0.0
5805,negative,1.0,0.0,0.0
5806,negative,1.0,0.0,0.0
5807,neutral,0.00117,0.99883,0.0
5808,neutral,2e-05,0.99997,1e-05
5809,negative,1.0,0.0,0.0
5810,negative,1.0,0.0,0.0
5811,negative,0.99331,0.00669,0.0
5812,neutral,0.1192,0.88076,4e-05
5813,neutral,0.00043,0.9964,0.00317
5814,negative,1.0,0.0,0.0
5815,neutral,0.0,1.0,0.0
5816,neutral,3e-05,0.99997,0.0
5817,negative,1.0,0.0,0.0
5818,negative,0.81757,0.18243,0.0
5819,negative,0.99988,0.00012,0.0
5820,neutral,0.0,1.0,0.0
5821,neutral,0.0,1.0,0.0
5822,negative,0.99909,0.00091,0.0
5823,neutral,0.00298,0.72888,0.26814
5824,negative,1.0,0.0,0.0
5825,neutral,0.0,1.0,0.0
5826,negative,1.0,0.0,0.0
5827,negative,1.0,0.0,0.0
5828,negative,0.81757,0.18242,1e-05
5829,neutral,0.0,1.0,0.0
5830,neutral,0.00117,0.99883,0.0
5831,neutral,0.0,0.9999,0.0001
5832,negative,0.99997,3e-05,0.0
5833,negative,1.0,0.0,0.0
5834,neutral,0.0,1.0,0.0
5835,negative,0.99999,1e-05,0.0
5836,neutral,5e-05,0.93986,0.06008
5837,neutral,0.0,1.0,0.0
5838,negative,0.97069,0.02931,0.0
5839,negative,0.99753,0.00247,0.0
5840,neutral,0.00317,0.99681,2e-05
5841,neutral,5e-05,0.99995,0.0
5842,neutral,0.00193,0.99807,0.0
5843,neutral,0.0,1.0,0.0
5844,negative,0.92414,0.07586,0.0
5845,neutral,0.0,1.0,0.0
5846,neutral,0.0,1.0,0.0
5847,negative,0.99945,0.00055,0.0
5848,negative,0.56218,0.0,0.43782
5849,neutral,0.00026,0.99973,1e-05
5850,neutral,0.00117,0.99883,0.0
5851,neutral,1e-05,0.99999,0.0
5852,neutral,0.0,1.0,0.0
5853,neutral,0.02298,0.97702,0.0
5854,negative,0.99993,7e-05,0.0
5855,negative,1.0,0.0,0.0
5856,neutral,0.0,1.0,0.0
5857,neutral,0.0,1.0,0.0
5858,neutral,0.07934,0.75271,0.16795
5859,negative,0.99929,0.00071,0.0
5860,neutral,2e-05,0.99998,0.0
5861,neutral,0.0,1.0,0.0
5862,neutral,0.0015,0.9985,0.0
5863,negative,0.99994,6e-05,0.0
5864,negative,0.67918,0.32082,0.0
5865,neutral,0.04743,0.95257,0.0
5866,neutral,1e-05,0.99999,0.0
5867,positive,0.00025,0.26888,0.73088
5868,negative,1.0,0.0,0.0
5869,negative,0.99753,0.00247,0.0
5870,positive,0.0002,3e-05,0.99977
5871,negative,0.99988,0.00012,0.0
5872,neutral,7e-05,0.99992,0.0
5873,positive,0.0,0.00043,0.99957
5874,neutral,7e-05,0.99993,0.0
5875,negative,1.0,0.0,0.0
5876,negative,1.0,0.0,0.0
5877,neutral,0.0,1.0,0.0
5878,neutral,0.0,1.0,0.0
5879,positive,1e-05,0.37754,0.62245
5880,neutral,0.0,1.0,0.0
5881,neutral,0.0001,0.9999,0.0
5882,neutral,0.0,1.0,0.0
5883,neutral,0.00071,0.99886,0.00043
5884,neutral,0.0,1.0,0.0
5885,positive,0.0,2e-05,0.99998
5886,neutral,0.0,1.0,0.0
5887,neutral,0.37754,0.62246,0.0
5888,neutral,0.07586,0.92414,0.0
5889,negative,1.0,0.0,0.0
5890,neutral,0.37754,0.62246,0.0
5891,neutral,0.0,1.0,0.0
5892,positive,0.0,0.0,1.0
5893,positive,0.0,0.0,1.0
5894,neutral,1e-05,0.99999,0.0
5895,neutral,1e-05,0.99999,0.0
5896,neutral,0.0,1.0,0.0
5897,neutral,0.0,1.0,0.0
5898,neutral,0.00026,0.99974,0.0
5899,neutral,0.0,1.0,0.0
5900,negative,0.8808,0.1192,0.0
5901,neutral,0.1192,0.88079,0.0
5902,negative,0.97069,0.02931,0.0
5903,neutral,0.00016,0.99984,0.0
5904,negative,0.99807,0.00193,0.0
5905,neutral,0.14666,0.84396,0.00938
5906,neutral,0.00117,0.99883,0.0
5907,negative,0.85195,0.14805,0.0
5908,negative,0.62246,0.37754,0.0
5909,neutral,0.00012,0.99988,0.0
5910,negative,1.0,0.0,0.0
5911,negative,1.0,0.0,0.0
5912,negative,0.99997,3e-05,0.0
5913,negative,0.9999,0.0001,0.0
5914,negative,1.0,0.0,0.0
5915,negative,0.99478,0.00522,0.0
5916,neutral,0.43782,0.56218,0.0
5917,neutral,0.00016,0.77718,0.22267
5918,negative,0.97069,0.02931,0.0
5919,negative,0.96267,0.03733,0.0
5920,negative,0.99999,1e-05,0.0
5921,negative,1.0,0.0,0.0
5922,positive,0.27861,0.1316,0.58979
5923,neutral,0.00522,0.99478,0.0
5924,neutral,2e-05,0.99907,0.00091
5925,neutral,4e-05,0.99996,0.0
5926,neutral,0.00091,0.99908,1e-05
5927,negative,0.73613,0.16425,0.09962
5928,neutral,1e-05,0.99999,0.0
5929,negative,0.97702,0.02298,0.0
5930,neutral,0.37746,0.62233,0.00021
5931,neutral,0.00071,0.99929,0.0
5932,neutral,0.01099,0.98901,0.0
5933,negative,1.0,0.0,0.0
5934,negative,0.92414,0.07586,0.0
5935,negative,1.0,0.0,0.0
5936,positive,0.0,0.0,1.0
5937,negative,0.56218,0.43782,0.0
5938,neutral,0.0,1.0,0.0
5939,neutral,5e-05,0.99983,0.00012
5940,neutral,0.0,1.0,0.0
5941,neutral,0.00193,0.99806,2e-05
5942,negative,0.99996,4e-05,0.0
5943,negative,0.92414,0.07586,0.0
5944,positive,0.00232,0.05995,0.93773
5945,positive,0.0,0.0,1.0
5946,neutral,0.0,1.0,0.0
5947,neutral,1e-05,0.99999,0.0
5948,neutral,0.07586,0.92414,0.0
5949,neutral,0.0,1.0,0.0
5950,neutral,0.0,1.0,0.0
5951,neutral,0.0,1.0,0.0
5952,neutral,0.0,1.0,0.0
5953,positive,0.0,0.0,1.0
5954,neutral,0.0,1.0,0.0
5955,neutral,7e-05,0.99993,0.0
5956,neutral,0.0,1.0,0.0
5957,negative,0.9985,0.0015,0.0
5958,neutral,0.0,1.0,0.0
5959,neutral,0.00016,0.99984,0.0
5960,neutral,0.0015,0.99849,1e-05
5961,neutral,0.00016,0.99792,0.00193
5962,positive,0.0,0.0,1.0
5963,neutral,0.0,1.0,0.0
5964,neutral,0.00011,0.85186,0.14803
5965,negative,0.97702,0.02298,0.0
5966,negative,1.0,0.0,0.0
5967,neutral,0.0,1.0,0.0
5968,negative,0.99984,0.00016,0.0
5969,neutral,0.0,1.0,0.0
5970,negative,0.9859,0.01406,3e-05
5971,neutral,1e-05,0.99999,0.0
5972,negative,0.99805,0.00193,3e-05
5973,negative,0.99683,0.00317,0.0
5974,neutral,0.00011,0.90455,0.09534
5975,neutral,0.0,1.0,0.0
5976,negative,0.99993,7e-05,0.0
5977,negative,1.0,0.0,0.0
5978,neutral,0.0,1.0,0.0
5979,neutral,0.0,1.0,0.0
5980,neutral,0.0,1.0,0.0
5981,neutral,0.0,1.0,0.0
5982,neutral,0.07585,0.92408,6e-05
5983,neutral,0.0,1.0,0.0
5984,neutral,0.00026,0.99974,0.0
5985,negative,1.0,0.0,0.0
5986,negative,0.99995,5e-05,0.0
5987,neutral,0.0,1.0,0.0
5988,neutral,0.0,1.0,0.0
5989,neutral,0.0015,0.9985,0.0
5990,neutral,0.0015,0.99816,0.00033
5991,neutral,0.00858,0.99141,1e-05
5992,negative,0.99753,0.00247,0.0
5993,negative,0.56218,0.43782,0.0
5994,positive,0.0,0.0,1.0
5995,neutral,0.01799,0.98201,0.0
5996,neutral,0.0,0.99999,1e-05
5997,negative,1.0,0.0,0.0
5998,positive,0.0,0.0,1.0
5999,neutral,0.00091,0.99909,0.0
6000,neutral,0.04743,0.95256,1e-05
6001,positive,0.0,0.0,1.0
6002,negative,0.99988,0.00012,0.0
6003,neutral,0.0,1.0,0.0
6004,neutral,0.26894,0.73106,0.0
6005,neutral,0.0,1.0,0.0
6006,positive,0.0,0.0,1.0
6007,negative,0.85193,0.14804,2e-05
6008,neutral,2e-05,0.81756,0.18242
6009,negative,0.9985,0.0015,0.0
6010,neutral,0.37754,0.62246,0.0
6011,negative,1.0,0.0,0.0
6012,neutral,0.00012,0.99988,0.0
6013,neutral,0.0,1.0,0.0
6014,neutral,1e-05,0.99999,0.0
6015,neutral,0.0008,0.77668,0.22252
6016,positive,0.0,5e-05,0.99995
6017,neutral,0.0,1.0,0.0
6018,neutral,0.00034,0.99966,0.0
6019,neutral,0.0,1.0,0.0
6020,neutral,1e-05,0.99751,0.00247
6021,neutral,0.32073,0.67898,0.00029
6022,negative,0.8808,0.1192,0.0
6023,negative,0.7773,0.2227,0.0
6024,positive,0.0,0.0,1.0
6025,negative,1.0,0.0,0.0
6026,neutral,0.1192,0.8808,0.0
6027,neutral,0.00317,0.99683,0.0
6028,neutral,0.00858,0.99142,0.0
6029,neutral,0.00846,0.9776,0.01394
6030,negative,1.0,0.0,0.0
6031,neutral,0.0,1.0,0.0
6032,positive,1e-05,0.00012,0.99987
6033,neutral,0.0,1.0,0.0
6034,positive,0.0,0.0,1.0
6035,negative,1.0,0.0,0.0
6036,neutral,0.0,1.0,0.0
6037,negative,0.98201,0.01799,0.0
6038,neutral,0.0,1.0,0.0
6039,negative,0.96267,0.03733,0.0
6040,neutral,0.00407,0.99593,0.0
6041,negative,1.0,0.0,0.0
6042,neutral,0.00055,0.99945,0.0
6043,neutral,0.01099,0.98901,0.0
6044,neutral,0.00116,0.99362,0.00521
6045,neutral,2e-05,0.99998,0.0
6046,neutral,0.26894,0.73106,0.0
6047,neutral,0.00032,0.93962,0.06007
6048,neutral,0.37754,0.62246,0.0
6049,negative,1.0,0.0,0.0
6050,negative,1.0,0.0,0.0
6051,neutral,0.2227,0.7773,0.0
6052,negative,0.99998,2e-05,0.0
6053,neutral,0.06009,0.93991,0.0
6054,neutral,0.00043,0.99957,0.0
6055,negative,0.5,0.5,0.0
6056,neutral,0.4376,0.56189,0.00051
6057,neutral,0.00034,0.99966,0.0
6058,negative,0.99966,0.00034,0.0
6059,neutral,0.0,1.0,0.0
6060,negative,1.0,0.0,0.0
6061,negative,0.99478,0.00522,0.0
6062,neutral,6e-05,0.99994,0.0
6063,neutral,0.01406,0.98592,1e-05
6064,neutral,0.0,1.0,0.0
6065,neutral,0.00016,0.99984,0.0
6066,negative,0.99753,0.00247,0.0
6067,neutral,0.00317,0.99682,0.0
6068,neutral,0.00669,0.99331,0.0
6069,negative,1.0,0.0,0.0
6070,negative,1.0,0.0,0.0
6071,negative,0.99331,0.00669,0.0
6072,neutral,0.18225,0.81679,0.00096
6073,neutral,0.00522,0.99478,0.0
6074,neutral,0.0,1.0,0.0
6075,negative,0.97702,0.02298,0.0
6076,neutral,0.01099,0.98901,0.0
6077,negative,0.9999,0.0001,0.0
6078,negative,1.0,0.0,0.0
6079,neutral,3e-05,0.99997,0.0
6080,neutral,0.0,1.0,0.0
6081,neutral,0.00034,0.99959,7e-05
6082,negative,0.73106,0.26894,0.0
6083,neutral,0.0,1.0,0.0
6084,neutral,0.04743,0.95257,0.0
6085,neutral,0.18243,0.81757,0.0
6086,negative,0.99753,0.00247,0.0
6087,negative,1.0,0.0,0.0
6088,neutral,1e-05,0.99999,0.0
6089,neutral,0.02298,0.97701,1e-05
6090,neutral,0.0,1.0,0.0
6091,positive,5e-05,7e-05,0.99988
6092,negative,1.0,0.0,0.0
6093,neutral,5e-05,0.99995,0.0
6094,neutral,0.00181,0.93821,0.05998
6095,negative,0.93911,0.00086,0.06004
6096,negative,1.0,0.0,0.0
6097,neutral,0.00858,0.99142,0.0
6098,negative,1.0,0.0,0.0
6099,negative,1.0,0.0,0.0
6100,neutral,0.04743,0.95256,1e-05
6101,neutral,0.0015,0.9985,0.0
6102,neutral,0.0001,0.99986,5e-05
6103,positive,0.0,0.0,1.0
6104,negative,0.99998,2e-05,0.0
6105,neutral,0.0,1.0,0.0
6106,negative,0.97702,0.02298,0.0
6107,neutral,1e-05,0.99998,1e-05
6108,neutral,1e-05,0.99999,0.0
6109,negative,0.97069,0.02931,0.0
6110,negative,1.0,0.0,0.0
6111,neutral,0.22264,0.7771,0.00026
6112,neutral,0.0015,0.99849,1e-05
6113,neutral,0.04743,0.95257,0.0
6114,negative,0.9302,0.01033,0.05947
6115,neutral,0.0,1.0,0.0
6116,neutral,1e-05,0.81757,0.18242
6117,neutral,0.32082,0.67918,0.0
6118,negative,0.98901,0.01099,0.0
6119,negative,0.73105,0.26894,1e-05
6120,neutral,0.31842,0.67409,0.00749
6121,neutral,0.0,1.0,0.0
6122,neutral,0.00055,0.99874,0.00071
6123,neutral,0.0,1.0,0.0
6124,neutral,0.0,1.0,0.0
6125,neutral,0.0,1.0,0.0
6126,neutral,0.00071,0.99929,0.0
6127,neutral,0.0,1.0,0.0
6128,neutral,0.0,1.0,0.0
6129,negative,0.99142,0.00858,1e-05
6130,neutral,0.0,1.0,0.0
6131,neutral,0.0002,0.99732,0.00247
6132,neutral,0.0,1.0,0.0
6133,neutral,0.0,1.0,0.0
6134,neutral,0.04743,0.95255,2e-05
6135,neutral,0.0001,0.9999,1e-05
6136,positive,0.0,0.0,1.0
6137,negative,1.0,0.0,0.0
6138,neutral,0.0,0.99142,0.00858
6139,negative,0.9769,0.02297,0.00012
6140,negative,0.62246,0.37754,0.0
6141,neutral,0.00071,0.99858,0.00071
6142,neutral,0.0,1.0,0.0
6143,neutral,0.0,1.0,0.0
6144,neutral,0.0,1.0,0.0
6145,negative,0.67906,0.32076,0.00018
6146,neutral,4e-05,0.99996,0.0
6147,neutral,0.0,1.0,0.0
6148,neutral,0.0,1.0,0.0
6149,negative,1.0,0.0,0.0
6150,positive,0.0,0.26894,0.73106
6151,neutral,2e-05,0.99998,0.0
6152,positive,0.0,0.0,1.0
6153,negative,1.0,0.0,0.0
6154,positive,2e-05,0.03733,0.96265
6155,neutral,2e-05,0.99998,0.0
6156,neutral,0.14805,0.85195,0.0
6157,positive,0.0,0.0,1.0
6158,neutral,0.00193,0.99807,0.0
6159,neutral,0.00216,0.67771,0.32013
6160,positive,0.37329,0.01127,0.61544
6161,neutral,1e-05,0.99999,0.0
6162,neutral,0.02931,0.97068,0.0
6163,negative,0.9914,0.00858,3e-05
6164,neutral,0.00858,0.99141,2e-05
6165,positive,0.06289,0.17095,0.76616
6166,neutral,0.00091,0.99875,0.00034
6167,negative,1.0,0.0,0.0
6168,negative,0.88079,0.1192,0.0
6169,negative,1.0,0.0,0.0
6170,negative,0.97002,0.02929,0.00069
6171,neutral,0.01099,0.98901,0.0
6172,neutral,0.2227,0.7773,0.0
6173,neutral,0.0,1.0,0.0
6174,neutral,0.37754,0.62246,0.0
6175,negative,0.8808,0.1192,0.0
6176,neutral,0.0015,0.99846,4e-05
6177,positive,1e-05,0.01406,0.98593
6178,negative,0.96267,0.03733,0.0
6179,neutral,0.09534,0.90455,0.00011
6180,negative,1.0,0.0,0.0
6181,negative,0.8174,0.18239,0.00021
6182,neutral,0.01798,0.98189,0.00012
6183,negative,1.0,0.0,0.0
6184,neutral,0.0,1.0,0.0
6185,neutral,0.0001,0.99988,3e-05
6186,neutral,1e-05,0.99999,0.0
6187,neutral,0.0,1.0,0.0
6188,negative,1.0,0.0,0.0
6189,negative,1.0,0.0,0.0
6190,neutral,0.00071,0.99929,0.0
6191,neutral,1e-05,0.99998,0.0
6192,neutral,0.0,1.0,0.0
6193,neutral,6e-05,0.99994,0.0
6194,neutral,0.0,1.0,0.0
6195,positive,0.0,0.0,1.0
6196,negative,0.62246,0.37754,0.0
6197,negative,0.85195,0.14805,0.0
6198,negative,0.99999,1e-05,0.0
6199,negative,1.0,0.0,0.0
6200,neutral,0.0002,0.96248,0.03732
6201,neutral,0.02298,0.97702,0.0
6202,neutral,0.0,1.0,0.0
6203,positive,0.0,0.0,1.0
6204,neutral,0.00055,0.99945,0.0
6205,negative,0.7773,0.2227,0.0
6206,neutral,0.0,1.0,0.0
6207,negative,1.0,0.0,0.0
6208,neutral,0.00193,0.99807,0.0
6209,neutral,0.0,1.0,0.0
6210,positive,0.0004,0.43765,0.56195
6211,neutral,2e-05,0.99998,0.0
6212,neutral,0.0,1.0,0.0
6213,neutral,0.0,1.0,0.0
6214,neutral,0.0,1.0,0.0
6215,neutral,0.00669,0.99331,0.0
6216,neutral,0.0,1.0,0.0
6217,neutral,0.0,1.0,0.0
6218,positive,0.0,0.0,1.0
6219,negative,1.0,0.0,0.0
6220,neutral,0.00247,0.99753,0.0
6221,neutral,1e-05,0.99999,0.0
6222,negative,0.99945,0.00055,0.0
6223,negative,0.99997,3e-05,0.0
6224,neutral,0.02931,0.97069,0.0
6225,neutral,0.32082,0.67918,0.0
6226,negative,0.99999,1e-05,0.0
6227,neutral,0.00091,0.99909,0.0
6228,neutral,3e-05,0.97065,0.02931
6229,negative,0.81757,0.18243,0.0
6230,neutral,0.0,1.0,0.0
6231,neutral,0.0,1.0,0.0
6232,negative,1.0,0.0,0.0
6233,neutral,0.00016,0.99577,0.00407
6234,negative,1.0,0.0,0.0
6235,negative,0.99593,0.00407,0.0
6236,neutral,0.0,1.0,0.0
6237,neutral,0.0,1.0,0.0
6238,negative,1.0,0.0,0.0
6239,neutral,0.02591,0.85798,0.11611
6240,neutral,0.0,1.0,0.0
6241,negative,1.0,0.0,0.0
6242,neutral,0.0,1.0,0.0
6243,neutral,0.00091,0.99854,0.00055
6244,neutral,0.03733,0.96267,0.0
6245,neutral,0.0,1.0,0.0
6246,negative,0.99998,2e-05,0.0
6247,negative,0.62246,0.37754,0.0
6248,negative,1.0,0.0,0.0
6249,neutral,0.32082,0.67918,0.0
6250,neutral,0.01799,0.98201,0.0
6251,negative,1.0,0.0,0.0
6252,negative,0.99849,0.0015,0.0
6253,neutral,0.00522,0.99476,2e-05
6254,negative,0.88078,0.1192,2e-05
6255,neutral,6e-05,0.99994,0.0
6256,negative,0.99753,0.00247,0.0
6257,negative,0.95257,0.04743,0.0
6258,negative,0.99909,0.00091,0.0
6259,neutral,0.0,1.0,0.0
6260,neutral,3e-05,0.99997,0.0
6261,neutral,0.0,1.0,0.0
6262,neutral,0.0,1.0,0.0
6263,neutral,0.26894,0.73104,2e-05
6264,negative,0.97068,0.02931,1e-05
6265,neutral,0.0,1.0,0.0
6266,positive,0.0,0.0,1.0
6267,neutral,0.00193,0.99807,0.0
6268,neutral,0.0015,0.99807,0.00043
6269,neutral,0.00193,0.99807,0.0
6270,negative,0.67677,0.31968,0.00355
6271,negative,1.0,0.0,0.0
6272,neutral,2e-05,0.99998,0.0
6273,negative,1.0,0.0,0.0
6274,neutral,0.0,1.0,0.0
6275,negative,1.0,0.0,0.0
6276,negative,0.99331,0.00669,0.0
6277,neutral,0.00193,0.99752,0.00055
6278,negative,0.99992,7e-05,0.0
6279,negative,1.0,0.0,0.0
6280,neutral,2e-05,0.99998,0.0
6281,negative,1.0,0.0,0.0
6282,neutral,0.07579,0.92326,0.00095
6283,neutral,0.0,1.0,0.0
6284,negative,0.99996,4e-05,0.0
6285,negative,1.0,0.0,0.0
6286,neutral,0.06009,0.93991,0.0
6287,neutral,0.0002,0.99458,0.00522
6288,negative,0.99331,0.00669,0.0
6289,neutral,0.43782,0.56218,0.0
6290,neutral,0.0,1.0,0.0
6291,positive,1e-05,0.00055,0.99944
6292,neutral,0.0,1.0,0.0
6293,neutral,1e-05,0.99997,3e-05
6294,neutral,0.0,1.0,0.0
6295,neutral,0.0,1.0,0.0
6296,negative,0.92414,0.07586,0.0
6297,neutral,0.0,1.0,0.0
6298,negative,0.97702,0.02298,0.0
6299,neutral,0.0,1.0,0.0
6300,neutral,0.01406,0.98594,0.0
6301,neutral,0.0,1.0,0.0
6302,neutral,0.0,1.0,0.0
6303,neutral,0.32082,0.67918,0.0
6304,negative,0.99974,0.00026,0.0
6305,negative,0.99999,1e-05,0.0
6306,negative,0.9046,0.09534,5e-05
6307,negative,1.0,0.0,0.0
6308,neutral,6e-05,0.99844,0.0015
6309,positive,0.0,0.0,1.0
6310,neutral,0.0,1.0,0.0
6311,neutral,0.01799,0.98201,0.0
6312,neutral,0.0,1.0,0.0
6313,neutral,3e-05,0.99997,0.0
6314,neutral,6e-05,0.99994,0.0
6315,negative,0.99929,0.00071,0.0
6316,neutral,0.0,1.0,0.0
6317,negative,1.0,0.0,0.0
6318,neutral,0.0015,0.9985,0.0
6319,negative,0.99683,0.00317,0.0
6320,neutral,6e-05,0.99994,0.0
6321,positive,0.0,0.0,1.0
6322,negative,0.99998,2e-05,0.0
6323,neutral,3e-05,0.98591,0.01406
6324,neutral,0.0,1.0,0.0
6325,neutral,0.0,1.0,0.0
6326,negative,1.0,0.0,0.0
6327,neutral,0.0,1.0,0.0
6328,positive,0.01366,0.02891,0.95743
6329,negative,0.93991,0.06009,0.0
6330,negative,1.0,0.0,0.0
6331,neutral,0.0,1.0,0.0
6332,negative,0.99883,0.00117,0.0
6333,neutral,0.2225,0.77659,0.00091
6334,negative,0.99984,0.00016,0.0
6335,neutral,0.0,1.0,0.0
6336,neutral,0.0,1.0,0.0
6337,neutral,0.0,1.0,0.0
6338,negative,0.95257,0.04743,0.0
6339,neutral,0.0,1.0,0.0
6340,negative,1.0,0.0,0.0
6341,neutral,0.32082,0.67917,1e-05
6342,neutral,0.00247,0.99753,0.0
6343,neutral,0.06009,0.93991,0.0
6344,neutral,0.00055,0.99945,0.0
6345,neutral,0.00043,0.99957,0.0
6346,negative,1.0,0.0,0.0
6347,neutral,0.00091,0.99909,0.0
6348,neutral,0.0,1.0,0.0
6349,neutral,0.0,1.0,0.0
6350,neutral,0.0,1.0,0.0
6351,negative,1.0,0.0,0.0
6352,neutral,0.07586,0.92414,0.0
6353,positive,0.0,0.0,1.0
6354,neutral,0.0,1.0,0.0
6355,neutral,0.0,0.99957,0.00043
6356,neutral,0.00016,0.99984,0.0
6357,neutral,0.00245,0.98659,0.01096
6358,neutral,0.32082,0.67918,0.0
6359,neutral,2e-05,0.99998,0.0
6360,negative,0.93991,0.06009,0.0
6361,neutral,0.00491,0.9353,0.05979
6362,negative,1.0,0.0,0.0
6363,negative,1.0,0.0,0.0
6364,negative,1.0,0.0,0.0
6365,neutral,1e-05,0.99999,0.0
6366,negative,1.0,0.0,0.0
6367,negative,0.8808,0.1192,0.0
6368,neutral,0.0,1.0,0.0
6369,neutral,0.0,1.0,0.0
6370,negative,1.0,0.0,0.0
6371,neutral,0.18242,0.81757,1e-05
6372,neutral,0.0,1.0,0.0
6373,neutral,0.0,1.0,0.0
6374,negative,0.93991,0.06009,0.0
6375,negative,1.0,0.0,0.0
6376,neutral,0.0052,0.99075,0.00405
6377,neutral,0.0,1.0,0.0
6378,negative,0.99593,0.00407,0.0
6379,neutral,0.00858,0.99142,0.0
6380,neutral,0.0,1.0,0.0
6381,neutral,5e-05,0.99994,1e-05
6382,neutral,0.0,1.0,0.0
6383,negative,1.0,0.0,0.0
6384,negative,0.99999,1e-05,0.0
6385,neutral,1e-05,0.99999,0.0
6386,negative,1.0,0.0,0.0
6387,neutral,7e-05,0.99922,0.00071
6388,neutral,0.00669,0.99331,0.0
6389,negative,0.99999,1e-05,0.0
6390,negative,1.0,0.0,0.0
6391,negative,1.0,0.0,0.0
6392,neutral,0.0,1.0,0.0
6393,neutral,0.0,1.0,0.0
6394,neutral,0.00012,0.99967,0.0002
6395,negative,0.99988,0.00012,0.0
6396,neutral,0.0,1.0,0.0
6397,neutral,0.0,1.0,0.0
6398,neutral,0.00025,0.73088,0.26888
6399,negative,0.73106,0.26894,0.0
6400,neutral,0.0,0.99999,0.0
6401,negative,0.99929,0.00071,0.0
6402,neutral,0.0,1.0,0.0
6403,negative,1.0,0.0,0.0
6404,negative,0.99807,0.00193,0.0
6405,positive,0.0,0.00026,0.99974
6406,neutral,0.00043,0.99957,0.0
6407,negative,1.0,0.0,0.0
6408,neutral,0.00026,0.99974,0.0
6409,neutral,0.01799,0.98199,3e-05
6410,neutral,0.0,1.0,0.0
6411,negative,0.99987,0.00012,0.0
6412,neutral,0.0,1.0,0.0
6413,neutral,0.0,1.0,0.0
6414,neutral,0.00055,0.99939,6e-05
6415,negative,0.81757,0.18242,1e-05
6416,negative,1.0,0.0,0.0
6417,neutral,0.0,1.0,0.0
6418,neutral,4e-05,0.99996,0.0
6419,negative,0.99964,0.00026,0.0001
6420,neutral,0.01099,0.98901,0.0
6421,negative,1.0,0.0,0.0
6422,negative,0.93991,0.06009,1e-05
6423,negative,0.73105,0.26893,2e-05
6424,negative,1.0,0.0,0.0
6425,neutral,0.0,0.92414,0.07586
6426,neutral,0.0,1.0,0.0
6427,negative,0.99331,0.00669,0.0
6428,neutral,0.14804,0.85193,3e-05
6429,negative,1.0,0.0,0.0
6430,neutral,0.00071,0.99923,6e-05
6431,neutral,0.02298,0.97702,0.0
6432,neutral,0.01799,0.98201,0.0
6433,positive,0.04161,0.30747,0.65092
6434,negative,1.0,0.0,0.0
6435,neutral,0.00115,0.9848,0.01405
6436,neutral,0.0,1.0,0.0
6437,neutral,0.0,1.0,0.0
6438,neutral,0.00247,0.99636,0.00117
6439,negative,1.0,0.0,0.0
6440,neutral,0.0,1.0,0.0
6441,neutral,0.01099,0.98896,6e-05
6442,negative,1.0,0.0,0.0
6443,negative,0.81757,0.18243,0.0
6444,neutral,0.00117,0.99883,0.0
6445,negative,1.0,0.0,0.0
6446,negative,0.93991,0.06009,0.0
6447,negative,0.73106,0.26894,0.0
6448,neutral,0.0,1.0,0.0
6449,negative,1.0,0.0,0.0
6450,negative,1.0,0.0,0.0
6451,neutral,0.0001,0.9999,0.0
6452,neutral,1e-05,0.99996,4e-05
6453,negative,1.0,0.0,0.0
6454,positive,0.00102,0.32049,0.67849
6455,neutral,1e-05,0.99999,0.0
6456,neutral,0.04743,0.95257,0.0
6457,neutral,0.0,1.0,0.0
6458,negative,1.0,0.0,0.0
6459,neutral,0.32082,0.67918,0.0
6460,positive,0.0,0.0,1.0
6461,neutral,0.0,0.99999,0.0
6462,negative,0.97701,0.02298,1e-05
6463,neutral,0.0,1.0,0.0
6464,negative,0.9999,0.0001,0.0
6465,neutral,0.00091,0.99909,0.0
6466,neutral,0.0,1.0,0.0
6467,neutral,0.0,1.0,0.0
6468,negative,1.0,0.0,0.0
6469,negative,1.0,0.0,0.0
6470,negative,0.99996,4e-05,0.0
6471,neutral,4e-05,0.99996,1e-05
6472,negative,0.989,0.01099,2e-05
6473,positive,1e-05,0.1192,0.88079
6474,neutral,0.0,1.0,0.0
6475,neutral,4e-05,0.56215,0.43781
6476,negative,0.81757,0.18243,0.0
6477,negative,0.99806,0.00193,2e-05
6478,neutral,0.0,1.0,0.0
6479,neutral,0.00247,0.99732,0.0002
6480,neutral,0.0,1.0,0.0
6481,neutral,0.0,1.0,0.0
6482,neutral,0.0,1.0,0.0
6483,negative,1.0,0.0,0.0
6484,neutral,0.0,1.0,0.0
6485,neutral,0.00407,0.99593,0.0
6486,negative,0.85195,0.14805,0.0
6487,positive,0.0,0.0,1.0
6488,negative,1.0,0.0,0.0
6489,neutral,0.02296,0.97634,0.00069
6490,neutral,0.0,1.0,0.0
6491,neutral,0.14805,0.85195,0.0
6492,negative,0.99999,1e-05,0.0
6493,neutral,1e-05,0.99999,0.0
6494,neutral,0.00046,0.49977,0.49977
6495,neutral,0.37754,0.62246,0.0
6496,neutral,0.0,1.0,0.0
6497,neutral,0.02931,0.97068,0.0
6498,negative,1.0,0.0,0.0
6499,positive,0.2595,0.03512,0.70538
6500,neutral,0.02298,0.97702,0.0
6501,positive,0.00181,0.05998,0.93821
6502,neutral,0.0,1.0,0.0
6503,negative,0.99753,0.00247,0.0
6504,negative,0.99996,4e-05,0.0
6505,neutral,6e-05,0.99994,0.0
6506,neutral,0.00055,0.99943,2e-05
6507,negative,1.0,0.0,0.0
6508,negative,0.85195,0.14805,0.0
6509,neutral,0.00247,0.99753,0.0
6510,neutral,0.0,1.0,0.0
6511,neutral,0.0,1.0,0.0
6512,neutral,0.00669,0.99331,0.0
6513,neutral,0.14805,0.85195,0.0
6514,negative,0.99957,0.00043,0.0
6515,neutral,0.0,1.0,0.0
6516,negative,1.0,0.0,0.0
6517,positive,0.0,0.0,1.0
6518,neutral,0.00043,0.99957,0.0
6519,negative,1.0,0.0,0.0
6520,negative,0.98201,0.01799,0.0
6521,neutral,0.0,1.0,0.0
6522,neutral,0.0,1.0,0.0
6523,negative,0.99997,3e-05,0.0
6524,neutral,0.00522,0.99477,1e-05
6525,neutral,0.00026,0.99974,0.0
6526,neutral,0.14805,0.85195,0.0
6527,negative,0.92414,0.07586,0.0
6528,neutral,0.0,1.0,0.0
6529,neutral,0.03733,0.96267,1e-05
6530,neutral,6e-05,0.99994,0.0
6531,negative,0.99999,0.0,0.0
6532,neutral,3e-05,0.99997,0.0
6533,neutral,0.0,1.0,0.0
6534,negative,0.96267,0.03733,0.0
6535,neutral,0.02931,0.97064,4e-05
6536,negative,0.99909,0.00091,0.0
6537,positive,4e-05,0.01406,0.98589
6538,neutral,0.00247,0.99753,0.0
6539,positive,0.0,0.0,1.0
6540,neutral,0.0,1.0,0.0
6541,negative,0.98574,0.0002,0.01406
6542,neutral,0.02298,0.97702,0.0
6543,negative,1.0,0.0,0.0
6544,negative,0.99929,0.00071,0.0
6545,neutral,0.00012,0.99988,0.0
6546,positive,0.0,0.00522,0.99478
6547,neutral,9e-05,0.98192,0.01798
6548,negative,1.0,0.0,0.0
6549,neutral,0.0,1.0,0.0
6550,negative,1.0,0.0,0.0
6551,neutral,0.0,1.0,0.0
6552,negative,0.8808,0.1192,0.0
6553,neutral,0.0,1.0,0.0
6554,neutral,3e-05,0.99996,1e-05
6555,neutral,0.00016,0.99983,1e-05
6556,negative,1.0,0.0,0.0
6557,neutral,0.04743,0.95256,1e-05
6558,neutral,0.00016,0.99984,1e-05
6559,neutral,0.0,1.0,0.0
6560,positive,0.0,0.0,1.0
6561,neutral,0.0,1.0,0.0
6562,neutral,0.0,1.0,0.0
6563,negative,0.96267,0.0,0.03733
6564,negative,1.0,0.0,0.0
6565,neutral,0.0,1.0,0.0
6566,neutral,0.06008,0.93973,0.00019
6567,neutral,0.00191,0.99141,0.00668
6568,neutral,0.0,1.0,0.0
6569,negative,0.99753,0.00247,0.0
6570,negative,0.99998,2e-05,0.0
6571,positive,0.0,0.0,1.0
6572,neutral,0.0,1.0,0.0
6573,neutral,0.0,1.0,0.0
6574,neutral,0.37754,0.62246,1e-05
6575,neutral,1e-05,0.99999,0.0
6576,neutral,0.0,1.0,0.0
6577,negative,0.90465,0.09535,0.0
6578,neutral,0.06009,0.93991,0.0
6579,positive,0.0,0.0,1.0
6580,negative,0.98901,0.01099,0.0
6581,neutral,0.2227,0.7773,0.0
6582,neutral,0.0,1.0,0.0
6583,neutral,0.0,1.0,0.0
6584,neutral,0.0,1.0,0.0
6585,neutral,0.26894,0.73104,2e-05
6586,negative,1.0,0.0,0.0
6587,neutral,1e-05,0.99999,0.0
6588,negative,0.73098,0.26891,0.00012
6589,neutral,0.37754,0.62246,0.0
6590,neutral,1e-05,0.56217,0.43782
6591,neutral,0.0,0.99999,1e-05
6592,positive,0.00052,0.06006,0.93942
6593,neutral,0.43773,0.56206,0.00021
6594,positive,0.0,0.0,1.0
6595,neutral,0.00522,0.99435,0.00043
6596,negative,0.99683,0.00317,0.0
6597,neutral,0.06009,0.93991,0.0
6598,neutral,0.0,1.0,0.0
6599,negative,1.0,0.0,0.0
6600,neutral,2e-05,0.99881,0.00117
6601,neutral,0.00091,0.99907,2e-05
6602,neutral,0.0,1.0,0.0
6603,neutral,0.02931,0.97069,0.0
6604,positive,0.0,2e-05,0.99998
6605,neutral,0.0,1.0,0.0
6606,negative,1.0,0.0,0.0
6607,negative,1.0,0.0,0.0
6608,negative,1.0,0.0,0.0
6609,neutral,0.02931,0.97069,0.0
6610,positive,0.0,0.0,1.0
6611,neutral,0.04743,0.95255,2e-05
6612,neutral,0.37754,0.62246,0.0
