row,gold,fold,dense_0,dense_1,dense_2,dense_3,sparse_0,sparse_1,sparse_2,sparse_3
0,1,0,0.00824616,0.98723,0.00108589,0.00343751,-0.554601,0.879788,-1.12684,-1.31166
1,0,4,0.997807,0.00111155,0.000224287,0.000857263,1.75545,-1.40408,-1.61648,-2.5802
2,1,3,0.0577154,0.13896,0.0106632,0.792662,-0.167894,-0.229902,-1.5166,-0.61124
3,0,2,0.181684,0.106999,0.698681,0.0126354,0.40257,-1.79357,-0.404519,-1.56201
4,0,0,0.998458,0.00102768,0.000156679,0.000357943,1.65872,-1.36352,-1.69503,-2.08577
5,0,4,0.998288,0.000941973,0.000249354,0.000520715,2.37783,-2.08445,-1.40677,-1.81999
6,3,3,0.00918141,0.379132,0.00346451,0.608222,-1.27981,0.355855,-1.27366,-0.0767836
7,1,4,0.0423839,0.955278,0.000444915,0.00189339,-0.955549,0.96949,-1.08585,-0.902772
8,1,3,0.0244036,0.973846,0.000273492,0.00147704,-0.77397,0.632673,-1.53534,-0.984399
9,1,4,0.95715,0.0368149,0.000566839,0.00546804,0.26589,-0.119095,-1.05088,-1.56581
10,0,2,0.997448,0.00116903,0.000259576,0.00112315,2.62566,-2.82829,-1.96122,-2.07339
11,3,2,0.559715,0.0291754,0.006384,0.404726,-0.855135,-0.896587,-0.932301,0.538929
12,0,0,0.99549,0.00230903,0.000516222,0.00168438,1.38087,-1.70302,-1.01438,-1.63166
13,1,3,0.0042459,0.991362,0.000251033,0.00414147,-1.1173,0.715165,-1.11342,-1.07773
14,1,1,0.342531,0.556526,0.011195,0.0897481,-0.64278,0.101727,-0.879383,-1.03305
15,3,4,0.0386233,0.00640124,0.00587411,0.949101,-0.517055,-0.572153,-1.69709,-0.0446254
16,0,2,0.987673,0.00339898,0.000592967,0.00833488,0.666645,-1.08703,-0.949564,-0.966604
17,0,2,0.931447,0.0128149,0.00116322,0.0545753,1.00114,-0.988902,-1.25989,-1.41081
18,0,2,0.995576,0.00297963,0.000164365,0.00128027,2.32719,-1.96866,-1.73719,-2.55217
19,0,2,0.993206,0.00568651,0.000185083,0.000922648,0.56968,-0.957822,-1.13322,-0.859135
20,1,4,0.0481508,0.937837,0.00417667,0.00983512,-1.22523,1.17857,-1.72169,-1.19558
21,0,1,0.507326,0.480327,0.00354065,0.00880609,-0.1156,-0.0572288,-1.21412,-0.902805
22,0,1,0.998367,0.000743041,0.000266496,0.000623873,2.98652,-2.91908,-1.61771,-2.1441
23,0,0,0.998163,0.00131532,0.00012151,0.000399977,1.98982,-2.15046,-1.54949,-1.96132
24,1,4,0.619556,0.372856,0.00114126,0.00644674,0.0306207,0.0758398,-1.26773,-1.74152
25,1,2,0.0561518,0.935469,0.00100316,0.00737632,0.310106,-0.318223,-1.61171,-0.969247
26,0,2,0.996447,0.00269949,0.000203142,0.000650647,0.495217,-0.224825,-1.51803,-1.85844
27,1,0,0.00566836,0.982571,0.00112163,0.0106391,-1.25779,0.968735,-1.05526,-1.12787
28,0,3,0.989985,0.00599984,0.000236418,0.00377851,0.505471,-0.753881,-1.41997,-0.921416
29,1,4,0.0165205,0.980774,0.00034413,0.00236091,-0.865924,0.714707,-1.13185,-1.32435
30,1,2,0.26198,0.733307,0.000797196,0.00391628,0.163697,0.130486,-1.55084,-1.61039
31,1,2,0.0253499,0.966819,0.000923934,0.00690748,0.301436,-0.157858,-1.46138,-1.16396
32,1,4,0.822058,0.175368,0.000535729,0.00203768,0.291057,-0.184636,-1.28972,-1.58477
33,1,1,0.0189467,0.972967,0.000376412,0.00770955,-1.32373,0.757969,-1.46635,-0.53657
34,0,0,0.998431,0.000991185,0.00015576,0.000421749,0.950961,-1.8374,-1.13643,-0.59483
35,0,2,0.997468,0.00118515,0.000256557,0.00109074,3.00325,-3.26501,-1.76428,-2.005
36,3,0,0.825115,0.0255571,0.00685177,0.142476,2.02668,-2.09864,-1.67821,-1.55459
37,0,3,0.989761,0.0020599,0.000252101,0.00792732,0.953619,-1.39117,-1.68118,-0.911168
38,0,4,0.996101,0.00154965,0.00029489,0.00205496,1.08825,-1.35533,-1.21994,-1.5152
39,0,3,0.998342,0.0010146,0.000168731,0.000475069,1.5532,-1.32847,-1.74228,-2.02052
40,0,1,0.944945,0.0290693,0.00127846,0.0247069,0.0623473,-0.443521,-0.588798,-0.903593
41,1,0,0.450279,0.39737,0.00689748,0.145454,-0.46063,0.158514,-1.28019,-0.638484
42,0,3,0.98492,0.013717,0.000337579,0.0010257,1.20117,-1.19759,-1.1471,-1.53633
43,1,0,0.00842387,0.985144,0.000556701,0.00587507,-0.349744,-0.0624143,-1.03754,-0.655126
44,0,2,0.997653,0.00118769,0.000223814,0.000935874,2.21461,-1.79754,-1.84641,-2.57073
45,0,4,0.995448,0.00159156,0.000343864,0.00261637,1.41914,-1.40826,-1.23687,-1.62547
46,0,1,0.997171,0.00166107,0.000303391,0.00086428,2.38957,-1.78386,-1.75904,-2.52682
47,0,4,0.113801,0.880378,0.000922215,0.00489858,-0.311166,0.413449,-0.881284,-1.88626
48,0,4,0.998196,0.000734976,0.000208324,0.000860954,2.44408,-2.79706,-1.46134,-1.68629
49,0,3,0.997519,0.00187739,0.000232245,0.000371852,0.27903,-0.763357,-1.2679,-0.999197
50,0,3,0.996222,0.00252918,0.000275439,0.000973659,0.50216,-0.748389,-1.40086,-1.10564
51,1,1,0.974011,0.0117224,0.00117665,0.01309,0.788461,-1.05538,-1.13435,-1.76534
52,0,3,0.998081,0.00109248,0.000262802,0.000564011,2.28311,-2.40482,-1.71243,-2.63545
53,0,0,0.998452,0.000818535,0.00016941,0.000560377,2.52668,-2.30464,-1.41703,-2.32267
54,0,1,0.998434,0.000899847,0.000225746,0.000440267,2.45426,-2.68995,-1.84529,-1.97669
55,0,4,0.103516,0.869697,0.00254508,0.0242415,-0.32124,-0.49563,-1.15084,-0.61755
56,1,4,0.0106282,0.985794,0.000513195,0.00306488,-0.00303433,0.128984,-1.41173,-1.42251
57,2,4,0.00343201,0.00305846,0.990475,0.00303466,-1.85929,-0.392363,0.878781,-1.37302
58,1,0,0.0313304,0.951676,0.00139219,0.0156018,-0.0635779,-0.308324,-1.26402,-0.560291
59,0,4,0.996173,0.00109359,0.000338118,0.00239563,1.92267,-2.02866,-1.71207,-1.79589
60,0,2,0.997655,0.00111247,0.000230469,0.00100209,3.73808,-3.08014,-2.10016,-2.90446
61,0,4,0.998285,0.00106012,0.000185666,0.000469508,2.80574,-2.13083,-1.6772,-2.56139
62,0,0,0.981253,0.00502986,0.000910654,0.0128066,1.24658,-1.25107,-1.26867,-1.10435
63,0,2,0.99183,0.00501749,0.000410055,0.00274266,1.80245,-1.6687,-1.46022,-1.79845
64,1,1,0.00349485,0.991036,0.000739027,0.00473047,-0.107176,0.60633,-1.26524,-1.81354
65,0,3,0.998286,0.000875445,0.000243102,0.000595255,2.86875,-3.21432,-1.76779,-1.92481
66,0,1,0.976239,0.0107239,0.000979621,0.0120572,1.19681,-1.19185,-1.26528,-1.02557
67,0,0,0.986809,0.0105065,0.000441993,0.00224244,1.51734,-1.39456,-1.64965,-1.38862
68,0,4,0.992986,0.00377703,0.000345703,0.00289171,1.89354,-1.90012,-1.61107,-1.93347
69,0,3,0.284993,0.151137,0.0036978,0.560173,0.631316,-0.690335,-1.26083,-1.0087
70,1,3,0.777719,0.168687,0.00116469,0.0524293,0.762505,-1.63121,-1.60694,-0.427664
71,0,2,0.996396,0.00217535,0.000296132,0.00113298,1.34958,-1.98011,-1.23801,-1.06503
72,1,2,0.0324667,0.963286,0.000616828,0.00363023,-0.382981,0.7632,-1.49445,-1.60943
73,0,1,0.983179,0.0151824,0.000821109,0.000817908,0.566253,-0.103993,-1.77019,-1.83129
74,0,3,0.997388,0.00183187,0.000292974,0.00048682,1.48344,-1.98648,-1.69036,-0.832566
75,2,0,0.00119136,0.000985748,0.994896,0.00292714,-2.33047,-0.878335,1.18693,-1.31643
76,0,4,0.998042,0.00120333,0.000189652,0.000565092,0.918236,-0.724248,-1.4065,-1.92843
77,0,2,0.962744,0.03026,0.000283904,0.00671247,1.03192,-1.33783,-1.43403,-1.06558
78,0,1,0.997919,0.00135674,0.000305402,0.000419069,1.08257,-1.7086,-1.44252,-0.876337
79,1,3,0.0440772,0.897721,0.00165365,0.056548,-0.52305,0.078175,-0.867803,-1.09538
80,0,1,0.997943,0.00129212,0.000277536,0.000487091,1.756,-1.47179,-1.65233,-2.27224
81,0,2,0.997698,0.0012805,0.000234566,0.000787351,2.50785,-2.49505,-1.42349,-1.64175
82,1,2,0.00611377,0.989755,0.000668096,0.00346317,-1.02037,0.787804,-1.2053,-1.51278
83,0,4,0.998235,0.000859307,0.000226143,0.000679768,2.88679,-2.5445,-1.64185,-2.35276
84,0,2,0.997472,0.00117593,0.000230877,0.00112099,3.50384,-2.93512,-1.92671,-2.70054
85,0,3,0.982507,0.0124528,0.000910039,0.00413062,0.956907,-1.81763,-1.11736,-0.735787
86,0,3,0.0798841,0.917803,0.000362782,0.00194972,-0.445109,0.37235,-1.61017,-1.36973
87,1,0,0.0172121,0.981007,0.000293272,0.0014879,-0.00550779,0.201305,-1.28509,-1.63062
88,0,0,0.998464,0.000989284,0.000206759,0.000339558,1.96604,-1.68127,-2.12602,-1.94947
89,0,0,0.987011,0.00920844,0.000675415,0.00310484,0.75056,-0.841889,-1.16584,-1.41812
90,0,4,0.987551,0.0026468,0.000678429,0.00912394,0.294038,-0.979244,-1.29169,-0.64106
91,0,3,0.803301,0.193427,0.000352152,0.00291988,1.16853,-0.883858,-2.01959,-1.87026
92,1,0,0.00388426,0.871329,0.00180812,0.122979,-0.233066,-0.395619,-1.33826,-0.545334
93,2,0,0.0013379,0.00114997,0.995658,0.00185386,-1.73648,-2.50661,2.73919,-2.03564
94,0,0,0.996961,0.00240926,0.000157057,0.000472563,-0.0759835,-0.953241,-1.30642,-0.136296
95,0,0,0.987411,0.00969738,0.000174551,0.00271714,-0.0676498,0.0179007,-1.17796,-1.17724
96,1,2,0.0717435,0.564031,0.23564,0.128585,-1.80922,1.06402,-1.18034,0.317883
97,1,1,0.298772,0.691957,0.000552507,0.00871896,1.07658,-1.42171,-1.41222,-1.03905
98,0,4,0.998207,0.0012106,0.000189683,0.000393025,1.21915,-0.900433,-1.61094,-2.5284
99,1,1,0.00769182,0.756005,0.0165077,0.219795,-0.473786,-0.630651,-0.946009,-0.109643
100,0,3,0.997091,0.00164319,0.000296918,0.000968815,1.33197,-1.70884,-1.39998,-1.20688
101,0,4,0.993613,0.00376468,0.000249158,0.0023732,1.67746,-1.55998,-1.76668,-1.81143
102,3,1,0.487138,0.500642,0.00237341,0.00984713,0.134514,-0.326794,-1.48646,-1.38378
103,0,1,0.998345,0.000819247,0.00028202,0.000553249,1.8189,-1.96939,-1.39675,-1.42663
104,0,0,0.997367,0.00200403,0.000259555,0.000369623,-0.0313668,0.360164,-1.61286,-1.57679
105,0,2,0.627241,0.311114,0.00358683,0.0580583,0.645799,-0.965959,-1.48376,-0.892411
106,0,3,0.998485,0.000904297,0.000194236,0.000416857,2.37745,-2.08019,-1.69339,-2.42763
107,0,3,0.625289,0.371921,0.000453708,0.00233584,1.57845,-1.01763,-1.88639,-2.90916
108,1,4,0.00966324,0.9878,0.000401273,0.00213563,0.0453994,-0.0130121,-1.57999,-1.34944
109,0,1,0.997272,0.00178225,0.000218973,0.000727159,1.22613,-1.63412,-1.39251,-1.12545
110,1,0,0.428677,0.555834,0.000690088,0.014798,-0.356987,0.0082624,-1.45921,-0.581854
111,0,0,0.996554,0.00303248,0.000133759,0.00027987,0.0598404,-0.191208,-1.24597,-1.58479
112,0,2,0.994382,0.0040539,0.000317681,0.00124668,0.94947,-0.987397,-1.61254,-2.15794
113,0,0,0.926967,0.0433217,0.00130665,0.028405,0.739313,-0.574037,-2.05853,-1.72317
114,1,3,0.894433,0.103034,0.00044605,0.00208682,0.3109,-0.277826,-1.30096,-1.32841
115,1,1,0.00386196,0.967399,0.00531488,0.023424,-1.28237,0.785706,-1.19333,-1.02062
116,1,0,0.0142612,0.979523,0.000539647,0.00567566,-0.262672,0.299278,-1.63035,-0.973088
117,1,3,0.0398715,0.958479,0.000430984,0.00121821,0.668945,-0.358609,-1.39099,-2.06308
118,0,1,0.998328,0.00079558,0.000261332,0.000614777,2.88529,-3.33369,-2.28203,-1.8587
119,1,4,0.00742325,0.989858,0.00048884,0.00222968,-0.331596,0.340647,-1.26781,-1.75464
120,0,1,0.998191,0.000930908,0.000320772,0.000557502,2.98918,-3.1666,-1.51238,-2.37197
121,1,0,0.01478,0.983174,0.000372276,0.00167332,0.216902,0.25033,-1.50626,-1.74503
122,0,0,0.99838,0.00113523,0.000180675,0.000303759,1.92588,-1.78376,-1.89286,-2.51548
123,1,3,0.107814,0.869409,0.00146389,0.021313,-0.865769,0.672338,-0.902148,-1.07165
124,0,3,0.997303,0.00203545,0.000177336,0.000483935,1.185,-1.70783,-1.34694,-0.899461
125,0,4,0.995763,0.00114337,0.000322502,0.00277107,1.55857,-2.14744,-1.57639,-1.26706
126,0,3,0.991097,0.00409213,0.000351851,0.00445935,0.143069,-0.455104,-1.29569,-0.666509
127,0,3,0.993863,0.00553712,0.000144802,0.00045482,0.266388,-0.732438,-1.20868,-0.963923
128,2,3,0.00453301,0.00357542,0.9684,0.0234918,-0.167448,-1.61332,-0.250989,-0.457463
129,1,3,0.00281306,0.991787,0.000381451,0.0050185,-0.363672,0.814125,-1.52173,-1.61925
130,0,2,0.99652,0.00269311,0.000234289,0.000552237,1.1603,-0.781377,-1.67636,-1.92175
131,0,0,0.996722,0.00189615,0.000305633,0.00107618,0.654785,-0.0145999,-1.6242,-2.46036
132,0,2,0.992569,0.00395085,0.000420913,0.00305895,2.46592,-3.19827,-1.92444,-1.71938
133,1,0,0.0845752,0.849915,0.0178648,0.0476455,-1.144,1.78131e-05,-0.239783,-0.574387
134,0,3,0.997571,0.00107394,0.000320573,0.00103482,0.160493,-1.1403,-1.08999,-0.422368
135,0,2,0.997023,0.00183477,0.000174878,0.000967803,3.07489,-2.57807,-1.92717,-2.27
136,0,2,0.983731,0.0036498,0.000698621,0.0119206,0.309621,-1.24915,-1.53432,-0.36871
137,0,0,0.980605,0.0150765,0.000326396,0.00399189,0.684912,-0.926947,-1.60298,-0.843819
138,1,2,0.00670899,0.986989,0.000821077,0.00548106,-1.75767,1.29786,-1.23156,-1.34874
139,0,0,0.434034,0.43361,0.00287635,0.12948,0.0934902,-0.97433,-1.25177,-0.194779
140,0,1,0.934216,0.0349465,0.00219674,0.0286411,0.610833,-0.831428,-1.32296,-1.07866
141,3,0,0.0132052,0.984258,0.000295973,0.00224101,-0.974677,1.1689,-1.59081,-1.59512
142,0,3,0.931819,0.0651689,0.000414925,0.00259692,0.885861,-0.859562,-1.68269,-1.26782
143,2,1,0.00471227,0.0366823,0.908586,0.0500196,-2.23005,-0.213207,0.895329,-1.03369
144,1,4,0.00721169,0.985534,0.00148749,0.00576653,-1.60186,1.23175,-1.10474,-1.23952
145,0,4,0.998286,0.000706883,0.000234704,0.000772578,3.13743,-2.91246,-1.69562,-2.72323
146,0,1,0.991355,0.00562212,0.000355397,0.0026674,1.85905,-1.82195,-1.0942,-2.0511
147,0,2,0.997004,0.00200819,0.000202859,0.000785268,1.7842,-1.49749,-2.2315,-2.14627
148,0,0,0.99831,0.00113626,0.000193445,0.000360697,2.26102,-1.94546,-1.67884,-1.95272
149,0,0,0.995946,0.00291595,0.00026224,0.000875956,2.06175,-2.58123,-1.84037,-1.48981
150,1,4,0.0142725,0.983143,0.000348346,0.00223629,-0.49937,0.812392,-1.63888,-1.63288
151,0,4,0.998207,0.000741472,0.00022263,0.000828789,1.58748,-1.74754,-1.42883,-1.3795
152,0,3,0.991687,0.00773417,0.000145619,0.000433042,0.549175,-0.549308,-1.21274,-1.72039
153,2,2,0.00862876,0.00651969,0.981887,0.0029646,-1.47699,-0.844716,0.65168,-1.13864
154,2,2,0.0031428,0.00472943,0.989368,0.00276,-1.60743,-1.65872,2.0415,-1.61895
155,0,4,0.998506,0.000791846,0.00018607,0.000515768,1.53261,-0.630188,-2.01573,-2.68199
156,0,2,0.978759,0.016084,0.000776944,0.00438025,1.16089,-1.11546,-1.57804,-1.36038
157,0,4,0.998237,0.000737883,0.000215787,0.000808825,3.01517,-2.90542,-1.79802,-2.83488
158,0,3,0.0660787,0.926553,0.000644028,0.00672405,-0.223239,0.21761,-1.38474,-1.54271
159,1,4,0.0289245,0.966776,0.000514225,0.00378482,-0.397636,0.628762,-1.73829,-1.46384
160,0,1,0.996839,0.00258571,0.000163293,0.000412126,0.934178,-0.290794,-2.1228,-2.24509
161,0,1,0.995949,0.00322138,0.000207855,0.000621754,-0.160616,-0.683736,-0.778116,-0.979537
162,0,1,0.963289,0.0340581,0.000516388,0.00213619,0.254373,-0.169678,-1.33488,-1.64154
163,0,3,0.988422,0.00743695,0.000645407,0.00349586,1.8439,-1.993,-1.59265,-1.70196
164,1,4,0.00295357,0.992668,0.00123484,0.00314405,-0.280446,0.485548,-1.24127,-1.90382
165,0,2,0.997645,0.00133926,0.000250169,0.000765326,2.49574,-2.5095,-1.70194,-1.71077
166,0,3,0.980062,0.0185655,0.00024963,0.00112314,0.333338,-0.305797,-1.75653,-1.5263
167,3,3,0.245031,0.691246,0.0018745,0.0618479,-0.105142,-0.249665,-1.39272,-0.525055
168,0,3,0.997971,0.00137147,0.000156603,0.000500608,3.04287,-3.65061,-1.59958,-1.95147
169,0,4,0.996866,0.00199911,0.00030928,0.000825255,0.805926,-0.395837,-1.58785,-2.05927
170,3,4,0.193192,0.78527,0.00105622,0.0204819,-0.136923,-0.119286,-1.53661,-0.692124
171,0,3,0.990285,0.00528095,0.000838428,0.00359602,1.6174,-1.74508,-0.936275,-1.46307
172,2,1,0.00487855,0.00288481,0.987716,0.00452074,-0.399473,-0.273774,-0.450414,-0.963309
173,0,2,0.993041,0.0040782,0.00018006,0.00270079,2.66916,-2.72419,-1.75923,-1.62158
174,1,4,0.00924577,0.988354,0.000309044,0.00209141,-1.42441,1.30962,-1.36082,-1.3325
175,0,1,0.954941,0.0108706,0.00209301,0.0320952,1.00493,-1.47222,-1.20189,-0.701087
176,0,0,0.986508,0.00947969,0.00074142,0.0032713,1.12927,-1.66489,-1.33518,-0.684009
177,0,2,0.775976,0.208647,0.00095404,0.0144222,-0.199744,0.0297731,-1.35495,-1.27006
178,1,4,0.265152,0.685739,0.00168655,0.0474231,0.11196,-0.253047,-1.61983,-1.1891
179,1,1,0.34615,0.441437,0.00184683,0.210566,0.048878,-0.547136,-1.27313,-0.524123
180,0,3,0.987654,0.0033626,0.000442372,0.00854071,0.0258182,-0.405849,-1.27011,-0.446507
181,0,4,0.998545,0.000783416,0.000152765,0.000518819,2.4558,-2.38003,-1.94361,-2.02899
182,0,2,0.996483,0.001612,0.000345568,0.00155935,2.88139,-2.90645,-1.8858,-2.72563
183,0,4,0.99822,0.00115744,0.000135034,0.000487227,1.37638,-1.55213,-1.39136,-1.52121
184,0,4,0.997992,0.000929814,0.000236475,0.000841659,0.930074,-1.23823,-1.67222,-1.3644
185,0,3,0.972408,0.0149721,0.000916658,0.0117031,-0.00460335,-0.862403,-1.63535,-0.31218
186,0,1,0.933551,0.0604129,0.000624034,0.00541193,0.573173,-0.49343,-1.60021,-1.45541
187,0,0,0.986529,0.0117333,0.000408661,0.00132952,-0.497688,0.122655,-1.89166,-0.863889
188,3,0,0.0974967,0.886983,0.000857632,0.0146624,-0.680986,0.508722,-1.03238,-1.16146
189,0,2,0.997939,0.00103117,0.000203049,0.00082695,3.33546,-3.09178,-1.85831,-2.54269
190,0,0,0.981431,0.016427,0.000410539,0.00173181,-0.111417,-0.0310605,-1.4767,-1.32351
191,3,0,0.00986029,0.972456,0.000534708,0.0171492,-1.06821,0.947661,-0.904284,-0.841546
192,0,4,0.998468,0.000901636,0.000150091,0.00048073,1.58469,-1.52934,-2.07678,-1.81106
193,3,3,0.0671257,0.903851,0.000986445,0.0280369,0.654265,-1.09884,-0.976885,-0.784767
194,0,0,0.998449,0.0010078,0.000134014,0.000409579,2.37266,-2.15477,-1.89233,-2.32288
195,0,0,0.977262,0.00331425,0.00127153,0.0181522,0.682249,-1.25467,-0.958977,-1.22629
196,0,0,0.998329,0.000913029,0.000200762,0.000557579,3.50309,-3.83391,-2.06351,-2.74592
197,0,0,0.998479,0.000888535,0.000168754,0.000464128,2.6482,-2.78928,-2.2101,-2.05732
198,0,2,0.997455,0.00109714,0.000283425,0.00116448,3.63729,-3.47798,-2.08488,-2.7104
199,0,4,0.997947,0.00119735,0.000167025,0.000688255,1.56795,-1.26633,-1.69768,-1.97263
200,0,4,0.995914,0.00233041,0.000250713,0.00150463,1.79349,-2.08644,-1.81798,-1.55612
201,0,2,0.952422,0.0153494,0.00111517,0.0311138,1.29743,-1.25049,-1.81866,-1.47227
202,1,3,0.491907,0.494798,0.00115894,0.0121356,0.866773,-0.981451,-1.22778,-0.969584
203,0,1,0.998511,0.000736645,0.000267578,0.000484521,1.76128,-2.0998,-1.40753,-1.59711
204,0,3,0.995846,0.0030916,0.00036476,0.000697621,0.633831,-0.446767,-1.36772,-1.80005
205,3,1,0.0129393,0.00850652,0.00773771,0.970816,-0.822306,-1.0689,-1.14887,0.904407
206,0,1,0.127318,0.869214,0.000806677,0.00266054,-0.152666,0.458175,-1.59725,-2.05412
207,0,1,0.459319,0.53178,0.00115873,0.0077426,0.315925,-0.58282,-1.55313,-1.25113
208,2,4,0.0225476,0.00803175,0.952217,0.0172036,-0.331155,-0.835856,-0.0480652,-1.15563
209,0,3,0.990867,0.00262732,0.00034564,0.00615961,1.33118,-1.30901,-1.2096,-1.27258
210,0,1,0.962964,0.0169782,0.00132854,0.018729,0.479702,-0.947959,-1.32932,-0.652816
211,0,0,0.998453,0.000970139,0.000184252,0.000392354,2.12389,-2.801,-1.62507,-1.5106
212,0,1,0.956064,0.0399852,0.000654238,0.00329664,0.623064,-0.783217,-0.552522,-1.46165
213,0,3,0.991027,0.00555207,0.000517939,0.00290297,1.0292,-2.21917,-1.18612,-1.09254
214,0,1,0.818745,0.0475405,0.00864509,0.125069,0.133242,-0.792889,-1.13842,-0.749247
215,0,4,0.998323,0.000684491,0.000220923,0.000771852,2.96569,-3.1891,-2.15854,-1.98579
216,0,0,0.998637,0.000853797,0.000145782,0.000362936,2.62667,-2.78676,-1.60303,-1.62226
217,1,3,0.020435,0.965807,0.00338929,0.0103686,-0.291916,-0.528546,-1.21664,-0.846
218,3,3,0.0223212,0.0185774,0.14648,0.812622,0.143395,-0.575789,-0.956373,-0.582445
219,0,0,0.996966,0.0024628,0.000125462,0.000445671,1.38231,-1.76629,-1.55218,-1.08945
220,0,4,0.996906,0.00173693,0.000270297,0.00108694,1.04626,-0.712204,-1.3008,-1.88085
221,0,3,0.967957,0.0191916,0.000456134,0.0123948,0.164816,-0.393336,-0.937638,-0.841766
222,2,0,0.00109915,0.00229306,0.993444,0.00316346,-1.16168,-0.322546,0.0978907,-1.4298
223,0,2,0.993952,0.00466058,0.000172983,0.00121489,2.08654,-2.40279,-1.44851,-1.20883
224,0,0,0.979196,0.0106883,0.000901674,0.00921393,0.224113,-0.527919,-1.35955,-1.06357
225,0,4,0.974669,0.0238351,0.000314439,0.00118205,0.515611,-0.455908,-0.603196,-2.07175
226,0,4,0.997903,0.000932459,0.00021113,0.00095364,0.747405,-0.716841,-1.25054,-2.17223
227,0,2,0.988754,0.00833078,0.000231105,0.00268389,1.94866,-2.06406,-1.42711,-1.285
228,0,0,0.981388,0.0156368,0.000401011,0.00257438,0.100284,-0.169482,-1.31417,-1.05244
229,0,1,0.998362,0.000768123,0.000262876,0.00060645,3.62916,-3.51228,-2.3494,-2.58162
230,3,4,0.0378498,0.842323,0.00646901,0.113358,-0.658797,0.206864,-1.09465,-0.759956
231,1,2,0.899634,0.0978307,0.000339979,0.0021954,0.101471,0.167981,-1.74322,-1.69135
232,1,2,0.0184356,0.971538,0.00274489,0.00728142,-0.22281,-0.151944,-0.791919,-0.781487
233,3,0,0.00639181,0.633777,0.00292353,0.356908,-1.09618,-0.443026,-1.47895,0.522217
234,0,4,0.998263,0.000869461,0.00023106,0.000636733,1.52597,-1.48003,-1.68352,-1.64554
235,1,0,0.014422,0.983072,0.000376625,0.00212956,-0.410925,0.377777,-1.32686,-1.13238
236,3,4,0.0136229,0.00827888,0.00422019,0.973878,-1.55948,-0.862863,-0.728079,0.82421
237,0,1,0.996175,0.00274661,0.000335487,0.000742859,0.0587209,-0.332823,-1.31387,-1.21293
238,1,1,0.00840336,0.981787,0.00105489,0.0087552,-1.05687,0.812051,-0.766767,-1.46444
239,0,1,0.583499,0.327953,0.00290464,0.0856431,0.619868,-0.670997,-1.39039,-1.27344
240,2,3,0.341216,0.646882,0.00631708,0.0055857,-1.0566,0.921594,-1.05734,-1.39704
241,0,4,0.985774,0.00469159,0.000648726,0.0088857,1.3496,-1.93127,-1.28928,-1.06724
242,0,1,0.997709,0.00118197,0.000328862,0.000779709,1.37391,-1.81866,-1.85364,-1.33409
243,1,2,0.849414,0.145886,0.000512957,0.00418726,0.643335,-1.19679,-1.67346,-1.04022
244,2,2,0.013442,0.886991,0.0898189,0.0097483,-1.69154,0.982794,-0.799876,-1.13437
245,0,3,0.997408,0.00202377,9.98761e-05,0.00046818,0.887007,-1.04943,-1.27497,-1.02261
246,0,4,0.995337,0.00169402,0.000285598,0.00268335,0.292433,-0.57919,-1.45865,-1.19556
247,1,3,0.899888,0.0977628,0.000376429,0.00197235,0.527745,-0.603583,-1.32812,-0.850332
248,1,4,0.00230443,0.994476,0.000452442,0.00276748,-1.80958,0.608769,-1.38786,-0.151766
249,1,1,0.00446008,0.991743,0.000543187,0.00325352,-1.43689,0.913218,-1.25895,-0.87466
250,0,1,0.998271,0.000903221,0.000303133,0.000522744,2.30034,-2.48341,-1.6633,-2.42739
251,1,4,0.0276409,0.965141,0.000890469,0.00632766,0.0469571,-0.450064,-1.35314,-0.690188
252,0,0,0.998627,0.00085129,0.000145496,0.000376653,0.89624,-1.16218,-1.71631,-1.02728
253,0,3,0.985401,0.00959003,0.000511989,0.00449695,2.53192,-2.3742,-1.59729,-1.94559
254,3,1,0.0198958,0.278026,0.449302,0.252775,-0.462423,-0.0507593,-0.881319,-0.675691
255,0,0,0.995477,0.00404156,0.000148767,0.000332643,1.11272,-1.23071,-1.21085,-1.3535
256,0,1,0.996142,0.0022725,0.000273808,0.00131138,2.43618,-3.13095,-1.06067,-1.70552
257,0,4,0.993942,0.0035171,0.000419033,0.0021218,0.557172,-0.610747,-1.89559,-1.79414
258,0,0,0.180496,0.180496,0.0141462,0.624862,0.141562,-0.521508,-0.80109,-0.844562
259,0,0,0.997945,0.000937062,0.000320067,0.000798387,2.74206,-2.81936,-1.99476,-1.64585
260,0,4,0.998117,0.0010872,0.000148871,0.000647297,1.2776,-1.66439,-1.24118,-0.86824
261,0,0,0.401683,0.58903,0.000473087,0.00881388,0.229104,-0.252375,-1.39737,-1.56271
262,1,0,0.0033116,0.994768,0.000621017,0.00129938,-1.01391,1.03484,-1.22847,-1.96455
263,0,3,0.998528,0.000869691,0.000202772,0.000400123,1.10377,-1.26401,-1.17612,-1.76952
264,2,4,0.028052,0.00792209,0.956806,0.00722019,-0.414796,-1.38624,0.376752,-1.48748
265,0,1,0.360365,0.633697,0.000777591,0.00516045,0.125631,-0.170082,-1.98502,-0.982678
266,1,3,0.05561,0.00748202,0.00274443,0.934164,0.461988,-1.02282,-1.13451,-0.447274
267,1,4,0.283878,0.69374,0.00106149,0.0213206,0.33061,-0.630614,-1.34788,-1.18867
268,1,1,0.00464399,0.986312,0.00264348,0.00640049,0.256676,-0.0488695,-1.48698,-1.28554
269,1,4,0.101656,0.883339,0.00260019,0.0124048,-0.0106182,0.0148077,-1.77153,-0.965374
270,0,2,0.989431,0.00563868,0.00057913,0.00435086,2.47042,-2.39155,-1.99426,-2.17383
271,0,0,0.998594,0.000800469,0.000112867,0.000492673,2.24661,-2.39149,-1.58183,-1.69967
272,0,0,0.97586,0.0219258,0.000390276,0.00182411,0.498799,-0.523741,-1.60138,-1.56871
273,0,1,0.996185,0.0029902,0.00029607,0.000528833,0.33942,-0.435008,-1.07902,-1.62974
274,0,3,0.119197,0.879037,0.000366989,0.00139859,1.19891,-1.07162,-1.36684,-2.14391
275,1,3,0.0196111,0.658371,0.00489114,0.317126,-1.11098,0.148662,-1.14319,0.0815859
276,1,4,0.0119824,0.985455,0.000815012,0.00174742,-0.509602,0.827618,-0.901857,-2.54457
277,0,2,0.997737,0.00115012,0.000212335,0.000900976,3.2738,-3.63307,-2.05132,-1.89603
278,2,2,0.00635457,0.00218966,0.989327,0.00212851,-1.14895,-1.96002,1.66702,-1.39562
279,1,1,0.623933,0.369668,0.0009217,0.00547773,0.138926,-0.161049,-1.72043,-1.48246
280,0,2,0.997556,0.00126911,0.000177381,0.00099711,1.77401,-2.12313,-1.79167,-1.48959
281,0,3,0.998393,0.000822493,0.000234729,0.000549506,1.98471,-2.16102,-1.61811,-1.70163
282,2,1,0.0070217,0.00504028,0.985208,0.00272967,-2.03975,-0.593891,1.12341,-1.63123
283,0,4,0.0115728,0.98667,0.000519706,0.00123701,-0.805846,0.98675,-1.22838,-1.98809
284,0,0,0.998483,0.000857007,0.000165814,0.000494064,3.2636,-3.13554,-2.03764,-3.13576
285,0,3,0.99591,0.00211358,0.000688192,0.00128823,0.222802,-0.236063,-1.32518,-1.65289
286,0,0,0.998679,0.000766868,0.0001383,0.000415313,2.62015,-2.75545,-2.03244,-1.96924
287,1,1,0.0536966,0.942545,0.000489722,0.00326912,-0.609751,0.00560964,-1.48988,-0.69756
288,0,2,0.99275,0.00500379,0.000203976,0.00204205,1.37956,-1.29964,-1.18761,-1.58298
289,0,1,0.995467,0.0016631,0.000438102,0.00243163,1.04582,-1.51812,-1.3884,-0.967172
290,0,4,0.996469,0.00231018,0.000168743,0.00105201,2.336,-1.69456,-2.00414,-2.59299
291,1,4,0.0143168,0.982592,0.000379394,0.00271181,0.0769561,-0.129752,-1.5535,-1.3516
292,0,3,0.997144,0.00216427,0.000237199,0.000454542,1.8362,-1.32563,-1.89645,-2.5736
293,0,3,0.998415,0.000924774,0.000203146,0.000456903,2.21708,-1.57755,-1.99559,-1.97977
294,0,3,0.997167,0.00130378,0.000312409,0.00121645,2.1658,-1.85977,-1.52199,-2.34032
295,0,1,0.998262,0.000932795,0.000224389,0.000580885,2.22121,-1.83859,-1.67022,-1.80751
296,1,2,0.892979,0.10137,0.000754568,0.00489644,0.235552,-0.466364,-1.47205,-1.17362
297,0,4,0.994994,0.00353805,0.000190928,0.00127703,0.840322,-1.00191,-1.60756,-1.16186
298,0,2,0.984779,0.00866263,0.00121076,0.00534733,1.23701,-2.29723,-0.812723,-1.75332
299,1,1,0.0657664,0.882526,0.00126113,0.0504464,-0.277845,0.52976,-1.72759,-1.36586
300,0,1,0.998091,0.00114604,0.000253231,0.000509547,2.00761,-2.32825,-1.44711,-1.46153
301,0,4,0.995252,0.00199587,0.000326136,0.00242636,2.19581,-2.04555,-1.51347,-1.80082
302,0,0,0.998563,0.00092672,0.000189751,0.000320266,1.23729,-1.4028,-1.09666,-1.77226
303,0,1,0.998365,0.000733666,0.000282577,0.000619016,2.06663,-1.81605,-1.554,-2.30627
304,0,2,0.991171,0.00468742,0.000299218,0.00384261,1.31497,-1.40014,-1.25761,-1.02687
305,1,0,0.0263339,0.93564,0.00077836,0.037248,0.130492,-0.219171,-0.938682,-1.55052
306,0,4,0.998257,0.000604611,0.000225706,0.000912963,3.73609,-3.31397,-1.82875,-3.07449
307,0,4,0.99754,0.00134436,0.000213541,0.000901679,0.522442,-1.0586,-1.23496,-1.24493
308,1,2,0.0166935,0.976917,0.000953859,0.00543574,-1.15567,0.95564,-1.34444,-1.39785
309,0,2,0.993334,0.00448691,0.000373926,0.00180493,2.12502,-1.69892,-1.69089,-1.91572
310,0,4,0.996649,0.00257639,0.000167788,0.000606593,0.00999943,-0.208923,-1.33707,-1.06492
311,0,3,0.998164,0.0010314,0.000153604,0.000650496,2.15713,-1.7846,-1.73691,-2.18705
312,3,4,0.111543,0.0326636,0.025638,0.830155,-0.266736,-1.00266,-1.27336,0.247674
313,3,4,0.0235441,0.0815176,0.00234603,0.892592,-0.0613313,-0.612695,-1.01725,-0.247391
314,2,1,0.986052,0.0124004,0.000297092,0.0012508,1.20507,-1.52817,-1.04719,-1.10829
315,1,4,0.0144029,0.981228,0.000542702,0.00382642,-1.23574,0.449392,-1.45326,-0.292806
316,1,3,0.00507297,0.991114,0.000206846,0.00360607,-0.763658,0.899094,-1.28913,-2.03148
317,0,0,0.998543,0.000852884,0.000152169,0.000451638,1.40122,-1.00067,-1.45509,-2.23283
318,0,3,0.998355,0.000962495,0.000203531,0.000478802,2.70811,-2.91663,-1.92739,-2.01402
319,1,4,0.0213786,0.972408,0.00103063,0.00518308,-0.0184157,-0.107112,-1.37924,-1.06894
320,0,2,0.993684,0.00256122,0.000364679,0.00338975,1.48095,-1.48478,-1.40016,-1.71702
321,1,3,0.59351,0.396136,0.000873339,0.00948142,-0.582806,0.149806,-1.42088,-0.742949
322,0,1,0.998014,0.00130234,0.000262272,0.000421572,1.68372,-2.07685,-1.21772,-1.79443
323,0,4,0.997453,0.00181595,0.000139485,0.000591861,1.36229,-1.66104,-1.39696,-1.43506
324,0,3,0.998326,0.00100866,0.000197263,0.000467697,3.50325,-3.43539,-1.68478,-2.87061
325,0,2,0.997578,0.00144234,0.000248206,0.000731657,1.94736,-2.0785,-1.65388,-2.12451
326,0,4,0.996652,0.00133662,0.000228445,0.00178288,0.893639,-1.42395,-1.83239,-1.30873
327,0,4,0.998411,0.000877267,0.000159139,0.000552206,2.60571,-2.93116,-2.08865,-2.01854
328,0,3,0.644284,0.34486,0.000532849,0.0103228,0.719453,-0.804572,-1.4511,-1.68305
329,0,4,0.997248,0.00174262,0.000167889,0.000841853,0.372004,-1.1561,-1.31737,-0.550931
330,0,0,0.997241,0.00226946,0.000128724,0.000360311,0.996416,-1.09039,-1.75616,-1.39638
331,0,4,0.976108,0.00317731,0.000930992,0.0197833,0.465972,-1.57135,-1.29387,-0.245594
332,0,0,0.998574,0.000844621,0.000134293,0.000447263,2.386,-2.74111,-1.9929,-1.68104
333,0,1,0.991705,0.00613779,0.000449422,0.00170774,0.617767,-0.822413,-1.22875,-0.750207
334,0,3,0.172124,0.659174,0.0141288,0.154574,0.0165134,-0.506177,-0.963389,-0.993441
335,0,0,0.990373,0.00669593,0.000480572,0.0024501,2.07419,-2.06476,-2.1437,-1.70164
336,0,2,0.991775,0.00459283,0.000343265,0.00328877,1.16931,-1.63997,-1.73687,-1.16147
337,1,2,0.017075,0.978316,0.000911482,0.00369769,-0.613137,0.480287,-1.02127,-1.29742
338,1,2,0.0105586,0.985482,0.000436256,0.0035231,-0.466728,0.308879,-1.18016,-1.03969
339,0,0,0.995437,0.00171584,0.000281749,0.00256573,0.775136,-0.970362,-1.37059,-1.2333
340,0,2,0.997494,0.00157779,0.00024008,0.000687942,1.50377,-1.64376,-1.39961,-1.75445
341,0,0,0.998252,0.00110555,0.000150646,0.000492023,1.66533,-1.33527,-1.39435,-1.95404
342,0,3,0.956359,0.0427646,0.000274414,0.000601722,0.376207,-0.335421,-2.0005,-1.71784
343,0,2,0.997371,0.00181758,0.000213505,0.000597621,1.24019,-1.47079,-1.34398,-1.05009
344,1,1,0.00891735,0.98838,0.000337444,0.00236531,-1.21135,0.853457,-0.937668,-1.33268
345,0,4,0.998436,0.000700803,0.00025431,0.000608868,2.2659,-1.95388,-1.52338,-1.8437
346,0,0,0.996154,0.00162252,0.000432451,0.00179071,1.99408,-1.84146,-1.65326,-1.85251
347,0,1,0.997871,0.00136199,0.000245386,0.000521515,0.787565,-0.63032,-1.35437,-1.4888
348,0,3,0.998301,0.000904131,0.000216646,0.000578643,3.5695,-3.20285,-1.84618,-3.04979
349,0,0,0.998385,0.00106854,0.000136115,0.000410354,1.09584,-0.862761,-1.53528,-2.46159
350,3,2,0.0100412,0.0380201,0.00283224,0.949107,-0.713361,-0.529417,-0.705379,0.0871739
351,0,2,0.980908,0.0136328,0.000680478,0.00477913,1.25714,-1.53962,-1.45085,-1.45861
352,0,3,0.997489,0.0016616,0.000324325,0.000525404,0.548615,-1.50542,-1.09707,-0.862869
353,0,2,0.997269,0.00177356,0.000180827,0.000777084,0.81243,-1.51955,-1.9539,-0.693794
354,0,2,0.886879,0.0623524,0.00131783,0.0494506,0.442999,-0.826537,-1.11139,-0.582343
355,0,3,0.998509,0.000914086,0.000166793,0.000410404,3.31658,-4.00203,-1.88766,-2.21803
356,1,0,0.966106,0.0195005,0.00196218,0.0124317,1.36583,-1.46532,-0.702274,-1.72805
357,2,0,0.00287725,0.00423986,0.988984,0.00389832,-1.69248,-1.55324,1.01284,-0.917001
358,3,0,0.989603,0.00787013,0.000289553,0.00223783,-0.0860023,-0.0371811,-1.23835,-1.46132
359,0,0,0.998552,0.000829076,0.000212094,0.000406434,2.71305,-3.67082,-1.76554,-1.5363
360,1,2,0.2082,0.783442,0.00112832,0.00722936,-0.450008,0.56604,-1.3522,-1.80806
361,0,2,0.996669,0.00151609,0.000289917,0.001525,1.76381,-2.05433,-2.09126,-1.40864
362,0,3,0.997996,0.00144577,0.000161578,0.000396798,1.51164,-1.65566,-1.34021,-1.48187
363,0,4,0.998263,0.000823189,0.000232872,0.000681116,2.99148,-3.61897,-1.59196,-1.75128
364,0,3,0.998413,0.000873849,0.000210004,0.00050279,1.87065,-1.98784,-1.4435,-2.00355
365,0,3,0.998377,0.000933814,0.000213303,0.000476015,1.94176,-1.81091,-1.7786,-2.03775
366,0,2,0.0274405,0.0261328,0.0102488,0.936178,-0.452765,-0.75588,-0.921077,0.290754
367,0,1,0.99835,0.000732224,0.000288146,0.00062937,3.43557,-3.70989,-1.86269,-2.19181
368,0,4,0.998262,0.00098619,0.000159427,0.00059292,1.43149,-1.71537,-0.962209,-1.34394
369,0,3,0.998421,0.000818509,0.000179978,0.000580977,1.31603,-1.15258,-1.55176,-2.10019
370,0,0,0.998396,0.000891939,0.000203937,0.000507716,1.27582,-0.877408,-1.4873,-1.97715
371,0,1,0.998301,0.000921963,0.00028926,0.000488218,1.66779,-1.86725,-1.21873,-2.33968
372,1,2,0.401975,0.591764,0.000837412,0.00542341,-0.193242,-0.068412,-1.38285,-1.23531
373,3,4,0.0736244,0.839301,0.00120877,0.0858657,-0.723362,0.333635,-1.21936,-1.15964
374,1,1,0.0649663,0.12012,0.0061748,0.808739,-0.249629,-0.508956,-1.36363,-0.102982
375,0,4,0.997835,0.0011879,0.000189984,0.000786691,0.765817,-0.822102,-1.51855,-1.12463
376,2,0,0.00126015,0.00136122,0.995361,0.00201765,-2.17076,-2.41753,2.77458,-1.63247
377,0,1,0.380634,0.134564,0.00175239,0.483049,0.0877803,-0.60369,-1.36159,-0.519755
378,3,0,0.0505562,0.218643,0.00898052,0.72182,-0.539992,0.13358,-1.86141,-0.421804
379,0,2,0.996054,0.00197036,0.000319461,0.00165597,1.69426,-1.53935,-1.45749,-1.22236
380,1,2,0.0455322,0.94865,0.000770902,0.00504659,-0.106198,0.213793,-1.31469,-1.53587
381,0,3,0.915452,0.074451,0.00247281,0.00762424,0.18029,-0.716223,-0.861712,-0.620067
382,0,3,0.991895,0.00321925,0.000470161,0.00441526,1.08573,-0.82884,-1.62774,-1.72977
383,0,4,0.998519,0.000699494,0.000218393,0.000563158,2.59502,-2.34743,-2.11224,-2.24685
384,2,0,0.00125629,0.00198804,0.995225,0.00153025,-1.71687,-0.473836,1.05692,-1.69637
385,1,4,0.0258054,0.971656,0.000468735,0.00207018,-0.430759,0.471218,-1.32433,-1.66053
386,0,4,0.998173,0.00117561,0.00020191,0.00044971,0.610124,-0.588257,-1.34845,-1.44981
387,0,4,0.998374,0.000695306,0.000189715,0.000740873,2.18787,-2.8552,-1.96385,-1.42509
388,2,4,0.00414484,0.00142266,0.991682,0.00275029,-1.63431,-2.79656,2.53478,-1.44193
389,0,3,0.998039,0.00133456,0.00010271,0.000524156,1.02936,-1.44979,-1.97259,-1.14569
390,1,2,0.370541,0.543362,0.00132339,0.0847739,-0.00566699,-0.0279308,-1.50782,-0.982438
391,2,2,0.00363001,0.00183601,0.990897,0.00363711,-1.93376,-2.00981,1.35505,-0.518465
392,0,3,0.998381,0.000878097,0.000182093,0.000558698,1.4972,-1.80544,-1.42416,-1.26962
393,0,4,0.945987,0.00346549,0.00200176,0.0485455,0.187042,-1.01341,-1.08318,-0.306123
394,0,0,0.806419,0.176112,0.000633919,0.0168351,0.180292,-0.366891,-1.48381,-0.536127
395,0,0,0.981448,0.0142653,0.000429409,0.0038573,1.37949,-0.985543,-1.4554,-1.62555
396,0,0,0.965406,0.0210287,0.00125121,0.0123139,0.34689,-1.08653,-1.15172,-0.685649
397,0,3,0.998162,0.000976509,0.000191163,0.000669834,1.38585,-1.64901,-1.36402,-1.27048
398,0,3,0.998529,0.000718891,0.000199239,0.00055281,2.22838,-3.22167,-1.71924,-1.21553
399,0,3,0.998443,0.000853631,0.000179281,0.000523857,3.33501,-2.9903,-2.00701,-2.95094
400,0,3,0.943678,0.0399421,0.000712006,0.0156683,1.43186,-1.5093,-1.72452,-1.44606
401,1,3,0.585098,0.412472,0.000541942,0.00188787,-0.515065,0.676865,-1.15288,-1.3333
402,0,0,0.997851,0.00157374,0.000262229,0.000313235,1.85733,-1.39344,-1.83599,-2.56241
403,1,3,0.567086,0.422246,0.00150218,0.00916609,-0.949418,0.515761,-0.994711,-0.744577
404,0,2,0.997763,0.00107101,0.000204605,0.000961923,1.53488,-1.0896,-1.92268,-1.99692
405,0,0,0.993549,0.00434132,0.000452904,0.00165665,1.40118,-1.58209,-1.54217,-1.85912
406,0,1,0.990073,0.00250744,0.000781334,0.00663856,1.04218,-2.59557,-1.56028,-0.567156
407,0,3,0.997606,0.00141035,0.000286249,0.00069749,2.0992,-2.05211,-1.98575,-1.93326
408,0,2,0.997867,0.000978128,0.000142574,0.00101214,3.03748,-2.94059,-1.7462,-2.50557
409,0,3,0.998422,0.000837103,0.000235655,0.000505749,1.93603,-2.28713,-1.4561,-1.61555
410,0,4,0.998261,0.000731444,0.000312142,0.000695227,1.80296,-2.10779,-1.08643,-2.19602
411,1,1,0.495304,0.498214,0.00102782,0.00545418,-0.383561,0.0299837,-1.3974,-0.936951
412,0,4,0.989176,0.00964677,0.00019622,0.000981039,1.48618,-0.920967,-1.61974,-2.89575
413,0,4,0.970071,0.0151973,0.000819712,0.0139118,0.469252,-1.03687,-1.14005,-1.06542
414,0,1,0.99817,0.000760512,0.000314561,0.000754593,3.09884,-3.17916,-1.76182,-1.96012
415,1,1,0.0644618,0.931664,0.000742454,0.00313196,-0.831959,1.07252,-2.44096,-1.47526
416,0,3,0.914886,0.00417923,0.00153745,0.0793972,0.56302,-0.717083,-1.20692,-0.780152
417,0,2,0.996577,0.00247631,0.000150982,0.000795737,1.46873,-1.3748,-1.6712,-1.88143
418,1,0,0.172165,0.619991,0.00528081,0.202563,-0.334557,-0.00888553,-1.14256,-0.576424
419,0,2,0.99455,0.0042606,0.000149502,0.00103978,1.43014,-1.57469,-1.26526,-1.0294
420,1,2,0.173567,0.80807,0.000614472,0.0177483,-0.206517,0.0660833,-1.62171,-1.27887
421,1,1,0.706994,0.224978,0.00360285,0.0644258,0.0690507,0.161389,-1.52237,-1.27674
422,0,0,0.998426,0.00100091,0.000179278,0.000393879,2.34666,-2.1806,-1.98846,-1.78162
423,1,1,0.0882706,0.0797848,0.709034,0.122911,-0.199877,-0.912647,-0.501688,-0.329189
424,0,2,0.980045,0.0181884,0.000211855,0.00155474,-0.140242,0.452856,-1.42088,-2.01918
425,0,2,0.97719,0.02044,0.000183885,0.00218615,0.318453,-0.886194,-1.06937,-0.884579
426,0,0,0.998513,0.000859547,0.00016942,0.000457841,2.81309,-2.18487,-2.07659,-2.71024
427,0,2,0.997488,0.00115772,0.000248668,0.00110578,2.84664,-2.50725,-2.11261,-2.31582
428,0,1,0.997789,0.00131611,0.000218233,0.000676815,1.2132,-1.55241,-1.79943,-1.26592
429,0,4,0.300897,0.691456,0.000946533,0.00669982,-0.586128,0.325211,-1.22892,-0.93185
430,1,3,0.00275465,0.991315,0.000949197,0.00498073,-1.56944,1.154,-1.40356,-0.65802
431,3,4,0.953474,0.00344549,0.0019177,0.0411628,0.222428,-1.41118,-1.38193,-0.322521
432,0,3,0.998235,0.00104772,0.000207115,0.000510616,1.65699,-1.5069,-1.60185,-2.39878
433,0,0,0.998059,0.00136624,0.000252729,0.000321985,0.977677,-0.709296,-1.93053,-1.66836
434,0,1,0.998142,0.000794656,0.000291482,0.000771712,2.82994,-2.79588,-1.74751,-2.04698
435,0,3,0.995544,0.00364526,0.00016793,0.000642484,0.867242,-1.4176,-1.44037,-0.826312
436,0,0,0.998212,0.00116309,0.000201131,0.000424134,2.22693,-2.07659,-1.60929,-1.92405
437,0,2,0.0677236,0.0172744,0.910122,0.0048796,1.1402,-2.04331,-0.634078,-1.34086
438,1,3,0.00352166,0.992321,0.000520644,0.003637,-1.26072,0.88828,-1.58057,-1.25628
439,0,3,0.468434,0.0795159,0.00287945,0.449171,0.814233,-1.26486,-1.35429,-0.964433
440,0,2,0.997544,0.00123245,0.000252106,0.00097115,3.55808,-2.87626,-2.1886,-2.74438
441,1,1,0.0124042,0.982802,0.000354401,0.00443934,-0.228132,0.406463,-1.31494,-1.62847
442,0,4,0.997957,0.000609766,0.000248785,0.00118457,3.46634,-3.71415,-2.10866,-2.31839
443,1,3,0.0890406,0.783407,0.00201529,0.125537,-0.759578,0.523814,-1.62686,-0.43614
444,3,2,0.0363898,0.955614,0.000979749,0.00701669,-0.7479,0.786975,-1.62963,-1.10811
445,0,2,0.997795,0.00125585,0.000221671,0.000727541,2.85491,-3.36864,-1.86954,-2.38278
446,0,0,0.899516,0.0872988,0.00155961,0.0116258,0.859334,-1.57766,-1.50535,-0.894587
447,0,3,0.98865,0.00658065,0.000564164,0.00420544,0.940332,-0.971491,-1.36884,-1.33896
448,0,0,0.998343,0.00122026,0.000150954,0.000285344,1.76176,-1.34495,-1.68836,-2.5435
449,3,0,0.935779,0.0202247,0.0042914,0.0397046,-0.0816575,-1.38907,-1.31414,0.286509
450,0,3,0.9983,0.000855177,0.000215801,0.000629338,3.04555,-3.82042,-1.6327,-1.86718
451,2,2,0.00472622,0.0035658,0.989662,0.00204567,-1.8459,-1.6249,1.69821,-1.38708
452,0,2,0.995952,0.00146839,0.000351509,0.00222812,1.73782,-2.5306,-2.08008,-0.997609
453,0,1,0.998354,0.000854389,0.000263388,0.000527918,1.90844,-2.35726,-1.61574,-1.63533
454,0,3,0.998211,0.00121179,0.000165769,0.000411084,1.34942,-1.2703,-1.75056,-2.31716
455,0,2,0.997304,0.00182457,0.00022949,0.000642363,1.68482,-1.35545,-1.96745,-2.32687
456,1,1,0.0583393,0.927404,0.000680854,0.0135755,-0.433528,0.37044,-1.36296,-1.48913
457,2,0,0.00128604,0.00123798,0.99519,0.0022859,-2.42527,-1.03059,1.95592,-1.41949
458,1,0,0.00302993,0.991348,0.00033256,0.0052892,-1.53214,1.11309,-1.2016,-1.14283
459,0,2,0.913914,0.0776271,0.00138479,0.00707388,0.384676,-0.62809,-1.0108,-1.17345
460,0,1,0.993828,0.00541824,0.000252642,0.000501459,1.11299,-1.36216,-1.85333,-1.53632
461,0,2,0.925369,0.011786,0.00198896,0.0608561,1.11227,-1.97663,-0.894723,-0.901119
462,0,3,0.968311,0.0306737,0.000192457,0.000823033,0.381273,-0.622518,-1.03312,-1.22719
463,0,0,0.991192,0.0058766,0.000491415,0.00244018,2.88772,-2.88165,-1.46278,-1.8787
464,0,2,0.995652,0.00304605,0.00017026,0.00113213,0.499829,-0.480922,-1.55443,-1.55204
465,1,2,0.0150862,0.980471,0.000649028,0.00379371,-0.888977,0.913551,-0.929737,-1.14943
466,0,0,0.994761,0.00279408,0.000628333,0.00181637,2.11333,-2.50484,-1.58326,-1.58672
467,0,2,0.997016,0.00186548,0.000170826,0.000948151,2.40949,-2.51926,-1.63857,-2.04465
468,0,4,0.998392,0.000762912,0.000225737,0.000619638,3.20462,-3.47276,-1.65599,-1.82103
469,0,4,0.997638,0.00126921,0.000177742,0.000915074,1.26952,-1.46928,-1.74047,-1.2904
470,0,4,0.874827,0.120848,0.00107557,0.00324892,0.822096,-1.04123,-1.41705,-1.57858
471,0,3,0.99836,0.00105195,0.000126129,0.000461362,3.00343,-3.20525,-1.60536,-2.49087
472,0,0,0.03712,0.933335,0.000581529,0.0289634,-0.609581,0.492248,-1.25173,-0.757918
473,0,1,0.996781,0.00205435,0.000228029,0.000936884,1.7616,-1.3191,-1.80812,-1.99072
474,0,1,0.263662,0.250362,0.010872,0.475104,0.771512,-1.14818,-1.25326,-0.801035
475,0,4,0.998335,0.00071595,0.000223967,0.000725097,1.12037,-2.02026,-1.4425,-0.94828
476,0,4,0.99452,0.00145771,0.00037001,0.00365219,1.3743,-1.41163,-1.5188,-1.29443
477,0,3,0.998457,0.000883324,0.000206757,0.000453366,1.05533,-1.21935,-2.28748,-1.34987
478,0,1,0.939886,0.0274485,0.00187933,0.0307859,1.08584,-1.30153,-1.50295,-1.14063
479,0,2,0.992937,0.00472798,0.00040336,0.00193185,1.49567,-1.23676,-1.53806,-1.82018
480,0,1,0.997714,0.00113669,0.000217366,0.000932282,2.59516,-3.06869,-1.65309,-2.05627
481,0,0,0.996995,0.00241524,0.000112028,0.000477216,1.86126,-1.7904,-1.56009,-1.9964
482,0,3,0.997827,0.00167356,0.000180223,0.000319405,1.45933,-1.26953,-1.48304,-1.50339
483,0,1,0.99579,0.00134857,0.000758698,0.00210303,0.54662,-1.50088,-1.11045,-0.457339
484,0,2,0.994926,0.00287903,0.000232094,0.00196237,1.6219,-2.07246,-1.62341,-0.939969
485,0,0,0.998485,0.000876475,0.000193857,0.00044461,4.05471,-3.94261,-1.58595,-2.36965
486,0,3,0.981289,0.00686855,0.000850514,0.010992,0.70962,-1.06711,-1.64257,-1.35864
487,0,2,0.619165,0.37481,0.000977459,0.00504704,0.558022,-0.45013,-1.77543,-1.89808
488,1,2,0.0176708,0.978311,0.000366835,0.00365102,-1.28596,1.13455,-1.54458,-1.02254
489,1,4,0.28088,0.714455,0.00108045,0.00358443,0.475922,-0.397667,-1.38961,-1.74931
490,0,1,0.997815,0.00140651,0.000200267,0.000578361,1.44609,-1.71259,-1.40895,-1.37514
491,0,0,0.998361,0.00096156,0.000169064,0.00050869,3.04731,-2.97307,-1.42425,-2.74473
492,0,4,0.998213,0.00065499,0.000235146,0.000897016,2.60644,-1.86056,-1.75364,-2.89567
493,0,1,0.998345,0.000985309,0.000234718,0.000435099,1.50871,-0.928618,-2.28876,-2.07564
494,0,2,0.467539,0.527726,0.000650092,0.0040847,0.722686,0.130363,-1.85617,-2.28439
495,0,4,0.990754,0.00714446,0.000334314,0.00176714,0.473179,-0.850087,-1.73228,-0.940684
496,0,4,0.998281,0.000986209,0.000217065,0.000515651,0.439103,-0.686935,-1.68047,-1.06991
497,0,1,0.998103,0.0010104,0.000277039,0.000609855,1.73751,-1.90287,-1.64061,-1.31575
498,1,3,0.951869,0.0137512,0.000720998,0.0336585,0.488007,-0.709771,-1.4763,-0.991169
499,1,1,0.985324,0.0128284,0.000247563,0.00160018,1.57006,-1.15934,-1.88456,-1.811
500,0,1,0.997995,0.00139038,0.00023145,0.00038309,1.07876,-1.40295,-1.39015,-1.47094
501,0,0,0.994952,0.00443157,0.000189805,0.000426897,1.14602,-1.37695,-1.40938,-1.38621
502,1,4,0.00523861,0.991986,0.000692208,0.00208276,-0.309389,1.17023,-1.36104,-2.10757
503,1,0,0.4033,0.587945,0.000929987,0.0078248,0.701632,-1.29793,-0.918059,-1.80279
504,0,0,0.994546,0.00301163,0.000245047,0.00219691,0.987535,-0.91016,-1.77736,-1.29427
505,2,3,0.00262055,0.00112819,0.992183,0.00406871,-0.764451,-2.35244,1.11595,-0.900508
506,1,1,0.0320595,0.965243,0.000495673,0.00220201,-0.553487,0.259957,-1.39026,-1.27119
507,0,0,0.927524,0.0439244,0.00241887,0.0261326,0.921814,-0.902271,-1.353,-1.70765
508,0,4,0.997012,0.00178527,0.00015985,0.00104235,1.42375,-1.37355,-1.3236,-1.45997
509,0,1,0.998209,0.00110874,0.000210783,0.000471309,1.14759,-1.55331,-1.77775,-1.37166
510,1,4,0.00289356,0.991682,0.000452052,0.00497284,-0.564443,0.40809,-1.4236,-1.3199
511,0,1,0.99789,0.00116613,0.000243481,0.00070042,1.86513,-1.86666,-1.65753,-1.29998
512,0,4,0.998425,0.000680562,0.000206751,0.000687241,3.02608,-2.8445,-1.62874,-2.09313
513,1,2,0.00552402,0.978347,0.00476666,0.0113623,-0.451708,0.308583,-0.922608,-1.41658
514,1,4,0.29494,0.692486,0.000820376,0.0117531,0.128655,-0.194347,-1.41426,-1.44695
515,0,2,0.994084,0.00235585,0.00032133,0.00323898,1.13844,-1.79938,-1.52094,-0.705245
516,0,0,0.27099,0.722378,0.000521093,0.00611099,0.086859,-0.197396,-1.02074,-0.967358
517,0,4,0.009669,0.986958,0.000322787,0.00305058,-0.731698,0.363694,-1.29144,-0.978917
518,1,3,0.00372445,0.992641,0.00039544,0.00323902,-0.324788,0.816651,-1.76907,-1.82701
519,0,1,0.998296,0.00102151,0.000273864,0.000408717,1.46069,-1.49382,-1.80256,-1.94431
520,1,4,0.0031473,0.975424,0.00168463,0.019744,-0.741049,-0.148404,-0.898357,-0.692376
521,0,0,0.993438,0.00437488,0.000405143,0.00178234,2.41851,-2.42355,-1.49962,-2.00114
522,0,1,0.997909,0.00145556,0.00025567,0.000380076,0.983319,-0.473428,-1.62127,-1.93237
523,0,2,0.997489,0.00118749,0.000252092,0.00107176,2.15686,-2.89665,-1.69256,-1.42439
524,0,2,0.997566,0.00126294,0.000222053,0.000949601,3.60173,-3.05682,-2.07248,-2.97085
525,1,1,0.00457669,0.376581,0.00399966,0.614843,-1.53649,-0.717783,-1.61948,0.712453
526,2,3,0.00906711,0.00344149,0.974952,0.0125394,-0.263837,-1.37456,-0.157329,-0.56434
527,0,3,0.97877,0.0137148,0.0010293,0.00648632,0.456613,-0.92194,-1.67518,-0.935201
528,0,2,0.993194,0.00324241,0.000311165,0.00325192,1.70883,-1.61615,-1.72908,-1.89564
529,3,3,0.993626,0.00278545,0.000272583,0.00331588,-0.278602,-1.18159,-1.32989,0.367346
530,0,4,0.997308,0.00105392,0.000311844,0.0013258,0.40614,-0.693242,-1.43523,-1.08379
531,2,0,0.00117579,0.00182465,0.995403,0.00159616,-2.30289,-1.67452,2.52429,-1.94108
532,0,0,0.998196,0.00104768,0.000233312,0.000522705,1.69481,-2.07584,-2.16522,-0.813124
533,0,2,0.997377,0.00155619,0.000229059,0.000837861,0.763464,-1.20324,-1.68996,-0.841359
534,0,3,0.989147,0.0062886,0.00072194,0.00384226,0.914474,-1.02458,-1.2324,-1.03602
535,0,3,0.997528,0.00182855,0.000299963,0.000343239,1.94614,-1.93178,-1.58577,-1.71116
536,1,3,0.00507451,0.97843,0.000815548,0.0156801,-1.18743,1.05531,-1.51014,-0.710195
537,0,0,0.996249,0.00304491,0.000144021,0.000561878,1.58075,-0.731821,-1.95783,-2.48473
538,0,3,0.979191,0.0195726,0.000336929,0.00089991,1.40108,-1.29249,-1.13295,-1.82676
539,0,2,0.997468,0.00126405,0.000265737,0.0010019,1.18134,-1.59664,-0.953945,-1.70929
540,1,4,0.00627314,0.991424,0.000403533,0.00189901,-1.36466,1.17498,-1.53688,-1.12105
541,0,2,0.607746,0.0210205,0.00584289,0.365391,0.896675,-1.66279,-1.22058,-0.717303
542,0,4,0.998447,0.000671991,0.000191965,0.000689272,3.02593,-2.63136,-2.11138,-2.37682
543,0,0,0.009487,0.987268,0.000372369,0.00287226,-0.149135,-0.0562022,-0.887385,-1.94368
544,0,2,0.75826,0.234898,0.00127425,0.0055676,-0.74503,0.694135,-1.36045,-1.22194
545,0,0,0.997844,0.00135399,0.000139268,0.000663113,1.47618,-1.54123,-1.91961,-1.64392
546,0,2,0.996594,0.00136557,0.000278246,0.00176201,1.55116,-1.80402,-1.23595,-1.19269
547,0,1,0.998255,0.000903207,0.000242147,0.000599905,2.63167,-2.2009,-1.86295,-2.47589
548,0,3,0.967833,0.015386,0.00068065,0.0161008,0.159968,-0.138103,-1.11451,-1.21023
549,0,4,0.9775,0.0105971,0.000862254,0.0110408,1.04835,-1.80509,-1.67393,-1.07628
550,1,1,0.0485388,0.83207,0.005065,0.114326,-0.818961,0.551828,-1.40758,-0.832226
551,0,2,0.997049,0.00189399,0.000156458,0.000900356,2.58321,-2.97061,-1.933,-2.11949
552,0,2,0.832107,0.106829,0.00255193,0.0585123,0.102365,-1.03634,-0.995566,-0.307059
553,0,3,0.998321,0.000917491,0.000244062,0.00051769,2.46578,-2.38997,-1.90044,-1.67805
554,0,1,0.993861,0.00536577,0.000196765,0.000576069,0.649339,-0.738925,-1.46667,-0.779999
555,0,2,0.996768,0.00167506,0.000255877,0.00130072,3.55012,-3.27009,-1.69634,-2.86339
556,0,2,0.99467,0.0030955,0.000325945,0.00190895,1.43161,-1.75782,-1.29554,-1.26398
557,1,4,0.161655,0.82982,0.00113151,0.0073928,-0.543717,0.195301,-1.61987,-0.865431
558,1,3,0.0354551,0.881518,0.0545931,0.0284334,-0.366337,0.356529,-0.999433,-0.909419
559,0,0,0.996291,0.00313786,0.000136096,0.000435052,0.880264,-0.860736,-1.66116,-1.57683
560,0,3,0.997153,0.00100649,0.00026931,0.00157111,1.37952,-1.80979,-1.1935,-1.26767
561,1,0,0.00701687,0.990981,0.000341653,0.00166046,0.443413,-0.0878536,-1.30217,-2.85141
562,0,0,0.971865,0.0199014,0.000502988,0.00773095,0.0293909,-0.559165,-1.02375,-1.16646
563,0,4,0.998421,0.000807395,0.000234278,0.000537316,0.749487,-0.44305,-1.47407,-2.0802
564,0,2,0.997504,0.00155638,0.000199035,0.00074095,2.16637,-1.82541,-2.12776,-2.08088
565,3,2,0.0100576,0.0118391,0.00869561,0.969408,-1.44493,-0.627247,-0.975071,0.922759
566,0,1,0.987736,0.00569259,0.000743794,0.00582759,0.873548,-2.10765,-0.878479,-1.29898
567,1,0,0.0104293,0.9639,0.00135871,0.0243119,-1.01168,0.458011,-1.15963,-0.226895
568,0,1,0.9663,0.032236,0.000388724,0.0010754,1.55626,-1.69113,-1.44691,-1.3533
569,0,1,0.997394,0.00196628,0.000194023,0.000445862,0.749235,-0.617864,-1.91509,-1.67921
570,0,3,0.998269,0.00104878,0.000219621,0.000462221,1.83014,-2.14152,-2.11555,-1.93577
571,2,3,0.00173964,0.00153372,0.994568,0.00215868,-2.06558,-1.19549,1.39181,-1.42952
572,0,0,0.730932,0.212298,0.00371757,0.0530521,1.21374,-1.08183,-1.29683,-1.48447
573,1,3,0.00506506,0.992229,0.000409419,0.00229698,-1.16009,1.08841,-1.19911,-1.53273
574,0,4,0.997707,0.00101,0.000196756,0.00108675,2.32052,-2.20709,-1.74853,-2.23557
575,0,0,0.104415,0.354483,0.0102592,0.530844,-0.330651,-0.196947,-1.45004,-0.613942
576,0,1,0.975406,0.00739658,0.00105008,0.0161477,0.861065,-1.08334,-1.20369,-0.94032
577,0,2,0.630202,0.366161,0.000475489,0.00316173,0.901765,-1.39691,-1.37246,-1.367
578,1,0,0.331839,0.407372,0.00498974,0.2558,0.415043,-0.864567,-0.95584,-1.39043
579,1,2,0.0726999,0.921847,0.000759433,0.00469316,-0.173889,0.115478,-1.63615,-1.57456
580,0,2,0.994206,0.00245718,0.000234202,0.00310313,1.83735,-2.24395,-1.3603,-1.45676
581,0,4,0.97721,0.0107503,0.000974867,0.0110645,1.47382,-1.45057,-1.39862,-1.51407
582,0,2,0.997489,0.00147353,0.000280132,0.00075703,2.00784,-1.70603,-1.96332,-2.4209
583,1,3,0.263823,0.73129,0.000725274,0.00416146,-0.210227,0.118491,-0.859348,-1.95791
584,0,0,0.998505,0.000808252,0.000213748,0.000473294,1.94463,-1.94432,-1.62502,-1.54436
585,0,1,0.968915,0.0270334,0.000474774,0.00357732,-0.114605,-0.0480943,-1.33657,-1.42941
586,0,2,0.994153,0.00364906,0.00026955,0.00192856,1.74721,-2.08995,-1.1482,-1.35191
587,1,3,0.143658,0.851272,0.000309983,0.00475981,-0.877443,0.286053,-1.05908,-0.621842
588,0,2,0.997499,0.00125181,0.000258073,0.000991227,3.54603,-2.81981,-2.1999,-2.75584
589,0,3,0.998384,0.000809734,0.00023889,0.000567498,2.3243,-1.67067,-1.50592,-2.71779
590,1,1,0.00463553,0.990783,0.00044032,0.00414108,-0.198042,0.0179811,-1.15523,-0.894446
591,1,0,0.00329949,0.989196,0.001773,0.00573171,-1.23232,0.948703,-1.51379,-1.05534
592,0,0,0.979141,0.0160305,0.000915822,0.00391265,0.119281,-0.416411,-1.09982,-1.69411
593,1,4,0.0295562,0.963241,0.0027643,0.00443896,-0.0686385,-0.134335,-1.37208,-0.927815
594,0,1,0.998012,0.001208,0.000205859,0.000573974,2.36053,-2.87431,-1.34212,-2.06513
595,0,0,0.99864,0.000852134,0.000158865,0.000349033,3.12784,-2.77691,-1.78869,-2.63836
596,0,2,0.989797,0.00766871,0.000229549,0.00230481,0.368304,-0.323019,-1.73229,-1.43496
597,2,0,0.00125017,0.00172724,0.994254,0.00276822,-2.08362,-1.20599,1.62513,-1.42438
598,0,0,0.998478,0.000935734,0.000194995,0.000390835,2.18151,-2.23866,-1.53046,-1.70714
599,2,1,0.0129077,0.00373166,0.979622,0.00373896,-0.428735,-0.67297,-0.146452,-1.31902
600,0,4,0.998375,0.00065959,0.000214556,0.000751072,3.15201,-2.47015,-1.6801,-2.90895
601,1,3,0.39089,0.599539,0.00082392,0.00874623,-0.128508,-0.215336,-1.0838,-0.924657
602,0,2,0.99693,0.00137137,0.000266633,0.00143159,2.4838,-2.6518,-1.52467,-1.98192
603,0,4,0.997042,0.000900349,0.000244704,0.00181343,2.44797,-2.55867,-1.56913,-1.73832
604,1,2,0.00549679,0.0165917,0.974475,0.00343645,-0.23223,-0.87274,-0.0942903,-1.28711
605,0,2,0.848349,0.0081005,0.00274263,0.140808,0.869467,-1.41923,-1.48203,-0.882623
606,3,0,0.0331098,0.07285,0.0988837,0.795157,-0.373533,-0.748426,-1.37901,0.134783
607,1,1,0.0494149,0.946149,0.00049739,0.00393911,0.163733,-0.11951,-1.07467,-1.26933
608,0,1,0.998268,0.000986196,0.00030254,0.000442781,2.68402,-2.59986,-1.41745,-2.67595
609,1,4,0.00432988,0.991415,0.00049538,0.00376003,-1.8634,1.86912,-1.41093,-1.46728
610,3,0,0.0112354,0.983139,0.00102384,0.00460201,-1.27036,1.22575,-1.38585,-1.51134
611,0,2,0.994074,0.00454207,0.000182017,0.00120206,0.77154,-0.875772,-1.50488,-1.17157
612,0,0,0.996057,0.00234444,0.000336104,0.00126226,0.901268,-1.20286,-1.07601,-1.97616
613,2,4,0.0061695,0.00384384,0.987623,0.0023635,-2.07808,-1.63493,2.38686,-2.04658
614,0,4,0.998312,0.000752493,0.000216225,0.000719437,3.56795,-2.89874,-1.92159,-2.89281
615,1,3,0.00719701,0.844962,0.119432,0.0284092,0.381859,-0.410664,-1.12043,-1.65004
616,1,4,0.0112488,0.984791,0.000969089,0.00299084,-1.01745,0.771489,-1.70662,-0.826261
617,0,3,0.771119,0.224847,0.000374912,0.00365924,1.26153,-1.36609,-2.36631,-1.66515
618,0,2,0.798352,0.197951,0.000794884,0.00290189,0.151158,-0.0953339,-1.20713,-1.38829
619,0,4,0.99133,0.00306708,0.000496306,0.00510639,0.851575,-0.985952,-1.48503,-1.02416
620,0,1,0.998173,0.00095483,0.000332893,0.000539285,2.8476,-2.64484,-1.33661,-1.89162
621,2,4,0.00435486,0.00131204,0.990825,0.00350778,-1.70005,-1.96267,1.64431,-1.28402
622,0,3,0.997894,0.00141075,0.000155069,0.000540188,1.64524,-1.91657,-1.34891,-1.68406
623,0,3,0.998045,0.00146074,0.000158461,0.000336117,2.26835,-1.92856,-1.71055,-2.55769
624,1,0,0.700273,0.266313,0.000932744,0.0324814,0.391735,-0.716583,-1.18383,-0.95181
625,0,3,0.997693,0.00135511,0.000208626,0.000743265,1.73236,-1.15371,-2.03587,-2.13802
626,0,1,0.998431,0.000843676,0.000203546,0.000521808,2.9837,-3.08844,-2.42828,-2.10121
627,0,3,0.998053,0.00127845,0.000133438,0.000535024,1.16289,-0.934338,-0.961807,-2.08542
628,0,0,0.998533,0.000972113,0.000151278,0.000343585,2.2615,-1.91143,-1.34123,-2.45798
629,0,3,0.987817,0.0115284,0.000121194,0.00053369,1.68145,-2.02333,-1.7432,-1.38922
630,3,1,0.246892,0.04883,0.552858,0.15142,-0.333279,-0.348651,-1.3739,-0.135291
631,0,3,0.989844,0.00467201,0.000476578,0.00500745,1.55708,-2.16557,-2.1884,-1.11502
632,1,1,0.0102407,0.987693,0.000715269,0.00135073,-0.424156,0.616224,-1.43177,-2.12259
633,0,4,0.998152,0.00117558,0.000244498,0.00042827,0.340533,-0.309542,-1.32127,-1.49755
634,2,4,0.00949863,0.0031415,0.984144,0.003216,-1.20026,-0.990546,1.21691,-1.45644
635,0,3,0.995709,0.00199095,0.000199454,0.00210081,1.92223,-2.01775,-1.4347,-1.34675
636,0,4,0.998131,0.00119992,0.000134233,0.000535066,1.82177,-2.15244,-1.87011,-1.07695
637,1,1,0.0191101,0.607409,0.0153554,0.358125,-0.680904,0.281436,-1.55285,-0.451555
638,2,2,0.0111201,0.0053043,0.978765,0.00481079,-1.39518,-2.03218,1.54917,-1.51002
639,0,3,0.998035,0.00136354,0.000194908,0.000406223,1.71572,-1.27146,-2.32333,-2.52965
640,0,0,0.957055,0.0241827,0.00175607,0.0170064,1.76042,-1.85469,-1.19102,-1.86559
641,2,1,0.00515618,0.0485279,0.936683,0.00963302,-1.09107,-0.0280983,0.171764,-1.68948
642,0,2,0.997834,0.00118327,0.000184498,0.000798299,2.1442,-1.89437,-1.61325,-2.10026
643,0,1,0.996436,0.00177902,0.000334267,0.00145057,1.69791,-2.39264,-1.22263,-0.494828
644,1,0,0.00238117,0.994036,0.000532871,0.00305003,-1.54754,1.01692,-0.790997,-2.158
645,0,2,0.997864,0.0011062,0.000177089,0.000853136,1.56875,-1.52968,-1.83795,-1.42674
646,0,3,0.998172,0.00130382,0.000126599,0.000397644,1.9775,-1.76785,-1.26677,-2.18985
647,1,2,0.0363679,0.950503,0.00166744,0.0114618,-0.375034,0.0170668,-1.12968,-0.908262
648,1,0,0.986353,0.0123498,0.000415022,0.000882041,0.309177,0.118137,-1.65713,-2.0521
649,2,2,0.00838768,0.0528051,0.935992,0.00281501,-1.03213,0.479487,0.00559849,-2.52998
650,0,1,0.997317,0.00111535,0.000317997,0.00124914,1.16386,-1.76364,-1.66902,-1.09129
651,0,1,0.998279,0.000805705,0.000259792,0.000655673,2.50552,-2.56855,-1.68939,-1.87318
652,3,4,0.953736,0.0328178,0.00132872,0.0121177,-0.0819981,-0.860424,-1.18531,-0.317219
653,0,4,0.990455,0.00455547,0.000539312,0.00444994,3.03814,-3.20728,-1.69668,-2.49195
654,0,1,0.966912,0.00526571,0.00132102,0.0265013,0.640011,-0.880121,-1.07218,-0.869392
655,1,4,0.219428,0.774907,0.000508962,0.00515542,-0.0126499,-0.488338,-1.58314,-0.582046
656,0,0,0.997865,0.00157992,0.000200277,0.000354254,1.28924,-1.12462,-1.69007,-2.6029
657,1,2,0.0548909,0.916249,0.000771214,0.0280886,-0.432785,-0.10563,-1.2565,-0.418983
658,2,4,0.0069418,0.0042393,0.973523,0.0152961,-1.02869,-0.368635,-0.231268,-1.0298
659,0,0,0.998302,0.0011056,0.000159433,0.000433384,2.15079,-2.08108,-1.76083,-2.09007
660,0,1,0.99806,0.000943599,0.000280293,0.000716451,2.82959,-2.6785,-1.64929,-1.98435
661,0,4,0.998243,0.00110123,0.000160988,0.000494911,1.07996,-1.4905,-1.74596,-1.06507
662,1,2,0.0567549,0.89323,0.00140737,0.0486073,-0.533625,-0.208604,-1.17527,-0.301264
663,0,4,0.998274,0.000839434,0.00015974,0.000727179,2.38013,-2.80973,-2.10459,-1.70958
664,0,4,0.760517,0.1817,0.00495697,0.0528261,0.634805,-0.930473,-0.785103,-0.871054
665,1,3,0.0882444,0.909703,0.000418752,0.00163371,0.735753,-0.434217,-0.9537,-2.34061
666,0,2,0.997092,0.00125742,0.000282769,0.00136758,0.685632,-1.67375,-1.37957,-0.199015
667,0,1,0.997965,0.00113255,0.000325114,0.000577319,1.78079,-1.31974,-1.73374,-2.19554
668,1,4,0.207481,0.783025,0.000778102,0.00871563,-0.92489,0.873534,-1.6865,-1.06437
669,1,4,0.0387532,0.956488,0.000423421,0.00433527,0.151326,-0.168434,-1.31897,-1.63258
670,0,0,0.998573,0.000777341,0.000190868,0.000458764,3.38276,-3.14529,-1.80402,-2.49144
671,0,3,0.997702,0.00169887,0.000208221,0.000391294,0.940624,-1.31511,-1.56861,-1.76064
672,0,2,0.997181,0.00123804,0.000253991,0.00132692,2.6939,-2.98306,-1.84371,-2.12361
673,0,4,0.982068,0.00929526,0.000763002,0.00787339,0.820968,-0.78405,-1.16606,-1.26964
674,1,1,0.948298,0.0427994,0.000665611,0.0082365,0.991072,-1.47819,-1.85092,-0.417718
675,0,3,0.997315,0.00177364,0.000151389,0.00075986,1.55708,-2.0439,-1.42941,-1.59229
676,0,4,0.997913,0.000812519,0.000238777,0.00103619,2.73952,-3.06666,-1.25881,-1.96975
677,0,4,0.998081,0.00127102,0.000150033,0.000497738,1.10592,-1.72548,-1.88277,-0.714638
678,1,2,0.00726043,0.989293,0.000716427,0.0027303,-1.5762,1.48538,-1.20847,-1.72203
679,0,2,0.99069,0.00487417,0.000522844,0.00391268,3.03936,-2.6625,-1.67187,-2.44689
680,0,4,0.998167,0.00101541,0.000179231,0.000637917,0.845805,-0.942096,-1.18615,-1.6619
681,0,4,0.990554,0.00208585,0.000413546,0.00694695,0.981114,-1.31648,-1.61378,-1.09984
682,0,3,0.998596,0.000896484,0.000183202,0.000324052,2.7208,-2.65844,-1.49657,-2.27726
683,0,0,0.998617,0.000833188,0.00018178,0.000367924,3.03996,-3.71342,-1.77491,-2.4614
684,3,3,0.0329968,0.103617,0.0152926,0.848094,-0.807824,-0.0710572,-0.857348,-0.328756
685,0,0,0.998572,0.00087058,0.000198471,0.000358684,1.09327,-1.1022,-1.57494,-1.62873
686,0,1,0.998538,0.000702245,0.00027988,0.000479826,2.04693,-1.90782,-1.67266,-2.00403
687,0,0,0.998471,0.000895497,0.000188994,0.000444604,2.73134,-3.66643,-1.69238,-1.48148
688,0,4,0.997943,0.000795273,0.000251223,0.00101024,2.23218,-2.57318,-1.59642,-1.75877
689,0,2,0.994371,0.00421329,0.000227478,0.00118841,0.408063,-0.288308,-1.22883,-1.68249
690,0,2,0.591258,0.213409,0.00593975,0.189393,-0.104136,-0.529782,-1.12036,-0.217064
691,0,1,0.988102,0.00571699,0.000682797,0.00549797,1.41798,-1.30669,-1.74442,-1.98865
692,0,4,0.9963,0.00205136,0.000255257,0.00139345,1.3785,-1.25413,-1.91904,-1.90368
693,0,2,0.997621,0.00122057,0.000221632,0.000936759,2.55598,-2.57671,-2.11835,-2.54039
694,0,0,0.998642,0.000813114,0.000203589,0.000340948,2.10659,-2.19871,-1.89155,-1.64439
695,0,1,0.997485,0.000948597,0.000445903,0.001121,2.07049,-2.07512,-1.63706,-2.20216
696,1,0,0.00263864,0.994651,0.000296771,0.00241309,-2.03896,2.02028,-1.60768,-1.4447
697,2,4,0.00669914,0.00272659,0.986021,0.00455283,-1.38015,-1.0371,0.706103,-0.728486
698,0,3,0.998,0.00127092,0.000141207,0.000588152,2.45928,-2.35134,-1.98062,-2.37491
699,1,1,0.180043,0.783602,0.00288748,0.0334677,-0.513844,0.617883,-1.67571,-1.26319
700,0,1,0.998339,0.00103562,0.000235635,0.000390017,1.50321,-1.29781,-1.41266,-2.40527
701,0,2,0.997862,0.00110081,0.000212362,0.000825272,3.48219,-3.37748,-2.08029,-1.80577
702,0,3,0.998508,0.000932114,0.000156076,0.000404041,1.3443,-0.883937,-1.76337,-2.86929
703,0,0,0.997218,0.00184322,0.000124032,0.000815131,2.17567,-2.20988,-1.84756,-1.23461
704,0,1,0.998199,0.000902275,0.000263347,0.00063545,1.31374,-1.34386,-1.37376,-1.48035
705,0,3,0.995764,0.00140362,0.000176028,0.00265582,1.20104,-1.84023,-1.16709,-0.582422
706,0,1,0.974726,0.0230693,0.000616882,0.00158762,0.520946,-1.71653,-1.51969,-0.564954
707,0,4,0.998202,0.000776294,0.000277608,0.000743644,2.39528,-2.96724,-1.45282,-1.60799
708,0,4,0.998519,0.000709123,0.000226649,0.000544766,2.48174,-2.28688,-2.19462,-2.44404
709,0,4,0.998416,0.000719512,0.000247446,0.000617237,2.9539,-2.85665,-1.91063,-2.21246
710,0,1,0.998128,0.000733492,0.000316396,0.000822274,3.04645,-3.05926,-1.61193,-2.12403
711,0,1,0.996597,0.00209653,0.000283735,0.00102277,0.836612,-1.42902,-1.55878,-0.986918
712,0,4,0.998475,0.000700146,0.0002441,0.000581009,2.8855,-3.2037,-1.9801,-2.46759
713,0,2,0.747908,0.248083,0.00100009,0.00300914,1.83159,-2.00627,-1.42355,-2.05064
714,0,3,0.979072,0.011516,0.000978634,0.00843349,0.386487,-1.13066,-1.09109,-0.739975
715,0,2,0.991462,0.0059504,0.000198604,0.00238897,1.59474,-1.39639,-1.81929,-1.58791
716,0,1,0.474364,0.372333,0.00474686,0.148556,0.88179,-1.50839,-1.22192,-0.299551
717,0,2,0.98218,0.011663,0.000665577,0.00549177,1.56485,-1.94646,-0.953938,-1.36056
718,0,3,0.977643,0.0216729,0.000211749,0.000472545,1.00917,-0.97991,-1.25391,-1.30672
719,0,0,0.998254,0.00111531,0.00018136,0.000449747,2.67487,-2.70618,-1.69601,-1.87588
720,0,2,0.994539,0.00291041,0.000255304,0.00229559,1.24883,-1.55302,-0.993407,-1.70069
721,0,3,0.99477,0.00474214,0.000130173,0.000357318,0.64302,-0.697748,-1.12775,-1.47651
722,0,2,0.997434,0.00173276,0.000213936,0.000619044,1.00611,-0.894831,-1.5652,-1.94599
723,0,1,0.998338,0.00101857,0.000228385,0.000415171,2.15013,-1.94282,-1.31431,-2.05247
724,0,0,0.9982,0.000748743,0.000251288,0.000800153,2.48834,-2.54698,-1.42401,-2.6575
725,0,0,0.998442,0.000870466,0.00017928,0.000508731,2.31863,-2.59008,-1.41306,-1.92634
726,0,0,0.994009,0.00322926,0.000520513,0.00224122,1.44437,-1.86638,-1.68435,-1.03736
727,0,0,0.996715,0.00241692,0.000229802,0.000638234,1.31528,-1.69828,-1.06619,-1.26555
728,0,4,0.993362,0.00372534,0.000332585,0.00258047,-0.495923,0.0554914,-0.795475,-1.1549
729,0,4,0.997973,0.000831838,0.000227856,0.00096778,0.387772,-0.953354,-1.67903,-1.08555
730,0,3,0.998117,0.00088475,0.000228781,0.000769435,2.30387,-2.11956,-1.38954,-2.11809
731,2,0,0.0019352,0.00154288,0.992716,0.00380562,-1.97165,-0.668967,0.277583,0.143326
732,0,1,0.996856,0.00248912,0.000178298,0.000476219,1.5883,-1.39722,-1.82878,-1.90928
733,0,1,0.788846,0.177396,0.00802596,0.0257316,0.393218,-0.315733,-1.44354,-1.17843
734,0,1,0.680856,0.306586,0.00388583,0.00867174,0.402705,-0.650104,-0.870037,-1.57155
735,0,4,0.997954,0.00142747,0.000147977,0.00047027,0.800026,-1.45366,-1.20417,-0.950085
736,0,1,0.997552,0.00149683,0.000244351,0.000707053,1.07331,-0.889221,-1.20524,-1.93752
737,0,1,0.998014,0.000826205,0.000347454,0.000812602,2.54367,-2.37602,-1.7454,-2.04963
738,3,0,0.937261,0.0185072,0.000491756,0.0437401,0.297023,-0.729963,-1.66035,-0.629078
739,0,3,0.990187,0.00702795,0.000342715,0.00244247,0.494703,-0.736472,-1.30743,-1.38148
740,0,2,0.96329,0.0350194,0.000361202,0.00132899,1.40668,-1.72111,-2.02198,-1.16088
741,0,4,0.998077,0.000712278,0.000261777,0.00094916,2.31194,-2.81744,-1.39271,-1.74312
742,0,1,0.998451,0.000828183,0.000214154,0.000506753,3.67931,-3.38715,-1.70435,-2.50852
743,0,0,0.998368,0.0007387,0.000156972,0.00073654,2.30946,-2.90895,-1.38548,-1.50017
744,1,0,0.0052642,0.990524,0.000392291,0.00381954,-0.475326,0.172435,-1.50032,-1.17432
745,0,2,0.887273,0.0877448,0.00280202,0.0221799,0.309528,-0.882992,-1.04318,-1.12209
746,0,4,0.998259,0.000781664,0.000237465,0.00072151,3.43858,-3.26283,-1.75765,-2.6792
747,0,0,0.9982,0.00129119,0.000156945,0.000351615,0.812608,-0.294349,-1.9908,-2.27261
748,1,4,0.333988,0.628866,0.00796277,0.0291835,-0.982145,0.0365137,-1.2751,-0.101079
749,1,1,0.0273145,0.969,0.00037708,0.00330877,-0.623701,0.596133,-1.8019,-1.23041
750,0,0,0.995443,0.00304244,0.000328757,0.00118621,2.47399,-1.79553,-1.70771,-2.6586
751,0,4,0.784463,0.0184488,0.0141867,0.182901,0.715527,-0.873646,-1.10646,-0.9972
752,0,2,0.985213,0.00669038,0.000430215,0.00766681,-0.228946,-0.27701,-1.4524,-0.333719
753,0,2,0.978908,0.0135768,0.000548872,0.00696658,0.926291,-1.49438,-1.62026,-1.04583
754,0,4,0.915862,0.0801836,0.000970694,0.00298411,1.20769,-1.0362,-1.31732,-1.3444
755,0,2,0.997415,0.00153362,0.000217301,0.000833812,1.33512,-1.31949,-2.04565,-1.43315
756,3,1,0.102799,0.0324736,0.0165213,0.848206,-1.26561,-1.02954,-1.34375,1.49062
757,0,1,0.998245,0.00107257,0.000212029,0.000470407,1.10632,-0.90183,-1.9098,-2.02713
758,1,1,0.0610057,0.931274,0.000740696,0.00697965,-1.22883,1.1545,-1.52545,-1.18161
759,0,1,0.995973,0.00218294,0.000364094,0.00147994,1.7755,-1.79485,-1.5764,-1.76052
760,3,0,0.0121903,0.031469,0.00389244,0.952448,-0.356271,-0.00844154,-1.42195,-0.182391
761,0,0,0.955451,0.0428912,0.00032684,0.00133111,1.36501,-0.89077,-2.05137,-2.28029
762,2,0,0.00202331,0.00218132,0.992323,0.00347215,-2.10402,-0.801685,0.999439,-0.883847
763,0,2,0.997733,0.00142994,0.000173641,0.00066304,2.34214,-2.14049,-1.43866,-2.08203
764,0,1,0.997505,0.00138563,0.000196716,0.000912276,1.37656,-1.58309,-1.41484,-1.32038
765,0,0,0.997556,0.00200343,9.9891e-05,0.000340577,0.971158,-1.40603,-1.6372,-0.8225
766,0,1,0.998517,0.000753383,0.000237062,0.000492154,2.29304,-1.54128,-1.93072,-2.46331
767,0,0,0.998286,0.000868633,0.000194577,0.000650576,1.96499,-1.70395,-1.45675,-1.89078
768,0,0,0.991549,0.0061129,0.000449352,0.00188815,1.64282,-1.69916,-1.38799,-1.53253
769,0,2,0.958824,0.0269321,0.00140814,0.0128357,0.812879,-1.50916,-1.34112,-0.38254
770,0,3,0.995998,0.00284439,0.000243019,0.000914463,1.29456,-2.02589,-2.01157,-1.38726
771,0,0,0.997905,0.00155777,0.000129061,0.00040776,0.152637,-0.264579,-1.37837,-1.83161
772,0,4,0.993247,0.00323626,0.00032421,0.00319231,1.55653,-1.61059,-1.59751,-1.58777
773,0,0,0.993485,0.00564659,0.000238648,0.000629983,1.22937,-0.920833,-1.54415,-2.00294
774,0,0,0.00435664,0.0192529,0.970636,0.00575473,-0.618824,-0.144238,0.00443243,-1.31969
775,0,2,0.997629,0.00134579,0.000223372,0.000802041,2.17637,-2.43158,-1.49793,-1.43487
776,0,2,0.994391,0.00331358,0.00019764,0.00209803,0.985099,-1.53594,-1.78575,-1.03478
777,1,3,0.047437,0.943539,0.000699497,0.00832422,-0.0860508,-0.272505,-1.31126,-0.640815
778,0,3,0.995225,0.00317998,0.000335167,0.00125998,-0.33911,-0.344497,-1.8688,-0.257067
779,1,4,0.00371251,0.979364,0.000855503,0.0160684,-0.978426,0.809418,-1.11308,-1.24042
780,0,4,0.995507,0.00122395,0.000381389,0.00288775,-0.14393,-0.278573,-1.18453,-0.662816
781,0,0,0.987561,0.0113412,0.000210992,0.000886578,0.377148,-0.257324,-1.66481,-2.16586
782,0,4,0.626925,0.0681417,0.0053035,0.299629,0.521515,-0.930044,-1.70513,-0.486214
783,0,1,0.996528,0.00223377,0.000640612,0.000597116,0.282765,-0.696635,-1.05178,-0.874067
784,0,3,0.983014,0.0112162,0.000307975,0.00546166,0.07814,-0.51285,-1.09947,-0.711167
785,3,4,0.658837,0.0607155,0.00526654,0.275181,-0.271993,-0.00454704,-0.964204,-1.01905
786,3,3,0.0201883,0.00661607,0.00177548,0.97142,-0.40948,-0.632828,-1.39807,0.23383
787,0,3,0.994448,0.00149801,0.000420066,0.00363414,0.794943,-1.3987,-1.0383,-0.730537
788,2,2,0.00478885,0.00252725,0.990127,0.00255704,-1.03852,-1.48009,1.05305,-1.84058
789,0,3,0.986154,0.00953896,0.000767674,0.0035393,1.03388,-1.0618,-1.76882,-1.56622
790,2,0,0.00132951,0.00147884,0.995234,0.00195724,-2.10023,-2.45326,2.61015,-1.81688
791,0,0,0.99866,0.000833224,0.000177924,0.000328533,2.66385,-2.5147,-1.66719,-2.34229
792,0,3,0.989638,0.00643463,0.00064873,0.00327848,0.89613,-0.933004,-1.75,-1.3803
793,0,0,0.99798,0.00115377,0.000266914,0.000599155,1.55053,-1.80271,-1.3485,-2.0839
794,0,2,0.973722,0.010551,0.000639544,0.0150878,0.391735,-1.22687,-1.57553,-0.757714
795,0,1,0.997109,0.00179418,0.000215965,0.000881271,1.56389,-2.10966,-1.29021,-1.49589
796,0,3,0.998165,0.000998692,0.000259255,0.000577435,2.65231,-2.33513,-1.52713,-2.10438
797,0,1,0.855616,0.022846,0.00568681,0.115852,0.295222,-1.64734,-1.26493,-0.198521
798,2,0,0.00115565,0.00338341,0.993766,0.00169465,-2.46742,-0.810004,1.43596,-1.2463
799,0,0,0.997962,0.00150184,0.000246369,0.000289727,1.87707,-1.35352,-2.18563,-2.33539
800,0,3,0.990962,0.00582382,0.000521966,0.00269251,2.15438,-2.11161,-1.65995,-1.51288
801,0,3,0.998242,0.00123573,0.000164163,0.000357866,0.518011,-0.756464,-1.73642,-1.22891
802,0,0,0.998338,0.000954055,0.000226608,0.000481607,0.268327,-0.372097,-1.81782,-1.23826
803,0,4,0.99838,0.00064055,0.000204732,0.000774917,3.38333,-3.40694,-1.88151,-2.15678
804,0,0,0.00712853,0.854262,0.00238543,0.136224,-0.35026,-0.366765,-1.55905,0.111589
805,1,0,0.0049611,0.987408,0.00109034,0.00654037,-1.60838,1.44261,-0.953794,-1.28191
806,0,4,0.995924,0.00344836,0.00012195,0.00050547,1.14936,-0.882239,-2.05078,-2.01838
807,1,4,0.952622,0.0453006,0.000435096,0.00164204,0.964159,-0.514828,-1.54323,-2.02624
808,0,1,0.985567,0.00976413,0.000549377,0.00411928,1.95379,-1.52376,-1.79115,-1.49929
809,1,0,0.493809,0.266716,0.15042,0.0890554,-0.292585,-0.322583,-0.916691,-0.613087
810,1,2,0.0132385,0.959422,0.00162177,0.025718,-1.08055,0.527479,-0.474531,-1.02063
811,0,4,0.997707,0.000809185,0.000290787,0.0011924,2.58643,-2.6191,-1.93617,-1.81784
812,0,3,0.993733,0.00124586,0.000922237,0.00409901,1.95048,-2.38989,-1.56902,-1.36248
813,0,3,0.998318,0.00107056,0.000215805,0.000395378,0.490793,-0.208095,-1.70359,-1.7971
814,0,0,0.998646,0.000739628,0.00016649,0.000448169,2.99193,-3.32363,-1.95201,-1.94888
815,0,1,0.982791,0.0133133,0.000742967,0.00315254,0.814084,-0.815424,-1.563,-1.76606
816,3,4,0.0370962,0.0232086,0.00490533,0.93479,-0.0830402,-0.623934,-1.58393,0.0538923
817,0,0,0.998587,0.000865507,0.000176527,0.000370799,2.66846,-3.02793,-1.66786,-2.10053
818,0,0,0.990728,0.00796637,0.000198457,0.0011069,0.611602,-0.973808,-1.20589,-1.1723
819,0,1,0.98979,0.00813142,0.000402081,0.00167637,0.165354,-0.407841,-1.20571,-0.844217
820,0,4,0.998195,0.000928188,0.000196085,0.00068107,2.58558,-2.55386,-1.82773,-1.72
821,0,1,0.997026,0.0017714,0.000336431,0.000865843,1.49742,-1.43806,-2.08831,-2.22567
822,1,4,0.00321482,0.993437,0.000419639,0.00292856,-0.956743,0.983978,-1.35273,-1.79433
823,3,1,0.0171938,0.0718824,0.0290484,0.881875,-0.319083,-1.02522,-1.34675,0.324068
824,0,2,0.997534,0.00119569,0.000229095,0.00104087,2.21894,-2.41577,-1.83215,-2.06113
825,1,3,0.0595542,0.933406,0.000357598,0.0066818,-0.259927,-0.288378,-0.944957,-0.857895
826,2,4,0.00640987,0.00174383,0.989205,0.0026409,-1.96853,-0.620792,0.926048,-1.73026
827,0,2,0.996204,0.00175616,0.000286966,0.00175274,0.979665,-0.727883,-1.63371,-1.04336
828,1,1,0.0259784,0.970557,0.000646241,0.00281813,0.0267911,0.221542,-1.5088,-1.26556
829,0,2,0.99605,0.00208111,0.000212806,0.00165596,1.36845,-1.73466,-1.81309,-1.16034
830,0,0,0.998739,0.000741143,0.000173139,0.000347028,2.66133,-3.16904,-1.96624,-2.07531
831,1,4,0.05297,0.938915,0.00183748,0.00627713,-0.226337,-0.21845,-0.511515,-0.800562
832,0,0,0.997907,0.00120552,0.000331507,0.000556255,1.32591,-2.09855,-1.35389,-1.06744
833,0,0,0.997539,0.00169115,0.000308885,0.000460982,1.89614,-2.24958,-0.961294,-1.51727
834,0,0,0.474029,0.520618,0.000705747,0.00464721,0.362999,-0.347912,-1.09266,-2.2676
835,0,1,0.994623,0.00407473,0.000258336,0.00104393,2.20638,-1.86961,-1.62767,-2.31524
836,0,1,0.993051,0.00494337,0.000474401,0.00153139,0.270822,-0.26678,-1.51349,-1.26673
837,3,3,0.519743,0.0494297,0.00120554,0.429622,-0.301501,-0.354214,-1.41206,-0.0845696
838,0,1,0.996879,0.00179201,0.000249489,0.00107951,1.20829,-1.55103,-1.86209,-1.64174
839,0,4,0.997549,0.00112107,0.000381426,0.000948658,1.76691,-2.46669,-1.44581,-0.964806
840,1,2,0.303322,0.684215,0.00162784,0.0108348,-0.54509,0.298056,-0.78425,-1.53112
841,0,2,0.997782,0.00130331,0.000184129,0.000730379,1.77101,-1.7034,-1.66168,-2.33698
842,0,4,0.991456,0.0061708,0.000204108,0.0021688,1.60924,-1.8459,-1.70586,-0.647354
843,0,2,0.990054,0.00287194,0.000614463,0.00645938,0.90788,-1.34343,-1.05941,-0.899114
844,0,2,0.997465,0.00145349,0.000181571,0.000899852,0.870467,-1.17585,-1.6499,-1.21343
845,0,3,0.996021,0.00321847,0.000173343,0.000587559,1.00799,-1.70705,-1.14732,-0.435885
846,0,4,0.997983,0.000784505,0.000221713,0.00101127,3.22227,-3.36105,-2.03972,-1.86848
847,0,2,0.997294,0.00176842,0.000218125,0.000719406,1.5929,-1.60131,-1.3018,-1.95977
848,0,3,0.991709,0.00679809,0.00030768,0.00118523,0.944151,-1.59332,-1.49057,-0.475594
849,3,1,0.0359377,0.026648,0.0058054,0.931609,0.828532,-1.49062,-0.897267,-0.239229
850,1,3,0.00839189,0.988076,0.000337341,0.00319435,-0.641554,0.966747,-1.87512,-1.88341
851,0,2,0.994983,0.00330101,0.000190182,0.0015254,2.68995,-2.53662,-1.58234,-1.80255
852,0,1,0.921825,0.0645329,0.000721814,0.01292,0.211752,-0.342976,-1.49363,-0.981684
853,0,3,0.995864,0.00345996,0.00019832,0.000477607,1.25085,-1.45106,-1.08454,-1.14926
854,0,0,0.998362,0.000899782,0.000172062,0.000566378,2.17004,-2.06623,-2.04261,-2.06499
855,1,3,0.0393228,0.958304,0.000248417,0.00212514,-0.250402,0.401909,-1.73222,-1.61588
856,0,1,0.994544,0.0026786,0.000476974,0.00230009,1.00789,-0.620891,-1.16353,-1.86366
857,1,3,0.0365689,0.365566,0.00333402,0.594531,-0.306533,-0.327459,-1.50686,-0.545949
858,0,4,0.943729,0.00670312,0.0021677,0.0474003,0.423454,-0.904274,-1.17027,-1.01998
859,1,4,0.790784,0.184735,0.0010974,0.0233835,0.603446,-1.00318,-1.52656,-1.19784
860,0,4,0.997758,0.0011246,0.000302977,0.000813982,1.51503,-1.62116,-1.75157,-1.56809
861,1,4,0.00721529,0.986508,0.00122718,0.0050494,-0.999084,0.791132,-1.74087,-0.681891
862,0,4,0.998312,0.000811258,0.000258788,0.000618379,2.17406,-2.43286,-1.56421,-1.56763
863,0,1,0.994143,0.0038018,0.000295463,0.00175939,1.94059,-2.28948,-1.77124,-1.3382
864,0,2,0.997649,0.00145518,0.000218629,0.000677382,1.82632,-2.43589,-1.62823,-0.820503
865,0,1,0.956379,0.0377773,0.00197687,0.00386674,2.01449,-2.34492,-1.31389,-1.36411
866,0,1,0.996069,0.00225025,0.000373493,0.00130744,1.74236,-1.32078,-1.28444,-2.3065
867,1,0,0.0732092,0.923783,0.000270295,0.00273789,-0.369183,0.038421,-1.73881,-0.854831
868,1,1,0.541474,0.441938,0.00347456,0.0131128,0.104145,-0.269255,-1.07028,-1.07821
869,0,0,0.995488,0.0031361,0.000245758,0.00112974,0.805789,-0.890002,-1.91205,-0.990373
870,0,4,0.988816,0.0019126,0.000587884,0.00868329,1.07011,-1.45892,-1.23922,-0.938224
871,1,0,0.0564773,0.929476,0.000560211,0.0134868,0.243518,-0.218627,-1.13444,-1.70683
872,0,2,0.985644,0.00785973,0.00074077,0.00575592,0.48064,-0.424378,-1.58633,-1.56435
873,0,0,0.998085,0.00132683,0.000187085,0.000401511,1.37347,-1.18606,-1.635,-1.86261
874,0,2,0.997855,0.00111595,0.000204624,0.000824462,2.15463,-1.95099,-2.16372,-2.19365
875,0,3,0.839418,0.158649,0.000411319,0.00152228,0.178836,0.0837885,-1.65331,-1.96079
876,3,1,0.0760364,0.0586847,0.017526,0.847753,0.237231,-1.35715,-1.32587,0.520068
877,0,4,0.998401,0.000748163,0.000183524,0.000667382,3.91649,-3.69689,-2.09248,-2.31625
878,0,2,0.997163,0.00213701,0.000176965,0.000523185,0.652651,-0.768374,-1.56741,-1.08933
879,0,3,0.99811,0.00145443,0.000131634,0.00030427,1.26099,-1.35392,-1.88345,-1.15597
880,0,2,0.997469,0.00119795,0.000248664,0.00108437,1.52275,-1.90569,-1.64144,-1.20674
881,1,0,0.0456588,0.949897,0.000435549,0.00400915,-1.01635,0.930262,-1.42483,-1.13444
882,0,4,0.998141,0.00106516,0.000161602,0.000632318,2.90958,-2.50257,-2.08468,-2.77112
883,0,2,0.973565,0.0214145,0.000249433,0.00477123,1.86437,-1.81373,-1.73316,-1.77033
884,1,2,0.369066,0.625356,0.000826475,0.00475139,0.624613,0.0910086,-1.80461,-2.51704
885,0,1,0.997779,0.00108154,0.000301213,0.000838199,1.91635,-2.80311,-1.82372,-1.327
886,0,0,0.901827,0.0944043,0.00152441,0.00224416,0.95264,-1.27869,-1.23412,-1.67884
887,0,2,0.992845,0.00345706,0.000415313,0.00328268,1.23506,-1.14062,-1.68339,-1.87121
888,2,1,0.00819365,0.00379925,0.983822,0.00418491,-0.495824,-0.365141,-0.419191,-0.861728
889,1,3,0.00973643,0.983611,0.000514063,0.00613844,-1.57968,1.23318,-0.683412,-1.34497
890,0,1,0.997277,0.00139891,0.000324256,0.000999755,2.52382,-2.53141,-1.52753,-1.5355
891,3,3,0.304693,0.037877,0.00733562,0.650094,0.198162,-0.973407,-0.934711,-0.130495
892,0,3,0.998508,0.000791848,0.000158844,0.000541049,3.43516,-3.43331,-2.51024,-2.45174
893,0,2,0.99697,0.00153593,0.000232117,0.00126219,2.18634,-2.47043,-1.71686,-1.90749
894,0,2,0.99765,0.00108988,0.000266305,0.000994286,3.18387,-2.63864,-2.42934,-2.3242
895,0,1,0.545783,0.149903,0.00319815,0.301116,-0.227497,-1.12602,-1.04482,-0.202312
896,1,3,0.157518,0.788308,0.00133253,0.0528423,-0.347852,0.397213,-1.72992,-1.68226
897,1,3,0.00407381,0.991974,0.00027213,0.00368038,-0.579128,0.718501,-1.72403,-1.65419
898,1,4,0.0255062,0.971238,0.000838521,0.00241688,-0.629068,0.206568,-0.901311,-1.4307
899,1,4,0.036597,0.956841,0.000794444,0.0057679,-0.216788,-0.0854047,-0.634548,-1.70362
900,0,2,0.994333,0.00285353,0.000275993,0.00253798,2.0696,-2.57142,-1.47303,-1.6638
901,0,4,0.998514,0.000677969,0.00019846,0.000609511,1.56549,-1.53753,-1.87552,-2.10664
902,0,4,0.998394,0.000655109,0.000193461,0.000757716,3.96264,-4.0776,-2.27392,-2.79798
903,0,0,0.996983,0.00241521,0.000127191,0.000474423,0.409255,-0.586895,-1.38315,-0.99673
904,1,4,0.00255334,0.981959,0.000584948,0.014903,-0.350899,-0.113068,-1.14502,-0.824949
905,0,4,0.973196,0.0239507,0.000315193,0.00253798,0.299593,0.0298534,-1.42662,-1.89822
906,1,0,0.0152163,0.261673,0.00483029,0.718281,-0.482116,0.0141014,-0.328535,-0.949466
907,0,1,0.953368,0.0395235,0.00120228,0.00590628,0.315034,-0.680657,-1.28592,-0.920664
908,0,0,0.251423,0.746225,0.000544641,0.00180686,1.04836,-0.74504,-1.51957,-1.59703
909,0,1,0.117504,0.869516,0.00423642,0.00874365,-0.0534517,0.32412,-1.82988,-1.81371
910,0,3,0.941395,0.0459291,0.00130132,0.0113742,1.16947,-0.98033,-1.88692,-1.12219
911,0,4,0.696981,0.0134175,0.00244113,0.28716,0.206327,-0.352147,-1.30113,-1.12816
912,0,3,0.998501,0.000751901,0.000245062,0.000501853,1.62306,-2.07979,-1.23224,-0.853693
913,0,3,0.998307,0.000856019,0.000177168,0.000660189,2.62628,-2.96864,-1.93651,-1.90803
914,0,2,0.990535,0.00735614,0.000213704,0.00189545,0.475941,-0.765954,-1.9021,-1.28103
915,0,3,0.998465,0.000906932,0.000191594,0.000436854,2.9582,-2.60507,-1.89169,-2.21056
916,0,1,0.99633,0.00280396,0.000410309,0.000455949,0.481462,-0.568691,-1.32844,-2.11235
917,0,3,0.998569,0.000719623,0.000174127,0.000536871,2.25715,-2.89425,-1.67484,-1.55271
918,0,0,0.998377,0.00101761,0.000156667,0.000448925,0.8422,-0.450924,-1.91096,-1.90947
919,0,2,0.997265,0.00157897,0.000158337,0.000997792,1.02986,-0.896799,-1.40524,-1.70928
920,0,0,0.113053,0.879732,0.0016785,0.00553592,0.676233,-1.24681,-1.15082,-0.775906
921,2,4,0.00514635,0.00256636,0.989862,0.00242504,-1.99471,-2.29622,1.90742,-1.18997
922,0,1,0.997843,0.00147838,0.000330194,0.000348754,1.74279,-1.43397,-1.4478,-2.25835
923,0,0,0.993823,0.00556774,0.000184116,0.000425581,0.0610577,-0.379991,-1.62394,-0.972143
924,0,1,0.897195,0.0159116,0.00405067,0.0828431,-0.378992,-1.39013,-1.15047,-0.102029
925,3,2,0.0865391,0.0787287,0.00565215,0.82908,-0.630859,-0.664997,-1.52454,0.247435
926,3,3,0.00296564,0.00436158,0.00563329,0.98704,-1.00481,-0.367993,-0.814093,0.321704
927,0,2,0.981847,0.016314,0.000268826,0.00156982,1.711,-1.62263,-1.54824,-1.59687
928,3,3,0.0101059,0.294186,0.00296694,0.692741,-1.40018,-0.713548,-1.35015,1.13359
929,0,4,0.989635,0.00904771,0.000197465,0.00111981,2.49541,-2.24766,-1.9385,-2.22242
930,0,1,0.996986,0.00226225,0.000212176,0.000539697,0.780307,-1.06122,-1.38506,-1.17498
931,2,0,0.0019772,0.00119107,0.993675,0.00315648,-1.21505,-1.1235,-0.217708,-0.360629
932,1,2,0.0116435,0.983407,0.00137811,0.00357105,-0.479646,1.0314,-1.64639,-2.14776
933,1,1,0.96594,0.0197511,0.00207212,0.0122368,0.655657,-0.422665,-1.10424,-1.62703
934,1,3,0.108033,0.88446,0.000806523,0.00670038,-0.992786,0.668744,-1.28889,-0.972965
935,0,2,0.997615,0.00109946,0.00023046,0.00105528,2.43411,-2.54817,-2.13576,-1.87102
936,2,1,0.00428972,0.00316923,0.989924,0.00261714,-1.68239,-1.12082,1.24895,-1.0003
937,0,0,0.991627,0.006729,0.000294715,0.0013495,1.21892,-1.68563,-1.2844,-0.849218
938,1,3,0.0675424,0.927853,0.000432142,0.00417275,-0.123139,0.368538,-1.87149,-1.40126
939,0,3,0.997479,0.00173453,0.000274175,0.000512227,0.939186,-0.791593,-1.4392,-1.64977
940,0,2,0.989193,0.00386502,0.000456233,0.00648535,2.70969,-3.24997,-1.58749,-1.45474
941,0,4,0.997824,0.000739019,0.000259674,0.00117749,2.60193,-2.40153,-1.492,-2.40494
942,0,4,0.461263,0.520642,0.00195253,0.0161421,-0.247324,0.421108,-1.55185,-1.33776
943,0,2,0.997473,0.00142817,0.00026213,0.000837124,1.86117,-1.86696,-1.44161,-2.26239
944,0,0,0.322332,0.202797,0.00450449,0.470367,0.169767,-0.430125,-1.76388,-0.389385
945,1,1,0.00988604,0.979767,0.0011813,0.00916544,-0.31722,-0.825718,-1.19007,0.0985595
946,0,1,0.997449,0.00194918,0.000263149,0.000338551,0.681237,-0.702104,-1.29265,-1.73433
947,2,1,0.133314,0.811482,0.0491515,0.00605222,-0.925764,-0.219375,-0.374213,-1.46653
948,1,0,0.00592524,0.992467,0.000313988,0.00129384,-1.09082,1.08955,-1.23781,-1.65086
949,0,0,0.998612,0.000765319,0.00013456,0.000488371,3.3044,-3.14122,-2.16896,-2.41836
950,1,4,0.0394213,0.947658,0.00113591,0.0117845,-1.40473,1.1672,-1.34396,-0.786904
951,1,4,0.915422,0.0804588,0.000931239,0.00318748,0.55413,-0.331301,-1.35878,-1.67316
952,0,0,0.998234,0.00107781,0.000228808,0.000459505,3.17463,-3.04653,-2.11855,-2.34499
953,0,3,0.991729,0.00485077,0.000573712,0.00284606,0.707116,-1.04261,-1.0695,-0.829572
954,0,3,0.997856,0.00156915,0.000176397,0.000398295,0.48081,-0.754702,-1.54734,-1.31782
955,0,1,0.868543,0.124152,0.000782782,0.00652223,-0.0088352,-0.492665,-1.17411,-0.810306
956,0,0,0.0966547,0.0108232,0.00456942,0.887953,-0.10195,-0.456148,-0.771382,-0.5743
957,0,1,0.998315,0.000971901,0.000217072,0.000495914,1.64607,-1.84362,-1.94162,-1.66393
958,0,3,0.994157,0.00413292,0.000337434,0.00137291,1.55863,-1.35904,-1.45438,-2.29181
959,1,1,0.0128432,0.984413,0.000339388,0.00240463,-0.441608,0.430035,-1.52669,-1.03054
960,1,4,0.00578052,0.990824,0.000346301,0.0030491,-2.05829,2.34195,-1.32166,-2.10165
961,0,2,0.876191,0.117198,0.00103801,0.00557318,0.31028,-0.618303,-1.02154,-1.2182
962,0,1,0.998354,0.00102657,0.000252804,0.000366393,2.43477,-2.39062,-1.58539,-2.0583
963,3,4,0.214073,0.0340371,0.00834114,0.743549,-0.310736,-0.391105,-0.171137,-0.839831
964,0,2,0.997262,0.00123814,0.000262587,0.00123693,4.12256,-4.36126,-2.27638,-2.75893
965,0,1,0.998331,0.000785546,0.000265967,0.000617787,3.4614,-3.37306,-1.68227,-2.30161
966,0,0,0.988923,0.00270276,0.000813101,0.00756159,1.42862,-1.6418,-1.55143,-1.52125
967,0,0,0.998557,0.000808294,0.000181415,0.000453412,1.80028,-1.44972,-1.48824,-2.19731
968,0,0,0.991047,0.00786816,0.000367281,0.000717698,0.178438,-0.110725,-1.97699,-1.28093
969,1,3,0.00848694,0.986481,0.000593409,0.00443858,-1.30201,0.62282,-0.890735,-0.909303
970,0,0,0.986502,0.0126786,0.000205884,0.000613456,0.706541,-0.794107,-1.86947,-1.52661
971,1,4,0.990392,0.00495427,0.000618285,0.00403566,1.26454,-1.39384,-1.40999,-1.19818
972,0,0,0.994528,0.00457867,0.000325898,0.000567519,0.322768,-0.574954,-1.97264,-1.07222
973,0,2,0.997444,0.00116903,0.000205341,0.00118165,2.00776,-1.89509,-1.93298,-2.46044
974,0,4,0.998341,0.000619606,0.000211636,0.000828091,2.99684,-3.09306,-1.95867,-2.2933
975,0,3,0.883817,0.114357,0.000225997,0.00159967,0.691134,-0.379387,-1.92778,-2.20971
976,0,2,0.997661,0.00129807,0.000235936,0.000805206,2.3523,-2.35398,-1.30405,-1.98117
977,0,2,0.153566,0.839957,0.00160261,0.00487411,0.329367,-0.210105,-1.17401,-1.76343
978,1,1,0.00806599,0.982306,0.000995383,0.00863245,-0.536211,0.222895,-1.39424,-0.723379
979,0,1,0.996831,0.00242192,0.000313526,0.000433591,1.69605,-1.46964,-1.30425,-2.21672
980,0,1,0.997662,0.00115115,0.000493657,0.000693454,1.68081,-1.56214,-1.35297,-2.00145
981,0,2,0.997784,0.00120655,0.000232306,0.000777486,1.30912,-1.69103,-0.993213,-1.55005
982,0,1,0.998447,0.000917607,0.00025037,0.000384763,1.97196,-1.84293,-1.75966,-1.78101
983,2,3,0.00502639,0.00144079,0.990681,0.00285139,-1.08913,-1.47114,1.08397,-1.54208
984,0,3,0.992832,0.00398289,0.000193514,0.0029918,1.02423,-0.995613,-1.54747,-1.18178
985,2,1,0.00656741,0.00149538,0.989797,0.00213995,-1.76596,-1.09999,0.993967,-1.02185
986,0,4,0.993217,0.0015588,0.000437112,0.0047874,0.888421,-1.0324,-1.23267,-0.954315
987,0,2,0.989825,0.00362608,0.000467351,0.00608145,1.02795,-1.42771,-1.27381,-0.977734
988,0,4,0.111306,0.689954,0.00469908,0.194041,-0.92723,-0.244574,-0.75034,0.14304
989,0,3,0.998442,0.00096446,0.00019159,0.000402439,3.42826,-3.46151,-1.55506,-2.64259
990,0,0,0.965499,0.0314017,0.000770922,0.00232868,0.423269,-0.282153,-0.780943,-1.75329
991,0,0,0.998465,0.000965425,0.000213322,0.000355854,1.14794,-1.19046,-1.72194,-1.83639
992,1,1,0.0258285,0.888094,0.0103393,0.0757384,-0.348833,0.0724172,-0.971743,-1.09133
993,0,0,0.995731,0.00305673,0.000173293,0.00103898,0.554645,-0.825094,-1.73539,-0.977162
994,1,3,0.00663427,0.990883,0.000829161,0.00165382,-0.978005,1.03952,-1.55093,-1.39202
995,0,3,0.993089,0.00537405,8.7246e-05,0.00144994,0.706533,-0.718227,-1.51933,-1.72108
996,0,4,0.1903,0.802759,0.00116066,0.00578033,-0.143782,0.205479,-1.10259,-1.30457
997,3,2,0.93192,0.0113148,0.00173349,0.0550313,0.9312,-3.04093,-1.04896,-0.495514
998,1,4,0.0165085,0.981021,0.000382504,0.00208809,-1.01617,1.04598,-1.08109,-1.20507
999,0,4,0.997114,0.00163363,0.000234429,0.00101831,1.06831,-0.572055,-1.74057,-1.89675
1000,0,3,0.998549,0.000923093,0.000171089,0.00035658,2.78571,-2.93063,-1.59208,-1.72328
1001,0,3,0.998576,0.000740299,0.00014663,0.000537399,3.51323,-3.21256,-2.39445,-2.46374
1002,0,4,0.996224,0.00210189,0.000253252,0.00142083,1.13374,-1.11436,-1.69572,-1.73249
1003,0,2,0.9974,0.00144773,0.000283963,0.000868709,2.5022,-2.60702,-1.49727,-2.74387
1004,0,0,0.998324,0.000893618,0.000184589,0.000597608,2.44237,-2.10844,-1.60933,-2.19808
1005,0,2,0.987778,0.00904728,0.000345911,0.00282919,0.405147,-0.919884,-1.10388,-0.871764
1006,1,1,0.0919916,0.893053,0.00126872,0.0136867,-1.00128,1.19689,-1.58447,-1.081
1007,0,4,0.998002,0.000882922,0.000245898,0.000869234,2.04743,-2.44756,-1.31132,-1.56568
1008,0,3,0.830541,0.111745,0.00170673,0.0560074,-0.455915,-0.088405,-0.615377,-0.985001
1009,1,4,0.843488,0.13783,0.000995369,0.0176865,0.521638,-0.735551,-1.64105,-1.08251
1010,0,2,0.993737,0.00386009,0.000276907,0.00212551,1.24766,-1.57769,-1.34985,-1.31194
1011,1,1,0.0498609,0.931209,0.00444056,0.0144891,-0.56505,1.05201,-1.37879,-1.96432
1012,1,2,0.0536337,0.918062,0.00195408,0.0263504,0.120834,-0.44102,-0.89823,-0.685738
1013,0,3,0.978732,0.0151562,0.000755967,0.00535617,1.78381,-1.72812,-1.75181,-1.6959
1014,1,1,0.0273942,0.949198,0.00296266,0.0204448,-0.518615,0.33589,-1.13272,-0.74378
1015,2,1,0.00420665,0.0026376,0.990866,0.00228935,-0.783968,-1.28654,0.756445,-0.669119
1016,0,4,0.997724,0.00153259,0.000282396,0.000461067,0.281358,-0.233566,-1.89866,-1.61583
1017,1,3,0.210968,0.778501,0.000673435,0.00985747,-0.0421885,0.106505,-1.56493,-1.6964
1018,0,1,0.841807,0.141231,0.00227833,0.0146835,-0.202491,-0.176955,-0.913023,-0.920806
1019,0,1,0.738589,0.253758,0.00228289,0.00537046,0.660866,-0.766064,-1.04697,-1.76968
1020,0,3,0.990389,0.00512401,0.000407863,0.00407924,0.559228,-1.36349,-1.20135,-0.794843
1021,0,3,0.998204,0.0012774,0.000168707,0.000349562,0.557879,-0.686102,-1.39563,-1.52725
1022,0,1,0.9983,0.000997853,0.000228377,0.000474122,0.531971,-1.53132,-1.27249,-0.734827
1023,1,4,0.00618796,0.991788,0.000444223,0.00157953,-0.915788,1.15313,-1.3368,-2.3586
1024,0,4,0.088141,0.888022,0.000843675,0.022993,-0.948146,1.17707,-1.6083,-1.81752
1025,0,1,0.997736,0.00121714,0.00025763,0.000788921,1.8521,-2.10744,-1.68614,-1.4093
1026,0,0,0.897778,0.0992631,0.000485993,0.0024729,-0.0723711,-0.0880882,-1.53963,-1.29292
1027,0,3,0.996589,0.0028426,0.000165177,0.000403265,1.45953,-1.04325,-1.47822,-1.66004
1028,0,3,0.998373,0.00103162,0.000206336,0.00038927,2.04378,-2.04528,-1.50162,-1.59815
1029,1,3,0.00915173,0.980214,0.000308903,0.0103248,-1.30939,0.686298,-0.872912,-0.523177
1030,1,3,0.00385053,0.991275,0.000418726,0.0044558,-1.29467,1.2255,-1.76653,-1.14048
1031,0,4,0.998252,0.000746592,0.000278709,0.00072221,3.49283,-3.99269,-1.44753,-1.94617
1032,0,3,0.99464,0.0044983,0.000165176,0.000696776,0.475327,-0.398678,-1.23488,-1.19592
1033,2,3,0.0106292,0.00340728,0.959621,0.026343,-0.130035,-2.04905,0.181207,-0.604657
1034,0,1,0.997798,0.00139146,0.000289114,0.000521477,1.94965,-1.6812,-1.54875,-1.9317
1035,0,4,0.99656,0.00248353,0.00019462,0.000762257,0.393273,-0.256121,-1.95677,-1.24064
1036,0,3,0.98585,0.0109198,0.000259582,0.00297076,1.30543,-1.58775,-1.38003,-1.22162
1037,0,4,0.998146,0.00107352,0.000179227,0.000601013,1.33826,-1.08031,-1.59321,-2.06108
1038,0,1,0.997657,0.00161705,0.000332721,0.000392808,0.721103,-0.70681,-1.40128,-1.6698
1039,0,0,0.976167,0.00283442,0.00114297,0.0198557,0.961063,-1.85907,-1.59305,-1.52977
1040,0,0,0.341323,0.087675,0.00328791,0.567714,-0.49988,-0.0768523,-1.57288,-0.326132
1041,0,1,0.525057,0.0575451,0.00648165,0.410916,-0.0480688,-0.461764,-1.70035,-0.260707
1042,0,4,0.998071,0.00129608,0.000160333,0.000472166,1.59616,-1.29722,-1.45533,-2.28254
1043,0,1,0.99399,0.0013848,0.00300114,0.00162375,0.0940806,-1.07391,-0.672039,-0.858905
1044,1,0,0.0155025,0.976116,0.00131806,0.00706301,-0.578736,0.445578,-1.26514,-1.45944
1045,0,3,0.0562183,0.940701,0.000210215,0.00287092,-0.395451,0.268263,-1.59091,-1.21589
1046,0,3,0.996159,0.00328641,0.000265388,0.000288639,1.05152,-0.803827,-1.25598,-2.16603
1047,0,3,0.196404,0.384917,0.00451199,0.414167,0.359454,-0.965334,-1.66917,-0.632075
1048,0,0,0.976164,0.0216824,0.000588351,0.00156531,0.93688,-0.826124,-1.74004,-1.05909
1049,0,2,0.988813,0.0044123,0.000645662,0.00612886,1.46286,-1.70069,-1.52689,-1.07361
1050,0,0,0.929087,0.0691686,0.000403336,0.00134069,0.0544363,-0.124516,-1.32913,-0.921063
1051,0,1,0.998476,0.000808229,0.000262906,0.000452491,1.10013,-1.81009,-1.46553,-0.844167
1052,0,1,0.996479,0.00131567,0.000336903,0.00186812,1.23395,-1.44868,-1.13547,-1.42805
1053,2,1,0.00374708,0.00708298,0.986554,0.00261588,-2.39999,-0.349726,0.425718,-1.54183
1054,0,1,0.995127,0.0039649,0.000250514,0.000657444,0.152024,0.344571,-2.21896,-1.86825
1055,0,1,0.554466,0.420992,0.00107877,0.0234626,0.576763,-0.435798,-1.28619,-1.47909
1056,0,3,0.996421,0.00271263,0.000138798,0.000727959,1.2224,-1.53195,-1.21203,-1.52738
1057,0,3,0.997834,0.00110725,0.000308373,0.000750665,2.16452,-2.21101,-1.82385,-1.66908
1058,0,4,0.313728,0.67068,0.00152257,0.0140698,0.0586177,0.215466,-1.36766,-1.10904
1059,0,1,0.994372,0.00307649,0.0004882,0.00206344,1.25912,-1.86303,-0.810664,-0.90663
1060,0,2,0.997164,0.00204413,0.000223268,0.000569023,0.532321,-0.728514,-1.84751,-1.72523
1061,0,2,0.997605,0.00108135,0.000273141,0.00104094,2.33981,-2.59269,-2.07371,-1.59476
1062,1,1,0.00243092,0.986465,0.000679008,0.0104256,-0.262393,-0.0179249,-1.51853,-0.471412
1063,1,0,0.381477,0.589691,0.00110335,0.0277287,-0.77413,0.187111,-2.02765,-0.493645
1064,0,3,0.996563,0.00203792,0.00017514,0.00122405,1.60987,-1.92024,-1.10962,-1.50567
1065,3,2,0.0757702,0.0589667,0.0204781,0.844785,-0.314812,-0.918809,-1.18985,0.263955
1066,0,4,0.997859,0.00151939,0.00018595,0.000435737,1.1383,-1.12597,-1.39673,-1.02355
1067,1,3,0.623302,0.258313,0.00184013,0.116545,0.342118,-0.627766,-1.45783,-0.885157
1068,1,4,0.124287,0.724048,0.135763,0.0159029,-0.259754,-1.16197,0.0859436,-1.61433
1069,0,0,0.997394,0.00181142,0.000164024,0.000629996,1.7005,-1.94166,-1.3533,-1.36555
1070,0,2,0.995697,0.00173144,0.000345971,0.00222538,1.53284,-1.6245,-1.52925,-1.5034
1071,0,3,0.998215,0.000957672,0.000242137,0.000584842,2.05096,-2.81788,-1.71162,-1.11107
1072,0,4,0.998085,0.000872709,0.000254221,0.000787657,1.90119,-2.3313,-0.770376,-1.54449
1073,0,1,0.997876,0.00128448,0.000215709,0.000624175,1.71721,-2.05987,-2.27353,-0.927005
1074,0,4,0.997931,0.0010423,0.000247809,0.000778361,2.44733,-2.74265,-1.19563,-1.64475
1075,1,3,0.00627959,0.985803,0.00066154,0.00725605,-2.18906,1.33023,-0.90172,-0.648254
1076,0,1,0.998429,0.000764433,0.000246484,0.000559817,2.80666,-2.58323,-1.55436,-2.10527
1077,0,2,0.96405,0.0326834,0.000312841,0.0029537,0.265519,-0.173766,-1.30021,-1.47482
1078,0,2,0.952874,0.00577211,0.00166183,0.0396916,-0.0499475,-0.340306,-1.11356,-0.501655
1079,0,2,0.997928,0.00110519,0.000184155,0.000782932,2.01677,-1.63264,-2.26835,-2.23827
1080,0,3,0.998502,0.000897276,0.000160089,0.000440297,1.80397,-2.27667,-1.31429,-1.27482
1081,0,1,0.484354,0.46489,0.00148109,0.049275,0.400755,-0.446763,-1.79328,-1.18658
1082,1,1,0.358937,0.633656,0.00133302,0.00607417,0.635808,-0.733064,-1.4169,-0.764283
1083,0,4,0.183567,0.63232,0.00427304,0.179841,0.0291965,0.0249175,-1.6112,-1.67951
1084,0,1,0.910362,0.0707675,0.00289748,0.0159726,-0.218638,-0.591833,-0.883655,-0.563106
1085,0,4,0.938524,0.0288717,0.000941775,0.031663,-0.280259,0.435388,-1.29955,-1.17213
1086,0,0,0.998266,0.000991989,0.000205912,0.000536184,2.63182,-2.56592,-1.6949,-2.34207
1087,0,1,0.998298,0.000884911,0.000294964,0.000521739,1.18385,-1.54225,-1.66444,-1.31315
1088,1,4,0.548427,0.438099,0.00111822,0.0123553,-0.544221,0.216915,-1.55303,-1.03845
1089,0,2,0.996285,0.00215819,0.000288112,0.00126873,1.29816,-1.34861,-1.57292,-1.65446
1090,2,4,0.873909,0.0974771,0.0154986,0.013115,-0.540876,-0.770348,0.23459,-1.85187
1091,2,2,0.00418356,0.00489347,0.989286,0.00163671,-1.37792,-0.933061,0.764123,-1.74417
1092,0,2,0.997835,0.00122681,0.000184138,0.00075434,2.3486,-2.25725,-2.15464,-2.32952
1093,0,4,0.998156,0.00101243,0.000255234,0.000576303,1.24435,-1.15239,-1.40085,-1.93733
1094,2,3,0.00288999,0.00105489,0.993364,0.00269114,-2.50268,-2.2545,2.47621,-1.50611
1095,1,4,0.0953765,0.894365,0.00104311,0.00921579,-0.322621,0.205132,-1.42283,-1.38624
1096,0,2,0.951446,0.0202841,0.0018012,0.0264684,2.51165,-2.8209,-1.45501,-1.68397
1097,0,3,0.544057,0.0275136,0.00430256,0.424126,-1.59686,0.165049,-1.26884,0.50517
1098,1,2,0.00753275,0.985151,0.000427674,0.00688885,-0.565923,0.269223,-1.51096,-1.02973
1099,1,0,0.860953,0.105625,0.00127931,0.0321431,0.413138,-0.795956,-1.44274,-0.884642
1100,0,4,0.998263,0.000826411,0.000186753,0.00072363,1.71537,-1.70635,-1.51425,-1.81045
1101,3,4,0.0419812,0.0230826,0.837879,0.0970567,-0.650498,0.258826,-1.08381,-0.918833
1102,2,2,0.00473069,0.00319782,0.989148,0.00292304,-0.367028,-1.72966,0.900177,-1.10973
1103,0,4,0.99232,0.00157729,0.000559662,0.00554305,0.874086,-1.60274,-1.3848,-0.847455
1104,0,2,0.996504,0.00242823,0.000348967,0.000718836,1.1012,-1.17117,-1.28278,-2.07999
1105,0,3,0.997476,0.00164382,0.000280129,0.000600023,0.825892,-0.778328,-1.58355,-2.23401
1106,2,4,0.00532721,0.00161679,0.989735,0.00332069,-1.38479,-1.53586,1.43117,-1.68231
1107,0,2,0.997139,0.00181361,0.000236735,0.000811097,0.892308,-0.534647,-1.46926,-1.371
1108,1,1,0.016276,0.873157,0.00500284,0.105564,0.0881417,0.0393538,-1.47375,-1.44311
1109,3,3,0.00956069,0.0168041,0.00316821,0.970467,-0.753462,-0.845376,-1.556,0.46026
1110,0,1,0.914127,0.0826528,0.000672419,0.00254761,0.699928,-0.56772,-1.23035,-1.75795
1111,0,2,0.95981,0.0366747,0.000291454,0.00322343,1.03898,-1.92568,-1.67943,-0.872473
1112,3,3,0.678014,0.00828851,0.00237006,0.311328,-0.188657,-0.341222,-1.48865,-0.197933
1113,0,3,0.998126,0.00134384,0.000178874,0.000351589,1.9464,-1.46602,-1.8394,-1.87772
1114,0,4,0.994888,0.00150601,0.000400225,0.0032054,1.34562,-1.62924,-1.43094,-1.39415
1115,0,3,0.997017,0.00248346,0.000226308,0.00027298,-0.122292,0.537965,-1.74924,-2.34456
1116,0,0,0.995689,0.00258904,0.0002556,0.00146657,1.00159,-1.00035,-1.07144,-1.6166
1117,0,1,0.996364,0.00275788,0.000251316,0.000626892,0.385572,-0.479156,-1.57571,-1.37366
1118,1,3,0.00622857,0.988838,0.000731649,0.00420213,-1.7479,1.39869,-1.13211,-1.93643
1119,1,3,0.509322,0.4879,0.000562416,0.00221573,-0.135265,-0.00464836,-1.4163,-0.946173
1120,0,0,0.998722,0.000809217,0.000151307,0.000317824,1.99162,-1.92013,-1.80219,-2.25159
1121,0,0,0.997686,0.00121827,0.000160898,0.000934992,1.60582,-1.51641,-1.55615,-1.70367
1122,0,0,0.997025,0.00197035,0.000174879,0.000830236,0.675036,-1.10387,-1.7775,-1.56542
1123,0,1,0.530004,0.416412,0.00142606,0.0521582,-0.606066,-0.450866,-1.67669,0.139474
1124,3,1,0.167944,0.0585524,0.00748054,0.766023,-0.464003,-0.540081,-1.14365,-0.0599341
1125,0,0,0.996124,0.00314117,0.000167699,0.00056732,1.04812,-1.38907,-1.47526,-1.53406
1126,2,1,0.00802218,0.00795975,0.981273,0.00274545,-1.71731,-1.45718,1.3634,-1.93934
1127,0,3,0.998192,0.000775528,0.000246426,0.000786204,1.88893,-2.49604,-1.42078,-2.26458
1128,0,4,0.664747,0.0651792,0.0258254,0.244248,0.227645,-0.827798,-1.4343,-0.333826
1129,0,1,0.998428,0.00088849,0.000241716,0.000441987,2.18184,-2.39329,-1.62203,-2.55457
1130,0,4,0.997238,0.00162587,0.000193615,0.000942822,0.575672,-0.119053,-2.00272,-1.72269
1131,0,4,0.993358,0.00203932,0.00036243,0.00423994,1.40554,-1.515,-0.92115,-1.3573
1132,1,1,0.634319,0.36213,0.000785993,0.0027649,0.0459066,0.0891432,-1.95881,-1.90515
1133,0,2,0.996898,0.00224225,0.00025994,0.000599675,1.67744,-1.72673,-1.0204,-1.51025
1134,0,4,0.998026,0.000807864,0.000167692,0.000998554,1.69475,-1.60295,-1.68639,-1.50712
1135,0,2,0.99388,0.0024325,0.000316901,0.00337061,0.780618,-1.9979,-1.41986,-0.340805
1136,0,2,0.99431,0.00350982,0.000297249,0.00188234,1.04355,-0.85499,-1.61177,-1.92468
1137,0,1,0.998083,0.000903934,0.000252242,0.000760446,1.94847,-2.15073,-1.73634,-1.29261
1138,0,3,0.998473,0.00076223,0.000225755,0.000538921,1.7959,-2.4327,-1.44486,-1.19883
1139,0,4,0.996473,0.00259108,0.000255801,0.000680559,1.33152,-1.35982,-2.10355,-1.31921
1140,0,0,0.995434,0.00403251,0.00013492,0.000398883,0.588635,-0.748419,-1.45513,-1.24929
1141,0,2,0.606909,0.376103,0.00138861,0.0155996,0.429071,-0.424508,-1.47349,-1.59679
1142,0,3,0.994316,0.00354601,0.000275988,0.00186224,0.893399,-0.92914,-1.17851,-1.5986
1143,0,1,0.998276,0.000814405,0.000321427,0.00058774,2.20443,-1.92947,-1.49007,-1.96433
1144,2,3,0.0033652,0.00104555,0.992286,0.00330334,-1.88337,-2.41227,2.13557,-1.4431
1145,1,4,0.00835893,0.986662,0.000456847,0.00452254,-1.5733,1.62128,-1.3165,-1.16158
1146,0,0,0.995362,0.00251592,0.000270406,0.0018515,1.12848,-1.00163,-1.79761,-1.62771
1147,1,3,0.00404916,0.917233,0.000960822,0.077757,-1.82857,0.986723,-1.33642,-0.378262
1148,1,0,0.0196405,0.705318,0.00417762,0.270864,-0.255534,-0.389699,-1.13592,-0.341758
1149,1,3,0.00580373,0.990924,0.000300902,0.0029715,-0.217656,-0.00896876,-1.5814,-1.28712
1150,0,2,0.997359,0.001435,0.000280643,0.000925602,2.09298,-1.80211,-1.73864,-2.22781
1151,0,4,0.99302,0.00189465,0.000428572,0.00465735,1.23247,-1.32652,-1.42352,-1.55811
1152,0,4,0.576722,0.403404,0.00104384,0.0188306,-0.255891,0.335081,-1.20789,-1.07996
1153,0,2,0.992778,0.00528133,0.0002761,0.00166509,0.861523,-1.33119,-1.56311,-1.13013
1154,1,4,0.0384289,0.903504,0.00148026,0.0565866,-1.16435,1.26914,-1.39093,-1.17069
1155,0,2,0.994505,0.00397793,0.000277663,0.00123955,1.72031,-1.88403,-1.33496,-1.38529
1156,0,3,0.992178,0.0047313,0.000500627,0.00259001,2.43254,-2.7889,-1.95006,-2.32733
1157,0,0,0.998461,0.00076222,0.00021838,0.000558743,1.72632,-2.18058,-1.75353,-1.37015
1158,0,2,0.992902,0.00427332,0.000422703,0.0024018,0.84596,-0.5203,-1.03985,-2.03647
1159,0,4,0.996138,0.00214736,0.000249304,0.0014658,1.32383,-0.921515,-1.47077,-1.99681
1160,0,0,0.786801,0.210527,0.000418496,0.00225355,1.41902,-0.916799,-2.25066,-1.65446
1161,0,3,0.997273,0.00224091,0.000121165,0.00036457,1.22044,-1.56657,-1.08767,-0.899968
1162,2,2,0.00282355,0.00295906,0.991603,0.00261391,-0.928315,-1.14483,0.427588,-0.763583
1163,0,4,0.925318,0.0714924,0.000430961,0.00275856,0.759482,-0.268335,-1.3623,-2.37892
1164,2,4,0.00755302,0.00122969,0.988526,0.00269114,-1.29182,-1.60719,0.915076,-1.19612
1165,0,4,0.998024,0.00137825,0.000143996,0.000454056,1.8515,-2.03863,-1.32771,-1.69323
1166,0,1,0.995292,0.00388127,0.000235836,0.000590579,1.33678,-1.25715,-1.40079,-1.69959
1167,0,0,0.998266,0.0011954,0.00022439,0.000313978,1.07022,-0.965938,-1.36898,-1.68193
1168,0,1,0.997541,0.00150561,0.000231797,0.000721695,1.19247,-0.81907,-1.75334,-2.07369
1169,1,1,0.861996,0.135326,0.000739859,0.00193788,0.757317,-0.587525,-1.02271,-1.55379
1170,3,4,0.338028,0.00847063,0.00763764,0.645864,0.340129,-0.761196,-0.954222,-0.439826
1171,0,2,0.997447,0.00136674,0.000212689,0.000973905,0.956897,-1.40064,-1.75087,-1.03888
1172,0,3,0.996277,0.00189901,0.000186746,0.00163704,0.771119,-0.888493,-1.19617,-0.981092
1173,0,0,0.991225,0.00803361,0.000185799,0.000555778,0.687713,-0.768435,-1.77189,-1.68421
1174,0,1,0.0276722,0.965997,0.000490281,0.00584019,-0.521866,0.384213,-1.23131,-1.18596
1175,1,0,0.064652,0.913658,0.00179856,0.0198918,0.590734,-0.847854,-0.905,-1.18935
1176,0,4,0.720745,0.268273,0.000600761,0.0103818,0.590106,-0.556849,-1.4286,-1.42786
1177,0,1,0.975636,0.0106495,0.00073039,0.0129845,0.555251,-2.13505,-1.17955,-0.170119
1178,0,1,0.914569,0.0550047,0.00131974,0.029106,0.211535,-0.299191,-1.95592,-1.18726
1179,0,4,0.9266,0.0330905,0.00158475,0.0387245,-0.166364,-0.103836,-0.970526,-1.17031
1180,1,0,0.0607305,0.937086,0.000328159,0.00185552,-0.26799,0.528875,-1.92985,-1.80497
1181,2,3,0.002154,0.00265724,0.991445,0.00374365,-1.81728,-0.928856,1.49331,-1.36377
1182,0,2,0.997642,0.00116243,0.000232273,0.000963687,3.44068,-2.75272,-2.25502,-2.78062
1183,0,1,0.998196,0.000912907,0.00024166,0.000649882,1.9154,-1.5328,-2.26017,-2.36137
1184,0,1,0.998243,0.000737167,0.000326478,0.000693181,3.17369,-3.5057,-2.13942,-2.34043
1185,1,2,0.00384565,0.962375,0.000768428,0.0330111,-1.98247,1.56534,-1.1902,-1.12403
1186,0,4,0.998415,0.00078026,0.000168085,0.000636209,2.94386,-2.97356,-2.12991,-1.86328
1187,1,2,0.0322449,0.9628,0.000807237,0.00414781,-0.666735,0.74327,-1.46261,-1.64998
1188,0,2,0.997704,0.00106573,0.000215672,0.00101494,2.43321,-2.82323,-1.75465,-1.66539
1189,3,4,0.0538484,0.0240032,0.00724943,0.914899,-1.46019,-0.446515,-0.721469,0.280235
1190,1,0,0.00761118,0.98694,0.000449013,0.00500007,-0.0991911,0.077494,-1.55471,-1.30832
1191,0,3,0.995548,0.00374998,0.000149945,0.000551699,0.446863,-0.727165,-1.38321,-1.44915
1192,1,3,0.00566303,0.985491,0.000493383,0.00835309,-0.985084,-0.189949,-1.34664,0.210191
1193,0,0,0.00230486,0.00126049,0.994661,0.00177411,-0.844787,-2.00964,1.29475,-1.64484
1194,0,3,0.991412,0.00470691,0.000548335,0.00333282,0.305404,-1.04853,-1.34869,-1.19386
1195,1,1,0.00358578,0.993266,0.000280586,0.00286722,-0.288461,0.385934,-1.645,-1.60905
1196,1,2,0.0474321,0.947133,0.00123716,0.00419752,-0.992143,0.802357,-1.20141,-1.39824
1197,0,2,0.949232,0.0141968,0.000644508,0.0359268,0.757783,-1.29181,-1.48963,-0.52697
1198,0,1,0.969017,0.00863288,0.00141756,0.0209329,0.829814,-1.05273,-0.967583,-0.884658
1199,0,0,0.998563,0.000876543,0.000154568,0.000406438,2.73772,-2.19987,-1.99308,-2.53703
1200,2,1,0.0104098,0.00216028,0.98467,0.00276034,-0.732091,-0.626054,0.267594,-1.33856
1201,0,2,0.986756,0.00661309,0.000717387,0.00591348,0.808839,-0.793424,-1.10803,-1.57308
1202,0,4,0.969814,0.0284542,0.000198099,0.00153401,0.597429,-0.991113,-1.24388,-0.783401
1203,1,1,0.00949248,0.982067,0.000846216,0.00759397,-1.6287,1.1875,-1.09603,-0.578921
1204,0,3,0.998546,0.00076303,0.000189748,0.000500897,3.68155,-3.59835,-1.96997,-2.66306
1205,0,0,0.998379,0.000887579,0.000175802,0.000557607,2.83999,-3.3672,-1.83787,-1.97949
1206,1,0,0.00585616,0.992337,0.000334195,0.0014731,-1.51269,1.51067,-1.69996,-1.84649
1207,0,4,0.992697,0.00385229,0.000397786,0.00305337,2.18516,-2.23471,-1.69748,-1.83821
1208,3,1,0.992693,0.00200635,0.000597146,0.0047038,0.979238,-1.82932,-1.40591,-0.655255
1209,0,0,0.987674,0.00678615,0.000943865,0.00459622,0.673018,-1.179,-1.20218,-1.44915
1210,2,2,0.0263504,0.947434,0.00803837,0.0181768,0.0367785,-0.0395291,-0.745549,-1.6148
1211,0,2,0.102439,0.0464767,0.0179622,0.833123,-0.15263,-0.307712,-0.769271,-0.470447
1212,1,4,0.256902,0.703809,0.00333006,0.0359592,-0.93246,0.428499,-1.26916,-0.988185
1213,0,1,0.967776,0.0299905,0.000555498,0.00167796,0.00682171,0.237594,-1.39454,-1.88561
1214,0,3,0.996006,0.00351195,0.000108898,0.00037347,1.07288,-1.14607,-1.4947,-0.899037
1215,0,0,0.983899,0.0144236,0.000298769,0.0013788,0.622834,-0.667376,-1.72197,-1.06429
1216,0,1,0.994821,0.00276709,0.000397083,0.00201459,2.30737,-2.89286,-1.82788,-1.89565
1217,1,4,0.00296349,0.993091,0.000518004,0.00342766,-1.31457,1.24098,-1.06209,-1.19366
1218,1,3,0.00768626,0.988074,0.000293086,0.00394642,-0.956994,0.992425,-1.20435,-1.31057
1219,0,3,0.984122,0.0151192,0.000192943,0.000565985,0.3748,-0.42715,-1.07829,-2.04635
1220,0,1,0.997771,0.00144121,0.00021069,0.000577207,1.55374,-1.69616,-1.34015,-2.00701
1221,0,3,0.998202,0.000860959,0.000260789,0.000675775,2.89673,-3.48383,-1.72222,-1.83068
1222,0,2,0.329861,0.656648,0.00153504,0.0119567,-0.245846,-0.0757693,-1.02849,-1.35962
1223,2,1,0.00374552,0.00217198,0.989037,0.00504507,-0.920402,-2.64603,1.77108,-0.968004
1224,0,3,0.997395,0.00156995,0.000250596,0.000784044,0.753378,-0.875249,-1.86132,-1.33242
1225,0,1,0.996489,0.00244247,0.000275513,0.000792565,1.28922,-1.21736,-1.23189,-1.85482
1226,0,2,0.997582,0.00156565,0.00020779,0.000644428,1.7876,-1.5418,-1.89858,-2.3013
1227,2,0,0.0034888,0.989322,0.00371381,0.0034752,-0.687631,-1.35886,0.934269,-2.32291
1228,0,0,0.385169,0.186324,0.00589436,0.422613,0.218487,-0.78575,-1.38231,-0.315114
1229,0,3,0.996706,0.00165705,0.000160427,0.0014767,1.09953,-1.18908,-1.31484,-1.1071
1230,1,3,0.0709233,0.56983,0.00818395,0.351062,-0.34154,-0.281948,-0.884358,-0.749318
1231,0,1,0.998049,0.000854963,0.000359899,0.000735586,3.84302,-4.23719,-2.09715,-2.79244
1232,0,4,0.994838,0.00252197,0.000249465,0.00239009,0.881343,-1.3068,-1.24972,-0.632503
1233,0,2,0.913084,0.00993755,0.0025747,0.0744036,1.14892,-1.00346,-1.70856,-1.48731
1234,0,1,0.998019,0.00129981,0.00019039,0.000490949,2.18796,-2.61016,-2.22074,-1.76899
1235,0,4,0.993838,0.00330205,0.000169618,0.0026898,1.00203,-0.0915011,-1.10775,-2.46812
1236,0,4,0.99808,0.00107765,0.000195298,0.000646642,1.92722,-2.25167,-1.66177,-1.4903
1237,0,2,0.997532,0.00133911,0.000275801,0.000852853,1.28068,-1.34018,-1.1976,-1.20997
1238,0,1,0.998164,0.000794673,0.000314559,0.00072639,3.71481,-3.49083,-1.50714,-2.69831
1239,0,2,0.995704,0.00168639,0.00037555,0.0022341,1.85409,-2.05866,-1.61669,-1.4589
1240,1,1,0.00271292,0.989739,0.000596533,0.00695142,0.0784386,-0.339242,-1.38503,-0.980742
1241,0,4,0.99791,0.000923404,0.000216561,0.000949929,2.50994,-2.70914,-2.03142,-2.17138
1242,1,2,0.013823,0.98151,0.000397163,0.00426991,-0.522953,0.0547393,-0.878042,-0.761837
1243,0,3,0.993573,0.00407441,0.00044156,0.00191057,2.26848,-2.58728,-1.70198,-1.73364
1244,0,1,0.996984,0.00116963,0.000589277,0.00125728,1.36801,-2.13275,-1.42871,-0.539961
1245,0,3,0.996154,0.00186386,0.000183111,0.00179948,0.819345,-1.00848,-1.24773,-1.05776
1246,0,0,0.697935,0.299592,0.000422304,0.00205043,1.02826,-1.09916,-1.73317,-1.38772
1247,1,1,0.00952679,0.985377,0.000411385,0.00468512,-1.14416,1.13018,-1.22009,-1.72819
1248,0,2,0.996652,0.0025626,0.000215445,0.000569843,0.89866,-0.7843,-0.983147,-1.87645
1249,1,3,0.00842218,0.986391,0.0003176,0.00486963,-0.279149,0.424618,-1.78071,-0.787823
1250,0,4,0.997471,0.00121801,0.000318668,0.000992168,0.197147,-1.37288,-0.834315,-1.4403
1251,0,2,0.56507,0.164364,0.00273168,0.267834,0.35027,-0.867346,-1.34479,-0.541847
1252,0,2,0.972523,0.0146807,0.00125063,0.0115456,1.01428,-1.50638,-0.941202,-1.25164
1253,0,2,0.993607,0.00246291,0.000381405,0.00354868,1.24998,-1.30601,-1.3631,-1.74973
1254,0,3,0.998431,0.000884164,0.000185331,0.000499861,2.9666,-2.9801,-2.06484,-2.23303
1255,0,1,0.129946,0.700127,0.0298733,0.140053,-0.650007,0.260603,-0.744901,-1.19184
1256,0,4,0.981631,0.00963298,0.000635984,0.00809991,1.13974,-1.19096,-1.31542,-1.6158
1257,0,0,0.998571,0.00091593,0.000174127,0.000338932,1.95118,-2.1656,-1.5316,-1.89641
1258,2,4,0.00575091,0.00217642,0.988159,0.00391413,-1.66097,-2.09716,1.93374,-1.60061
1259,0,2,0.992198,0.00484359,0.00047492,0.00248355,1.47072,-1.46507,-1.58767,-1.53055
1260,0,1,0.99837,0.000914852,0.000268587,0.000446299,1.81835,-2.51563,-1.49308,-1.15793
1261,0,4,0.977441,0.0189018,0.000518882,0.00313844,-0.148588,0.00304756,-1.53011,-0.825045
1262,0,3,0.996889,0.00126579,0.000206836,0.00163805,1.72721,-2.28071,-1.45817,-1.09241
1263,0,2,0.989999,0.00540726,0.000480391,0.00411363,2.48544,-2.75749,-1.79023,-1.68552
1264,0,0,0.846867,0.0381656,0.00344746,0.11152,0.476459,-1.37984,-1.14289,0.0580796
1265,0,4,0.995093,0.00283072,0.000329284,0.00174737,1.47013,-1.13213,-1.76842,-1.68371
1266,0,4,0.995376,0.00232234,0.0003653,0.0019366,2.7544,-2.68151,-1.728,-2.16187
1267,1,0,0.179782,0.815226,0.00129707,0.003695,0.449133,-0.605065,-1.63682,-1.39762
1268,0,2,0.995703,0.00269484,0.000216504,0.00138583,1.40477,-1.30617,-1.55261,-1.55516
1269,0,3,0.3753,0.431967,0.0051232,0.18761,-0.635747,0.0790033,-1.43462,-0.56134
1270,2,2,0.00380893,0.00611346,0.987291,0.00278667,-1.74912,-1.33124,1.42356,-1.32597
1271,0,2,0.997838,0.00117292,0.000190355,0.000799082,2.75496,-2.7424,-2.21649,-2.12928
1272,0,0,0.992689,0.00510341,0.000452512,0.0017551,2.69962,-2.31749,-1.8229,-2.0872
1273,1,2,0.90164,0.013624,0.00378694,0.0809487,0.673649,-1.14818,-1.06357,-0.655903
1274,0,1,0.996583,0.00239896,0.000273395,0.000744616,0.61253,-0.960774,-1.74916,-1.1886
1275,0,2,0.996243,0.00294114,0.000226575,0.000588839,0.694022,-0.799722,-1.45593,-1.20434
1276,0,1,0.997266,0.00207046,0.00022814,0.000435478,0.302006,-0.613218,-1.37273,-1.10687
1277,0,2,0.99663,0.00226365,0.000210038,0.000896468,0.613171,-0.485832,-1.73109,-1.62062
1278,1,0,0.00536819,0.992006,0.000351487,0.00227414,-1.51502,1.10937,-0.909609,-1.29948
1279,0,2,0.980342,0.0175568,0.000372656,0.0017282,1.62298,-1.08127,-1.60433,-1.91363
1280,0,2,0.995602,0.0021971,0.000261638,0.00193893,1.19468,-1.76395,-1.46004,-0.769419
1281,1,0,0.0126778,0.984149,0.000259134,0.00291396,-0.81008,0.689536,-1.51582,-1.28553
1282,0,3,0.991383,0.00570246,0.000505134,0.00240986,1.37415,-1.27334,-1.70765,-1.94999
1283,0,4,0.996293,0.00217938,0.000259275,0.00126874,1.66682,-1.17371,-1.66539,-2.00269
1284,0,1,0.99822,0.000912038,0.000305494,0.000562989,3.1763,-4.11788,-1.79911,-2.13688
1285,3,0,0.432048,0.021658,0.0033246,0.542969,0.288683,-1.01993,-0.912568,-0.245366
1286,0,4,0.992191,0.00580548,0.000494801,0.00150928,1.45291,-0.907525,-1.82156,-1.98034
1287,1,3,0.228107,0.401123,0.00196007,0.36881,-0.302529,-0.230804,-1.04211,-0.670563
1288,3,4,0.0390239,0.895147,0.00390944,0.0619201,-1.31424,0.912707,-1.49128,-0.527647
1289,0,0,0.997738,0.00178134,0.000108875,0.000371933,1.60238,-1.63298,-2.03115,-1.64757
1290,1,1,0.035083,0.953331,0.000706757,0.0108788,-0.0941333,-0.131452,-1.77964,-0.927701
1291,0,4,0.998324,0.000804955,0.000190448,0.000680493,2.08769,-1.55818,-1.65816,-2.25158
1292,0,4,0.998301,0.000706204,0.000216646,0.000776371,2.86461,-3.12665,-1.78931,-1.65603
1293,0,2,0.988629,0.00856063,0.000269628,0.00254073,1.58855,-1.45489,-1.50956,-1.71293
1294,0,4,0.998043,0.000821402,0.000291453,0.000844172,2.6012,-2.91761,-1.4066,-1.77896
1295,0,3,0.998224,0.00111201,0.000200349,0.000463104,2.1406,-2.85649,-1.25766,-2.07445
1296,1,3,0.0207501,0.804928,0.00674973,0.167573,-0.897229,0.202932,-1.07804,-0.173053
1297,0,3,0.997879,0.00112693,0.000421515,0.000572777,1.66423,-1.86201,-1.44404,-1.30145
1298,0,4,0.997808,0.00151783,0.00020865,0.000465631,1.05165,-1.18249,-1.62703,-1.11333
1299,0,0,0.998025,0.00119394,0.000227868,0.000553071,2.25781,-2.18253,-1.85393,-1.82566
1300,0,3,0.992322,0.00218772,0.000406271,0.00508412,0.304655,-1.01498,-1.29955,-0.356127
1301,2,2,0.00388231,0.00280453,0.990712,0.00260138,-1.98364,-0.337452,0.303654,-1.48267
1302,0,2,0.997535,0.00155795,0.000222915,0.000683951,1.23621,-1.56825,-1.60989,-1.34927
1303,0,0,0.963183,0.0347769,0.000519366,0.00152055,-0.388074,0.209985,-1.11169,-1.53386
1304,0,1,0.969304,0.00602851,0.0020431,0.022624,1.0219,-1.73492,-1.3551,-0.35573
1305,0,3,0.925656,0.065533,0.000596215,0.00821444,0.394225,-0.440438,-1.41231,-1.19583
1306,0,1,0.998284,0.000677813,0.000306111,0.000732175,1.77667,-2.89655,-1.6072,-1.07157
1307,0,0,0.997291,0.00214774,0.000260551,0.000301066,1.26492,-0.810684,-1.95475,-2.71088
1308,0,2,0.99748,0.00124812,0.000221601,0.00105,1.85159,-1.84715,-2.05447,-1.64819
1309,2,2,0.0165384,0.24928,0.721314,0.0128675,-1.27916,-0.77426,0.718471,-0.86278
1310,0,4,0.99796,0.00130482,0.00014455,0.00059043,2.30788,-2.36305,-1.2749,-1.22376
1311,1,2,0.861965,0.13001,0.000676261,0.00734901,-0.00764127,-0.339053,-1.37734,-0.770855
1312,0,4,0.997765,0.00102697,0.000256633,0.000951647,2.25496,-1.96363,-1.89145,-1.96263
1313,3,3,0.122045,0.176408,0.00417922,0.697367,-0.33633,-0.200629,-0.880132,-0.444264
1314,0,0,0.996221,0.00303147,0.000351604,0.000396092,0.707575,-0.762295,-1.39775,-1.41127
1315,0,3,0.981074,0.0171043,0.000344235,0.00147787,1.14111,-0.83977,-1.28988,-2.12527
1316,0,2,0.764834,0.0474593,0.00613179,0.181575,0.128701,-1.12823,-1.48666,-0.173582
1317,0,4,0.983961,0.00792331,0.000672014,0.00744326,0.57748,-2.09175,-1.53367,-0.698361
1318,0,4,0.0898858,0.905159,0.000767854,0.00418763,-0.0551935,-0.0527422,-1.53165,-1.6396
1319,0,1,0.998264,0.00081918,0.000270137,0.000646761,3.75548,-3.64753,-2.10574,-2.41797
1320,1,3,0.881064,0.11625,0.00103768,0.00164852,0.0491104,0.138155,-1.56814,-1.96161
1321,0,2,0.997879,0.00113799,0.000193739,0.000789034,2.53298,-2.40881,-2.20569,-1.78564
1322,0,1,0.995224,0.000956669,0.000938165,0.0028813,1.24013,-2.46012,-1.60821,-0.357652
1323,0,0,0.971598,0.018654,0.00239428,0.00735333,-0.185316,-0.748204,-0.321968,-1.02792
1324,0,2,0.921217,0.0573187,0.0075312,0.0139334,0.00734799,-1.19172,-0.406925,-0.323814
1325,0,2,0.971614,0.0134855,0.00126913,0.0136311,1.85382,-2.61676,-1.71034,-1.30622
1326,0,1,0.995252,0.0028064,0.000299279,0.00164176,0.74108,-1.34585,-1.37959,-0.974605
1327,0,0,0.980901,0.00854884,0.000896215,0.00965405,0.220874,-1.46066,-0.962983,-0.12541
1328,3,1,0.165117,0.139434,0.00770757,0.687742,0.638797,-1.22011,-1.53608,-0.586504
1329,0,4,0.414439,0.581038,0.000823841,0.00369942,0.781862,-0.791328,-1.10399,-1.91335
1330,0,1,0.997564,0.00183756,0.000215642,0.000382924,0.982739,-0.608221,-1.67677,-2.16304
1331,2,4,0.00648038,0.00173822,0.985063,0.00671882,-0.0579415,-1.56241,-0.208816,-0.847429
1332,0,3,0.0663424,0.927983,0.00105107,0.00462398,0.5647,-0.660855,-1.56035,-0.770936
1333,0,2,0.0305979,0.0450005,0.00541141,0.91899,-0.728389,0.258719,-0.828961,-0.574986
1334,0,4,0.998476,0.000651971,0.000198452,0.000673982,3.91723,-3.52684,-2.00224,-2.89087
1335,3,2,0.135388,0.335252,0.00193404,0.527426,-0.839282,0.112711,-1.86292,-0.104693
1336,0,4,0.99747,0.00176528,0.000131807,0.00063251,1.46855,-1.31906,-1.7092,-2.07251
1337,0,4,0.935498,0.0137007,0.00334768,0.0474537,0.106737,0.000103618,-1.77225,-1.02958
1338,0,2,0.99448,0.00445931,0.000163544,0.000897159,1.00757,-1.19221,-1.74695,-1.22948
1339,0,3,0.807749,0.00686663,0.00141701,0.183968,0.850717,-1.00778,-1.06656,-1.005
1340,0,4,0.993875,0.00396571,0.000301209,0.00185779,0.743319,-0.711896,-1.29616,-1.4638
1341,1,4,0.0115212,0.982869,0.0014491,0.00416049,-0.533818,0.859101,-1.38132,-1.81314
1342,1,1,0.00730792,0.988256,0.000498648,0.00393752,-0.812783,0.81142,-2.14758,-1.2519
1343,1,2,0.11196,0.52106,0.00322176,0.363758,0.362578,-0.454038,-1.13718,-1.55064
1344,0,1,0.985564,0.0134441,0.000306371,0.000685045,0.555549,-0.204833,-1.41383,-2.38301
1345,0,0,0.99099,0.00571692,0.000582312,0.00271105,1.47905,-1.25331,-1.47339,-1.41459
1346,1,2,0.118091,0.742,0.00251885,0.13739,-0.0222054,-0.361834,-1.09083,-0.264631
1347,0,3,0.996135,0.00275187,0.000147131,0.000965998,0.69182,-0.703895,-1.10688,-1.60508
1348,1,3,0.010922,0.985447,0.000609219,0.0030222,-0.522682,0.166483,-1.44309,-1.1612
1349,2,1,0.00426703,0.00512695,0.988541,0.00206542,-1.85223,-1.51816,1.89781,-1.91857
1350,0,1,0.994366,0.0030347,0.00048251,0.0021165,1.96624,-2.22643,-1.48951,-1.39832
1351,0,1,0.997637,0.000836445,0.000342606,0.00118419,2.75948,-2.73686,-1.66701,-1.85907
1352,0,3,0.0106002,0.969702,0.000671392,0.0190266,-0.305407,-0.348438,-1.22799,-0.644151
1353,2,1,0.00523006,0.00444737,0.987951,0.00237123,-1.48127,-1.58349,1.46925,-1.38532
1354,1,3,0.00396357,0.993823,0.000317503,0.00189618,-1.17409,1.12485,-0.954115,-2.00018
1355,0,3,0.997943,0.00144993,0.000187424,0.000419899,1.36357,-1.69857,-1.77494,-1.97171
1356,0,4,0.998447,0.000781047,0.000253321,0.000518768,1.78173,-2.14958,-1.53207,-1.08428
1357,1,3,0.0122622,0.986075,0.000262189,0.00140087,-1.19286,0.452095,-1.56104,-0.735047
1358,0,1,0.995538,0.00349021,0.000265223,0.000707005,0.883533,-0.920497,-1.51493,-1.32765
1359,0,2,0.965983,0.028767,0.00067935,0.00457054,1.30143,-1.14544,-1.57043,-1.9812
1360,0,4,0.998324,0.000798691,0.00019307,0.000683824,4.01485,-3.9822,-2.05289,-2.0314
1361,3,1,0.0296309,0.0158758,0.0071488,0.947344,-1.64222,-0.110867,-1.03258,0.603536
1362,3,4,0.00653612,0.0120512,0.00471239,0.9767,-0.903634,-1.03026,-1.47661,0.947202
1363,0,3,0.958618,0.0396056,0.000292231,0.00148407,0.770032,-0.51948,-1.81583,-1.77105
1364,0,3,0.0220628,0.0815041,0.877001,0.0194323,-1.27794,-0.00457231,0.327072,-1.92561
1365,0,4,0.9978,0.00110829,0.000325696,0.000766192,1.87171,-1.94212,-1.37859,-1.28465
1366,1,2,0.0510613,0.919112,0.00139267,0.0284338,-0.676192,0.862449,-1.4493,-1.59175
1367,0,2,0.997397,0.00184896,0.000205732,0.000548422,0.950208,-0.762306,-0.891449,-2.00532
1368,0,2,0.997897,0.00121496,0.000175032,0.000712846,1.72903,-1.76044,-1.20602,-1.97368
1369,0,3,0.95355,0.0398995,0.000584913,0.00596538,0.383969,-0.468276,-1.13086,-1.28981
1370,0,4,0.998353,0.00101759,0.000197268,0.00043256,0.98346,-0.451886,-1.69168,-2.81612
1371,0,3,0.998083,0.00086507,0.000310263,0.000742104,1.93968,-1.92894,-1.43044,-2.0589
1372,0,4,0.998361,0.000797941,0.00018568,0.000655088,2.29274,-2.26983,-1.3971,-1.68746
1373,0,3,0.97929,0.018299,0.000209634,0.00220157,0.338526,-0.520223,-1.26596,-1.26512
1374,1,4,0.736727,0.252872,0.000832819,0.00956842,-0.948189,0.378445,-1.28475,-0.89717
1375,0,2,0.992608,0.00446833,0.000390058,0.00253358,1.92222,-2.19781,-1.42143,-1.36967
1376,0,0,0.997274,0.00128245,0.000193244,0.0012503,1.16921,-1.45862,-1.36966,-1.16861
1377,1,2,0.0264311,0.955398,0.000685157,0.0174859,-1.19929,0.867103,-1.34985,-0.951116
1378,0,3,0.998377,0.00103263,0.000152739,0.00043767,1.53464,-1.88069,-1.43337,-1.44274
1379,0,0,0.992095,0.00695139,0.000184515,0.000769287,0.962352,-0.747191,-1.57017,-1.88999
1380,0,2,0.990095,0.00775008,0.0002265,0.00192821,1.05193,-0.854642,-1.67332,-1.52729
1381,2,2,0.00664597,0.0088692,0.982024,0.00246048,-1.80123,-0.940196,1.27014,-1.76728
1382,0,2,0.997815,0.00115471,0.000216118,0.000814028,2.60836,-2.57792,-2.29673,-1.88445
1383,0,1,0.996978,0.00228889,0.000289441,0.000443939,-0.0414919,-0.46795,-1.29553,-0.634739
1384,1,1,0.0337346,0.963031,0.000577044,0.00265782,-0.31787,0.899745,-1.86756,-1.798
1385,0,4,0.97753,0.0201842,0.000358051,0.00192806,-0.184586,0.0916529,-1.59143,-1.51168
1386,0,2,0.822524,0.143773,0.000830223,0.032873,-0.338707,0.172257,-1.64195,-0.757979
1387,0,2,0.997076,0.00180643,0.000232142,0.000885555,1.65142,-1.47374,-1.43969,-1.98907
1388,0,2,0.996491,0.00145775,0.000293282,0.00175839,1.42012,-1.82323,-1.95696,-1.24678
1389,0,0,0.997758,0.00166367,0.000163125,0.000415741,0.382686,-0.79875,-1.62475,-1.36605
1390,0,0,0.0819477,0.914329,0.000429183,0.00329437,0.209342,-0.0764459,-1.84081,-1.51092
1391,0,3,0.998294,0.00109699,0.000108299,0.000500281,1.93609,-2.55101,-1.47504,-1.39669
1392,0,1,0.143547,0.844822,0.00119086,0.0104392,-1.06094,0.93871,-1.40005,-1.26993
1393,1,4,0.093535,0.273292,0.00576694,0.627406,-0.481058,0.352063,-1.5516,-0.66347
1394,0,0,0.993636,0.0031502,0.000489749,0.00272361,0.96743,-1.71631,-1.15025,-1.33043
1395,2,2,0.00829799,0.00332823,0.981383,0.00699102,-1.25001,-2.4797,1.81499,-1.55343
1396,0,4,0.997791,0.000810835,0.000225601,0.00117287,3.23075,-3.86721,-1.98154,-1.77644
1397,0,3,0.995898,0.00368818,0.000125818,0.000288001,0.746377,-0.436387,-1.75095,-1.69102
1398,0,3,0.998026,0.00133716,0.000243039,0.000393722,1.14897,-0.795311,-1.27951,-2.60939
1399,1,1,0.177748,0.817894,0.00127864,0.0030793,0.110702,-0.308636,-1.71374,-0.796682
1400,0,0,0.99368,0.00217792,0.00047656,0.00366518,0.438481,-1.14524,-1.24925,-0.601732
1401,0,0,0.995666,0.00189044,0.000235924,0.00220799,0.681124,-1.06,-1.26562,-0.686538
1402,0,3,0.997915,0.00154717,0.00014826,0.000389852,0.867064,-0.188843,-1.73734,-2.42164
1403,0,3,0.994946,0.00434848,0.000169807,0.000535446,0.934221,-0.99588,-0.778503,-1.93498
1404,1,0,0.00967484,0.986845,0.000304977,0.00317483,-1.2873,1.34486,-0.933758,-1.51488
1405,0,1,0.998306,0.0010047,0.00020115,0.000488221,1.52277,-1.2676,-2.07227,-1.92381
1406,1,0,0.974713,0.0232159,0.000344685,0.00172669,-0.270214,-0.084079,-1.44212,-1.04734
1407,0,3,0.965525,0.0227875,0.00102934,0.0106581,0.254144,-0.612284,-1.16253,-0.969708
1408,0,3,0.998623,0.000790393,0.000136148,0.000450793,1.61446,-1.84114,-1.83796,-1.90175
1409,0,4,0.998133,0.000759,0.000216187,0.000891704,1.79612,-1.74748,-1.84656,-1.59881
1410,1,4,0.0116792,0.985166,0.000482737,0.00267154,-1.45829,1.37575,-1.27102,-1.89685
1411,0,3,0.996488,0.00290475,9.121e-05,0.000515732,1.28707,-0.837892,-2.02465,-2.4139
1412,0,3,0.825191,0.1494,0.000936472,0.0244725,0.84908,-1.10008,-1.25197,-1.5308
1413,0,1,0.399815,0.487478,0.00323052,0.109477,-0.346088,0.131868,-1.4337,-1.28564
1414,1,4,0.0101254,0.983844,0.00093837,0.00509263,-0.983535,0.297699,-1.22185,-0.712143
1415,0,3,0.997558,0.00186194,0.000132852,0.000446808,0.958629,-0.985538,-1.35697,-2.07681
1416,0,3,0.998111,0.00134119,0.000187456,0.000359921,0.780038,-1.24541,-1.53164,-1.15718
1417,0,1,0.998433,0.000805829,0.000258819,0.0005028,2.46604,-2.85584,-1.74623,-1.43507
1418,0,1,0.996477,0.00225999,0.000282043,0.000980589,1.63323,-1.54234,-1.4778,-1.69324
1419,0,4,0.974014,0.0102395,0.000960358,0.014786,0.961755,-1.20315,-1.24031,-1.44315
1420,1,2,0.428971,0.435301,0.00244825,0.133279,0.792321,-1.35117,-1.02425,-0.938308
1421,0,4,0.99692,0.00180438,0.000236683,0.00103921,0.933895,-0.666257,-1.67082,-2.04545
1422,0,3,0.998649,0.000766096,0.000171106,0.000413681,3.50628,-3.22337,-1.80535,-2.90095
1423,1,2,0.0756034,0.842848,0.00699903,0.0745497,-1.03619,0.248369,-0.714999,-1.53098
1424,2,1,0.0055719,0.00260132,0.982019,0.00980768,-1.47811,-1.26541,0.59912,-0.702351
1425,1,2,0.125507,0.838637,0.000883654,0.0349715,0.453393,-0.213595,-1.02564,-1.90165
1426,0,1,0.997987,0.00135949,0.000234176,0.000419098,1.8434,-1.51726,-1.87393,-2.33757
1427,0,0,0.998415,0.00082573,0.00020837,0.000550592,3.16577,-3.81239,-1.83975,-1.93334
1428,1,4,0.997313,0.00163395,0.000192498,0.000861032,2.49254,-1.81581,-1.77179,-2.42506
1429,0,0,0.998381,0.0010246,0.000205534,0.000388514,1.43831,-1.02252,-2.12299,-1.8427
1430,1,2,0.0215344,0.817597,0.00984954,0.151019,-0.860654,0.388049,-1.07207,-1.05546
1431,0,0,0.195696,0.800125,0.000414913,0.00376366,0.103435,-0.167211,-1.24037,-1.11892
1432,0,1,0.995264,0.00389445,0.000253008,0.000588261,1.05151,-0.947966,-1.72449,-1.86202
1433,0,4,0.997467,0.000994103,0.000223336,0.00131569,1.64835,-1.63471,-1.2506,-1.58327
1434,2,1,0.00780708,0.059985,0.924678,0.00753003,-2.059,0.049106,-0.00391733,-1.37874
1435,0,3,0.998356,0.000898899,0.000223972,0.000520751,0.880129,-1.7107,-1.24611,-0.396119
1436,0,0,0.997512,0.00204784,0.000149655,0.00029073,2.01922,-1.55307,-1.7854,-2.43794
1437,0,0,0.998606,0.000805183,0.000180364,0.000408047,2.30723,-2.04785,-1.16823,-2.16143
1438,3,1,0.175991,0.10866,0.0379205,0.677428,-0.208707,-1.13274,-0.996964,0.19155
1439,0,3,0.518874,0.461496,0.00170056,0.0179291,0.510395,-0.437803,-1.50376,-1.75938
1440,0,4,0.998413,0.000689922,0.000202354,0.000694654,3.08715,-3.01126,-2.05936,-2.4641
1441,0,3,0.998287,0.00106739,0.000208343,0.00043763,2.64947,-2.06882,-1.86914,-2.51507
1442,0,2,0.997303,0.00176326,0.000192496,0.000740801,1.49689,-1.41355,-1.78102,-1.49166
1443,0,0,0.995733,0.00167823,0.000350062,0.00223854,1.21868,-1.56993,-1.47451,-1.15699
1444,0,1,0.99664,0.00188675,0.000343603,0.00112994,2.78407,-3.16174,-1.61993,-1.90902
1445,0,4,0.996595,0.0010708,0.000264469,0.00207008,0.951906,-1.48186,-1.78144,-1.03114
1446,1,1,0.0158546,0.98209,0.000498449,0.00155647,-0.334201,-0.13058,-1.60515,-1.54247
1447,0,0,0.998455,0.000851144,0.00018752,0.000506754,0.730768,-1.31067,-1.3404,-1.28934
1448,1,2,0.0095986,0.975267,0.007154,0.00798086,-2.34969,1.70237,-0.972345,-1.32957
1449,1,0,0.00528346,0.959805,0.000827033,0.0340844,-2.12958,1.86596,-1.34169,-0.959904
1450,1,3,0.00825979,0.988138,0.000580636,0.00302159,-0.873978,0.797834,-1.10747,-1.30338
1451,0,2,0.994441,0.00403637,0.000214967,0.00130786,1.54554,-1.51722,-1.45331,-1.65082
1452,1,3,0.111473,0.875943,0.000331026,0.012253,-0.823276,0.58756,-1.0952,-1.58543
1453,0,2,0.997825,0.00112467,0.000203026,0.000847291,1.48894,-1.15058,-1.42638,-2.36191
1454,0,3,0.998408,0.000942087,0.000165155,0.000484471,2.37657,-2.26693,-1.6352,-2.2422
1455,0,2,0.573616,0.127026,0.00350882,0.295849,0.766284,-1.43835,-0.412781,-0.702135
1456,3,2,0.95673,0.0177817,0.0015492,0.0239396,2.03489,-2.50265,-1.5286,-1.62317
1457,0,0,0.994213,0.0019899,0.000367018,0.00342986,0.74853,-1.31482,-1.42049,-0.830162
1458,3,2,0.11951,0.559531,0.00370078,0.317258,0.0269721,-0.336222,-0.989785,-0.69972
1459,0,4,0.998514,0.000651996,0.000199626,0.00063441,2.58299,-2.80583,-1.7893,-1.72578
1460,0,1,0.997299,0.00170733,0.000208544,0.000785501,1.3559,-1.31579,-1.30409,-1.63377
1461,0,0,0.998302,0.00117691,0.000171047,0.000349597,2.44891,-2.07113,-2.17908,-2.00214
1462,3,1,0.0807493,0.186697,0.0541332,0.678421,0.323083,-0.686588,-1.062,-0.704529
1463,0,3,0.886055,0.109077,0.000667226,0.00420056,0.216627,-0.531512,-1.8924,-1.27897
1464,0,0,0.998643,0.000807574,0.000136951,0.000412872,2.22519,-2.00632,-1.7706,-2.16024
1465,0,0,0.952133,0.00540233,0.0023509,0.0401135,0.793657,-1.41462,-1.37217,-0.449624
1466,0,4,0.997535,0.00175508,0.000177724,0.000532661,1.74048,-1.75234,-1.20415,-1.67703
1467,0,2,0.997562,0.00140479,0.000197884,0.000835565,0.674808,-0.89284,-1.51374,-1.34543
1468,3,0,0.436545,0.00785628,0.00375479,0.551844,-0.567527,-1.26576,-1.03775,0.562676
1469,0,4,0.998173,0.000696525,0.000219171,0.000911105,2.44228,-2.31472,-1.51931,-2.13152
1470,1,4,0.97748,0.0210437,0.000331773,0.00114451,0.685043,-0.70297,-1.44344,-1.6721
1471,0,1,0.99231,0.00467451,0.000626785,0.00238867,1.09289,-1.25455,-1.48116,-1.32355
1472,0,2,0.997303,0.00128877,0.000280628,0.00112738,4.34297,-3.98956,-2.14053,-3.35189
1473,1,4,0.0726955,0.883777,0.0296418,0.013886,-0.56585,0.4991,-0.80062,-1.49847
1474,0,1,0.0498475,0.373761,0.0103572,0.566035,-0.188531,-0.519436,-1.40759,-0.346065
1475,0,3,0.997505,0.00177745,0.000205353,0.00051224,1.67179,-1.4759,-1.47072,-1.6647
1476,0,2,0.997452,0.00173279,0.000237272,0.000578151,2.33796,-2.74534,-1.27187,-1.77438
1477,0,2,0.997727,0.00114562,0.000167969,0.000959075,1.80317,-2.41302,-1.45356,-1.5564
1478,0,2,0.853099,0.0296801,0.0304433,0.0867779,0.362461,-1.15834,-0.832684,-0.822873
1479,0,1,0.185097,0.807961,0.000527571,0.0064146,-0.173735,0.00749905,-1.81985,-0.954234
1480,0,1,0.9972,0.0014432,0.000302808,0.00105381,2.77599,-3.0553,-1.8682,-1.9029
1481,0,2,0.997628,0.00141728,0.000228669,0.000726,3.20915,-2.84179,-1.7962,-2.43259
1482,3,1,0.566044,0.356999,0.00153798,0.0754186,-0.60623,-0.257878,-1.82143,-0.0318868
1483,1,4,0.005757,0.984387,0.00532436,0.00453198,-1.33743,0.714206,-0.381593,-1.30927
1484,0,3,0.998101,0.000955694,0.000244486,0.0006992,2.52355,-2.48989,-1.55459,-2.1003
1485,1,3,0.0242605,0.43171,0.343853,0.200176,-1.863,-1.55767,0.583258,-0.101252
1486,1,1,0.980187,0.0187959,0.000267848,0.000749733,0.271354,-0.809058,-1.09433,-0.94186
1487,0,4,0.982442,0.0021282,0.000761803,0.0146675,0.890283,-1.69612,-1.29078,-0.541821
1488,0,3,0.898918,0.0994863,0.000231209,0.00136473,-0.912719,0.850541,-1.76292,-1.29133
1489,0,1,0.990893,0.00190728,0.000718989,0.00648065,2.08396,-3.00909,-1.70884,-1.64637
1490,0,0,0.997297,0.00142236,0.000226372,0.00105391,0.559654,-1.04313,-1.4433,-1.21713
1491,0,0,0.998644,0.0007447,0.00022935,0.000381844,2.42344,-2.65379,-1.72781,-1.8603
1492,0,4,0.0571016,0.93975,0.000680549,0.00246756,-0.839831,0.842859,-1.19882,-1.61243
1493,0,4,0.826819,0.168307,0.000900613,0.00397369,-0.112567,0.59636,-1.50527,-1.95554
1494,0,4,0.992542,0.00363959,0.000412761,0.00340575,2.20982,-2.95825,-1.83507,-1.13046
1495,2,4,0.00735942,0.00172344,0.988198,0.0027193,-1.6679,-1.84264,1.51594,-1.34969
1496,0,2,0.997471,0.00120853,0.000241957,0.00107804,3.75567,-3.65626,-2.12271,-2.82294
1497,2,2,0.00531497,0.00189696,0.990357,0.00243099,-1.1334,-2.08572,1.45664,-1.335
1498,0,4,0.99301,0.00355696,0.000266104,0.00316671,1.11284,-1.33761,-1.64478,-1.36224
1499,0,3,0.998453,0.000936624,0.000167764,0.000442862,3.13387,-3.13613,-1.99233,-2.27271
1500,0,1,0.993975,0.00410001,0.000368366,0.00155695,1.03798,-0.897044,-1.61481,-1.52494
1501,0,1,0.997612,0.00105631,0.000324999,0.00100695,1.29447,-1.01437,-1.70655,-1.60742
1502,1,0,0.0530129,0.944276,0.00044065,0.00227083,0.218119,0.257575,-1.3847,-1.9349
1503,0,0,0.99841,0.000786376,0.000256298,0.000546839,2.13956,-2.51847,-1.42758,-1.29531
1504,0,1,0.995969,0.00337028,0.000275369,0.000385311,1.4455,-1.15573,-1.47603,-1.81519
1505,0,0,0.99816,0.00129619,0.00017888,0.000364894,1.33436,-1.35529,-2.02959,-1.95479
1506,1,2,0.88452,0.109314,0.00111764,0.00504819,0.319014,-0.268174,-0.99475,-1.81648
1507,0,4,0.998433,0.000681232,0.000179279,0.000706297,1.19303,-1.53936,-1.68475,-1.45857
1508,0,1,0.994789,0.00262231,0.000410476,0.00217822,1.74345,-1.96467,-1.88013,-1.83697
1509,0,2,0.984763,0.00740943,0.000732916,0.00709433,0.665168,-0.71249,-1.09369,-1.60155
1510,0,4,0.998176,0.000724981,0.00024884,0.000850076,3.7507,-3.67666,-1.79743,-2.44977
1511,0,2,0.989409,0.00747351,0.000328043,0.00278992,0.946009,-1.2671,-1.75268,-1.136
1512,0,3,0.99329,0.00557427,0.000311195,0.000824707,0.399504,-0.590181,-1.6751,-1.77778
1513,0,1,0.998293,0.000864407,0.000307913,0.000535152,1.91017,-2.1396,-1.19832,-1.63709
1514,0,0,0.998428,0.000836291,0.000191587,0.000543654,1.21126,-0.925789,-1.45495,-2.28705
1515,1,3,0.0979082,0.767855,0.00099907,0.133238,-0.414813,-0.363324,-1.46592,-0.336405
1516,0,4,0.997762,0.00103502,0.000208234,0.000994398,2.64998,-2.48021,-1.40708,-2.28244
1517,1,0,0.0871982,0.395933,0.0049938,0.511875,-1.01363,0.402917,-1.21466,-0.484071
1518,0,4,0.930418,0.0647539,0.00041755,0.00441087,0.563403,-0.959091,-1.49367,-0.628011
1519,0,3,0.998081,0.00129862,0.000129084,0.00049098,0.908527,-1.54336,-0.847731,-1.09898
1520,2,3,0.00217487,0.00104862,0.993262,0.00351469,-1.58149,-1.17744,0.703971,-0.877285
1521,0,3,0.988465,0.0043807,0.000186735,0.00696793,0.898339,-1.08203,-1.98066,-1.25583
1522,0,2,0.944181,0.0530594,0.000544076,0.00221584,0.884253,-0.789174,-1.34063,-1.69663
1523,0,3,0.932701,0.0629772,0.000487456,0.00383414,0.425369,-0.673536,-1.39671,-1.31526
1524,0,1,0.998311,0.000861053,0.000291532,0.000536209,1.73585,-1.64415,-1.65714,-1.59484
1525,0,2,0.298848,0.693486,0.000603419,0.00706263,-0.573457,0.403753,-1.10993,-1.51473
1526,1,0,0.0246837,0.967036,0.0015118,0.00676878,-0.935885,0.549299,-1.01886,-0.934846
1527,1,2,0.318835,0.632225,0.00168786,0.047252,0.155485,0.0439963,-1.31569,-1.416
1528,0,3,0.00733673,0.0180878,0.886108,0.0884679,0.000421857,-0.164059,-1.17852,-0.692002
1529,0,1,0.997105,0.00146866,0.000309959,0.0011162,2.38527,-2.89447,-1.97876,-1.47133
1530,0,3,0.997792,0.000999295,0.000262726,0.000946113,1.74318,-2.61654,-1.32793,-1.40929
1531,0,1,0.996247,0.002834,0.0003892,0.0005299,1.41738,-1.39764,-1.36971,-1.55031
1532,0,2,0.997408,0.00135076,0.00026624,0.000974819,2.03717,-2.61244,-1.47286,-1.42025
1533,0,0,0.998308,0.00116776,0.000138519,0.000386215,1.34634,-1.99802,-1.38249,-1.57576
1534,0,0,0.45416,0.25352,0.00222574,0.290095,0.249636,-1.0832,-1.14149,-0.435977
1535,0,1,0.997744,0.00164266,0.000282402,0.000330806,1.92272,-1.84692,-1.9313,-1.89246
1536,0,2,0.997733,0.00147533,0.000193711,0.000597838,2.2555,-1.95877,-1.5348,-2.52541
1537,0,1,0.985098,0.013252,0.000252881,0.00139675,1.03049,-0.809226,-1.5806,-1.79228
1538,0,4,0.998461,0.000644996,0.000206758,0.000687265,3.64752,-3.43079,-1.82448,-2.63185
1539,0,3,0.927607,0.0213515,0.0409257,0.0101153,1.47246,-2.68939,-0.581964,-1.77242
1540,1,0,0.00811341,0.990085,0.000447812,0.001354,-0.0766104,0.183985,-1.53042,-2.3534
1541,0,4,0.977256,0.018384,0.000350342,0.00400945,0.209324,-0.375432,-1.47472,-1.26038
1542,0,0,0.707521,0.209654,0.00609144,0.076733,-0.167929,-0.321602,-1.55921,-0.806129
1543,0,2,0.997608,0.00119812,0.000213139,0.000980744,1.61731,-2.23967,-1.48967,-1.29997
1544,0,3,0.996343,0.0012107,0.000238868,0.00220734,0.971523,-1.28184,-1.64555,-1.04053
1545,0,4,0.98581,0.010894,0.000345222,0.0029504,1.18691,-1.36404,-1.30624,-1.94073
1546,1,3,0.0126877,0.982878,0.000381734,0.00405226,-0.634635,0.460539,-1.3568,-0.76936
1547,0,2,0.996514,0.00271156,0.000209604,0.000565329,0.949684,-0.735943,-1.59783,-1.85834
1548,2,1,0.155738,0.544242,0.15239,0.14763,-1.17426,0.528863,-0.837798,-0.773175
1549,0,1,0.996579,0.00180729,0.000450749,0.00116346,0.701445,-1.07036,-2.05406,-1.39634
1550,2,1,0.00396645,0.00307103,0.990669,0.00229337,-2.09745,-1.50991,1.2115,-0.934984
1551,0,3,0.998421,0.00110035,0.000108949,0.000370013,2.26506,-2.60514,-1.79731,-2.33049
1552,3,2,0.0318871,0.0591381,0.878414,0.0305608,-1.25703,-0.057599,-0.461662,-0.331294
1553,1,4,0.0204224,0.973016,0.00063908,0.00592297,-0.461096,0.808706,-1.69576,-1.32791
1554,0,4,0.994949,0.00421368,0.000148109,0.000688873,0.903192,-0.574268,-1.74312,-1.95167
1555,0,2,0.99728,0.001579,0.000252532,0.000888336,1.70186,-1.70627,-1.82047,-1.55943
1556,2,4,0.118758,0.370926,0.172749,0.337567,0.137478,-0.366092,-0.792566,-1.00357
1557,0,1,0.95211,0.0447706,0.000488929,0.00263025,0.400002,-0.433257,-1.23622,-1.29392
1558,0,1,0.997545,0.00137222,0.000148786,0.000933947,1.30575,-1.46815,-1.74094,-1.15286
1559,0,1,0.408993,0.587,0.000657115,0.00335016,-0.118018,-0.30655,-1.79966,-0.992651
1560,1,0,0.17266,0.825324,0.00043813,0.00157777,0.978622,-0.867566,-2.00999,-1.93184
1561,1,0,0.00709787,0.985737,0.00139221,0.00577335,-0.691867,0.410969,-0.74063,-1.17186
1562,0,0,0.994209,0.00380949,0.000355724,0.00162569,2.27161,-2.55115,-1.84058,-1.49444
1563,0,2,0.997372,0.00149656,0.000279553,0.000851883,2.32569,-2.13987,-1.64328,-1.85447
1564,0,3,0.997829,0.00166054,0.000119587,0.000390581,1.25489,-1.17824,-1.37815,-1.60033
1565,0,2,0.995113,0.00306379,0.000227648,0.00159569,2.38048,-2.36348,-1.87597,-1.84495
1566,1,1,0.0897197,0.617197,0.00296046,0.290123,-0.814675,0.378092,-1.429,-0.66921
1567,0,4,0.841356,0.136946,0.00272534,0.0189731,-0.353293,0.177341,-1.5944,-0.936097
1568,0,1,0.993687,0.00194467,0.000575968,0.00379264,1.70058,-1.87241,-1.28135,-1.28807
1569,1,1,0.100107,0.893987,0.00272569,0.00318044,0.323638,-0.107887,-1.70012,-0.904085
1570,0,3,0.993864,0.00333943,0.000254633,0.00254174,1.04524,-1.3502,-1.38953,-0.979753
1571,0,1,0.994587,0.00297667,0.000298495,0.00213774,1.29132,-1.39537,-1.30824,-1.3404
1572,0,0,0.996786,0.00169152,0.000206411,0.00131607,0.877708,-1.18099,-1.80446,-1.0278
1573,0,1,0.998392,0.000875538,0.000228398,0.000503762,1.84598,-2.08421,-2.19888,-1.39099
1574,0,2,0.997196,0.00123082,0.000267748,0.0013051,1.94694,-2.02056,-1.9685,-1.50452
1575,0,4,0.203303,0.786989,0.000749149,0.00895873,-0.298777,-0.0472187,-1.16177,-1.07805
1576,0,0,0.998234,0.00117453,0.000182422,0.000408692,1.776,-1.5503,-1.81832,-1.74987
1577,3,4,0.0764749,0.775487,0.00161553,0.146423,-0.978105,0.787434,-1.4405,-1.52264
1578,0,0,0.932079,0.0090137,0.00178533,0.0571216,0.423242,-1.50825,-1.29142,-0.424483
1579,3,4,0.0601414,0.0104906,0.00510275,0.924265,-1.20773,-0.348259,-1.02511,0.468553
1580,1,0,0.440009,0.557311,0.000503263,0.00217755,-0.463562,0.566903,-1.35375,-1.9833
1581,0,3,0.99834,0.000797145,0.000197651,0.000665389,2.12111,-2.31803,-1.26969,-1.88614
1582,0,3,0.998264,0.000959591,0.000243097,0.000533051,1.02796,-1.24071,-0.876766,-1.89849
1583,0,3,0.997642,0.00174501,0.000198674,0.000414072,2.01444,-2.46481,-1.81865,-0.93312
1584,2,1,0.00411191,0.00154781,0.992005,0.0023349,-1.61468,-1.6494,1.72677,-1.66763
1585,1,2,0.0818687,0.901484,0.00104527,0.015602,-0.431208,0.365075,-1.71862,-1.0963
1586,2,2,0.00492391,0.00908303,0.983363,0.00263044,-1.36661,-0.046934,0.443285,-1.79707
1587,0,3,0.987449,0.00900132,0.000351241,0.00319857,0.427438,-0.497353,-1.26977,-1.02548
1588,0,1,0.978694,0.0160643,0.00157859,0.00366317,0.854856,-1.23236,-1.32198,-1.04716
1589,0,4,0.998416,0.000671314,0.000210826,0.000702159,3.12624,-3.35557,-1.88947,-2.0896
1590,0,3,0.998211,0.000767257,0.000350248,0.000671177,1.33157,-1.61786,-1.15291,-1.83769
1591,0,0,0.992165,0.00375736,0.000392941,0.00368469,0.88412,-1.51926,-1.65809,-1.29603
1592,0,3,0.997172,0.00171715,0.000128967,0.000982231,2.87336,-3.13815,-1.70186,-1.9772
1593,0,1,0.995031,0.00423879,0.000256932,0.000473494,0.394711,-0.170032,-1.14847,-1.52712
1594,2,3,0.00548394,0.0027347,0.988954,0.00282703,-1.54219,-0.884363,0.246918,-1.51461
1595,0,0,0.998256,0.000883147,0.00022395,0.000636728,2.97319,-2.56466,-1.80834,-2.26097
1596,0,3,0.997911,0.00150176,0.000216561,0.000370548,1.45379,-1.40576,-1.41797,-2.0262
1597,0,2,0.99769,0.00127425,0.000209852,0.000825937,0.999357,-0.985154,-1.20384,-2.25225
1598,1,0,0.983336,0.0132547,0.00024562,0.00316355,-0.13113,-0.138386,-1.34141,-0.934949
1599,0,0,0.997762,0.00166774,0.000255632,0.000315047,1.28116,-0.784989,-1.21137,-2.48552
1600,0,1,0.996013,0.00339355,0.000192623,0.000400677,0.864886,-0.956577,-1.42976,-1.33481
1601,0,2,0.995252,0.00378196,0.000166249,0.00079935,0.851502,-0.77343,-1.21547,-2.06585
1602,0,0,0.841827,0.151818,0.000936874,0.00541773,-0.21313,0.140002,-1.28427,-1.52827
1603,3,1,0.00788575,0.265252,0.00512635,0.721735,-0.726086,-0.473356,-1.22584,0.362229
1604,1,4,0.0303191,0.966982,0.000746891,0.00195248,-0.637063,0.833854,-1.39436,-1.47025
1605,0,4,0.99814,0.00112723,0.000184195,0.00054883,-0.171902,0.275282,-1.62846,-1.63799
1606,0,3,0.998008,0.00148514,0.000155694,0.000351547,1.87837,-1.66448,-1.5687,-2.60566
1607,1,2,0.0516883,0.944357,0.000631257,0.00332374,0.312931,-0.745557,-1.30263,-1.49523
1608,0,4,0.998308,0.000625055,0.000218773,0.000848529,3.92631,-3.82281,-2.03612,-2.77233
1609,0,3,0.772588,0.223523,0.000397516,0.0034915,1.33045,-1.39473,-2.04883,-1.40686
1610,0,2,0.995746,0.00160766,0.000350066,0.00229613,3.02567,-2.92409,-2.01224,-2.10316
1611,0,4,0.993085,0.00161594,0.000654815,0.00464403,0.690946,-0.53647,-1.34441,-1.51434
1612,0,1,0.99829,0.000863561,0.000271731,0.000575255,3.28585,-3.09568,-1.77553,-2.69976
1613,0,3,0.988758,0.0103996,0.000148052,0.00069401,1.01612,-0.592622,-1.6484,-1.67056
1614,0,3,0.996271,0.00114619,0.0002649,0.00231763,1.26469,-2.07166,-1.21633,-0.808002
1615,0,2,0.547719,0.43668,0.00110377,0.0144968,0.64574,-0.543414,-1.26819,-1.19564
1616,0,0,0.99861,0.00085963,0.000186818,0.000343611,2.74628,-2.73796,-1.46579,-2.23188
1617,0,3,0.998252,0.00111967,0.000211617,0.00041676,1.08226,-1.12778,-1.92208,-2.00648
1618,0,0,0.990428,0.00905275,0.000154511,0.000364907,-0.133658,0.270225,-1.49523,-1.57104
1619,0,2,0.99726,0.00138935,0.000245236,0.00110553,3.34242,-2.7534,-2.72513,-3.01761
1620,0,4,0.997859,0.000877639,0.00026172,0.00100132,1.91006,-2.06274,-1.71069,-1.15286
1621,2,2,0.0048465,0.00234476,0.990373,0.00243579,-1.54115,-1.56755,1.99622,-1.86868
1622,0,2,0.997741,0.00132767,0.000201823,0.000729636,1.7511,-2.21749,-1.60357,-1.07908
1623,0,2,0.989536,0.00774948,0.000385824,0.00232909,0.727144,-0.65661,-1.46828,-1.18036
1624,0,0,0.997491,0.00194641,0.000119313,0.000443301,2.35756,-2.25155,-1.27296,-2.38011
1625,0,3,0.218932,0.775423,0.000590799,0.00505413,-0.500231,0.131507,-1.44037,-1.3718
1626,1,1,0.0536357,0.908399,0.00362642,0.0343394,-0.662956,0.467909,-1.98038,-0.872111
1627,0,0,0.998407,0.00093111,0.000233361,0.00042838,1.66628,-2.13089,-1.26439,-1.21327
1628,0,1,0.710718,0.244899,0.00456057,0.0398228,0.567027,-0.953016,-1.10903,-0.76516
1629,0,0,0.992833,0.00573875,0.000187194,0.00124109,0.756524,-1.2966,-1.10948,-0.796601
1630,0,0,0.997299,0.00207762,0.000147303,0.00047643,1.78972,-1.69797,-1.54415,-1.61733
1631,0,4,0.923984,0.061152,0.000654909,0.0142092,0.209787,-0.249272,-1.36015,-1.26755
1632,0,3,0.995381,0.0024125,0.000169219,0.00203749,1.0724,-1.17539,-1.219,-1.12432
1633,1,4,0.0042729,0.987006,0.00174847,0.00697296,-0.907255,0.556715,-1.39285,-0.710031
1634,0,2,0.986508,0.0119776,0.000233754,0.00128106,1.38412,-1.01622,-1.51173,-1.93126
1635,0,4,0.955356,0.00658336,0.000854322,0.0372063,1.13515,-1.17479,-1.45421,-1.44954
1636,1,0,0.0135391,0.984089,0.000299411,0.00207224,-0.839068,0.577866,-1.07336,-0.850958
1637,0,2,0.997449,0.00135478,0.000219012,0.000976765,2.10867,-2.47799,-1.34787,-1.59362
1638,1,0,0.0158389,0.860563,0.00178229,0.121816,-1.09486,0.53906,-0.659219,-0.555644
1639,0,2,0.995395,0.00337245,0.000157117,0.0010758,1.05797,-1.16214,-1.79885,-0.941439
1640,1,1,0.00637495,0.990322,0.000646647,0.00265682,-0.26898,0.479516,-1.17749,-1.43618
1641,1,0,0.142101,0.843694,0.000587581,0.0136171,-0.253373,-0.415273,-1.46945,-0.665844
1642,0,3,0.998357,0.0009402,0.000201947,0.000500802,2.62291,-3.24489,-1.57346,-1.47384
1643,0,0,0.9732,0.0216403,0.000492011,0.00466807,0.659224,-0.689722,-1.66454,-1.62076
1644,3,1,0.0152412,0.05259,0.00566193,0.926507,0.701896,-1.43762,-1.12299,-0.486219
1645,0,1,0.815689,0.179183,0.000779509,0.00434775,-0.25897,0.09633,-0.7525,-1.11516
1646,3,2,0.779714,0.0364321,0.00223762,0.181616,-0.110824,-0.186826,-1.01434,-0.566036
1647,0,4,0.998121,0.000904851,0.000207496,0.000766439,1.31103,-0.699387,-1.40122,-2.84057
1648,1,0,0.312815,0.455588,0.0123081,0.219288,-0.419118,0.100699,-1.21584,-0.639576
1649,0,3,0.996831,0.00244211,0.000133797,0.000592649,2.17151,-1.96032,-2.06058,-1.83401
1650,0,4,0.998483,0.000835521,0.000200401,0.000480737,1.70751,-1.432,-1.78725,-2.73889
1651,0,3,0.989641,0.00688318,0.000701446,0.00277427,2.18817,-2.68515,-1.50435,-2.07267
1652,0,4,0.980421,0.00922095,0.00114572,0.00921195,0.423716,-0.759988,-0.742489,-1.21386
1653,0,3,0.998426,0.000956939,0.000188617,0.000428388,2.0423,-2.23554,-1.69715,-1.87574
1654,0,4,0.991604,0.00673583,0.000180857,0.00147921,0.957194,-1.13296,-1.93804,-1.53526
1655,0,2,0.997626,0.00136832,0.000186634,0.000818657,0.667406,-0.539846,-1.56054,-1.50743
1656,0,4,0.995892,0.00298786,0.000179522,0.000940631,0.639949,-0.674135,-1.17358,-1.24508
1657,0,3,0.991939,0.00478358,0.00035422,0.00292272,1.82731,-1.8193,-1.83521,-1.72153
1658,0,4,0.93876,0.0544028,0.00115643,0.00568106,-0.358223,0.372395,-1.24853,-1.32383
1659,0,1,0.99798,0.000888091,0.000344066,0.000787574,1.27202,-1.72202,-1.49562,-1.17533
1660,2,1,0.00903261,0.0228303,0.960865,0.0072721,-0.968806,0.0755272,-0.214711,-1.7393
1661,2,2,0.0056744,0.00946578,0.980741,0.00411917,-1.74824,-0.629769,0.862064,-1.18517
1662,0,4,0.998337,0.000954987,0.000205926,0.000501771,1.72606,-1.784,-1.21662,-2.19391
1663,3,0,0.966538,0.0167443,0.000767244,0.0159502,1.46447,-1.47411,-1.44546,-1.82653
1664,0,0,0.998337,0.00120604,0.000186767,0.000270157,1.58882,-1.66599,-1.59874,-1.76264
1665,0,1,0.9977,0.0017231,0.000213575,0.000363304,1.19162,-0.998743,-1.66607,-2.05763
1666,3,0,0.0856715,0.315764,0.00401389,0.594551,-0.713686,-0.662407,-0.315707,-0.721364
1667,0,3,0.998074,0.000915474,0.000256713,0.000753784,2.5695,-2.50741,-1.66222,-1.88295
1668,1,4,0.00754426,0.986174,0.000462907,0.00581837,-0.468618,0.205245,-1.26185,-0.759844
1669,0,3,0.204225,0.789015,0.000652548,0.00610713,0.0843071,-0.432959,-1.6103,-0.685264
1670,0,3,0.0809248,0.91624,0.000318362,0.00251637,0.0667221,-0.0856342,-1.32567,-1.16133
1671,0,4,0.998024,0.00117199,0.000271659,0.000532922,1.9216,-2.03635,-0.943629,-2.01959
1672,0,1,0.997361,0.00192067,0.000189893,0.000528424,1.5128,-1.65169,-1.64455,-1.09461
1673,0,4,0.998541,0.000730221,0.000211265,0.000517804,1.70486,-1.34891,-1.53424,-1.99559
1674,1,0,0.33032,0.599887,0.00166533,0.0681279,0.0363631,0.188031,-2.15993,-1.12394
1675,0,2,0.997431,0.00143791,0.000222892,0.000908651,1.7145,-1.14283,-1.66468,-2.42812
1676,1,0,0.0038602,0.992796,0.000430152,0.00291384,-1.48073,0.398471,-1.68794,0.198648
1677,0,2,0.989203,0.00974052,0.000168497,0.000888052,0.998411,-1.25887,-1.52654,-1.18356
1678,0,2,0.929946,0.0254319,0.00213187,0.0424897,1.68918,-1.86831,-1.52247,-1.51668
1679,0,2,0.987027,0.00288843,0.000590269,0.00949395,1.04242,-1.47873,-1.15325,-0.996998
1680,0,4,0.997727,0.00149126,0.000232747,0.000548603,0.533165,-0.729171,-1.39939,-1.2569
1681,0,2,0.994393,0.00304369,0.000332281,0.00223116,2.01126,-2.16046,-1.63112,-1.63454
1682,1,2,0.107073,0.888663,0.000597519,0.0036674,-0.344548,0.320515,-1.83831,-1.39099
1683,0,4,0.997725,0.00119943,0.000400583,0.000674792,0.595203,-0.941238,-0.97404,-1.09556
1684,0,3,0.997985,0.00137015,0.000265874,0.000379363,1.72905,-1.73268,-1.61596,-1.19845
1685,0,3,0.998498,0.000835533,0.00017929,0.000487362,2.49772,-2.32815,-1.50706,-2.46711
1686,0,1,0.782643,0.0360372,0.00306995,0.17825,0.817739,-1.28026,-1.43782,-1.1252
1687,0,3,0.997986,0.00154653,0.000137934,0.000329597,1.6625,-1.63835,-1.54733,-2.34362
1688,0,2,0.99747,0.00163262,0.000236814,0.000660281,1.17517,-1.08255,-1.26359,-2.10344
1689,0,2,0.997754,0.00111366,0.000211098,0.000921458,3.66156,-3.10929,-2.1341,-2.83578
1690,0,3,0.94133,0.0207865,0.00249841,0.035385,0.15462,-1.93438,-1.22762,0.211583
1691,0,1,0.998083,0.00123795,0.000285827,0.000393744,0.98818,-0.835848,-1.91185,-2.43224
1692,0,0,0.982661,0.0164275,0.000175759,0.00073565,0.0287862,-0.225053,-1.07465,-1.34596
1693,0,4,0.997746,0.000860565,0.000280204,0.00111365,1.74845,-1.40732,-1.24532,-1.34002
1694,1,2,0.00798376,0.988327,0.00116174,0.00252758,-0.560459,0.575445,-1.41551,-1.46252
1695,0,4,0.993761,0.0028968,0.000586226,0.00275606,1.51094,-1.9439,-1.47007,-1.19972
1696,1,4,0.138386,0.858549,0.000557329,0.00250755,0.793302,-0.425733,-1.18474,-1.94133
1697,3,2,0.912787,0.0126814,0.0016979,0.0728339,0.791076,-1.4032,-1.25275,-0.514142
1698,0,4,0.998304,0.000645525,0.00021496,0.000835371,2.32943,-3.18885,-1.94991,-0.775996
1699,0,4,0.99841,0.000847787,0.000162595,0.000579837,1.51539,-1.73971,-1.86977,-1.4598
1700,1,3,0.336031,0.506912,0.00354814,0.153509,0.2327,-0.653258,-1.41853,-0.52568
1701,0,0,0.997958,0.00156931,0.000143145,0.000329587,0.556088,-0.0469205,-1.32207,-2.485
1702,0,0,0.998529,0.000784169,0.000203169,0.000483584,1.94638,-1.88074,-1.62231,-2.18423
1703,0,2,0.996002,0.00213035,0.00022041,0.00164782,1.03484,-1.12796,-1.68329,-1.6315
1704,0,3,0.0182051,0.975098,0.000635464,0.00606158,-0.156278,0.218036,-1.64735,-0.971946
1705,0,0,0.99819,0.000949268,0.000149464,0.000710969,4.1014,-3.50932,-2.20185,-3.12488
1706,0,2,0.997622,0.00133531,0.000219479,0.000823464,3.04093,-2.79437,-1.67057,-2.56421
1707,0,4,0.998184,0.000926367,0.000274369,0.000615289,1.72529,-1.59019,-1.2564,-2.27662
1708,1,1,0.979734,0.0181427,0.000309355,0.00181356,1.18071,-1.34185,-1.81728,-1.24403
1709,0,4,0.998095,0.000986989,0.000236962,0.000681002,1.54907,-1.82003,-1.75513,-0.85225
1710,0,0,0.998448,0.000852803,0.00019385,0.000504776,1.69035,-2.24867,-1.78522,-1.18221
1711,1,4,0.00967496,0.0848821,0.791427,0.114016,-1.1607,-1.53485,0.484602,-0.589491
1712,2,2,0.00448366,0.00163901,0.990678,0.00319964,0.323015,-2.42266,0.522099,-1.31156
1713,0,0,0.998419,0.00104587,0.000198829,0.000336243,1.85588,-1.64338,-2.22656,-2.46156
1714,1,4,0.956238,0.0411011,0.000336177,0.00232443,0.199144,-0.257658,-1.39396,-1.37848
1715,0,2,0.803572,0.0127872,0.00222642,0.181415,0.330532,-0.87515,-0.668486,-0.703961
1716,2,0,0.0017311,0.00219903,0.993561,0.00250891,-2.30486,-1.5468,1.92643,-0.805425
1717,0,3,0.998186,0.00104053,0.000247872,0.000525771,2.18358,-2.67562,-1.85913,-1.16715
1718,0,3,0.997932,0.00159164,0.000151187,0.000325103,1.37918,-0.851801,-1.89317,-2.34945
1719,1,0,0.016462,0.977657,0.00225002,0.00363081,-1.15267,0.546968,-0.847472,-1.42444
1720,0,1,0.998104,0.00102231,0.000321371,0.000552036,1.17973,-1.14371,-1.51978,-1.32658
1721,2,4,0.285188,0.236772,0.234787,0.243254,-0.932297,-0.789686,-0.0444136,-0.664655
1722,0,2,0.997512,0.00133647,0.000188444,0.000963561,0.146757,-0.350751,-1.88897,-1.34289
1723,1,3,0.0281268,0.970429,0.000249115,0.00119545,-0.0117308,-0.0479047,-0.939387,-1.7122
1724,0,3,0.998203,0.00121652,9.9566e-05,0.000481072,0.756155,-1.63615,-1.8925,-0.777421
1725,3,0,0.0548182,0.0375867,0.00293612,0.904659,-0.0612256,-0.74864,-1.24303,-0.0960888
1726,0,1,0.996318,0.0014044,0.000294955,0.00198246,1.64469,-1.60469,-1.637,-1.40765
1727,0,2,0.997164,0.00141386,0.000236279,0.00118595,1.93744,-2.1238,-2.1056,-1.40319
1728,0,2,0.991583,0.00348995,0.000474626,0.00445283,1.24626,-1.22366,-1.23385,-1.68051
1729,1,1,0.0032027,0.994535,0.000496939,0.00176525,-0.063718,0.652721,-1.07852,-2.24365
1730,0,3,0.99813,0.000994764,0.000265394,0.000609871,0.984346,-1.35386,-0.834687,-1.25767
1731,0,2,0.982071,0.0156352,0.000249654,0.0020439,-0.00792548,-0.138192,-1.75809,-1.1546
1732,0,3,0.998306,0.000993969,0.000178906,0.000520725,1.762,-1.60141,-1.4315,-2.11472
1733,1,0,0.956005,0.0417585,0.000454923,0.00178177,0.0118359,0.327371,-1.51241,-2.00942
1734,0,2,0.995457,0.00250146,0.000180851,0.00186074,1.91041,-1.73868,-1.62721,-1.66246
1735,0,1,0.997384,0.00177203,0.000217719,0.000626309,1.31128,-1.24146,-1.26742,-1.58885
1736,0,0,0.988688,0.00413636,0.000441971,0.00673368,-0.0207379,-0.291562,-1.28034,-1.1276
1737,0,3,0.998191,0.00129118,0.000180994,0.000336824,1.68417,-1.3446,-1.57402,-1.91378
1738,1,3,0.0026563,0.00334152,0.987229,0.00677317,-1.09504,-0.421105,0.674264,-1.16617
1739,0,0,0.991652,0.00323106,0.00052952,0.00458778,0.668761,-0.902326,-1.28219,-0.957372
1740,1,2,0.15136,0.831131,0.00278311,0.0147256,-0.628324,0.713365,-1.21708,-1.20198
1741,0,3,0.997727,0.00176487,0.000200249,0.00030834,1.6223,-1.67128,-1.6397,-1.88832
1742,0,0,0.989167,0.00413029,0.000806973,0.00589618,0.658937,-1.60751,-1.26311,-0.496051
1743,1,1,0.809972,0.186831,0.00100561,0.00219217,0.101281,0.081275,-1.60994,-1.55702
1744,0,2,0.95787,0.0168061,0.00153598,0.0237874,0.339426,-0.777159,-1.33668,-0.730017
1745,0,1,0.996774,0.00164267,0.000302087,0.00128181,1.17837,-1.47155,-1.49042,-1.14135
1746,0,1,0.982203,0.0055458,0.000479409,0.011772,0.632364,-1.77897,-0.956254,-0.386711
1747,3,1,0.00660458,0.0131605,0.00575499,0.97448,-0.637197,-1.13181,-1.09509,0.743312
1748,0,2,0.997114,0.00146009,0.000252983,0.00117321,2.91525,-2.76004,-1.99264,-2.17628
1749,0,3,0.9985,0.00075558,0.000237058,0.000507768,2.51021,-2.56789,-1.50792,-1.77792
1750,1,2,0.0497802,0.704006,0.00220165,0.244012,-0.689402,0.259348,-1.287,-0.585118
1751,0,1,0.997793,0.00142445,0.00036051,0.000422303,0.91698,-1.20011,-1.24483,-1.3877
1752,0,0,0.998511,0.000815392,0.000164207,0.000509761,0.211938,0.201613,-1.53289,-2.33712
1753,1,4,0.0036149,0.992087,0.000472093,0.00382556,-0.933901,1.14792,-1.47844,-1.16998
1754,0,2,0.997789,0.00123155,0.000185574,0.000794374,2.41336,-2.33522,-2.22834,-1.99937
1755,0,1,0.991532,0.00598871,0.000916607,0.00156225,2.66805,-2.7455,-1.37198,-1.8671
1756,0,2,0.996149,0.00197055,0.000212827,0.00166749,4.25563,-3.98947,-2.25122,-2.7663
1757,0,3,0.998326,0.00127382,0.000130129,0.000270154,2.27525,-2.18111,-1.87621,-1.88854
1758,0,1,0.998336,0.000756194,0.000268054,0.000639896,2.46955,-2.13706,-1.48201,-2.01391
1759,0,0,0.998155,0.00121646,0.000176795,0.000451462,2.34069,-2.56183,-1.64027,-1.97893
1760,0,1,0.997565,0.00168296,0.000234993,0.000517298,0.0667381,-0.241884,-1.09876,-1.26562
1761,0,1,0.998313,0.000943838,0.000296123,0.000447146,1.16758,-1.26148,-1.78144,-1.7012
1762,0,4,0.998445,0.000662865,0.000203152,0.000688598,2.34426,-2.54376,-1.6089,-2.01306
1763,0,1,0.0339063,0.644467,0.009068,0.312558,-1.08142,0.0509874,-1.1793,0.213862
1764,0,1,0.55652,0.433418,0.00223911,0.00782289,0.457364,-0.490085,-1.21373,-1.15269
1765,0,2,0.853041,0.109784,0.0011838,0.0359914,0.296244,-0.983215,-1.21966,-0.517451
1766,0,0,0.998421,0.000900714,0.000217945,0.000460489,1.68885,-1.34701,-2.0619,-1.89722
1767,0,0,0.998297,0.00102651,0.000227042,0.000449766,2.28542,-2.516,-1.42215,-1.43108
1768,1,2,0.00985988,0.979325,0.000459692,0.0103558,-0.751516,0.37362,-1.22047,-0.837709
1769,0,1,0.997373,0.00185162,0.000180846,0.000594131,2.04837,-1.83221,-1.76006,-1.64645
1770,0,3,0.00402133,0.978239,0.000491669,0.0172475,-1.2834,-0.407332,-1.20416,0.0313294
1771,0,3,0.997986,0.00147571,0.000108902,0.000429875,1.11005,-1.73725,-1.52288,-1.07798
1772,0,0,0.984846,0.00492171,0.000727273,0.0095054,0.297342,-1.23312,-1.54427,-0.773502
1773,0,0,0.994482,0.00363781,0.000382487,0.00149807,1.07698,-1.33893,-1.28267,-1.23119
1774,1,0,0.194504,0.803055,0.000925704,0.00151435,-0.278431,0.598868,-1.40724,-2.21753
1775,0,3,0.997543,0.00172451,0.000252598,0.000480284,1.03535,-1.15511,-2.03059,-1.68383
1776,0,3,0.997224,0.00143761,0.000206905,0.0011317,1.57432,-1.53228,-1.23352,-1.87841
1777,1,4,0.0565283,0.938528,0.000743555,0.0042002,0.0154824,-0.179087,-1.32382,-0.789987
1778,0,2,0.995394,0.00376132,0.000281187,0.000563592,1.15015,-0.80029,-1.84113,-1.79137
1779,1,0,0.0141569,0.927803,0.0498152,0.00822545,-0.898673,0.07095,-0.338147,-1.5876
1780,0,1,0.996972,0.00123778,0.000258441,0.00153144,1.53906,-2.63089,-1.4439,-1.18849
1781,0,3,0.989217,0.00738682,0.000362332,0.00303376,1.86264,-2.15781,-1.31117,-0.875525
1782,1,0,0.250907,0.725313,0.000657536,0.0231224,-0.214652,0.321197,-1.49625,-1.34962
1783,0,2,0.985616,0.0100525,0.00067446,0.0036568,1.09202,-1.19745,-1.74785,-1.14281
1784,0,2,0.99757,0.00131582,0.000236375,0.000878241,2.10324,-2.56943,-1.51788,-1.33361
1785,1,2,0.366435,0.270852,0.00581398,0.356899,0.00638675,-0.279183,-1.07692,-1.22926
1786,0,0,0.976631,0.0212421,0.000400629,0.00172671,0.988605,-1.01753,-1.26158,-1.74268
1787,0,2,0.946475,0.00577831,0.00171643,0.0460306,2.33379,-3.00904,-1.73465,-1.5116
1788,0,4,0.997638,0.00145801,0.000136813,0.000767565,1.43396,-1.6756,-1.19466,-1.23677
1789,0,4,0.998341,0.000753986,0.000227052,0.000677852,1.18821,-1.38419,-1.36062,-1.35953
1790,1,1,0.00529794,0.988149,0.000799869,0.00575366,-1.25758,0.732309,-1.37226,-0.641657
1791,1,4,0.985128,0.0128682,0.000338972,0.00166522,0.720061,-0.686362,-1.69987,-1.60715
1792,1,2,0.010061,0.98357,0.0007306,0.00563822,-1.2186,1.03809,-1.68775,-0.861571
1793,0,0,0.27126,0.513256,0.00381305,0.211671,-0.207043,-0.09031,-1.4525,-0.536536
1794,0,1,0.983132,0.0146536,0.000530122,0.00168472,1.06228,-1.14682,-1.25817,-1.08423
1795,3,3,0.923674,0.0558241,0.000534342,0.019968,-0.227375,-0.137077,-1.33237,-0.52453
1796,0,4,0.998389,0.000639305,0.000209999,0.000762165,3.45637,-3.32435,-1.92342,-2.07272
1797,2,0,0.00187738,0.000963566,0.994598,0.00256107,-0.660809,-1.92471,0.87514,-1.36088
1798,0,3,0.991657,0.00621135,0.000335273,0.00179661,1.79624,-1.6373,-1.49544,-1.87642
1799,0,0,0.993984,0.00361122,0.000223864,0.00218071,0.899421,-0.98611,-1.26973,-1.28325
1800,1,4,0.0922863,0.753056,0.00352156,0.151136,-1.39735,-0.286188,-1.45785,0.352085
1801,0,0,0.998652,0.000862189,0.000176538,0.000309229,1.63295,-1.69886,-1.83242,-1.81167
1802,2,0,0.01798,0.0295429,0.93125,0.0212271,-0.0830276,-1.56637,0.370408,-0.888877
1803,0,1,0.998023,0.00125246,0.000226537,0.000497709,1.01962,-0.840786,-1.48358,-1.94625
1804,0,3,0.997896,0.000889753,0.000288015,0.0009261,2.86975,-3.11423,-1.68319,-2.15871
1805,0,1,0.99827,0.00110449,0.000188219,0.000437623,1.65241,-1.66092,-2.26263,-2.46749
1806,0,3,0.966754,0.0317511,0.000275238,0.00121916,0.283655,-0.769934,-1.19357,-0.657752
1807,1,4,0.789567,0.0306447,0.145131,0.0346573,-0.3801,-0.928325,-0.27784,-1.33095
1808,0,3,0.0159075,0.980803,0.000345487,0.00294403,-0.0122587,-0.385405,-1.48256,-1.27002
1809,0,3,0.905907,0.088134,0.000498116,0.00546087,0.576629,-0.0185717,-1.71911,-2.04329
1810,0,4,0.997549,0.00161057,0.000156231,0.000683961,1.27188,-1.23895,-2.21257,-1.8557
1811,1,0,0.78067,0.196807,0.00092124,0.0216012,-0.0892154,-0.198247,-1.66098,-0.784069
1812,1,2,0.0397079,0.94897,0.00170423,0.00961747,0.207214,-0.423527,-0.837403,-1.33592
1813,0,2,0.952352,0.0199594,0.00108501,0.0266038,0.0749542,-0.37497,-1.45147,-0.600022
1814,0,2,0.997606,0.0011556,0.000233174,0.00100498,2.42133,-2.38451,-1.92458,-1.80068
1815,0,1,0.880335,0.117867,0.000347292,0.00145078,1.18742,-0.783518,-2.20602,-2.59736
1816,2,0,0.00158083,0.00200617,0.993573,0.00284023,-0.590053,-1.77465,1.06176,-1.03316
1817,1,2,0.396134,0.596995,0.000755809,0.00611567,-0.437804,0.279771,-1.40927,-1.01206
1818,1,1,0.0571141,0.731502,0.00262279,0.208762,-0.92188,0.66158,-1.43509,-0.753653
1819,3,0,0.283272,0.712145,0.000644338,0.00393935,0.289308,0.0107642,-1.86286,-1.49415
1820,0,3,0.998498,0.000933927,0.000171415,0.000396997,2.57576,-2.7141,-2.23268,-1.89415
1821,0,0,0.974113,0.0221175,0.000446653,0.00332298,1.5829,-2.05922,-1.08406,-1.31135
1822,0,2,0.99189,0.0054388,0.000236411,0.00243476,1.64282,-2.22585,-2.01086,-1.51305
1823,0,3,0.972834,0.0124572,0.000593255,0.0141159,2.16965,-1.8985,-1.24739,-1.72132
1824,0,0,0.998497,0.0008929,0.000211256,0.00039933,2.8454,-2.77132,-1.64533,-2.3593
1825,3,1,0.139928,0.219225,0.00401525,0.636832,-0.0209937,-0.662935,-1.38805,-0.0801707
1826,0,0,0.896934,0.00596143,0.00403371,0.0930705,0.160307,-1.75629,-1.45624,0.0635641
1827,1,1,0.164928,0.11414,0.00939594,0.711536,0.0375774,-0.347972,-1.21703,-0.603871
1828,1,2,0.983958,0.0142878,0.000199814,0.00155486,1.72932,-1.57645,-1.08649,-1.94983
1829,2,0,0.00141762,0.00100328,0.995919,0.0016606,-2.11258,-2.54275,3.18964,-2.23578
1830,0,4,0.997169,0.00187124,0.000174904,0.000784632,1.24758,-1.32963,-1.74604,-1.43804
1831,0,2,0.997647,0.00110057,0.000234554,0.00101786,2.28618,-2.07929,-1.72072,-1.79049
1832,0,2,0.995153,0.00381869,0.000371695,0.000656179,0.723101,-1.10104,-1.51696,-0.852451
1833,0,1,0.996686,0.00266477,0.000174819,0.000474281,0.936456,-1.13718,-1.64357,-1.01986
1834,0,0,0.985336,0.00991072,0.000839141,0.0039144,1.0823,-1.571,-1.43507,-1.25953
1835,0,4,0.998447,0.000703553,0.000210011,0.000639343,3.10822,-4.31906,-2.08034,-1.63429
1836,0,2,0.99771,0.00114784,0.000224265,0.000917825,2.57026,-2.27792,-1.80242,-1.88983
1837,0,1,0.994734,0.00320334,0.000312256,0.00175015,0.297343,-0.393627,-1.32524,-1.22838
1838,3,3,0.0608015,0.0193599,0.016608,0.903231,0.0135213,-1.03309,-1.29692,-0.148784
1839,1,4,0.00378555,0.990378,0.000411057,0.0054252,-1.37211,1.49615,-1.82169,-1.20084
1840,0,2,0.996098,0.00200539,0.000362013,0.00153458,2.75605,-3.36241,-1.27776,-1.90601
1841,0,4,0.99827,0.000730736,0.000197252,0.000801774,2.72346,-2.23505,-2.24887,-2.38304
1842,0,3,0.99853,0.000770506,0.000155471,0.00054424,2.18974,-1.78163,-2.45257,-2.4262
1843,0,2,0.997486,0.00124448,0.000255063,0.00101472,2.36354,-2.26171,-1.31619,-2.15392
1844,0,0,0.997656,0.00115453,0.000184105,0.00100503,1.59352,-1.5492,-1.41736,-1.82817
1845,0,0,0.0436286,0.820803,0.0907524,0.0448161,0.504963,-0.12618,-2.10316,-1.37695
1846,0,0,0.731131,0.0275978,0.000874658,0.240396,-0.288561,-0.345839,-1.50847,-0.177957
1847,0,1,0.998375,0.000765138,0.000258804,0.00060115,2.30833,-3.15199,-2.12546,-1.09002
1848,0,2,0.992698,0.00351784,0.000219679,0.00356453,1.45797,-2.66132,-1.42747,-0.896994
1849,0,3,0.997992,0.00101524,0.000181666,0.000810998,1.98101,-2.19672,-1.71293,-1.43149
1850,1,4,0.00661694,0.988295,0.00131638,0.00377206,-0.590903,0.544888,-1.36166,-1.26165
1851,1,0,0.486307,0.417588,0.00456261,0.0915418,-0.120111,-0.511142,-1.58698,-0.68322
1852,0,0,0.992724,0.00500488,0.000412031,0.00185926,2.59102,-1.83931,-1.76294,-2.52289
1853,0,2,0.982572,0.0143393,0.000277023,0.00281153,1.80019,-2.05682,-1.61977,-1.15641
1854,0,3,0.159781,0.820998,0.000461232,0.0187597,-0.35921,0.0606642,-1.21824,-0.642686
1855,0,3,0.997222,0.00154233,0.0004051,0.000830401,0.584486,-1.43702,-1.23167,-0.557337
1856,0,2,0.997243,0.00197078,0.00022285,0.000563538,0.554747,-0.408792,-0.884757,-2.24279
1857,0,1,0.464126,0.485451,0.0132436,0.0371789,0.0239136,-0.310682,-1.46788,-0.724134
1858,0,1,0.988989,0.00330848,0.00057101,0.00713173,1.89536,-2.19685,-1.62584,-1.25951
1859,3,2,0.0121345,0.0160992,0.00780407,0.963962,-1.03756,-0.311933,-1.05572,0.526412
1860,1,4,0.0153641,0.981677,0.000518087,0.00244047,-0.744593,0.819041,-1.20728,-1.64193
1861,0,3,0.995297,0.00351674,0.000144446,0.00104158,0.748542,-0.799509,-1.47718,-1.49924
1862,0,2,0.90965,0.0187597,0.00224601,0.0693444,1.13718,-1.33313,-1.66789,-1.71977
1863,0,1,0.949829,0.0210358,0.00229536,0.0268395,1.18047,-1.38195,-1.23377,-1.10734
1864,2,3,0.230239,0.0307663,0.720353,0.0186425,-0.226198,-0.785667,0.230598,-2.21656
1865,1,2,0.249923,0.568181,0.00276017,0.179136,0.316211,-0.516966,-1.62208,-0.673539
1866,3,0,0.0328525,0.0155716,0.00267049,0.948905,-0.432551,-0.367885,-1.08865,0.0393266
1867,0,4,0.997939,0.000824531,0.000230534,0.0010063,1.39844,-2.16749,-1.87365,-1.0513
1868,0,1,0.981098,0.00494627,0.0013562,0.0125999,1.17231,-1.19995,-1.32044,-1.14557
1869,0,2,0.99505,0.0025899,0.000198545,0.00216183,1.72184,-2.13775,-1.31362,-1.73857
1870,0,3,0.998248,0.00086184,0.000243568,0.000646119,2.66364,-2.65955,-1.63943,-2.27778
1871,0,2,0.997862,0.00108798,0.000194874,0.000855637,3.86207,-3.66215,-2.05999,-2.41555
1872,0,1,0.634605,0.350805,0.0100296,0.00456061,-0.068047,0.0632958,-1.23808,-1.77822
1873,0,4,0.997989,0.000724845,0.000260224,0.0010262,2.65159,-3.04588,-1.59396,-1.81945
1874,3,0,0.0167746,0.0106418,0.00429547,0.968288,-1.04048,-1.01283,-0.92861,0.561537
1875,1,4,0.280127,0.706997,0.000782224,0.0120935,0.0893422,-0.157467,-1.11846,-1.34018
1876,2,2,0.726268,0.212806,0.0390588,0.0218672,0.335728,-1.37667,-0.586652,-1.12543
1877,1,0,0.00232246,0.979042,0.00107689,0.0175592,-1.48035,1.01263,-0.979592,-1.27462
1878,0,0,0.998134,0.00133991,0.000203883,0.000322639,1.33714,-1.21183,-2.09818,-1.32788
1879,0,2,0.996723,0.00258541,0.0001678,0.000523976,1.2374,-0.732309,-1.82103,-1.761
1880,0,2,0.996561,0.00243074,0.000180346,0.000827423,1.00212,-1.07477,-1.39358,-2.00525
1881,2,0,0.00223096,0.00292397,0.992364,0.00248154,-1.29959,-1.53805,1.59387,-1.67436
1882,0,3,0.997933,0.000912667,0.000130332,0.00102414,1.8465,-1.72874,-1.43612,-1.55278
1883,0,1,0.998144,0.00101539,0.000286404,0.000554219,1.69942,-1.74834,-1.08432,-1.761
1884,0,4,0.998155,0.00071582,0.00025226,0.000877042,1.94032,-2.55129,-1.92692,-1.77788
1885,0,4,0.997814,0.00116604,0.000136038,0.000883619,1.78697,-1.6886,-1.60317,-1.54951
1886,0,1,0.997645,0.00149697,0.000291907,0.000565971,0.196439,-0.151688,-1.67817,-1.46911
1887,0,4,0.975595,0.0101317,0.000961917,0.0133113,0.611741,-2.89027,-1.39981,-0.365458
1888,0,4,0.990281,0.00668061,0.000405436,0.00263347,-0.0281663,-0.11107,-2.14109,-0.70877
1889,3,3,0.956965,0.0237736,0.00061278,0.0186487,0.251099,-0.553036,-0.782892,-1.04181
1890,0,1,0.997907,0.00159939,0.000192989,0.000300664,2.14946,-1.78827,-1.68085,-2.19414
1891,0,4,0.997835,0.00101508,0.000224293,0.000926043,1.2648,-1.20984,-1.37955,-1.61713
1892,0,1,0.817636,0.0524231,0.00625493,0.123686,0.30763,-0.500513,-1.27185,-0.883338
1893,0,2,0.993394,0.00301108,0.000268295,0.00332646,1.24235,-1.18675,-2.05971,-1.49184
1894,2,2,0.00384462,0.00195598,0.991688,0.00251153,-1.29756,-2.33815,2.10091,-1.54208
1895,0,3,0.998132,0.00096322,0.000250781,0.000653659,1.99995,-2.26872,-1.59778,-1.57986
1896,0,0,0.679418,0.305044,0.00175119,0.0137877,-0.0294794,-0.792316,-1.29886,-0.523427
1897,0,4,0.998325,0.000700725,0.000214545,0.000759887,3.36885,-2.82608,-1.83826,-2.51858
1898,1,4,0.00322323,0.991184,0.000522083,0.00507085,-1.04083,1.17604,-1.42808,-1.50075
1899,0,3,0.385167,0.610705,0.000879541,0.0032488,0.0162402,0.41076,-1.67042,-2.55132
1900,1,1,0.0194868,0.971101,0.00226128,0.00715132,-0.262662,-0.0291082,-1.10842,-1.04775
1901,0,2,0.590669,0.362836,0.00185082,0.0446447,-0.369462,-0.324443,-1.09733,-0.198826
1902,0,4,0.997835,0.00136194,0.000194489,0.000608502,0.387484,-0.269872,-1.54397,-2.43901
1903,0,2,0.996506,0.00225564,0.000160394,0.00107805,1.06275,-1.60168,-1.38962,-1.032
1904,0,0,0.998346,0.000865298,0.000239348,0.000548944,2.19279,-1.80139,-1.8423,-2.22212
1905,0,3,0.998476,0.000853659,0.000190477,0.000479796,1.25197,-1.11407,-2.16271,-2.48394
1906,0,0,0.998537,0.000838836,0.000153062,0.000471464,1.99486,-1.63342,-1.30058,-2.69372
1907,1,3,0.00863007,0.974394,0.0082188,0.00875742,-0.92435,0.86528,-1.69461,-1.51617
1908,0,1,0.996551,0.0019752,0.000322757,0.001151,1.31381,-2.14809,-1.58492,-0.960477
1909,0,4,0.996775,0.000848882,0.000327913,0.00204833,1.1904,-1.64137,-1.59461,-0.877289
1910,0,2,0.881394,0.00983933,0.002466,0.106301,0.714878,-1.10824,-1.17557,-0.65118
1911,0,1,0.99506,0.00383141,0.000316041,0.000792975,0.473281,-0.750976,-1.31092,-1.03297
1912,0,3,0.993175,0.00403516,0.000245187,0.00254495,-0.0748322,-0.121547,-2.15382,-0.773199
1913,0,4,0.978567,0.0177467,0.000580655,0.00310545,1.14064,-1.37574,-1.11531,-1.09274
1914,0,4,0.995481,0.00115652,0.000310665,0.00305149,1.61487,-2.28988,-1.2026,-1.56476
1915,0,0,0.179198,0.811783,0.000768236,0.00825126,0.0708188,-0.228339,-1.33886,-1.52492
1916,0,2,0.186122,0.810058,0.000781724,0.00303791,-0.427356,0.327757,-1.62804,-1.35542
1917,0,1,0.998464,0.000839594,0.000229308,0.000466849,2.74915,-2.62311,-2.21616,-2.10026
1918,1,4,0.00562464,0.977853,0.00353358,0.0129886,-1.06808,0.666763,-1.33346,-0.441235
1919,0,2,0.997813,0.00147834,0.000192971,0.00051541,1.39953,-1.40077,-1.61864,-2.03324
1920,0,1,0.989829,0.00711865,0.000256088,0.00279656,0.967891,-1.31249,-1.1469,-0.753956
1921,1,1,0.991402,0.00694103,0.000339801,0.00131666,0.659794,-0.880509,-1.27443,-1.56942
1922,0,4,0.99853,0.000727366,0.000166796,0.000575956,1.87281,-1.9114,-2.04803,-1.78972
1923,1,4,0.0131006,0.984003,0.000445062,0.00245104,-1.66843,1.44572,-1.30882,-0.713959
1924,1,4,0.0125489,0.985272,0.000351152,0.00182737,-0.740201,0.573431,-1.22877,-1.37317
1925,0,2,0.997362,0.00114969,0.000287861,0.00120016,2.5802,-2.73611,-1.81471,-1.68356
1926,0,4,0.996528,0.00198095,0.000172755,0.00131831,0.56536,-0.755023,-1.66505,-1.43079
1927,1,0,0.0098915,0.988479,0.000242602,0.00138657,-1.45773,1.59439,-1.44347,-1.677
1928,0,0,0.990493,0.00646855,0.000455941,0.00258308,2.32669,-2.40363,-1.75095,-1.88591
1929,0,3,0.993218,0.00604862,0.000189844,0.000543995,1.88765,-2.15761,-1.32666,-1.2483
1930,2,1,0.00720712,0.0446912,0.944869,0.00323268,-0.889215,-1.1527,0.883874,-1.86777
1931,1,2,0.0170008,0.978475,0.000584012,0.00394065,-0.97377,1.22353,-1.49693,-1.94148
1932,0,3,0.996834,0.00151635,0.000163932,0.00148557,1.43899,-1.43561,-1.28231,-1.67475
1933,0,2,0.996657,0.00225819,0.000181423,0.000903524,2.37258,-2.60618,-1.03197,-2.21423
1934,0,3,0.997198,0.00127238,0.000190605,0.00133866,1.24897,-1.26469,-1.28272,-1.81955
1935,0,0,0.998232,0.000991956,0.000230152,0.000545674,2.59573,-2.31662,-2.04262,-2.04162
1936,2,4,0.00418183,0.00118358,0.991292,0.00334219,-1.33267,-1.51149,1.07067,-1.11269
1937,0,0,0.990052,0.00454473,0.000556205,0.0048473,1.0216,-1.19753,-1.5919,-1.2389
1938,0,2,0.997649,0.00136701,0.000239648,0.000744685,2.62761,-3.01604,-1.91311,-2.41297
1939,2,0,0.00201103,0.00265379,0.993063,0.00227213,-1.28156,-0.467687,0.66646,-1.60842
1940,3,2,0.0213901,0.888463,0.00109661,0.0890502,-0.468126,0.504854,-1.37681,-0.891666
1941,0,0,0.998502,0.000777286,0.000179642,0.000541046,2.39099,-2.76611,-1.84541,-1.35937
1942,0,1,0.99723,0.00200767,0.000186925,0.000575768,1.94187,-1.16863,-1.58177,-2.6856
1943,1,1,0.966048,0.031821,0.000500955,0.00162979,0.502319,-0.574764,-1.15362,-1.43562
1944,0,4,0.992956,0.00316654,0.000446487,0.00343054,-0.211306,0.104359,-1.32192,-0.959666
1945,0,0,0.99411,0.00399386,0.000204255,0.00169193,1.35384,-1.39464,-1.47324,-1.24235
1946,0,0,0.9986,0.000798131,0.000162626,0.000439481,3.57548,-3.06688,-1.87694,-2.91086
1947,1,3,0.908069,0.043787,0.00301708,0.0451274,1.0669,-1.44918,-1.05442,-1.37486
1948,0,0,0.996687,0.00144387,0.000218418,0.00165056,0.918087,-1.75001,-1.58825,-1.11772
1949,1,0,0.484902,0.510162,0.000813282,0.00412213,0.77406,-0.573664,-1.83758,-1.52154
1950,0,3,0.987878,0.00790066,0.000567037,0.00365446,2.33202,-2.3658,-1.57179,-1.86923
1951,0,2,0.827282,0.166277,0.000678872,0.00576237,-0.435059,0.177323,-1.61682,-0.988053
1952,0,1,0.993854,0.00184509,0.000666943,0.00363374,1.85742,-2.98691,-1.98003,-0.700722
1953,0,1,0.0141158,0.965729,0.000738675,0.0194163,-0.518501,0.41907,-1.42495,-1.21696
1954,0,1,0.997735,0.00155523,0.00030955,0.000399805,1.01254,-1.1709,-1.71228,-1.102
1955,1,2,0.0064836,0.987479,0.000636035,0.0054014,-1.6592,0.616705,-1.33036,-0.283839
1956,1,2,0.0598398,0.928768,0.00124436,0.0101478,-0.933528,-0.183494,-0.57634,-0.803437
1957,3,4,0.226184,0.732987,0.00286396,0.0379655,-0.47727,0.0236307,-1.44401,-0.545858
1958,0,1,0.998086,0.000982172,0.000337447,0.000594555,2.95697,-2.63611,-1.4694,-2.32533
1959,2,3,0.00187238,0.00228068,0.991948,0.00389857,-0.834629,-2.41664,1.29288,-1.46209
1960,0,0,0.998369,0.000866164,0.000213301,0.000551105,2.35109,-2.52932,-1.96727,-1.84872
1961,0,4,0.998051,0.000919036,0.000292025,0.000738466,2.57306,-2.26248,-1.66525,-2.33619
1962,0,0,0.998462,0.000987352,0.000135331,0.000415223,1.59114,-2.29477,-1.44857,-1.07746
1963,1,2,0.0220086,0.971686,0.00047893,0.00582602,-1.21611,1.0487,-0.647659,-1.47639
1964,0,4,0.99834,0.000685841,0.000214549,0.000759898,4.18068,-3.74917,-2.0493,-3.07001
1965,0,2,0.148292,0.6931,0.0019813,0.156627,0.0153152,-0.589727,-1.26991,-0.225162
1966,0,4,0.916894,0.0149949,0.00156204,0.0665494,0.597193,-0.85271,-1.15075,-0.809823
1967,0,0,0.969713,0.0209226,0.000377357,0.00898761,-0.033477,-0.180814,-1.29783,-1.4426
1968,0,0,0.997716,0.00122188,0.000283499,0.000778193,2.63184,-2.37989,-1.60361,-2.00666
1969,1,1,0.0263128,0.39816,0.00295799,0.57257,-0.6577,0.32559,-1.5665,-0.733964
1970,1,0,0.784963,0.212927,0.000568455,0.00154221,0.00879369,0.454378,-1.85195,-1.90214
1971,0,4,0.997966,0.000974411,0.000199127,0.000860755,0.286041,-1.1875,-0.964086,-0.792052
1972,0,0,0.998144,0.00120228,0.000200333,0.000453224,1.82499,-1.59104,-1.45514,-1.33829
1973,0,3,0.985087,0.0142589,0.000184288,0.000469678,-0.257172,0.710728,-1.64254,-2.16222
1974,0,0,0.994362,0.00338544,0.000491064,0.0017615,0.413141,-0.880545,-0.973626,-1.07123
1975,2,3,0.00153695,0.00106462,0.993745,0.00365291,-2.14075,-2.56149,2.25092,-0.984114
1976,0,3,0.997945,0.000864106,0.000243019,0.000948108,2.78372,-3.98661,-1.75242,-1.91483
1977,0,1,0.990328,0.00894856,0.000226996,0.000496774,0.014737,0.289562,-1.28979,-2.15234
1978,1,2,0.136228,0.858472,0.00070172,0.00459818,0.955277,-1.00884,-1.43314,-1.14394
1979,0,1,0.996343,0.0017928,0.000375058,0.00148919,1.67794,-1.90377,-1.50915,-1.76812
1980,0,4,0.998004,0.00107756,0.000188169,0.000729829,0.95298,-0.90385,-1.76387,-1.63561
1981,1,1,0.221772,0.719394,0.00330553,0.0555279,1.11304,-1.34254,-1.27704,-1.12545
1982,0,1,0.0740197,0.406746,0.0169697,0.502264,-0.506214,0.246631,-0.742858,-1.16721
1983,1,1,0.125413,0.803939,0.00304455,0.0676032,0.126801,-0.429669,-1.3528,-0.626157
1984,0,2,0.99308,0.00405255,0.000378976,0.00248819,2.35328,-1.94614,-1.89167,-2.29364
1985,1,2,0.380337,0.533227,0.00204116,0.0843946,-0.349521,-0.081819,-1.29021,-0.589401
1986,0,1,0.996978,0.00208304,0.000407381,0.000531326,0.644455,-0.392471,-1.34441,-1.54878
1987,0,0,0.998405,0.000994067,0.000196509,0.000404789,1.50108,-1.13035,-1.60315,-2.044
1988,0,2,0.986056,0.00450874,0.000486012,0.00894921,1.22645,-0.96872,-2.01001,-2.41826
1989,1,2,0.598661,0.391846,0.00141598,0.00807709,0.303303,-0.909616,-1.09804,-1.23098
1990,0,0,0.997972,0.00139852,0.000137126,0.000491886,1.36896,-1.23471,-1.7702,-1.958
1991,3,4,0.881063,0.0373922,0.00333662,0.0782083,0.421855,-1.07843,-1.33902,-0.667819
1992,1,3,0.0365315,0.956528,0.0012691,0.00567109,-0.343923,0.786134,-1.61613,-1.83926
1993,0,2,0.997556,0.00148229,0.000241034,0.000721002,2.51605,-2.50466,-1.42523,-2.4935
1994,0,2,0.112456,0.882812,0.000472324,0.0042594,1.03086,-0.840447,-1.77482,-2.20292
1995,0,3,0.998405,0.0010801,0.000138803,0.000376569,2.40928,-2.23498,-1.30584,-2.22467
1996,0,0,0.998641,0.00084303,0.000181076,0.000335007,2.84619,-3.1014,-1.39055,-1.97047
1997,0,1,0.017139,0.956082,0.00741473,0.0193643,0.105867,-0.476277,-0.853859,-1.12038
1998,0,3,0.997897,0.00145981,0.000192235,0.000450465,1.261,-1.10153,-1.69395,-1.68603
1999,1,1,0.00662497,0.974629,0.00113895,0.0176069,-0.689964,0.246517,-1.3028,-0.909522
2000,0,2,0.984329,0.0141474,0.000306585,0.00121731,0.117003,-0.0928524,-1.42609,-1.10421
2001,0,2,0.99762,0.00136831,0.00024011,0.000771309,3.0343,-2.74971,-1.98702,-2.43649
2002,0,2,0.997561,0.00142691,0.000167941,0.000844588,1.2622,-1.30804,-1.56082,-1.67254
2003,1,4,0.00460392,0.981628,0.000498214,0.0132695,-0.271841,-0.672402,-1.58107,-0.267158
2004,0,3,0.998497,0.000751163,0.000211256,0.000541043,1.46624,-0.98962,-1.33006,-2.18244
2005,1,1,0.013215,0.877137,0.0118343,0.0978133,-0.600495,-0.785213,-0.919296,0.386152
2006,0,4,0.998137,0.000807954,0.000270631,0.000784627,3.19515,-3.50178,-2.02853,-2.29426
2007,0,1,0.998437,0.000820123,0.000242665,0.000499865,1.73052,-1.74711,-1.68317,-1.73102
2008,2,3,0.00259064,0.00119538,0.993391,0.00282312,-0.905091,-0.864907,0.837305,-1.7008
2009,0,0,0.998618,0.000952461,0.000158242,0.000271821,1.73166,-1.26642,-2.04337,-2.90465
2010,0,1,0.994242,0.00503338,0.000232842,0.000491965,1.49797,-1.54803,-1.24503,-1.51336
2011,3,2,0.163133,0.0549371,0.00518282,0.776747,0.276322,-0.532105,-1.19435,-0.835912
2012,2,1,0.00330323,0.00473165,0.98261,0.00935504,-0.758208,-1.10832,-0.100471,-0.750487
2013,3,0,0.991935,0.00540199,0.000480391,0.0021826,2.26692,-2.03019,-1.99016,-2.27208
2014,0,3,0.996729,0.00266229,0.000153683,0.000455241,1.03429,-1.15967,-1.64936,-1.25049
2015,0,3,0.998497,0.000705653,0.00019235,0.000604757,3.10064,-2.95239,-2.3022,-2.41371
2016,2,2,0.0050231,0.00370561,0.988102,0.00316958,-1.80593,-0.921468,1.10714,-1.44626
2017,0,4,0.997387,0.00175396,0.000128492,0.00073009,1.02112,-1.40158,-1.28568,-0.786792
2018,0,1,0.998194,0.000886549,0.00029551,0.000623765,0.696194,-1.36619,-1.21371,-0.492498
2019,0,0,0.998574,0.000805156,0.00013561,0.000485499,3.15805,-2.66409,-1.84575,-2.69247
2020,0,2,0.994211,0.00346182,0.000352268,0.00197441,2.20308,-2.05747,-1.45681,-1.78776
2021,0,0,0.982132,0.0101251,0.000653948,0.0070892,0.828583,-1.87344,-1.26851,-0.0431161
2022,0,3,0.997712,0.00122068,0.00026841,0.000798981,1.49968,-1.43719,-1.32811,-1.41675
2023,0,0,0.998571,0.000834779,0.000140462,0.000453418,3.90785,-3.45705,-1.80468,-2.93479
2024,0,3,0.998356,0.000980521,0.00017139,0.000492075,2.21873,-2.17951,-1.78194,-1.82377
2025,0,3,0.998437,0.000781803,0.000243139,0.000538375,2.144,-2.45801,-1.69721,-1.1387
2026,0,3,0.997118,0.00216633,0.000147564,0.000567886,1.36615,-1.57598,-1.83564,-1.3802
2027,0,3,0.994737,0.00225824,0.000293912,0.00271069,2.50021,-2.51061,-1.53463,-1.86692
2028,0,2,0.997768,0.00140233,0.000201434,0.000628388,2.08884,-1.55686,-1.64109,-2.1957
2029,0,3,0.997574,0.00151156,0.000130031,0.000784184,2.21344,-2.24142,-1.56738,-1.89996
2030,0,2,0.997556,0.00140615,0.000175314,0.000862084,0.210283,-0.708989,-1.21906,-1.5875
2031,1,1,0.130633,0.848513,0.000682827,0.0201706,-0.523325,0.122375,-1.11368,-0.912718
2032,0,4,0.998417,0.000744531,0.000206749,0.000631875,2.69068,-2.1681,-2.06334,-2.34884
2033,2,2,0.0476397,0.17944,0.747032,0.0258886,-0.84594,-0.111197,-0.470169,-1.23561
2034,0,2,0.986482,0.00921474,0.000365589,0.00393813,1.72541,-1.40416,-1.48303,-2.25668
2035,1,4,0.993521,0.00471693,0.000478348,0.00128388,1.93207,-1.7472,-1.28768,-1.19122
2036,0,2,0.958069,0.0305257,0.000814327,0.0105913,0.102263,0.448719,-1.5568,-1.82583
2037,1,3,0.00859396,0.987885,0.000321202,0.00319998,-0.464996,0.468813,-0.969334,-1.90729
2038,0,3,0.992775,0.00439765,0.000531156,0.002296,1.96049,-2.18325,-1.48132,-1.82324
2039,0,4,0.862929,0.125659,0.00104654,0.0103652,-0.294016,-0.0994303,-1.06524,-0.644018
2040,3,2,0.0130363,0.038426,0.00744967,0.941088,-1.22413,-0.295934,-0.826798,0.227507
2041,0,4,0.947373,0.014849,0.00277781,0.0350002,-0.561765,-0.16999,-1.25658,-0.324797
2042,0,1,0.99061,0.0082701,0.000247437,0.000872114,2.30439,-1.99712,-1.8199,-2.19342
2043,0,4,0.99826,0.000722921,0.000257766,0.000759096,2.43924,-3.68597,-1.64556,-1.52671
2044,1,4,0.00533955,0.991059,0.000421918,0.00317906,-1.42372,1.06428,-1.36676,-1.04198
2045,0,3,0.996716,0.00265576,0.000232966,0.000394744,0.758481,-1.03282,-1.43908,-1.60359
2046,0,4,0.987704,0.00633176,0.000519235,0.00544501,1.00587,-1.07682,-1.42756,-1.09887
2047,0,3,0.998304,0.000802584,0.000197644,0.000695258,2.17212,-2.22804,-1.50047,-1.66506
2048,1,1,0.00725843,0.924122,0.000821563,0.0677984,-1.74558,0.626043,-1.34357,0.141449
2049,0,3,0.971468,0.0271444,0.000207149,0.00118048,1.02626,-1.27685,-1.4117,-1.17904
2050,2,4,0.00708155,0.00786156,0.955075,0.0299823,-0.251251,-0.232131,-1.32308,-0.432234
2051,0,4,0.998286,0.000726479,0.000226596,0.0007606,1.63314,-1.59117,-1.81173,-1.72986
2052,0,4,0.993815,0.00526367,0.000243436,0.00067742,1.04224,-1.02082,-1.45886,-2.19005
2053,0,4,0.998208,0.000932744,0.000163837,0.000695191,1.73705,-1.92113,-1.9918,-1.67175
2054,1,0,0.052432,0.69032,0.00254872,0.2547,0.803849,-0.634559,-1.2129,-1.1014
2055,1,1,0.0115442,0.965314,0.00100528,0.0221366,-1.00735,0.750253,-1.12622,-1.04469
2056,0,3,0.998115,0.00101338,0.000337456,0.000534013,0.585395,-1.99164,-0.342444,-1.22005
2057,0,3,0.998445,0.000867923,0.000194228,0.000493081,1.49905,-1.71044,-1.45296,-1.39624
2058,1,4,0.00429653,0.992949,0.000565512,0.0021891,-0.652375,0.536837,-1.32493,-1.35842
2059,0,3,0.945884,0.0134923,0.00190988,0.0387138,-0.13457,-0.625367,-1.13259,-0.506135
2060,1,0,0.0172564,0.980654,0.000229212,0.00186012,-0.624132,0.702971,-1.50314,-1.44045
2061,2,3,0.00265596,0.00206846,0.991934,0.00334109,-1.61739,-0.469292,0.259365,-1.44618
2062,0,2,0.992135,0.00360274,0.000526683,0.0037353,2.06316,-1.66173,-1.43129,-1.94967
2063,0,2,0.995019,0.0025249,0.000352554,0.00210346,2.38687,-2.59139,-1.66662,-1.69438
2064,0,2,0.997391,0.0017982,0.000204529,0.00060586,2.31134,-2.34405,-1.57854,-2.14789
2065,0,1,0.998221,0.00110336,0.000227024,0.000448854,1.51748,-1.47759,-2.04274,-1.60825
2066,1,3,0.28468,0.669703,0.00155337,0.044064,-0.555647,0.0114561,-1.32529,-0.595343
2067,0,1,0.997181,0.00124288,0.000400364,0.00117559,1.28493,-1.63854,-1.73004,-0.749946
2068,0,1,0.683109,0.311531,0.00048418,0.00487574,0.347496,-0.492636,-1.88987,-0.836058
2069,0,1,0.998203,0.000995809,0.000205899,0.000595206,3.53742,-3.20352,-2.28337,-2.80336
2070,1,3,0.00715212,0.988432,0.00167408,0.00274128,-0.723098,0.956075,-1.37754,-2.00063
2071,0,1,0.131151,0.838669,0.00153885,0.0286417,0.207611,-0.0802893,-1.58235,-1.25058
2072,0,1,0.996997,0.00158473,0.000304525,0.00111391,2.5332,-2.58544,-1.36687,-1.98949
2073,0,4,0.974776,0.0235026,0.000247316,0.00147413,0.202218,-0.542645,-1.03585,-1.2034
2074,0,4,0.998368,0.000702125,0.000259815,0.000669973,2.80125,-2.95136,-1.64548,-2.06478
2075,0,3,0.997988,0.00132411,0.000244458,0.000443522,2.8976,-3.03626,-1.37784,-2.16612
2076,0,2,0.994547,0.00307854,0.000203548,0.00217132,0.949631,-1.3174,-1.31168,-1.1391
2077,1,2,0.0482028,0.944367,0.000448508,0.00698167,-1.13724,1.10114,-1.09892,-1.30143
2078,0,1,0.994844,0.00208265,0.00043527,0.00263786,0.217269,-0.956657,-1.15685,-0.491768
2079,0,1,0.996923,0.00237878,0.000282721,0.000415393,1.44382,-0.706646,-1.5578,-2.42134
2080,0,4,0.997507,0.000828208,0.000266787,0.00139787,3.24087,-3.2182,-1.46391,-1.91366
2081,0,1,0.998384,0.000922941,0.000265462,0.000427534,0.689653,-1.28313,-1.17768,-0.9699
2082,1,1,0.0195674,0.627434,0.00683534,0.346164,-0.941642,-0.131178,-1.27642,-0.472125
2083,0,4,0.998102,0.000901306,0.000239757,0.000756756,2.5942,-2.02129,-1.5229,-1.93189
2084,1,4,0.00682035,0.989023,0.000374491,0.00378222,-1.80707,1.39183,-1.32199,-1.34851
2085,0,3,0.899147,0.0969221,0.000649875,0.00328106,-0.675861,0.598031,-1.31435,-1.32801
2086,0,3,0.998613,0.000759364,0.000154576,0.000473345,3.2717,-3.01377,-2.13039,-2.63818
2087,0,3,0.998412,0.000872995,0.000162278,0.000552206,2.59974,-2.51006,-1.90213,-2.13019
2088,0,0,0.998219,0.00122489,0.000247397,0.000309095,1.96362,-1.9218,-1.78761,-1.66481
2089,3,4,0.71507,0.172434,0.00275602,0.10974,-0.222454,-0.56623,-0.647706,-0.726238
2090,0,0,0.991619,0.00583338,0.000465463,0.00208199,1.66935,-2.00448,-1.22453,-1.4015
2091,0,4,0.998376,0.000810519,0.000218788,0.000594728,1.10588,-1.16934,-1.84302,-1.61296
2092,0,4,0.998525,0.000669424,0.000210438,0.000594817,2.57288,-2.70472,-1.91451,-2.13455
2093,0,0,0.998341,0.00106018,0.000231983,0.000366389,2.57832,-2.19647,-1.52902,-2.60515
2094,1,0,0.0355075,0.962514,0.000268206,0.00171008,-0.92567,1.25166,-1.97388,-2.00656
2095,0,4,0.993645,0.00145643,0.000383661,0.00451469,1.62634,-1.6645,-1.55314,-1.34105
2096,0,0,0.998402,0.000913096,0.000155148,0.00053001,3.51972,-3.28209,-1.93177,-2.90396
2097,0,2,0.940113,0.0118112,0.00195085,0.0461248,1.77042,-2.04823,-1.00081,-1.33791
2098,0,1,0.996917,0.0016704,0.000314166,0.00109869,1.09512,-1.99248,-1.90962,-1.08978
2099,0,4,0.995956,0.00305891,0.000386059,0.000599108,1.34682,-1.49109,-1.41304,-1.34536
2100,0,4,0.998323,0.000773361,0.000243111,0.000660845,2.63176,-2.42696,-1.3362,-2.29118
2101,1,0,0.00925875,0.971547,0.00138023,0.0178141,-0.329112,0.194881,-1.56454,-1.03076
2102,3,3,0.00819905,0.242436,0.00406676,0.745298,-1.06501,0.409702,-0.992639,-0.485009
2103,0,4,0.944263,0.0328082,0.00110346,0.0218253,0.27463,-0.774973,-1.02295,-0.404655
2104,0,2,0.992476,0.00307363,0.00038471,0.00406594,0.71013,-0.932484,-1.29019,-1.17978
2105,0,2,0.0101927,0.00725956,0.00442038,0.978127,-0.998721,-0.770399,-1.03562,0.655047
2106,2,0,0.00119425,0.00153195,0.995358,0.00191587,-1.93834,-1.92818,2.11018,-1.56234
2107,0,2,0.997374,0.00131428,0.000244308,0.00106746,2.46365,-2.87113,-2.00284,-1.55013
2108,0,4,0.99823,0.000763534,0.000271715,0.000735001,1.97794,-2.74135,-1.69221,-1.25512
2109,0,4,0.998001,0.00119976,0.000216581,0.000583006,0.921012,-1.27253,-1.19122,-1.27999
2110,1,1,0.0554604,0.881962,0.00666842,0.0559091,-0.416953,0.110213,-1.40899,-0.649251
2111,0,0,0.998374,0.000968169,0.000176834,0.000480685,2.19092,-1.96484,-1.70371,-2.23624
2112,0,3,0.998426,0.000769673,0.000172747,0.000631881,2.61488,-2.3875,-1.56052,-2.0987
2113,0,4,0.997557,0.00176888,0.000187351,0.000486903,1.13465,-1.12879,-1.20644,-1.65635
2114,0,3,0.998195,0.000920965,0.000266971,0.000617101,2.6158,-2.04338,-1.62847,-2.75703
2115,1,0,0.987048,0.0114927,0.000267102,0.0011924,0.683132,-0.704311,-1.89602,-1.19408
2116,0,4,0.977694,0.0132329,0.000573378,0.00850011,0.205227,-0.639714,-1.03761,-1.2751
2117,0,0,0.995597,0.00335999,0.000191418,0.000851198,0.536583,-0.684126,-1.45941,-1.29568
2118,0,2,0.98947,0.00511176,0.000507123,0.00491114,0.785285,-1.34009,-0.652923,-0.77312
2119,0,4,0.998477,0.000645006,0.000184257,0.000693344,3.78307,-3.32349,-2.31746,-2.67087
2120,0,2,0.975305,0.00627674,0.000894589,0.0175242,0.403718,-1.01226,-1.22056,-0.635409
2121,1,4,0.0146342,0.98201,0.00107175,0.00228445,-1.02217,1.05977,-1.30883,-1.50558
2122,0,1,0.998304,0.000824833,0.00026389,0.000607007,3.8558,-3.86073,-2.07896,-2.92777
2123,1,0,0.00962289,0.986848,0.000546877,0.00298249,-1.06049,0.9818,-1.04866,-0.942357
2124,3,2,0.175165,0.7691,0.00151104,0.0542239,-0.60894,0.16527,-1.43664,-0.44453
2125,0,0,0.998597,0.000834801,0.000189758,0.000378116,1.9704,-2.2082,-1.1273,-1.59899
2126,0,0,0.998542,0.000915903,0.000181058,0.000361486,1.74333,-2.30004,-1.06609,-1.29711
2127,1,0,0.666754,0.243257,0.00398018,0.0860086,-0.030913,-0.0706959,-0.943904,-1.36883
2128,3,2,0.0175499,0.809641,0.00176763,0.171041,-1.23828,0.437902,-1.28291,0.0896283
2129,2,1,0.294211,0.292778,0.380923,0.0320878,0.645469,-0.926452,-1.11448,-1.91872
2130,0,1,0.997103,0.00211198,0.000396443,0.000388775,2.36504,-2.10449,-1.40647,-2.07761
2131,0,4,0.997298,0.00194508,0.000273057,0.000483932,1.05059,-1.10091,-1.77161,-1.59768
2132,0,1,0.998446,0.000837123,0.000261363,0.000455136,2.72081,-2.68387,-2.03541,-2.18538
2133,1,2,0.277834,0.716436,0.00107922,0.00465145,-0.126635,0.0323689,-1.67333,-1.61835
2134,0,4,0.998168,0.00120937,0.000164472,0.000458578,1.84501,-1.62333,-1.52916,-1.99995
2135,0,4,0.998109,0.000981236,0.000217877,0.000692411,2.53353,-2.38751,-1.58875,-1.75514
2136,2,2,0.00848012,0.0206656,0.967804,0.00305037,-0.942511,-1.38512,0.968778,-1.33505
2137,0,1,0.997827,0.00083824,0.000358416,0.000976181,0.485778,-1.0819,-1.12785,-0.820715
2138,1,4,0.0190125,0.978495,0.000389805,0.00210315,0.0557506,-0.774384,-1.42439,-0.561222
2139,0,1,0.984342,0.0092714,0.000999396,0.00538688,0.408223,-1.18078,-0.461932,-1.57957
2140,0,0,0.998252,0.000812796,0.000162252,0.000772552,2.18863,-2.58788,-1.93063,-1.50476
2141,2,2,0.00806567,0.00489207,0.982746,0.00429621,-1.44891,-0.2505,0.23012,-1.01473
2142,0,4,0.99173,0.00631888,0.000319943,0.00163117,1.43285,-1.66817,-1.93945,-0.534859
2143,1,3,0.0379996,0.951263,0.00080539,0.00993217,-1.69558,1.18641,-1.18165,-0.969833
2144,0,3,0.997304,0.00205343,0.000102234,0.000539869,1.36497,-1.42777,-1.38871,-1.42088
2145,3,3,0.0165151,0.39469,0.0338206,0.554974,0.0356022,-0.154984,-1.18847,-1.24933
2146,0,0,0.990549,0.00612764,0.000543594,0.00277953,2.2534,-2.54865,-1.63931,-2.46475
2147,0,4,0.998142,0.000817482,0.000229682,0.00081112,2.44496,-2.67443,-1.24556,-1.76304
2148,1,0,0.0214649,0.974903,0.000335454,0.00329658,-0.324083,0.0951156,-1.72019,-0.973185
2149,0,4,0.988137,0.00802913,0.000256651,0.00357772,0.944463,-1.05279,-1.99349,-1.14716
2150,0,2,0.997628,0.0011681,0.000216077,0.000987491,0.958186,-0.952434,-1.84729,-1.38431
2151,0,2,0.992136,0.00400153,0.00046118,0.00340103,2.01896,-2.19837,-1.12455,-1.7741
2152,0,3,0.991549,0.00591327,0.000404372,0.00213329,1.27313,-1.24866,-1.47105,-1.69096
2153,0,3,0.992748,0.004546,0.000364336,0.00234122,0.675116,-1.21041,-2.01256,-0.781349
2154,0,2,0.0496925,0.709836,0.00224167,0.23823,0.315969,-0.513231,-1.02989,-0.955626
2155,0,3,0.0596684,0.937024,0.0010347,0.00227328,-0.17452,0.314379,-1.12593,-2.0561
2156,1,0,0.0149431,0.967921,0.0113349,0.00580061,-0.676636,0.163972,-1.42468,-0.743099
2157,0,3,0.983978,0.0102938,0.000839623,0.00488865,2.04856,-2.26818,-1.58679,-1.82193
2158,0,3,0.990833,0.00613539,0.000556644,0.00247529,1.86868,-1.81705,-1.7453,-1.62576
2159,0,2,0.98988,0.00525051,0.000576007,0.00429372,2.81007,-2.99937,-1.79831,-2.35547
2160,0,1,0.997728,0.0015311,0.000221656,0.000519408,2.90361,-2.70713,-1.65938,-1.95167
2161,0,3,0.986343,0.0115182,0.000213633,0.00192466,1.34635,-1.25397,-1.11269,-1.80875
2162,3,1,0.0288282,0.0689907,0.00973196,0.892449,-0.411127,-0.872715,-1.22274,0.300684
2163,1,3,0.986097,0.0116789,0.000300021,0.00192417,1.30557,-1.30891,-1.71427,-1.08614
2164,0,4,0.998466,0.000829005,0.000212491,0.000492129,1.46372,-1.22387,-1.62375,-2.04384
2165,1,3,0.228899,0.235359,0.00586913,0.529873,0.498216,-0.962312,-0.793927,-1.17644
2166,0,3,0.946608,0.0436509,0.000657968,0.00908297,0.157601,-0.898585,-1.40586,-0.713001
2167,0,0,0.998156,0.00122361,0.000219168,0.000401539,1.76344,-1.6964,-1.53527,-2.05749
2168,1,1,0.00469869,0.993311,0.000466257,0.00152432,-0.637619,0.776533,-1.24059,-2.11715
2169,0,3,0.993836,0.00469314,0.000263737,0.00120766,1.43986,-1.22554,-1.87882,-2.25701
2170,2,4,0.00930325,0.00648837,0.969565,0.0146432,-1.25863,0.193668,-0.150327,-0.932846
2171,0,1,0.995129,0.00182593,0.000357447,0.00268803,0.996137,-1.97767,-1.44049,-0.926414
2172,1,1,0.0236011,0.972195,0.000815114,0.00338847,-1.27203,1.46162,-0.886649,-1.69379
2173,0,4,0.994511,0.00147921,0.000386252,0.00362373,1.54911,-1.8855,-1.22965,-1.62882
2174,0,3,0.997382,0.00179555,0.0001559,0.000666701,1.96557,-2.33421,-1.68199,-1.16661
2175,0,4,0.995687,0.00182874,0.000304125,0.00218018,1.59692,-0.885554,-1.70525,-2.03966
2176,1,0,0.118669,0.760891,0.00547886,0.114962,-0.250164,0.0725647,-1.28098,-1.03645
2177,1,3,0.253476,0.740654,0.000400155,0.00547028,-0.115907,-0.392396,-1.53536,-1.0396
2178,0,0,0.993379,0.00239125,0.000726446,0.00350311,1.865,-2.36974,-1.79971,-1.2717
2179,0,0,0.992357,0.00571643,0.000513594,0.00141255,0.680544,-0.178366,-1.78835,-2.30497
2180,0,4,0.998089,0.000741384,0.000232832,0.000937198,2.80547,-3.01888,-1.37476,-1.61651
2181,2,4,0.00279072,0.00192366,0.990657,0.00462815,-0.862445,-2.35089,1.67881,-0.897038
2182,0,4,0.998077,0.000830301,0.000226107,0.000866756,1.82484,-1.83032,-1.79208,-1.38987
2183,0,0,0.981525,0.0176985,0.000291143,0.000485672,-0.0371739,-0.00863965,-0.543791,-2.03068
2184,0,1,0.995602,0.00295796,0.000232252,0.00120744,1.38621,-1.50234,-1.13444,-1.46866
2185,0,3,0.995504,0.00340758,0.000217308,0.000871302,0.977461,-0.913248,-0.864637,-2.2884
2186,0,0,0.998011,0.00126845,0.000319464,0.000400698,0.529084,-0.696435,-1.29647,-1.37501
2187,1,4,0.0077414,0.989711,0.000623923,0.0019237,-1.68544,1.60036,-1.14867,-1.68213
2188,1,3,0.0179901,0.968004,0.000399424,0.013607,-0.260133,-0.513472,-1.40656,-0.342686
2189,0,1,0.997528,0.0019079,0.000199819,0.000364663,1.28882,-1.2597,-1.33895,-1.27329
2190,0,3,0.994801,0.00194116,0.000280471,0.00297731,0.875286,-1.25361,-1.32787,-0.808002
2191,1,4,0.00531678,0.988279,0.000779919,0.00562387,-1.91084,1.6813,-1.59306,-0.866061
2192,0,3,0.927456,0.0677778,0.000282731,0.00448355,0.259796,-0.287762,-1.32965,-1.21136
2193,0,3,0.968261,0.0309429,0.000261507,0.000534485,0.915168,-0.419286,-1.28683,-2.34958
2194,0,3,0.99796,0.0012186,0.000256183,0.000565045,1.82228,-2.03466,-1.93696,-1.51578
2195,0,4,0.981965,0.0158429,0.000554904,0.00163734,0.15698,-0.453296,-1.38019,-1.1196
2196,0,2,0.997587,0.00150715,0.000158698,0.000747553,1.91152,-2.56397,-1.56263,-1.47702
2197,0,2,0.910816,0.0776667,0.000534157,0.0109833,-0.148685,0.308034,-1.44174,-1.47743
2198,0,1,0.920984,0.0768645,0.000348728,0.00180239,0.790365,-0.978279,-1.36683,-1.23042
2199,0,4,0.997207,0.00171219,0.000214305,0.000866846,0.902878,-1.3418,-1.63923,-1.04352
2200,0,2,0.691712,0.230679,0.00363687,0.0739727,0.601928,-1.05085,-0.786542,-0.688646
2201,0,2,0.435415,0.295481,0.00475274,0.264351,-0.193565,-0.282173,-0.973277,-0.628028
2202,0,0,0.998296,0.000946592,0.000211213,0.00054571,2.43182,-2.65845,-1.31022,-1.73427
2203,2,0,0.00131838,0.00117145,0.995611,0.00189959,-1.67889,-1.03549,1.43767,-1.53502
2204,1,3,0.982895,0.016232,0.000223976,0.000649363,0.141037,0.202418,-1.83367,-1.8926
2205,0,1,0.0808621,0.91553,0.000385223,0.00322228,-0.857551,0.388755,-1.08159,-1.01037
2206,0,2,0.98827,0.00945556,0.000207465,0.00206687,1.89021,-1.78061,-1.97538,-2.52691
2207,1,1,0.364559,0.617718,0.000887905,0.0168355,0.337235,-0.291163,-0.866124,-1.41145
2208,0,0,0.942172,0.012189,0.00170196,0.0439371,0.658038,-0.782784,-1.35868,-1.77567
2209,0,2,0.0128222,0.982987,0.00106863,0.00312253,-1.05923,0.487325,-1.20498,-0.621261
2210,1,3,0.0164366,0.979733,0.000949165,0.00288112,-0.0558993,-0.1629,-0.701534,-1.6149
2211,0,4,0.478989,0.5169,0.001056,0.00305564,0.130223,0.632997,-1.33263,-2.78572
2212,0,4,0.997644,0.00102284,0.000284588,0.00104812,0.787698,-0.840826,-1.0289,-1.1823
2213,2,4,0.00796514,0.00236717,0.987225,0.00244231,-1.46476,-1.46619,1.23001,-1.21283
2214,0,0,0.998723,0.000795118,0.000164885,0.000317204,2.70466,-2.49491,-1.93795,-2.7526
2215,1,1,0.170838,0.727379,0.0221805,0.0796025,0.504405,-0.325662,-1.36381,-1.21799
2216,0,2,0.988241,0.00629512,0.000610947,0.00485263,1.21053,-0.820981,-1.17018,-1.83885
2217,1,2,0.0455582,0.949655,0.00131788,0.00346875,-1.04113,0.461463,-0.19889,-1.57979
2218,1,3,0.00578158,0.989556,0.000871186,0.00379166,-1.23469,1.72545,-1.77473,-1.75038
2219,1,0,0.0197174,0.977807,0.000299247,0.00217687,-0.55579,0.639596,-1.39326,-1.51549
2220,0,3,0.998407,0.000921161,0.000184244,0.000487318,2.34708,-2.829,-1.58608,-1.58328
2221,1,1,0.841777,0.142751,0.00197166,0.0135002,-0.696889,-0.0904755,-1.24345,-0.25805
2222,0,3,0.998186,0.00122246,0.000208729,0.000382416,2.58271,-2.61864,-1.94125,-1.99093
2223,0,0,0.988546,0.00926338,0.000506649,0.00168411,-0.127011,0.468043,-1.12698,-1.70734
2224,0,1,0.997955,0.00127583,0.000218269,0.000550876,2.17585,-1.96975,-1.58989,-2.27219
2225,0,3,0.990366,0.00418404,0.000476829,0.00497352,1.30751,-2.10983,-1.37918,-0.870885
2226,0,3,0.996794,0.00209797,0.000210073,0.000898368,1.78451,-2.52129,-1.45908,-1.38694
2227,1,4,0.00367046,0.989781,0.000640013,0.00590849,-1.46431,1.078,-1.60399,-1.04539
2228,0,4,0.966239,0.00488088,0.00127201,0.0276082,2.24269,-2.33906,-1.13409,-1.56437
2229,0,0,0.781339,0.151174,0.00119319,0.0662934,0.158115,-0.395624,-1.02358,-1.02813
2230,1,0,0.00464313,0.992893,0.000928684,0.00153563,-0.226811,-0.416838,0.0923503,-2.47103
2231,0,2,0.997876,0.00129962,0.000199888,0.000624176,2.22644,-2.17583,-1.34736,-2.33444
2232,1,2,0.00815447,0.987762,0.000893713,0.00319022,-1.85793,1.9494,-1.29041,-1.7502
2233,0,1,0.997473,0.0014535,0.000288456,0.000784871,1.56537,-1.39205,-1.54934,-1.96053
2234,1,3,0.00241407,0.024411,0.966325,0.00685022,-1.61385,0.0689316,-0.56547,-1.18909
2235,0,0,0.998611,0.000843004,0.000203186,0.000342941,1.98503,-1.84464,-1.65805,-1.96269
2236,0,4,0.996564,0.00217997,0.000185708,0.00107077,0.974336,-0.716577,-1.88569,-1.8709
2237,0,2,0.986616,0.00745606,0.000617132,0.00531043,2.27574,-1.91307,-1.43284,-1.92176
2238,0,1,0.99505,0.00180276,0.000341718,0.00280583,1.14412,-1.55639,-1.47927,-0.804285
2239,0,0,0.99812,0.00129487,0.000178873,0.000406258,1.87227,-1.81399,-1.68942,-1.60144
2240,0,4,0.991851,0.00368712,0.000594313,0.00386785,0.954175,-1.40941,-1.21879,-1.25081
2241,3,4,0.349521,0.0197765,0.00639545,0.624307,0.0672017,-0.807672,-1.20359,-0.167331
2242,2,3,0.00949818,0.114196,0.867615,0.00869052,-1.87317,-0.556683,0.778739,-1.10828
2243,0,1,0.996993,0.00221742,0.000190939,0.000598562,1.30292,-1.74888,-1.08616,-0.938655
2244,0,3,0.989437,0.0040436,0.000505129,0.00601411,0.271622,-0.416796,-0.953926,-0.963441
2245,0,0,0.998644,0.000705068,0.000146069,0.000504382,3.61428,-3.49365,-1.87121,-3.06976
2246,0,2,0.965095,0.0325435,0.000258623,0.00210291,1.02838,-1.05289,-1.80732,-1.50506
2247,1,2,0.0957083,0.873694,0.000540132,0.0300572,0.225543,-1.20405,-1.72006,-0.52404
2248,0,0,0.994273,0.00368892,0.000399197,0.00163855,2.1521,-2.95219,-1.74435,-1.63819
2249,0,4,0.996959,0.00172014,0.000199705,0.0011215,1.83455,-1.20888,-1.89803,-2.62671
2250,0,2,0.997691,0.00152657,0.000210262,0.000572669,1.96925,-2.35882,-1.72147,-1.16629
2251,0,3,0.99393,0.00523768,0.000143966,0.000688167,0.594695,-0.966139,-1.19631,-1.08461
2252,0,3,0.811802,0.0494961,0.00611402,0.132588,0.449556,-1.28719,-1.39725,-0.569164
2253,0,4,0.998173,0.000769479,0.000212014,0.000845107,2.54855,-2.6525,-1.91351,-2.04412
2254,1,4,0.0367395,0.960566,0.000442166,0.00225209,-0.877421,0.692929,-1.51062,-0.899178
2255,0,2,0.997276,0.00187235,0.000212237,0.000639841,0.160624,0.118427,-1.69358,-1.6028
2256,0,0,0.994833,0.0032557,0.000367965,0.00154315,1.60676,-1.62936,-1.80804,-1.61499
2257,0,3,0.99818,0.00111088,0.000223496,0.000485308,2.45399,-2.08368,-2.09832,-2.49117
2258,3,2,0.737419,0.0351526,0.00720122,0.220227,0.563228,-1.37451,-1.0464,-0.274765
2259,0,0,0.752829,0.157263,0.0214397,0.0684687,0.289123,-0.331812,-1.52687,-1.10787
2260,0,3,0.545097,0.450139,0.000785052,0.00397904,0.123143,-0.0712092,-1.46521,-1.27034
2261,3,3,0.00807852,0.00604168,0.00300842,0.982871,-1.3194,-1.06818,-0.969301,1.04142
2262,0,4,0.995342,0.00112847,0.000334553,0.00319436,0.960957,-1.48832,-1.08449,-0.893579
2263,0,1,0.997088,0.00120218,0.000303365,0.00140686,1.7794,-1.81165,-1.55001,-1.90504
2264,3,4,0.003235,0.00643358,0.00519483,0.985137,-0.592899,-1.38094,-1.18561,0.781227
2265,0,3,0.991543,0.00524395,0.000563609,0.00264973,2.66125,-2.39772,-1.54272,-2.39189
2266,0,1,0.952847,0.0441537,0.000463267,0.00253639,-0.401366,0.105597,-1.365,-1.45467
2267,1,1,0.222601,0.769403,0.0005561,0.00744053,-0.542927,0.584566,-1.6064,-1.3
2268,0,1,0.996239,0.00319958,0.000238377,0.000322656,0.884092,-0.865059,-1.71926,-1.40456
2269,0,4,0.993979,0.00358135,0.000307182,0.00213227,1.03945,-1.04503,-1.18783,-1.43305
2270,0,4,0.0425569,0.938333,0.00142179,0.0176885,-1.66235,0.993499,-1.36507,-0.0707358
2271,0,0,0.998601,0.000899997,0.000174132,0.000325321,1.96573,-1.77456,-1.65509,-2.03364
2272,0,4,0.998284,0.000753942,0.000178553,0.000783976,3.68795,-3.60643,-1.96384,-2.11637
2273,0,0,0.994037,0.00368084,0.000447847,0.00183465,2.80064,-2.76918,-1.67186,-1.63577
2274,0,2,0.975347,0.00906194,0.000924831,0.0146659,1.14773,-1.11794,-1.40158,-1.43896
2275,2,0,0.00121942,0.000940459,0.99571,0.00212973,-2.01667,-1.69944,1.81526,-1.46598
2276,0,1,0.536294,0.424658,0.00208726,0.0369615,0.538069,-1.09648,-1.41355,-0.502185
2277,0,2,0.997426,0.00144918,0.000266245,0.000858611,2.606,-2.54221,-1.66781,-2.36839
2278,0,1,0.998435,0.00086453,0.000195749,0.000504769,2.62752,-2.01462,-1.74885,-2.35443
2279,0,4,0.992728,0.00397664,0.000441184,0.00285449,0.894263,-1.28851,-1.12728,-0.834085
2280,0,4,0.998432,0.000637463,0.000204343,0.000726585,2.87464,-3.13315,-1.82888,-2.07913
2281,0,2,0.997591,0.00139662,0.000254592,0.000757847,2.91879,-2.73322,-1.4232,-2.32847
2282,2,4,0.0817015,0.00813708,0.902724,0.0074379,-0.105955,-0.519188,-0.19135,-1.96577
2283,0,4,0.990114,0.00473069,0.000749967,0.00440518,0.431583,-0.45648,-0.945506,-1.383
2284,0,1,0.950765,0.0281484,0.0173206,0.00376601,1.36461,-1.02039,-1.86421,-1.7586
2285,0,3,0.997425,0.00141009,0.000158362,0.00100676,0.717191,-0.485107,-1.51888,-2.11524
2286,0,4,0.995222,0.0020154,0.000331262,0.00243104,1.979,-2.17694,-1.81932,-1.823
2287,0,1,0.998368,0.000977664,0.000256287,0.000398499,1.49157,-1.27058,-1.47301,-1.92045
2288,1,4,0.0164634,0.979595,0.00106911,0.00287229,-1.56845,1.43759,-1.31022,-0.940719
2289,3,1,0.996313,0.0024504,0.000225707,0.00101056,1.7945,-1.71731,-1.54889,-1.78463
2290,0,0,0.102172,0.890427,0.000681077,0.00671929,-0.251252,0.455095,-1.3601,-1.4827
2291,0,2,0.987768,0.00525982,0.000587261,0.00638495,1.16429,-1.49016,-1.32075,-0.921522
2292,0,1,0.997331,0.00188346,0.000179431,0.000605823,1.1042,-1.48618,-1.59412,-1.60293
2293,0,2,0.275384,0.655792,0.00725679,0.0615667,0.113501,0.188478,-1.47226,-1.88063
2294,0,3,0.998417,0.000924775,0.000210415,0.000448066,2.55074,-2.63177,-1.46588,-2.24486
2295,3,3,0.00516185,0.124208,0.00592388,0.864706,-0.549696,-0.223409,-1.04072,0.330484
2296,0,3,0.996381,0.00301792,0.000145453,0.000455972,-0.014314,-0.646807,-1.47752,-0.331626
2297,0,0,0.993786,0.0030627,0.000318734,0.00283253,0.725057,-0.640215,-1.57947,-0.882647
2298,0,2,0.996159,0.00222207,0.00035434,0.00126486,1.7622,-1.66955,-1.69453,-2.24877
2299,0,2,0.998065,0.0011382,0.000161905,0.000634744,1.96018,-1.88372,-1.70447,-1.66512
2300,1,0,0.110735,0.887313,0.000534799,0.00141729,0.792312,-0.865844,-1.26773,-1.926
2301,0,1,0.996618,0.00260923,0.000205572,0.000567601,0.392602,-0.989851,-1.17103,-1.2258
2302,0,0,0.294338,0.703327,0.00051133,0.00182348,0.147849,-0.504917,-1.29968,-1.41509
2303,0,0,0.998555,0.000829888,0.000188641,0.000426773,3.01123,-2.928,-2.04507,-2.28453
2304,0,3,0.998211,0.000808803,0.000296672,0.000683746,0.792954,-1.0059,-1.14222,-1.68926
2305,0,2,0.992987,0.00335118,0.000397903,0.00326397,1.56657,-1.30685,-1.26464,-1.58511
2306,1,2,0.0690606,0.842975,0.00113163,0.0868331,0.192704,-0.656414,-1.21847,-1.25276
2307,0,3,0.99335,0.00520372,0.000316732,0.00112951,0.188164,-0.466203,-1.47426,-1.40133
2308,2,4,0.0177727,0.00353032,0.975044,0.00365307,-0.321184,-2.5344,1.28139,-2.01466
2309,1,0,0.046102,0.944247,0.000886641,0.00876442,-0.229719,-0.127214,-1.29056,-0.79564
2310,1,2,0.891295,0.0967347,0.000740022,0.0112307,-0.0993107,-0.102923,-1.3463,-0.872113
2311,0,1,0.996482,0.00275283,0.000164837,0.000600597,0.689853,-0.991734,-1.32308,-0.809019
2312,1,3,0.00595301,0.990929,0.000348373,0.00276976,-0.810538,0.94673,-1.48323,-1.22297
2313,0,0,0.994578,0.00398016,0.00025782,0.00118403,0.105839,-0.829478,-0.931077,-0.432745
2314,0,2,0.958733,0.00631025,0.00118335,0.0337731,0.915201,-1.55569,-1.28372,-0.790175
2315,0,4,0.998513,0.000707735,0.00021754,0.000561507,1.69964,-1.95411,-1.74752,-1.32689
2316,0,4,0.998079,0.000955673,0.0002083,0.000756738,1.31387,-1.46145,-1.51925,-1.33731
2317,1,3,0.00659554,0.984137,0.00114334,0.00812455,-1.5228,1.10098,-0.682224,-1.20828
2318,0,4,0.978233,0.0076311,0.000498435,0.0136372,0.604575,-0.665939,-1.50911,-0.994522
2319,0,4,0.784278,0.20761,0.000987113,0.00712487,0.134231,-0.662724,-1.06301,-1.13784
2320,0,4,0.990815,0.00438683,0.000499939,0.00429778,1.00818,-1.26783,-1.63106,-0.68156
2321,0,1,0.998449,0.00080427,0.000288175,0.000458707,2.33261,-2.77792,-1.53197,-1.81355
2322,1,1,0.00509707,0.989038,0.00111151,0.00475331,-0.9112,0.281808,-0.828992,-1.06627
2323,0,4,0.904885,0.0913629,0.000637625,0.00311408,0.182887,-0.25517,-1.61599,-1.15048
2324,0,4,0.997889,0.000735468,0.000268983,0.00110623,1.9844,-1.86745,-1.29906,-1.53329
2325,0,4,0.0335968,0.947924,0.00121899,0.0172604,-1.24628,0.770058,-0.911321,-1.08394
2326,1,0,0.00300323,0.983093,0.000899974,0.0130037,-1.66796,1.15758,-1.49065,-0.792348
2327,1,0,0.704098,0.292367,0.00176241,0.00177277,0.828779,-1.17548,-1.24834,-1.97638
2328,0,2,0.74624,0.0748135,0.00832243,0.170624,0.216311,-0.742179,-0.963838,-0.647365
2329,0,1,0.995976,0.00284849,0.00024492,0.000930659,0.719876,-0.810393,-1.38129,-1.4635
2330,0,3,0.983019,0.0129048,0.000350349,0.00372636,-0.465979,-0.163485,-0.956556,-0.389319
2331,0,0,0.996313,0.00147036,0.000199186,0.00201761,1.55971,-2.21361,-1.32847,-1.27493
2332,0,1,0.998163,0.000863451,0.000288092,0.000685719,3.64718,-4.24721,-2.07828,-2.54223
2333,1,0,0.299867,0.683726,0.0005,0.0159079,-0.174056,0.43717,-1.93842,-1.0729
2334,1,2,0.154193,0.837637,0.00122776,0.00694219,-0.517348,0.471304,-1.12362,-1.38103
2335,0,1,0.998179,0.000838535,0.000232853,0.000749459,3.68124,-3.98572,-2.65112,-1.82571
2336,0,0,0.991628,0.00556902,0.000527443,0.0022755,1.92445,-1.95396,-1.81853,-1.75712
2337,0,1,0.99848,0.000729464,0.00025185,0.000538399,3.38348,-3.54709,-2.20771,-1.94081
2338,0,1,0.998438,0.000885035,0.000196516,0.000480715,2.43557,-1.9358,-1.9912,-2.55061
2339,1,2,0.0127633,0.973642,0.000627123,0.0129674,-0.80769,0.494034,-1.07007,-0.849311
2340,0,3,0.977586,0.0145568,0.000783629,0.00707364,1.83175,-1.69991,-1.79742,-1.72982
2341,0,1,0.99715,0.00158342,0.000333202,0.000933577,1.15528,-0.941157,-1.55482,-1.57222
2342,0,4,0.99452,0.00207588,0.000482584,0.00292175,0.533305,-0.796543,-1.0839,-1.4173
2343,1,2,0.475036,0.518676,0.000554041,0.00573391,1.38587,-0.997195,-2.33768,-2.10225
2344,1,0,0.0811216,0.916676,0.000694341,0.00150772,-1.1559,1.05256,-1.12385,-0.628391
2345,1,2,0.137255,0.85737,0.000814554,0.004561,-0.727411,0.80738,-1.35654,-1.73821
2346,0,2,0.997186,0.00124532,0.000295212,0.0012736,2.27681,-2.76385,-1.80251,-1.82975
2347,1,0,0.044277,0.948534,0.00144287,0.00574582,-1.02781,1.37189,-1.16023,-1.82904
2348,0,4,0.998221,0.000844322,0.000208329,0.000726431,1.31147,-1.05278,-2.12772,-1.78412
2349,2,1,0.00508281,0.00285817,0.990131,0.00192828,-2.20127,-0.658294,1.36705,-1.35737
2350,0,1,0.603968,0.386917,0.00142296,0.00769246,0.247522,0.530465,-1.96797,-2.57864
2351,0,3,0.506165,0.489635,0.000351138,0.00384955,0.0818667,0.115652,-2.1725,-1.34242
2352,2,2,0.00448232,0.00180132,0.991349,0.00236779,-1.32702,-1.56777,1.15437,-1.53278
2353,0,1,0.995842,0.00220407,0.000377073,0.00157672,2.17338,-2.12051,-1.95947,-1.58963
2354,0,2,0.977499,0.0105198,0.000950707,0.01103,1.20815,-1.42452,-1.19426,-1.54044
2355,0,0,0.99822,0.00135384,9.91796e-05,0.000327108,0.27896,-1.13819,-1.46389,-0.566015
2356,0,4,0.993154,0.00305179,0.000290026,0.00350403,1.31247,-1.74574,-1.32918,-1.08174
2357,0,0,0.995595,0.0034836,0.00020496,0.000716779,2.05646,-1.95196,-1.49213,-1.98244
2358,3,1,0.368824,0.129675,0.00712801,0.494373,0.640315,-1.2394,-1.57123,-0.178903
2359,0,1,0.994474,0.00277424,0.000485398,0.00226648,1.80165,-2.68409,-1.62778,-1.72738
2360,1,4,0.0206178,0.969582,0.000551126,0.00924905,0.000535359,-0.249883,-1.71724,-1.27902
2361,0,4,0.997833,0.000994468,0.000408528,0.000763976,0.726435,-0.729917,-1.4402,-1.68664
2362,0,0,0.0173789,0.975098,0.000806446,0.00671612,0.615448,-1.03562,-0.912634,-1.13072
2363,0,3,0.994946,0.0043273,0.000189433,0.000537542,1.12268,-1.10949,-1.23865,-2.08764
2364,0,4,0.993669,0.00140615,0.000652645,0.00427244,0.604141,-1.78524,-1.35149,-0.751049
2365,0,0,0.998416,0.00105304,0.000227513,0.000303769,1.85525,-1.9943,-1.96054,-1.28939
2366,1,1,0.22549,0.75173,0.00233261,0.020448,-0.463239,-0.141416,-1.20417,-0.489068
2367,1,4,0.326923,0.669493,0.00120703,0.00237713,-0.390286,0.83778,-1.60849,-2.32696
2368,0,3,0.993388,0.00401834,0.000428731,0.00216456,1.85712,-1.95195,-1.63915,-1.53524
2369,0,3,0.998304,0.000841923,0.000225277,0.000628726,3.42076,-3.15054,-1.66267,-2.86771
2370,0,4,0.998207,0.000903164,0.000237916,0.000651796,1.85264,-1.48457,-1.54295,-2.16629
2371,0,2,0.374208,0.614559,0.000690657,0.0105431,-0.33005,-0.016808,-1.35632,-0.721697
2372,1,3,0.0105546,0.987457,0.000299264,0.00168884,-0.621092,0.673001,-1.12346,-1.36439
2373,0,0,0.716916,0.27802,0.000400406,0.00466367,1.52389,-1.37935,-1.74823,-2.01283
2374,0,0,0.426985,0.50954,0.00241088,0.0610642,-0.563622,0.230129,-1.46665,-1.80547
2375,0,3,0.971246,0.00383963,0.00121056,0.0237036,0.660679,-1.62028,-1.47511,-0.938151
2376,0,2,0.997445,0.00158389,0.000173591,0.000797987,0.875871,-1.36113,-1.62206,-0.977
2377,0,2,0.996763,0.00168983,0.000320939,0.00122669,3.91426,-3.61757,-1.87627,-2.87108
2378,1,1,0.00827701,0.981774,0.0035686,0.00638038,-1.04413,0.116531,-0.513757,-1.00449
2379,0,3,0.0709903,0.926026,0.000771868,0.00221177,-0.408893,0.398013,-1.44575,-1.52044
2380,2,4,0.00832079,0.00524273,0.979764,0.00667289,-1.22769,-1.49698,1.10817,-0.827188
2381,0,1,0.991861,0.00720931,0.00029135,0.000638858,0.963331,-0.649745,-1.655,-1.74773
2382,1,3,0.0218395,0.955663,0.00104912,0.0214485,-0.779202,0.408398,-1.80716,-0.643334
2383,0,4,0.700353,0.140799,0.0934498,0.0653979,-0.168272,-0.291603,-1.21404,-0.952914
2384,0,3,0.893172,0.0986575,0.00105812,0.00711192,0.562576,-0.384797,-0.96236,-1.95677
2385,0,3,0.996695,0.00163135,0.000201218,0.00147236,1.43784,-1.73771,-1.38037,-1.41114
2386,1,0,0.0146103,0.981902,0.000316773,0.00317129,0.152183,-0.589687,-1.31175,-0.583447
2387,0,2,0.997526,0.00143104,0.000150243,0.000892904,2.01055,-2.1073,-1.89731,-1.61945
2388,0,3,0.997061,0.00164635,0.000284978,0.00100738,1.54962,-1.44077,-1.87034,-1.67052
2389,1,4,0.0155186,0.980413,0.00098381,0.00308409,-1.29338,1.3011,-1.32395,-1.12704
2390,0,0,0.998245,0.00102146,0.00018278,0.000551036,2.35253,-2.13519,-1.47791,-1.6944
2391,3,4,0.981546,0.00845893,0.00123781,0.00875732,0.19387,-0.464799,-1.63277,-0.615864
2392,2,4,0.00664797,0.0136308,0.975152,0.00456908,-0.988896,-0.687185,0.796805,-1.54529
2393,0,4,0.99819,0.000922761,0.000222627,0.00066464,2.11719,-1.64901,-1.66757,-2.50378
2394,2,2,0.965394,0.0121822,0.000693679,0.0217304,-0.220423,-1.71718,-1.83671,0.606773
2395,0,4,0.997738,0.00163465,0.000163122,0.000463784,1.07799,-1.31785,-1.96225,-1.01345
2396,0,1,0.998569,0.000828281,0.00023615,0.000366472,2.42138,-2.83203,-1.56912,-1.52103
2397,0,1,0.991056,0.00754559,0.000279961,0.00111813,0.389428,-0.492053,-1.41409,-1.00617
2398,0,2,0.994499,0.00234306,0.000253803,0.00290462,1.3839,-1.27625,-2.16294,-1.27157
2399,0,2,0.971616,0.010482,0.00100005,0.0169023,1.65609,-1.31787,-1.42414,-1.34277
2400,0,2,0.789432,0.206742,0.000536007,0.00328986,1.43142,-1.03424,-2.07375,-2.08097
2401,2,3,0.00213368,0.000964548,0.993669,0.00323289,-1.91332,-2.64398,1.82512,-1.43012
2402,0,3,0.998424,0.00093477,0.000157903,0.000483533,2.22024,-2.42462,-1.89194,-2.27151
2403,0,2,0.946777,0.0506697,0.000470312,0.00208324,0.353604,-0.313513,-2.12583,-1.18337
2404,0,1,0.996661,0.00252659,0.00021377,0.000598363,2.01212,-1.72804,-1.68335,-1.85344
2405,3,4,0.0319777,0.757541,0.00175711,0.208724,-0.568818,0.192532,-1.02171,-0.998818
2406,0,1,0.998383,0.000821682,0.000225735,0.000569718,3.24021,-2.86782,-1.66624,-2.57922
2407,1,4,0.508292,0.45652,0.000934473,0.0342535,-1.65833,1.39581,-1.50388,-0.89987
2408,0,4,0.876439,0.121663,0.000500132,0.00139719,0.388295,-0.634214,-1.11431,-1.59116
2409,0,4,0.996147,0.00294229,0.000154798,0.000756011,0.167706,0.296574,-1.77297,-1.72912
2410,0,2,0.997314,0.001838,0.000151093,0.000697286,1.19999,-0.973228,-1.51524,-1.40284
2411,1,1,0.020512,0.377699,0.00642296,0.595366,-1.29245,0.512983,-1.35451,0.12078
2412,1,4,0.0135797,0.83769,0.00415373,0.144577,-0.790871,0.359971,-1.11796,-0.985729
2413,0,3,0.998288,0.001111,0.000220055,0.000380963,1.83221,-1.88551,-1.52523,-1.59028
2414,0,3,0.502072,0.493323,0.000532131,0.00407263,-0.0228412,0.039793,-1.31663,-1.2896
2415,0,2,0.992435,0.00291847,0.000530974,0.0041157,0.836899,-1.11382,-1.4723,-1.10765
2416,0,3,0.459684,0.53533,0.000793907,0.0041924,0.66666,-1.008,-1.26174,-1.3047
2417,0,3,0.998091,0.000923572,0.000237425,0.000747931,1.23229,-1.89778,-1.28593,-0.982841
2418,0,3,0.994496,0.00132594,0.000184961,0.00399346,1.12273,-2.19878,-1.61555,-0.59173
2419,0,0,0.997812,0.00105343,0.000298879,0.000835775,2.07597,-2.07137,-1.78445,-1.64262
2420,0,3,0.998334,0.00112086,0.000203925,0.000340843,1.24156,-1.62568,-1.49027,-0.931192
2421,0,0,0.99423,0.0040237,0.000410245,0.00133598,-0.26351,-0.415862,-1.10816,-1.26542
2422,1,0,0.00812464,0.98946,0.000282805,0.00213296,-0.859458,0.91337,-1.73724,-1.49454
2423,0,0,0.810633,0.0309141,0.00161141,0.156842,-0.271854,-0.745326,-1.38216,-0.00558593
2424,0,3,0.998307,0.0010047,0.000218346,0.000470436,2.47282,-2.66744,-1.58034,-1.87322
2425,0,3,0.805081,0.191972,0.000333498,0.00261294,0.527856,-0.585043,-1.7631,-1.64431
2426,0,2,0.286382,0.0370913,0.0132641,0.663262,-0.748965,-0.856954,-1.04706,0.65284
2427,0,4,0.579683,0.402319,0.00834987,0.00964826,0.0922012,-0.0588579,-1.51543,-2.03416
2428,0,4,0.96084,0.0336168,0.00107142,0.00447135,0.52921,-0.601583,-1.73116,-0.951862
2429,0,4,0.951569,0.0358486,0.000379819,0.0122028,0.852458,-1.11395,-1.32682,-1.03879
2430,3,0,0.0450743,0.0126905,0.00986411,0.932371,-0.567371,-0.616255,-0.927221,0.177208
2431,0,3,0.992959,0.00454696,0.000423553,0.0020706,1.82505,-1.69703,-1.86264,-2.23525
2432,1,0,0.00285742,0.988904,0.000537417,0.00770117,-1.01845,0.8316,-0.925892,-1.14119
2433,0,2,0.997775,0.00106893,0.00020987,0.000946098,3.81384,-3.28933,-2.14236,-2.67958
2434,0,1,0.997883,0.00134613,0.000234152,0.000537026,2.45654,-2.15815,-1.70901,-2.21881
2435,0,1,0.997501,0.00190412,0.000194804,0.000400493,1.17358,-1.25052,-1.75606,-1.48335
2436,0,4,0.970493,0.0106712,0.00104276,0.0177926,0.495928,-1.33719,-1.19324,-0.309029
2437,1,1,0.0246946,0.972552,0.000439882,0.00231384,-0.708483,0.953831,-1.38046,-1.93371
2438,1,4,0.00522209,0.992486,0.000464053,0.00182821,-1.45566,1.38625,-1.28625,-1.50052
2439,0,2,0.967685,0.030445,0.00032084,0.00154869,0.246947,-0.354252,-1.30677,-1.95348
2440,3,4,0.0812277,0.038449,0.00778853,0.872535,0.0858891,-0.965413,-0.84471,-0.128098
2441,0,1,0.997187,0.00153927,0.000296367,0.000977462,1.94155,-1.95346,-1.92823,-1.56087
2442,1,1,0.018241,0.907688,0.00684954,0.0672216,0.129799,-0.848904,-1.20215,-0.64149
2443,0,2,0.929996,0.0654236,0.000467422,0.00411353,-0.0966374,0.264909,-1.21728,-1.76071
2444,0,2,0.996931,0.00224452,0.000270304,0.000554627,1.99533,-1.94772,-1.3237,-2.1312
2445,0,3,0.989662,0.0047424,0.000669339,0.0049265,0.672798,-0.826958,-1.24724,-0.891716
2446,0,3,0.708676,0.288577,0.000987308,0.00176007,-0.331174,0.0805601,-0.962145,-1.87164
2447,1,4,0.00394554,0.992204,0.000310248,0.00354021,-0.342376,0.377443,-1.10098,-1.66701
2448,0,3,0.997066,0.00232855,0.000159547,0.000445716,0.94537,-1.28846,-1.58452,-1.12737
2449,1,4,0.0171201,0.960639,0.00422012,0.0180208,0.172162,-0.123727,-1.86423,-1.29482
2450,0,3,0.998107,0.000941803,0.000281953,0.000669144,2.2197,-2.45627,-1.79342,-1.64235
2451,2,1,0.00500153,0.00376431,0.989157,0.00207682,-1.62035,-1.84316,1.58166,-1.46879
2452,1,2,0.0685514,0.261504,0.0255533,0.644391,-0.0815897,-0.456361,-0.901538,-0.70645
2453,0,3,0.996658,0.00229936,0.000201604,0.000840535,1.62833,-2.05524,-1.89933,-1.7636
2454,0,2,0.997557,0.0015027,0.000197497,0.000742438,1.92468,-1.70354,-2.16272,-1.62157
2455,0,3,0.997962,0.00154725,0.000139557,0.000350845,1.10367,-0.509968,-1.84298,-2.33184
2456,0,2,0.886313,0.0245483,0.00236159,0.0867768,0.23777,-0.639926,-1.12127,-0.494545
2457,0,2,0.99532,0.00319741,0.000149035,0.00133353,1.3046,-1.25175,-1.29498,-1.92582
2458,1,0,0.011258,0.983192,0.000684732,0.0048657,-0.710789,0.805749,-1.30652,-1.96346
2459,1,3,0.00764381,0.988995,0.000478033,0.00288291,-0.465326,-0.418023,-0.604134,-1.68686
2460,0,1,0.0282579,0.968312,0.000387258,0.00304305,1.34422,-1.37175,-1.28177,-1.15143
2461,0,0,0.993008,0.00563562,0.00026819,0.00108799,0.858263,-1.23985,-1.33258,-0.673171
2462,0,3,0.0321056,0.966158,0.000424373,0.00131228,-0.590435,0.519355,-1.53599,-1.06477
2463,3,3,0.0920926,0.276216,0.156177,0.475514,-0.745838,0.304312,-0.785506,-0.801263
2464,0,2,0.997591,0.00144095,0.000230905,0.000737405,2.09159,-2.06109,-1.2665,-1.79422
2465,0,3,0.998345,0.00100868,0.000184953,0.000461355,2.01064,-2.17378,-1.94838,-1.49449
2466,0,2,0.959988,0.0341409,0.000327751,0.00554349,1.48582,-1.32232,-1.60395,-1.55741
2467,0,4,0.998274,0.000890959,0.000193816,0.000641108,2.1277,-2.21399,-1.63933,-2.13004
2468,0,3,0.991257,0.00552361,0.000565652,0.00265414,1.89021,-1.74826,-1.83569,-2.5305
2469,1,1,0.200496,0.734099,0.00374829,0.0616574,0.00191174,-0.0859028,-0.932898,-1.44272
2470,0,2,0.996148,0.00268816,0.000336791,0.00082708,0.556297,-0.336193,-1.5862,-1.31187
2471,0,1,0.987914,0.00248736,0.00107609,0.00852213,1.81468,-2.91695,-1.70718,-1.33198
2472,2,1,0.00373638,0.00179975,0.992423,0.00204138,-1.48213,-1.20133,1.53661,-1.59504
2473,0,2,0.997491,0.00157164,0.000185518,0.000751874,0.376401,-0.883215,-1.15495,-1.11811
2474,1,1,0.0374823,0.958221,0.000490149,0.00380668,-0.745317,1.14904,-1.35648,-1.81931
2475,0,4,0.998425,0.000672633,0.000181391,0.000720926,3.2551,-3.47163,-2.419,-2.22863
2476,0,0,0.998245,0.00106423,0.000185659,0.000505659,1.46161,-1.66941,-1.44367,-1.08853
2477,0,1,0.991636,0.00403679,0.000633742,0.00369353,1.2211,-1.72045,-1.07159,-1.48131
2478,0,1,0.997815,0.00120776,0.000257651,0.00071908,2.26498,-3.00677,-1.87773,-1.48281
2479,0,3,0.998644,0.000755689,0.000166165,0.00043438,2.94029,-2.74264,-1.85038,-1.9371
2480,0,2,0.978956,0.0197213,0.000299015,0.00102348,0.540243,-0.253399,-1.46736,-1.52842
2481,0,1,0.933383,0.0185933,0.00448584,0.0435378,0.450139,-0.99355,-0.818568,-0.732619
2482,1,3,0.00789696,0.990312,0.00018892,0.00160202,-0.279596,0.256584,-1.25988,-1.38936
2483,0,1,0.998258,0.000920125,0.000320794,0.000500752,1.97019,-2.25515,-1.59887,-2.27723
2484,3,1,0.00447401,0.0214592,0.00606173,0.968005,-0.948985,-1.41751,-1.20427,0.983694
2485,1,2,0.014425,0.977186,0.000439396,0.00794985,-1.56595,1.20127,-1.32869,-0.831936
2486,0,0,0.998502,0.000892905,0.000193482,0.000412008,1.59491,-1.50765,-1.24815,-2.31673
2487,0,3,0.992566,0.00546114,0.000336894,0.00163573,2.25666,-1.9291,-2.16241,-2.32431
2488,0,3,0.986446,0.00752426,0.00100742,0.00502204,-0.126806,0.00318657,-1.447,-1.17452
2489,0,4,0.998296,0.000704822,0.000279266,0.000720129,2.63691,-3.15755,-1.7396,-1.85435
2490,1,1,0.00571645,0.944608,0.00138997,0.0482858,-1.54301,1.51476,-0.988266,-1.67523
2491,3,1,0.00901501,0.0197677,0.00941082,0.961806,-0.800356,-0.821928,-0.997831,0.552021
2492,3,0,0.011238,0.0111396,0.00571741,0.971905,-1.70922,-1.14445,-0.878234,1.37944
2493,0,4,0.997745,0.00127059,0.00023049,0.000754272,0.249269,-0.526637,-1.1967,-1.19804
2494,0,1,0.994127,0.00506546,0.000239269,0.000568399,2.02981,-1.89249,-1.28484,-1.85674
2495,0,0,0.998252,0.00109802,0.000304908,0.000345506,1.87791,-1.70855,-1.4712,-1.82404
2496,0,3,0.998358,0.000885829,0.000173073,0.000583214,3.81921,-4.21526,-1.75968,-2.50788
2497,0,2,0.991755,0.00514111,0.000282356,0.00282123,1.14106,-0.789925,-1.81787,-1.98588
2498,0,2,0.997516,0.00156249,0.000201777,0.000719566,1.79202,-2.15503,-1.33363,-1.69587
2499,1,4,0.953325,0.0451573,0.000306354,0.00121165,0.888299,-0.486083,-1.43059,-2.34908
2500,0,4,0.525647,0.46752,0.00101078,0.00582233,-0.217522,0.240036,-1.16425,-1.01238
2501,0,1,0.877864,0.0353081,0.0042521,0.0825762,0.845168,-1.11805,-1.27595,-0.778238
2502,0,2,0.996975,0.00181331,0.000272968,0.000938898,0.315618,-0.0245251,-1.70209,-1.79394
2503,0,1,0.998255,0.00109054,0.000207524,0.00044712,1.11849,-0.97057,-2.27468,-1.91137
2504,3,4,0.796352,0.198034,0.00142735,0.00418704,0.308108,-1.09351,-1.1563,-1.12629
2505,0,3,0.998504,0.00075706,0.000207171,0.000532139,1.7894,-2.56062,-1.50906,-0.86333
2506,0,2,0.997683,0.00118888,0.00020539,0.000923194,1.81787,-1.46364,-1.87261,-2.12926
2507,0,4,0.992558,0.00280427,0.000561986,0.00407621,0.537323,-1.05615,-0.73512,-0.781757
2508,1,3,0.0145603,0.982851,0.000629356,0.00195949,0.359474,-0.688023,-1.30143,-0.931167
2509,0,1,0.996709,0.00221787,0.000226238,0.00084717,2.31625,-2.71829,-1.61392,-1.98279
2510,1,0,0.013018,0.985348,0.000508971,0.0011248,-0.527616,0.190892,-0.987059,-1.62491
2511,0,0,0.99792,0.00111168,0.000168002,0.000799929,2.3066,-2.53527,-1.55034,-2.05263
2512,0,3,0.998394,0.000837898,0.000197277,0.000570282,4.59105,-4.77088,-1.78927,-2.60586
2513,0,4,0.992676,0.0016552,0.000515769,0.00515343,1.42811,-1.52499,-1.21666,-1.28795
2514,1,4,0.657367,0.316025,0.00119446,0.0254143,1.03543,-1.15955,-1.74751,-1.14962
2515,0,2,0.997002,0.00167218,0.000267174,0.00105876,1.73302,-1.42224,-1.8275,-1.74361
2516,0,3,0.99758,0.00153837,0.000114082,0.000767521,1.56452,-1.91237,-1.32197,-1.34709
2517,2,1,0.00660081,0.00453445,0.986849,0.00201608,-0.898401,-1.6572,0.972529,-1.74815
2518,0,2,0.99104,0.00626994,0.000299764,0.00239028,1.86936,-1.26996,-1.81076,-2.28371
2519,0,1,0.997523,0.00148514,0.000185524,0.000806669,2.03946,-1.47863,-2.05468,-1.91477
2520,0,2,0.993316,0.00513163,0.000290073,0.00126248,0.813601,-1.04198,-0.96843,-1.21529
2521,1,2,0.0867492,0.90483,0.000833195,0.00758746,-0.369875,0.00433188,-1.56105,-0.962129
2522,0,1,0.98645,0.00495386,0.00109783,0.00749861,0.537426,-1.32636,-0.940404,-0.936497
2523,0,0,0.99836,0.0010706,0.000171726,0.000397718,2.12845,-1.47386,-2.29319,-2.06159
2524,0,1,0.968476,0.0161706,0.00128747,0.0140664,-0.063113,-0.819533,-1.09487,-0.53247
2525,0,0,0.998383,0.000903323,0.000205534,0.000507709,2.03379,-2.2932,-1.39758,-2.19189
2526,0,2,0.988519,0.00947412,0.000159109,0.00184777,1.55377,-1.63203,-1.85134,-1.69688
2527,0,2,0.995037,0.00355552,0.000193943,0.00121385,0.212922,-0.142656,-1.23467,-1.343
2528,0,0,0.995225,0.00411319,0.000260011,0.000401927,1.15869,-1.30716,-1.35163,-1.59284
2529,0,1,0.452905,0.542056,0.00120442,0.00383511,-0.358575,0.223709,-1.02043,-1.47116
2530,0,4,0.998387,0.000634949,0.000220507,0.000757711,3.89513,-4.06769,-2.05108,-2.38039
2531,0,1,0.998108,0.00131782,0.000247369,0.000327072,1.77754,-1.42527,-1.71951,-2.15562
2532,3,1,0.0146656,0.693637,0.0173988,0.274298,-0.197423,-0.262668,-1.04076,-0.172568
2533,0,3,0.998521,0.000782633,0.000167121,0.000529039,3.2382,-2.93975,-1.75297,-2.53323
2534,0,2,0.997069,0.00184745,0.000174205,0.000909209,2.06867,-1.85368,-1.87038,-2.18226
2535,0,2,0.997437,0.00150252,0.00021901,0.000842013,2.03788,-1.8878,-1.86302,-2.16864
2536,0,2,0.997367,0.00168262,0.000245262,0.000705543,1.16082,-1.174,-1.59023,-2.45783
2537,0,4,0.996783,0.00252814,0.000148963,0.000539587,0.901295,-0.92763,-1.7252,-0.867367
2538,0,2,0.99725,0.00144328,0.000221983,0.00108519,0.197377,-1.39114,-0.673639,-1.14882
2539,0,4,0.998237,0.001098,0.000200352,0.000464922,2.08502,-1.54466,-1.93048,-2.78914
2540,0,3,0.99821,0.00100755,0.000245469,0.000537202,2.26474,-2.53679,-1.67962,-1.98386
2541,3,1,0.0642012,0.079627,0.0951383,0.761034,-0.75998,-0.478653,-0.473805,-0.633938
2542,0,2,0.997397,0.00123227,0.000330046,0.00104072,0.473461,-0.806714,-0.647433,-1.96317
2543,0,3,0.998085,0.00091459,0.000304857,0.000695784,1.68663,-1.87299,-1.38969,-1.63919
2544,0,2,0.997816,0.00110831,0.000194106,0.000881896,3.20731,-2.96929,-2.04353,-2.17361
2545,0,4,0.997668,0.00102387,0.000345304,0.000962772,1.01907,-1.32025,-1.94744,-0.771419
2546,0,3,0.997684,0.00161079,0.000203394,0.000501443,1.92766,-1.87773,-1.64958,-1.83633
2547,0,0,0.996104,0.00333065,0.000190396,0.000374968,1.08139,-2.08187,-0.970333,-1.36119
2548,1,3,0.0134192,0.958146,0.00052787,0.0279067,-1.17502,0.965908,-1.37612,-0.910148
2549,0,3,0.998299,0.000827249,0.000205517,0.000667967,3.92394,-4.32768,-1.80449,-2.37823
2550,2,0,0.00248854,0.00139594,0.994191,0.00192487,-0.836655,-1.35629,0.787202,-1.88144
2551,0,2,0.995304,0.00274287,0.000223724,0.00172906,0.985074,-1.37791,-1.79666,-0.726908
2552,0,2,0.997095,0.00158953,0.000220652,0.0010946,1.34084,-1.75974,-1.69843,-1.00933
2553,0,2,0.996325,0.00262251,0.000171376,0.000881438,1.2516,-1.28913,-1.79362,-1.49523
2554,0,0,0.997263,0.00214454,0.000277889,0.00031489,1.13781,-0.716217,-1.60053,-2.21314
2555,0,4,0.993626,0.00251644,0.000410798,0.00344629,2.19886,-2.35207,-1.3197,-1.42166
2556,0,3,0.992717,0.00534326,0.000378837,0.00156106,1.36117,-1.18033,-1.17532,-1.89518
2557,0,1,0.998293,0.00100077,0.000235165,0.000471349,1.22386,-1.67608,-1.69251,-1.02082
2558,0,4,0.973177,0.00321765,0.000877084,0.0227282,0.398906,-0.947093,-1.21236,-0.387388
2559,0,4,0.998488,0.000613675,0.000182112,0.000716059,3.78051,-3.51788,-2.62097,-2.53546
2560,0,1,0.989753,0.00474283,0.000812196,0.00469216,1.24836,-2.19118,-1.63315,-0.809303
2561,0,0,0.998043,0.00140684,0.000204264,0.000345434,1.01975,-1.61543,-1.04624,-1.04556
2562,1,3,0.15855,0.834808,0.000553686,0.0060879,-0.76997,0.793712,-1.79651,-1.30461
2563,1,3,0.00774564,0.990616,0.000166447,0.00147198,-0.632324,0.708011,-1.63403,-1.32272
2564,0,0,0.996573,0.00144794,0.000268104,0.0017111,1.4787,-1.53028,-1.6412,-1.65469
2565,0,2,0.780899,0.203312,0.00185787,0.0139305,-0.168855,-0.121209,-1.39636,-0.836343
2566,1,3,0.0715494,0.925152,0.000377294,0.00292164,0.245958,-0.408146,-0.957243,-1.10803
2567,3,3,0.0061774,0.298809,0.0056687,0.689345,-1.49793,0.418666,-0.879989,-0.191749
2568,0,2,0.997464,0.00145065,0.00026264,0.000822531,1.56185,-1.60171,-1.46135,-1.73701
2569,0,4,0.99835,0.000668653,0.000251326,0.000730081,1.74199,-2.26573,-0.945762,-1.51231
2570,0,1,0.997995,0.00086078,0.000309026,0.000835112,2.78354,-3.95698,-1.94955,-1.58998
2571,0,4,0.996214,0.00315914,0.000148297,0.000478709,-0.106785,0.111898,-1.61037,-1.23197
2572,0,2,0.987072,0.0102866,0.000242257,0.00239938,1.01897,-0.452866,-1.85258,-2.41288
2573,0,2,0.0357857,0.960158,0.000548977,0.00350711,-0.859037,0.306069,-1.71466,-0.649153
2574,0,4,0.926019,0.018081,0.00194046,0.05396,0.498484,-0.79571,-1.51164,-0.832918
2575,0,3,0.997298,0.00130141,0.000158342,0.00124181,1.91592,-1.70365,-1.6626,-1.79021
2576,1,3,0.0049556,0.98391,0.00279891,0.00833562,-0.695658,0.387731,-0.976613,-0.826049
2577,0,4,0.993899,0.004682,0.000411714,0.00100713,-0.277708,-0.181557,-1.37122,-1.1798
2578,0,3,0.997914,0.00114026,0.000300666,0.000645272,0.638248,-1.26574,-0.739029,-1.50737
2579,1,1,0.0406789,0.948036,0.00123592,0.0100494,0.202685,-0.221964,-1.22393,-2.25207
2580,3,3,0.499325,0.483962,0.000771515,0.0159414,0.830177,-1.0007,-1.44386,-1.65533
2581,0,4,0.998148,0.00110868,0.00019116,0.00055206,0.763442,-0.845061,-1.49254,-1.7919
2582,0,0,0.998348,0.0010156,0.000200766,0.0004351,1.05146,-1.89481,-0.652748,-1.5227
2583,0,1,0.993141,0.00461716,0.000288891,0.00195312,1.04233,-1.05841,-1.03281,-2.01014
2584,0,2,0.958645,0.0185633,0.00146682,0.0213245,0.979321,-2.32789,-1.75334,-0.637787
2585,1,2,0.0284665,0.966688,0.00135203,0.00349324,-0.678786,0.542263,-1.0166,-1.11124
2586,0,4,0.0765193,0.919538,0.000600428,0.00334238,-0.751687,0.76575,-1.58959,-1.18781
2587,0,0,0.994206,0.00362262,0.000396838,0.00177503,2.18347,-1.98857,-2.06279,-2.17797
2588,0,3,0.991902,0.00146528,0.000559426,0.00607342,2.49837,-3.1365,-1.59605,-1.57346
2589,0,4,0.997465,0.000990226,0.000185876,0.00135878,1.98733,-2.90378,-1.44938,-1.41237
2590,0,0,0.998088,0.00120104,0.000335476,0.000374982,0.99214,-1.21927,-1.90125,-1.16739
2591,2,1,0.00405725,0.00349757,0.989871,0.00257391,-1.27536,-1.98265,1.15576,-1.39216
2592,3,1,0.155058,0.0418353,0.00442667,0.79868,-0.151164,-0.441949,-1.19247,-0.300469
2593,0,4,0.995827,0.00204838,0.000304168,0.00182009,2.29055,-2.03799,-1.78147,-2.39548
2594,0,3,0.998282,0.00105702,0.000177857,0.000483465,0.931929,-0.842079,-1.78553,-1.92527
2595,0,3,0.993368,0.00207753,0.00036599,0.00418853,1.12478,-0.798462,-1.14538,-1.64536
2596,0,0,0.986143,0.00971276,0.000776714,0.00336731,1.88171,-2.06023,-1.20072,-1.71167
2597,1,3,0.0382069,0.948082,0.000315571,0.0133955,-0.494136,0.337573,-1.48132,-1.13022
2598,0,2,0.991898,0.00346389,0.000410885,0.00422751,1.10307,-1.56455,-1.47199,-0.944705
2599,1,0,0.0072952,0.974803,0.00049186,0.0174097,-0.851759,0.238717,-0.582555,-0.880817
2600,1,1,0.010261,0.0925786,0.00714238,0.890018,-1.02566,0.271359,-1.35494,-0.160239
2601,0,0,0.117189,0.694678,0.0052268,0.182907,-0.511158,-0.532364,-1.10648,0.0475928
2602,2,4,0.0385912,0.588246,0.357487,0.0156762,-1.41166,-0.170988,-0.101661,-1.3139
2603,1,4,0.011305,0.981766,0.000406688,0.00652208,-1.51659,1.07967,-1.5145,-0.316519
2604,2,4,0.00626654,0.00849454,0.981356,0.00388339,-1.89154,-0.759249,0.664142,-1.20301
2605,0,3,0.997913,0.00161668,0.000141747,0.000328288,1.46164,-1.21577,-1.81858,-2.29974
2606,0,1,0.995941,0.00153135,0.000434051,0.00209311,1.60165,-1.69744,-1.44361,-1.25841
2607,0,1,0.997221,0.00168731,0.000372467,0.000719353,0.574883,-0.474404,-1.32069,-1.34434
2608,0,2,0.284665,0.171943,0.0092268,0.534166,0.287767,-1.01877,-1.16546,-0.447717
2609,0,4,0.998558,0.000742457,0.000160411,0.000539493,2.30976,-2.13364,-2.12231,-2.53359
2610,0,4,0.997987,0.00135154,0.000145972,0.000515499,1.63911,-1.54253,-1.68144,-1.73486
2611,0,3,0.998204,0.00120706,0.000142344,0.000447097,2.27849,-2.19661,-1.83645,-2.08968
2612,0,1,0.998411,0.000829769,0.000260844,0.000497903,1.81914,-1.68406,-1.70239,-2.11093
2613,1,3,0.0150562,0.982412,0.000528701,0.0020031,-0.861898,0.842227,-1.49452,-1.56129
2614,0,0,0.988694,0.00610423,0.000845296,0.00435611,0.415611,-1.20064,-1.17195,-0.434899
2615,1,3,0.141245,0.85265,0.000492293,0.00561203,-0.580683,0.29556,-1.29282,-0.722467
2616,0,3,0.998025,0.00128467,0.000272723,0.00041748,1.21683,-0.954703,-1.78717,-2.25327
2617,0,0,0.745298,0.0149338,0.00865992,0.231108,0.897516,-0.877126,-1.29803,-1.03873
2618,0,0,0.869402,0.120216,0.00149275,0.00888885,0.101751,-0.110578,-1.46403,-1.30439
2619,0,4,0.665469,0.287335,0.00161132,0.0455852,0.73681,-0.630614,-1.39767,-1.93726
2620,0,0,0.997838,0.00103207,0.000231413,0.000898432,2.90021,-3.63424,-1.59158,-2.11891
2621,0,2,0.983045,0.00409672,0.000456062,0.0124019,1.33926,-2.37761,-1.46812,-0.98529
2622,0,3,0.998237,0.00128369,0.000160673,0.000318913,1.76018,-1.70272,-1.73435,-2.32983
2623,0,0,0.998165,0.00102138,0.000171023,0.000642291,1.85338,-2.25213,-1.59986,-1.53105
2624,1,1,0.0344567,0.962738,0.000834436,0.00197067,-1.32405,1.17659,-1.40988,-0.998811
2625,0,1,0.997547,0.00165683,0.000301732,0.000494565,0.848945,-1.18273,-1.78169,-0.852019
2626,0,4,0.99833,0.000993022,0.000217925,0.000459549,1.14792,-1.25789,-1.51598,-1.76171
2627,0,4,0.995933,0.00220212,0.000215289,0.00164931,0.988738,-1.79236,-1.04982,-1.2166
2628,0,1,0.997881,0.00124012,0.000235988,0.000642735,1.59955,-1.60578,-1.38239,-1.61673
2629,0,4,0.98277,0.0156006,0.000411902,0.00121776,1.58919,-1.3823,-2.04679,-2.11459
2630,0,4,0.997883,0.000676879,0.000274286,0.00116612,2.52192,-2.63676,-1.85942,-2.27883
2631,1,3,0.0496041,0.918531,0.000805504,0.0310595,-0.74852,0.591267,-1.38951,-0.721028
2632,0,1,0.973923,0.0246089,0.00045183,0.00101623,0.953854,-1.34173,-1.61715,-1.33027
2633,0,0,0.998526,0.000955168,0.000186438,0.000332361,1.11085,-1.4716,-1.38243,-2.27846
2634,0,0,0.998323,0.000948467,0.000253785,0.00047506,3.11905,-3.0699,-2.21787,-1.85511
2635,0,0,0.998033,0.00127843,0.000170334,0.000518553,2.18844,-2.43257,-1.63721,-1.87832
2636,0,0,0.955906,0.0282661,0.00184894,0.0139791,1.29881,-1.83713,-0.995545,-1.54796
2637,0,1,0.996865,0.00171662,0.000309279,0.00110942,1.98566,-2.27462,-2.15939,-2.142
2638,0,1,0.706207,0.219629,0.00398355,0.0701805,-0.766573,0.647406,-1.35628,-0.72781
2639,0,1,0.997105,0.00206004,0.000233513,0.000600973,1.4463,-1.32976,-1.58455,-1.44155
2640,0,1,0.974303,0.0118468,0.0011275,0.0127221,1.91332,-1.46343,-1.55031,-1.76253
2641,0,2,0.985909,0.00962548,0.000348645,0.00411669,0.550794,-0.820162,-1.57504,-1.28249
2642,1,0,0.301302,0.686998,0.000486936,0.0112133,0.349076,-0.246361,-1.9191,-1.60159
2643,3,4,0.957249,0.0315697,0.000686485,0.0104948,0.551139,-0.675639,-0.878636,-1.35507
2644,0,4,0.998324,0.00100669,0.000183869,0.000485378,1.52363,-1.33335,-1.29126,-2.77444
2645,1,4,0.00622706,0.947944,0.00129764,0.0445312,-0.405153,0.0808146,-1.25475,-0.772196
2646,0,3,0.997728,0.00178568,0.000174661,0.000311367,1.48638,-1.4944,-1.72555,-1.7628
2647,0,1,0.966324,0.0137033,0.00147857,0.018494,1.22966,-2.31306,-1.44474,-1.24049
2648,1,2,0.449441,0.52545,0.000938127,0.024171,-0.930871,0.70079,-1.12307,-1.2857
2649,1,0,0.0578482,0.922071,0.00339773,0.0166834,-0.5227,-0.218734,-0.183677,-1.10287
2650,0,0,0.783128,0.214514,0.000406099,0.00195259,0.706925,-0.647,-1.4954,-1.95873
2651,0,1,0.997725,0.00140227,0.00021068,0.000662387,2.23193,-2.20106,-1.61459,-2.02312
2652,0,0,0.932514,0.0181457,0.00246055,0.0468799,1.16977,-1.3822,-1.40004,-1.03597
2653,0,0,0.998409,0.00098345,0.000157592,0.000449817,1.96941,-1.55019,-2.13046,-2.32945
2654,1,4,0.102469,0.743411,0.00293893,0.151181,-0.425442,-0.0206125,-0.663119,-0.975174
2655,1,0,0.986075,0.0121475,0.000273166,0.00150438,0.35811,-0.294388,-1.64443,-2.2231
2656,1,3,0.46838,0.503481,0.00110136,0.0270376,0.0193464,-0.543938,-1.81714,-0.499716
2657,1,3,0.0892076,0.908918,0.000466749,0.00140713,-0.228535,0.329447,-1.4706,-1.98015
2658,1,3,0.957377,0.0310503,0.000690611,0.0108824,0.174284,-0.223685,-0.869545,-1.19976
2659,0,3,0.98004,0.0134735,0.000942073,0.0055444,1.11097,-1.09118,-1.5936,-1.68283
2660,0,1,0.985788,0.00571475,0.00068654,0.00781114,1.80406,-1.36593,-1.89431,-1.71001
2661,3,1,0.994786,0.00286041,0.000410475,0.00194303,2.72747,-2.40188,-1.72026,-2.40556
2662,1,0,0.707893,0.288822,0.000896209,0.00238903,-0.631122,0.0414562,-0.290224,-1.2664
2663,0,3,0.99825,0.000959578,0.000233781,0.000556447,2.59861,-2.98757,-1.48645,-1.84027
2664,0,3,0.998189,0.00131279,0.000161294,0.000336823,2.16525,-1.95151,-1.6719,-2.47047
2665,3,0,0.00463684,0.0158905,0.00425085,0.975222,-0.432832,-1.3448,-0.923681,0.391032
2666,1,4,0.99648,0.00217554,0.000232911,0.00111116,1.2121,-0.908316,-1.24366,-1.98252
2667,0,3,0.883632,0.113001,0.000292972,0.00307378,-0.188475,-0.0310696,-1.23819,-0.937349
2668,0,4,0.998477,0.000705639,0.000194614,0.000622724,2.17963,-2.13635,-1.64998,-1.56408
2669,0,3,0.99026,0.00627419,0.000547698,0.00291777,2.17561,-2.07383,-1.79956,-2.08273
2670,2,1,0.00383831,0.0128492,0.978526,0.00478619,-2.02823,-0.801479,0.772892,-1.14706
2671,0,1,0.997945,0.00138895,0.000182369,0.000483302,0.519375,-0.692529,-1.92998,-1.40897
2672,0,2,0.995234,0.00359288,0.000155869,0.00101738,1.22715,-1.32275,-1.13047,-1.40809
2673,0,4,0.998531,0.000608332,0.000251371,0.000608926,2.50931,-2.64536,-1.70571,-1.61868
2674,0,1,0.996865,0.00185974,0.000216334,0.00105861,1.66269,-2.24299,-1.52282,-1.15008
2675,0,0,0.996185,0.00277359,0.000225238,0.000815879,1.42969,-1.49849,-1.10423,-1.55132
2676,0,0,0.993765,0.00308063,0.000374088,0.0027804,0.789453,-1.06449,-1.62339,-1.50648
2677,1,1,0.204421,0.762115,0.00848289,0.0249813,-0.712925,0.496871,-1.07294,-1.53148
2678,0,3,0.993563,0.00272607,0.000273099,0.00343767,1.24894,-1.78032,-1.69276,-1.09769
2679,1,0,0.0570204,0.941166,0.000336746,0.00147711,-0.00623128,-0.0581351,-1.40492,-0.986947
2680,0,0,0.998239,0.00130264,0.00011987,0.000338158,1.89058,-1.72542,-1.83055,-2.81028
2681,0,2,0.997587,0.00124825,0.000221625,0.000943152,2.58053,-2.21368,-1.49964,-2.81356
2682,0,3,0.990372,0.00590048,0.000722834,0.00300485,1.91388,-1.75567,-1.36164,-2.22487
2683,1,2,0.240798,0.748988,0.000729884,0.00948378,-0.44572,0.41824,-1.15998,-1.15714
2684,1,0,0.950745,0.0479864,0.000630581,0.000638014,0.563423,-0.0979848,-1.62717,-2.1878
2685,0,2,0.764139,0.221294,0.00164885,0.0129186,0.239966,-0.802764,-1.14888,-1.03299
2686,1,0,0.0357002,0.857787,0.00441419,0.102098,0.408668,-0.260357,-0.823962,-1.0633
2687,0,2,0.997449,0.0013131,0.000285088,0.000953206,1.73731,-2.22363,-1.30245,-1.53608
2688,0,3,0.996347,0.00180511,0.000329055,0.00151857,1.30933,-2.25988,-1.504,-0.592562
2689,0,2,0.989914,0.00449554,0.000401347,0.00518952,1.0794,-0.687084,-1.49166,-1.86443
2690,0,2,0.997919,0.00107537,0.000191116,0.000814113,0.91611,-1.60072,-1.60062,-1.02682
2691,0,1,0.996022,0.00291475,0.000247335,0.000815746,0.917214,-0.585466,-1.51942,-2.43806
2692,0,0,0.997573,0.00126913,0.000198273,0.000959864,1.5699,-1.08203,-2.01974,-2.0301
2693,0,2,0.96194,0.0336306,0.000436785,0.00399313,0.77161,-0.841957,-1.8842,-1.73805
2694,0,0,0.998314,0.000839468,0.000201151,0.000645531,2.45462,-2.59301,-1.34758,-1.7354
2695,1,0,0.848745,0.142117,0.000850023,0.00828836,0.575051,-1.13246,-1.42568,-0.724706
2696,0,3,0.9913,0.00575935,0.000301604,0.00263875,0.190654,-0.134625,-1.56169,-1.48167
2697,0,1,0.988225,0.00355714,0.000749999,0.00746822,1.4993,-2.00876,-1.49418,-1.13758
2698,1,4,0.0533973,0.934094,0.000518655,0.0119904,-0.0185602,-0.165501,-1.70648,-1.00209
2699,0,1,0.997267,0.00183702,0.000216421,0.000679772,1.87325,-1.7469,-1.90676,-2.17179
2700,0,0,0.972622,0.0254182,0.000343946,0.00161544,0.260216,-0.482589,-1.23116,-1.1701
2701,1,1,0.00649568,0.990043,0.000424791,0.0030363,-1.92581,1.5925,-1.24694,-1.08312
2702,0,3,0.984605,0.013881,0.000376476,0.0011372,0.786527,-0.936377,-1.17453,-1.48015
2703,0,3,0.998133,0.000913742,0.000255228,0.000697859,1.8764,-2.17131,-1.46,-1.42267
2704,0,2,0.99273,0.00361548,0.00041689,0.00323773,2.83614,-2.59225,-1.49853,-2.48444
2705,0,2,0.982587,0.0124523,0.000437531,0.00452369,1.10087,-1.26751,-0.989276,-1.16861
2706,3,1,0.348524,0.024614,0.00736885,0.619493,-0.0483426,-0.695689,-0.909712,-0.286405
2707,0,0,0.998441,0.000986367,0.000177538,0.000394655,0.751546,-0.712907,-1.2989,-1.83796
2708,0,4,0.99753,0.00105932,0.000227755,0.00118291,2.43807,-2.13558,-2.06156,-2.44905
2709,1,4,0.00632548,0.991675,0.000455595,0.00154427,-0.478099,1.01039,-1.58453,-1.81778
2710,0,4,0.984438,0.00346481,0.0010212,0.0110758,-0.00241311,-0.618691,-1.76543,0.00881427
2711,0,2,0.997474,0.00143938,0.000219875,0.000866233,1.47342,-1.03475,-1.47151,-2.76668
2712,3,1,0.347048,0.025091,0.0181786,0.609683,3.76365,-3.99617,-1.83603,-1.87764
2713,0,0,0.994834,0.00259948,0.000347702,0.00221911,1.82747,-2.36322,-1.13568,-1.13948
2714,0,1,0.994906,0.00275923,0.000517939,0.00181663,0.459963,-0.83951,-0.929536,-1.40633
2715,0,0,0.0416507,0.953537,0.000615374,0.00419711,0.0703217,-0.35413,-1.81676,-0.755889
2716,0,3,0.996858,0.00249765,9.178e-05,0.000552425,0.857573,-1.26865,-1.47612,-0.66448
2717,0,1,0.995392,0.00390065,0.000346541,0.00036105,1.49149,-0.906793,-1.46489,-2.1996
2718,0,3,0.968494,0.0254342,0.00025601,0.00581539,0.606469,-0.922397,-1.53027,-0.878985
2719,0,0,0.986232,0.0125397,0.000472065,0.000755832,0.939878,-1.19834,-1.40192,-0.882264
2720,0,3,0.970638,0.0161396,0.00136287,0.01186,0.750315,-1.54688,-1.02263,-0.75225
2721,0,4,0.998303,0.000706895,0.000220058,0.00077033,2.85389,-3.00355,-1.47991,-1.78882
2722,1,2,0.029204,0.962863,0.000505189,0.00742732,0.266797,-0.0818122,-1.32805,-1.84576
2723,0,3,0.998455,0.000944895,0.000170406,0.000429238,2.12336,-2.14119,-0.979096,-2.13709
2724,3,3,0.015164,0.00441298,0.00298014,0.977443,-0.939432,-1.19185,-1.21327,0.779514
2725,1,3,0.00892445,0.988145,0.000276426,0.00265358,-0.179185,0.343276,-0.999568,-1.49895
2726,0,2,0.997391,0.00155014,0.000206536,0.0008519,3.38121,-3.25464,-2.17681,-2.73781
2727,0,2,0.95045,0.0445618,0.000603872,0.0043843,-0.136683,0.0269035,-1.2749,-1.53397
2728,0,4,0.998526,0.000776546,0.000168433,0.000528525,1.98509,-1.86428,-1.62581,-2.52968
2729,1,2,0.036136,0.955927,0.000465673,0.00747167,-0.966879,0.47933,-0.720923,-1.22107
2730,3,4,0.0147247,0.00652768,0.0061622,0.972585,-0.706531,-0.789914,-1.04379,0.476815
2731,0,2,0.910256,0.0475258,0.00116371,0.0410549,-0.00229594,-0.618258,-1.57398,-0.401024
2732,0,4,0.99827,0.000993933,0.000231062,0.000504686,1.53147,-1.7932,-1.28479,-1.7862
2733,0,1,0.0229053,0.271517,0.00883942,0.696738,-0.920598,0.305769,-0.709653,-0.597227
2734,2,1,0.00330336,0.00615042,0.987458,0.0030881,-2.25904,-0.287824,0.829672,-0.369191
2735,1,1,0.00580321,0.991319,0.000322319,0.00255512,-0.543438,0.777842,-1.00739,-2.06637
2736,0,2,0.99751,0.00123001,0.000253578,0.00100685,2.40125,-2.32619,-1.91023,-2.42515
2737,0,4,0.848974,0.0434184,0.00390856,0.103699,1.23039,-1.34429,-1.36668,-1.29668
2738,0,1,0.997707,0.00116478,0.000221651,0.000906244,1.99829,-2.74157,-1.51525,-1.15962
2739,1,2,0.357939,0.623923,0.00195885,0.0161785,-0.357209,0.383882,-1.46046,-1.15733
2740,0,2,0.997397,0.00148786,0.000273084,0.00084198,1.9141,-1.55327,-1.77257,-2.02092
2741,0,2,0.995282,0.00180142,0.000354028,0.00256283,0.480534,-1.73981,-0.842218,-1.20075
2742,0,2,0.996559,0.00220889,0.000192352,0.00103985,-0.0955519,-0.15835,-1.36597,-1.57829
2743,1,4,0.00384696,0.991809,0.000398208,0.00394589,-1.51883,1.07758,-1.04849,-1.14006
2744,0,3,0.565576,0.018539,0.0132622,0.402623,1.03003,-1.29818,-0.958227,-1.03718
2745,0,0,0.997313,0.00183262,0.000192498,0.000661468,1.26555,-1.39283,-1.11764,-1.45692
2746,0,4,0.997328,0.00097474,0.000238637,0.00145898,2.07301,-2.23938,-1.99785,-1.65284
2747,0,3,0.993525,0.0054858,0.000195931,0.000793301,1.23475,-1.15951,-1.44766,-1.42972
2748,1,4,0.388161,0.486862,0.00384649,0.12113,-0.67499,-0.145472,-1.30083,-0.366834
2749,0,4,0.998491,0.00070496,0.000246499,0.000557669,2.77034,-3.10363,-1.81855,-2.06171
2750,0,2,0.988614,0.00793943,0.000592374,0.00285379,0.248247,-0.387073,-1.04543,-1.57573
2751,3,3,0.236849,0.726701,0.00199387,0.0344561,0.39749,0.248487,-1.26764,-2.09068
2752,1,3,0.0115937,0.0263445,0.00530797,0.956754,-0.171008,0.200534,-1.70529,-0.196852
2753,0,2,0.0200137,0.976156,0.000458204,0.0033725,-1.25619,1.1201,-1.25152,-1.23221
2754,0,3,0.998309,0.000826449,0.000218773,0.000646158,1.88902,-1.99064,-1.53786,-1.30883
2755,0,1,0.998033,0.00138366,0.000200702,0.000382357,1.88773,-1.49909,-1.73829,-2.75058
2756,0,0,0.99804,0.00130238,0.000193392,0.000463924,1.79535,-1.8499,-1.57805,-1.51187
2757,0,4,0.998237,0.00074731,0.000223072,0.000792406,2.22553,-2.29524,-1.84899,-1.58166
2758,3,2,0.178552,0.137612,0.0266026,0.657233,0.301192,-0.814557,-0.880332,-0.611521
2759,0,1,0.996662,0.0018234,0.000373716,0.00114105,2.86746,-3.12002,-1.53174,-1.69436
2760,3,2,0.99595,0.00250514,0.000183074,0.00136202,2.28307,-2.82,-1.70403,-1.73239
2761,0,0,0.62455,0.0203923,0.00300159,0.352056,0.669215,-1.21721,-1.34419,-0.614811
2762,1,0,0.0126352,0.985047,0.000291618,0.00202621,-1.19101,1.1274,-1.55133,-1.49206
2763,0,0,0.989414,0.00712783,0.000503148,0.00295541,1.99324,-1.90168,-1.79841,-1.92005
2764,0,3,0.997245,0.00104668,0.000221116,0.00148763,1.79212,-2.5735,-1.14072,-0.778109
2765,0,2,0.997208,0.00123084,0.00028225,0.00127862,3.34241,-3.23822,-1.98229,-2.52294
2766,0,3,0.998387,0.00101564,0.000162909,0.000434268,2.49499,-1.62505,-2.25845,-3.26449
2767,0,3,0.998207,0.00113171,0.0001648,0.000496829,1.44156,-1.86976,-1.50046,-1.25285
2768,1,2,0.0792592,0.863425,0.00152656,0.0557896,-0.335864,-0.00443193,-1.23626,-1.32488
2769,0,3,0.982433,0.0149448,0.000275904,0.00234649,1.14876,-1.32122,-1.69245,-1.16143
2770,0,4,0.998154,0.000722844,0.000224803,0.000898716,3.19857,-3.39308,-1.36228,-2.08094
2771,0,3,0.9985,0.000757057,0.000185344,0.000557674,3.07069,-3.8223,-2.1227,-1.98272
2772,0,0,0.99682,0.00248418,0.000363693,0.000331794,1.40742,-1.3431,-1.25136,-2.04264
2773,0,0,0.997985,0.0013074,0.000222147,0.000485213,0.851414,-0.540983,-1.71441,-2.05092
2774,0,4,0.997637,0.00147519,0.000157778,0.000730273,1.11392,-1.29429,-1.29846,-1.00236
2775,0,4,0.998223,0.000790077,0.000238385,0.000748761,2.65502,-2.24396,-1.53638,-2.26896
2776,0,2,0.997323,0.00130017,0.000226378,0.00115076,1.36737,-1.36717,-1.36487,-1.76412
2777,0,0,0.997938,0.00144427,0.000204641,0.000413387,1.1627,-0.99359,-1.37278,-1.72789
2778,0,0,0.998568,0.000825051,0.000146343,0.000460557,2.53279,-2.92992,-1.58063,-1.74055
2779,0,1,0.99808,0.00099666,0.000338765,0.000584192,1.94941,-1.79429,-1.28804,-1.6488
2780,0,0,0.997977,0.00129975,0.000182375,0.000541289,1.85457,-1.68482,-1.56369,-2.06045
2781,0,1,0.997446,0.00121204,0.000297604,0.00104485,2.02166,-2.03263,-1.59826,-1.88591
2782,0,0,0.96121,0.0363358,0.000524411,0.00192949,0.161837,-0.512607,-0.712519,-1.41612
2783,0,0,0.998733,0.000766909,0.000159814,0.000340314,1.59383,-1.99208,-1.85112,-1.67834
2784,0,3,0.9979,0.0011447,0.000178136,0.000777576,0.568037,-0.677323,-0.976516,-1.61859
2785,0,2,0.997235,0.00148037,0.000258004,0.00102642,2.23201,-1.88943,-1.5993,-2.31104
2786,2,0,0.00186937,0.00336521,0.992289,0.00247651,-1.64666,0.16663,-0.178543,-1.19016
2787,0,4,0.998214,0.00102043,0.000195706,0.000569622,1.75734,-2.59971,-1.56086,-0.704515
2788,0,0,0.956621,0.0329945,0.000774348,0.00961016,1.98978,-1.8649,-2.00078,-1.5884
2789,0,2,0.997093,0.00184569,0.000198565,0.000862526,0.241459,-0.778632,-1.54923,-1.20561
2790,1,0,0.00428055,0.993127,0.000286639,0.0023058,-1.63968,1.59353,-1.5213,-1.35103
2791,3,3,0.0865521,0.315668,0.00224651,0.595533,-0.102392,-0.466119,-1.15132,-0.572114
2792,0,4,0.998422,0.000872151,0.000155758,0.000550059,1.79752,-2.03134,-1.64426,-1.49841
2793,0,1,0.998071,0.000919055,0.000323881,0.000685657,1.43202,-1.49866,-1.34144,-1.43841
2794,0,2,0.989236,0.00539255,0.000580147,0.00479155,1.26464,-2.67547,-1.62487,-0.586525
2795,0,4,0.988139,0.00373481,0.000581772,0.00754453,0.580353,-0.875207,-1.15941,-1.04205
2796,1,0,0.930658,0.0649924,0.000571987,0.00377748,0.819648,-0.745211,-1.16314,-1.38686
2797,2,0,0.965463,0.0327473,0.000374239,0.00141512,0.625763,-0.380935,-1.74256,-1.71528
2798,1,1,0.0334966,0.935683,0.0144032,0.0164169,-0.860843,0.835365,-0.996841,-1.48162
2799,1,2,0.0570169,0.927424,0.00178337,0.0137761,-0.31154,-0.0186816,-1.03354,-1.32321
2800,1,3,0.102052,0.890247,0.000528249,0.00717218,0.320638,-0.205253,-1.60069,-1.26561
2801,0,4,0.997754,0.00143277,0.000180915,0.00063269,2.20636,-2.00337,-1.93297,-1.8787
2802,0,3,0.998388,0.000973872,0.000192705,0.000445436,1.95692,-1.67431,-1.44799,-2.25229
2803,0,3,0.998135,0.000891706,0.000255229,0.000717907,1.6751,-1.98879,-1.425,-1.14879
2804,0,1,0.99722,0.00126621,0.000396489,0.00111742,2.01801,-2.08577,-1.92021,-1.59088
2805,0,1,0.985482,0.00618927,0.00061522,0.00771397,1.82084,-2.12857,-1.23912,-1.32921
2806,3,4,0.915834,0.0061288,0.00380918,0.0742279,0.620235,-2.02075,-1.17239,-0.584979
2807,0,3,0.998573,0.000741744,0.000158235,0.000527518,3.40154,-2.99092,-2.24713,-2.95349
2808,0,0,0.99514,0.00380561,0.000229888,0.00082463,1.38973,-1.62187,-1.51084,-1.52889
2809,0,1,0.996164,0.00324417,0.000214919,0.000377194,1.85375,-2.17519,-1.60181,-1.33193
2810,0,1,0.998391,0.000891064,0.000259821,0.000457785,2.75146,-2.9189,-1.70519,-2.34716
2811,0,1,0.997332,0.000828063,0.000592947,0.00124672,2.75244,-3.41147,-1.65958,-1.65332
2812,1,2,0.00821001,0.98675,0.000423378,0.00461666,-0.654843,0.603734,-1.28775,-1.27512
2813,2,2,0.00521843,0.00237869,0.989129,0.00327359,-1.43531,-1.11458,0.966562,-1.59898
2814,0,0,0.998529,0.000799636,0.000227095,0.000443762,1.6344,-2.49285,-1.20481,-1.00076
2815,0,4,0.922886,0.0642769,0.00266406,0.0101726,0.630039,-0.825366,-1.47506,-0.916108
2816,1,0,0.00855913,0.988516,0.000285866,0.00263906,-0.855966,1.18384,-1.89967,-2.03933
2817,0,2,0.954819,0.0429886,0.000402539,0.00179002,1.02956,-0.994716,-1.24493,-1.92142
2818,3,0,0.00649321,0.0127442,0.00572465,0.975038,-1.43051,-0.717215,-1.19563,1.04216
2819,0,0,0.998055,0.00112823,0.000306639,0.000510524,0.825205,-1.86865,-0.741202,-1.92518
2820,2,0,0.00211467,0.00256326,0.993506,0.00181585,-1.73566,-0.985297,0.650439,-0.70034
2821,1,2,0.00754248,0.987869,0.000501382,0.00408678,-0.247144,0.477337,-1.4224,-1.4273
2822,0,3,0.998138,0.00119641,0.000161917,0.000503634,2.97455,-2.98259,-2.10947,-2.58928
2823,0,3,0.998311,0.000977608,0.000188964,0.000522765,1.75526,-1.43274,-1.68491,-2.13936
2824,0,3,0.969553,0.0288945,0.000469551,0.00108324,1.09856,-1.15929,-0.919688,-1.77935
2825,0,0,0.998479,0.00106656,0.00014633,0.000307971,1.00063,-0.765969,-1.74259,-2.35887
2826,1,3,0.00485349,0.919509,0.058854,0.0167839,-1.04187,0.175957,-0.44527,-1.49221
2827,1,0,0.0050562,0.929348,0.00679059,0.0588052,-1.40938,0.333139,-0.303216,-0.408749
2828,0,3,0.987537,0.00542551,0.000675775,0.00636168,0.435585,-1.18693,-0.873493,-0.474317
2829,0,4,0.998346,0.000725105,0.000292112,0.000636786,2.0442,-2.37283,-1.96651,-1.5867
2830,0,4,0.998108,0.000940884,0.000156319,0.000794629,1.3562,-1.84703,-2.02593,-1.48552
2831,0,2,0.0576339,0.911505,0.0010631,0.029798,-0.996948,0.719007,-0.377409,-1.40688
2832,1,3,0.149761,0.844323,0.00144122,0.00447408,-0.624456,0.477627,-1.55036,-1.34836
2833,0,0,0.998555,0.000762293,0.000207993,0.000474244,2.35431,-2.11856,-1.41799,-2.67656
2834,1,1,0.00921792,0.98854,0.000408695,0.00183343,-1.37064,1.67517,-1.20679,-1.99008
2835,0,1,0.996986,0.00145848,0.000308111,0.0012475,1.28367,-1.8238,-1.61562,-0.849834
2836,0,4,0.998229,0.000777073,0.000271185,0.000722899,1.7723,-2.31752,-1.53208,-0.992501
2837,0,2,0.997708,0.00127427,0.000192574,0.000825145,2.16081,-1.7445,-1.96713,-2.61535
2838,3,0,0.00629792,0.184682,0.056504,0.752516,-0.571604,-0.10896,-0.662194,-1.08539
2839,0,3,0.99776,0.00165234,0.000227363,0.000360498,1.38026,-1.31852,-1.25027,-1.8337
2840,0,0,0.869777,0.0701859,0.00876337,0.0512739,-0.0507678,-1.0911,-0.793906,-1.03047
2841,0,3,0.992732,0.00648694,0.000187175,0.00059368,1.75247,-1.35459,-2.07119,-1.86777
2842,0,0,0.996422,0.00183367,0.000484453,0.00126026,1.31862,-1.95368,-1.25747,-1.49338
2843,0,4,0.998489,0.000636877,0.000194997,0.000678615,3.94358,-3.93137,-2.37948,-2.66373
2844,0,0,0.998427,0.00081056,0.000199609,0.000562556,1.6908,-1.81589,-1.24128,-1.54459
2845,3,0,0.0393127,0.746135,0.0255313,0.189021,-0.945084,-0.454585,-0.842096,0.00687188
2846,0,3,0.998182,0.00108833,0.000207915,0.000521678,1.2877,-1.10221,-1.64655,-2.34492
2847,0,0,0.990632,0.00610427,0.000639314,0.00262413,0.741085,-1.11016,-1.12681,-0.999387
2848,0,0,0.998435,0.000868762,0.000181039,0.000514725,2.48922,-2.32759,-1.94548,-2.09733
2849,2,2,0.00695631,0.0189832,0.971753,0.00230743,-1.73555,0.177984,-0.0305763,-1.50239
2850,1,1,0.00354121,0.985724,0.00105499,0.00968022,-1.17151,1.12444,-1.29845,-1.4144
2851,0,0,0.99823,0.000877964,0.000246917,0.000645476,2.83947,-2.69127,-1.3967,-2.02008
2852,0,0,0.998481,0.000829017,0.000196525,0.000493099,2.77246,-2.97034,-1.85117,-1.85548
2853,0,2,0.994838,0.00402912,0.000175178,0.000957233,1.68544,-2.04281,-1.45018,-1.28859
2854,0,4,0.997736,0.00112787,0.000250681,0.000885277,1.49529,-1.21676,-1.26192,-1.99337
2855,1,3,0.0147798,0.982917,0.000263399,0.00203968,-0.11809,0.00545523,-1.47874,-0.9876
2856,0,0,0.326361,0.428156,0.00128894,0.244194,-0.0784903,-0.232034,-2.18071,-0.619503
2857,0,1,0.99595,0.00315291,0.000221261,0.000676228,1.73128,-2.03145,-1.03116,-1.13271
2858,0,0,0.982822,0.0156625,0.000256771,0.00125894,0.0473679,-0.400891,-1.47234,-0.49153
2859,0,0,0.993366,0.00419262,0.000476409,0.00196504,0.958924,-2.06869,-1.36957,-0.570307
2860,3,4,0.03345,0.00626592,0.946437,0.0138474,0.260989,-1.00522,-1.09623,-0.660374
2861,0,2,0.997395,0.00154561,0.000314317,0.000745223,0.524459,-0.743087,-1.63608,-1.167
2862,3,4,0.078585,0.858592,0.00142604,0.0613966,-0.403747,0.412641,-1.3327,-1.16268
2863,1,0,0.00711935,0.988961,0.000533265,0.00338684,-1.22193,1.41254,-1.24158,-1.94943
2864,0,0,0.979417,0.0135474,0.00112021,0.00591554,0.60955,-0.578579,-1.71131,-1.80422
2865,1,2,0.0196269,0.967068,0.000578333,0.0127267,-1.09041,1.25791,-1.59703,-1.43854
2866,0,4,0.497063,0.487449,0.00198045,0.0135075,-0.145957,-0.237439,-0.7211,-1.7907
2867,0,1,0.996968,0.00172857,0.000309311,0.000994577,2.21711,-2.1867,-1.82213,-2.13913
2868,3,2,0.709443,0.104144,0.00161372,0.184798,-0.333923,-0.381249,-1.15827,-0.445738
2869,0,4,0.0181367,0.978932,0.000459507,0.00247197,-1.1134,1.00382,-1.74395,-1.1653
2870,0,0,0.998173,0.000802478,0.000169032,0.000855904,1.95001,-2.06692,-1.61984,-1.28232
2871,1,0,0.0153871,0.981943,0.000455551,0.00221401,-0.194809,-0.179724,-1.73268,-1.48846
2872,1,1,0.00384509,0.98698,0.000852112,0.00832293,-0.607241,0.457051,-1.82545,-1.03467
2873,0,1,0.420241,0.469729,0.00730874,0.102721,-0.95167,0.587391,-0.866903,-0.816046
2874,0,1,0.997057,0.0019154,0.000263046,0.000764128,1.51993,-1.36382,-1.6558,-1.8264
2875,0,2,0.997686,0.00125571,0.000209033,0.000849658,1.16074,-1.14814,-1.75721,-1.32946
2876,0,0,0.996601,0.00190148,0.000251867,0.0012458,1.27282,-1.37805,-1.5993,-1.43503
2877,0,2,0.129036,0.857176,0.00207551,0.0117127,-0.353416,1.096,-1.29668,-2.30198
2878,1,3,0.0831778,0.912774,0.00109196,0.00295668,0.319549,-0.179317,-1.29284,-2.23122
2879,0,0,0.990766,0.00662377,0.000503835,0.00210677,1.37374,-2.05102,-2.06347,-1.3947
2880,0,1,0.978653,0.00535051,0.000826963,0.0151698,0.210337,-1.24143,-1.07365,-0.26583
2881,0,3,0.997247,0.00214346,0.000246192,0.000363848,1.51853,-1.28633,-1.7149,-2.13633
2882,0,1,0.998385,0.00104787,0.000222236,0.000344878,1.2551,-0.998621,-1.24826,-1.94142
2883,0,3,0.0325564,0.817791,0.00953945,0.140113,-0.487014,0.276395,-0.83844,-0.948309
2884,0,1,0.387034,0.134344,0.354556,0.124066,0.5246,-2.19536,-0.363751,-0.708475
2885,0,1,0.99845,0.000857815,0.000252828,0.000439415,2.70575,-2.66854,-2.19875,-2.61604
2886,0,4,0.993112,0.00278129,0.000360223,0.00374629,0.645153,-0.811847,-1.47036,-1.69306
2887,0,4,0.998227,0.00109478,0.000163521,0.00051512,2.55295,-2.51702,-1.68869,-2.12706
2888,0,0,0.967173,0.0268272,0.00111925,0.00488083,-1.04992,1.01928,-1.08423,-1.21575
2889,0,4,0.998385,0.00079175,0.000198434,0.000624494,1.92744,-1.93077,-1.53779,-1.87723
2890,1,2,0.19496,0.798674,0.000597911,0.00576779,0.668919,-0.398152,-1.74586,-1.45618
2891,0,2,0.968783,0.0076018,0.000801224,0.0228135,0.274775,-0.81108,-1.63189,-0.537599
2892,1,4,0.226976,0.674323,0.00157944,0.0971218,-0.458799,0.197612,-1.44242,-1.17455
2893,0,1,0.998156,0.000977457,0.00028809,0.000578559,2.64275,-2.74326,-2.29609,-2.22497
2894,0,1,0.997699,0.00130448,0.000170943,0.000825138,2.59026,-2.77528,-2.22384,-1.72099
2895,0,4,0.998181,0.000706809,0.00022613,0.000886537,3.54463,-4.28699,-1.91465,-2.30702
2896,1,3,0.0144001,0.983975,0.000429674,0.00119567,-0.992615,0.619069,-0.82168,-1.04468
2897,0,2,0.99724,0.000852603,0.000219824,0.00168734,3.29684,-3.91727,-1.56177,-2.26055
2898,0,4,0.997662,0.00144387,0.000300004,0.000594302,1.09068,-1.14747,-1.17471,-1.57105
2899,1,2,0.67865,0.316219,0.00104043,0.00409095,-0.00220239,0.445714,-1.87086,-1.86262
2900,0,4,0.823123,0.0870163,0.00365863,0.0862023,-0.116611,-0.379581,-1.32306,-0.59169
2901,0,4,0.997142,0.000951054,0.000322948,0.00158341,0.249364,-0.729334,-0.978133,-0.722818
2902,0,0,0.998508,0.000921255,0.000171752,0.000398555,3.37528,-2.76212,-2.24418,-2.76758
2903,0,2,0.993127,0.0048434,0.000229871,0.00179927,0.442116,-0.344093,-1.73869,-1.90533
2904,1,3,0.0522175,0.142289,0.733981,0.0715124,-0.620289,0.0737969,-0.566452,-1.12378
2905,3,2,0.0142903,0.0113045,0.00434979,0.970055,-0.275136,-1.30262,-1.80598,0.584066
2906,0,2,0.991157,0.00299551,0.000370202,0.0054774,0.826005,-0.937293,-1.38691,-1.01286
2907,0,3,0.926143,0.0714165,0.000457375,0.00198287,0.44661,-0.887348,-1.0699,-0.741124
2908,0,4,0.998231,0.000875397,0.000191924,0.000702028,2.67822,-2.17905,-1.93955,-2.27655
2909,0,4,0.998405,0.000677233,0.000203939,0.000713905,3.58697,-2.92008,-1.84719,-2.81032
2910,0,3,0.238364,0.736368,0.00167824,0.0235897,0.517085,-0.543903,-1.44677,-1.06619
2911,0,4,0.995315,0.00151996,0.000405116,0.00276037,1.57406,-1.57954,-1.53861,-1.68826
2912,0,1,0.997128,0.00177851,0.000276768,0.000816652,1.72163,-1.58278,-1.15379,-1.78832
2913,0,4,0.992719,0.00289094,0.000567594,0.0038224,0.631722,-0.948047,-1.6773,-0.809659
2914,0,2,0.858323,0.0399683,0.00455716,0.0971513,0.471727,-1.88578,-1.59302,-0.28056
2915,1,1,0.0510937,0.77465,0.0151772,0.159079,-0.826413,0.460904,-1.1661,-0.364952
2916,1,3,0.00386841,0.984274,0.000705866,0.0111513,-1.0789,0.957599,-1.46958,-1.07683
2917,0,1,0.995967,0.00213653,0.000394447,0.00150177,0.203536,-1.02134,-1.29776,-1.23367
2918,0,3,0.973473,0.0199027,0.000795723,0.00582819,0.483257,-0.88217,-1.13946,-1.10059
2919,0,0,0.993486,0.00462102,0.000199009,0.00169418,0.519296,-0.966071,-1.67475,-0.949284
2920,0,3,0.995932,0.00258588,0.000220394,0.0012621,0.895818,-0.697025,-1.5516,-1.61396
2921,0,3,0.998409,0.000932932,0.000227511,0.000430898,2.05984,-2.05029,-1.65969,-1.52864
2922,0,2,0.983403,0.00185082,0.000482815,0.0142632,2.36583,-2.50647,-1.6263,-2.02137
2923,0,0,0.980557,0.0167831,0.000338059,0.00232152,0.423522,-0.382598,-1.92367,-1.00727
2924,0,0,0.99752,0.00137487,0.000230438,0.000874773,1.66224,-1.43496,-1.34654,-1.78703
2925,0,3,0.103726,0.892562,0.00123865,0.00247298,0.186568,0.136435,-1.36103,-2.20066
2926,0,4,0.975829,0.0204914,0.000347787,0.00333209,0.168258,-0.381398,-1.18678,-1.15007
2927,0,2,0.997378,0.00150684,0.000264677,0.000851056,2.09557,-2.17402,-1.48688,-1.46708
2928,0,2,0.997443,0.00118628,0.000240067,0.00113085,2.85937,-2.74336,-1.89893,-1.99378
2929,0,0,0.993798,0.00541941,0.000182322,0.00060015,0.601286,-0.472864,-1.86909,-1.19766
2930,0,0,0.415376,0.577819,0.00040478,0.00640022,-0.601656,0.687248,-1.75725,-1.19461
2931,0,1,0.998464,0.00074675,0.00026239,0.000526946,2.67169,-2.59038,-1.78084,-1.98285
2932,1,1,0.803252,0.186188,0.00138999,0.00917069,0.263744,-0.706643,-1.35717,-0.460994
2933,0,2,0.989632,0.00411612,0.000455545,0.00579617,1.25009,-0.903266,-1.27438,-1.77255
2934,1,0,0.0212831,0.975417,0.000406432,0.00289375,-0.328382,0.418176,-1.28813,-1.54394
2935,0,1,0.998329,0.000809689,0.000248392,0.000612979,3.5381,-3.79375,-2.13271,-2.16997
2936,0,1,0.99843,0.000827357,0.000260848,0.000481651,3.33552,-3.53446,-1.76087,-2.65847
2937,0,0,0.997209,0.00224843,0.000166576,0.000376118,0.677034,-0.455477,-1.71185,-1.74204
2938,0,2,0.989318,0.00539037,0.000610419,0.00468095,1.11777,-1.14668,-1.29529,-1.28358
2939,0,2,0.997665,0.00112339,0.00020102,0.00101095,3.22433,-3.01097,-2.22863,-2.42692
2940,0,1,0.99832,0.000853526,0.000277641,0.000548929,2.53044,-3.20988,-1.28163,-1.90815
2941,0,4,0.991393,0.00618398,0.000368127,0.00205525,1.37472,-1.59841,-1.6202,-1.23417
2942,0,1,0.998451,0.000820936,0.000258319,0.000469586,3.5702,-3.67194,-1.78835,-2.51724
2943,0,2,0.997434,0.00117245,0.000229072,0.00116446,2.66521,-2.7187,-1.73979,-2.05376
2944,0,1,0.992912,0.00548174,0.000446467,0.00116031,1.01058,-1.98644,-1.09511,-0.875045
2945,0,4,0.957378,0.0363059,0.000668058,0.00564847,0.1368,-0.69355,-1.17418,-1.1584
2946,3,3,0.0159366,0.0193362,0.00582566,0.958901,0.453257,-1.50977,-1.51265,0.215474
2947,0,2,0.997535,0.00128279,0.000218177,0.000963584,0.960778,-0.726961,-1.85097,-1.97791
2948,0,4,0.998112,0.000793856,0.000242586,0.000851683,3.44596,-3.39299,-1.60697,-2.39237
2949,3,2,0.0205944,0.472403,0.00560278,0.5014,-1.52194,0.445235,-0.767345,0.145988
2950,1,0,0.316395,0.669155,0.00109417,0.0133558,-0.995998,0.831979,-0.872514,-1.29938
2951,0,1,0.996787,0.00122552,0.000398646,0.00158904,1.97911,-2.9505,-1.45247,-1.55033
2952,1,1,0.00993302,0.987793,0.000388924,0.00188467,-0.103933,0.448505,-1.30934,-1.66311
2953,1,2,0.148933,0.835562,0.0110337,0.00447111,0.823552,-1.39415,-0.706251,-2.0357
2954,1,0,0.149255,0.842292,0.00140994,0.00704239,0.109043,-0.368446,-1.03168,-1.00398
2955,0,2,0.997021,0.00189117,0.000241848,0.000845782,2.4868,-2.15278,-2.17708,-2.69212
2956,0,3,0.995834,0.00149571,0.000249228,0.00242068,1.65394,-1.9706,-1.55529,-1.32805
2957,0,2,0.441775,0.471647,0.0024366,0.084142,-0.40712,0.465284,-1.69346,-1.25919
2958,0,4,0.995401,0.00136527,0.000354762,0.002879,1.35119,-2.11866,-1.13596,-1.15437
2959,0,3,0.998039,0.00147579,0.000107429,0.000377904,1.04632,-1.07204,-1.57223,-1.32525
2960,0,2,0.996422,0.00183367,0.000280928,0.00146336,1.71603,-1.82429,-1.57134,-1.61045
2961,1,2,0.973834,0.0196667,0.000854002,0.00564545,0.96222,-1.03547,-1.02823,-1.21969
2962,0,2,0.997499,0.00113756,0.000217744,0.00114536,2.37239,-2.63865,-1.6011,-1.6951
2963,0,2,0.997081,0.001291,0.000310557,0.00131775,2.46289,-2.54361,-1.7574,-1.87058
2964,0,0,0.960634,0.0238793,0.00164939,0.0138372,1.05473,-1.25399,-1.49953,-1.21758
2965,0,4,0.997987,0.00121389,0.000216155,0.000582998,1.39249,-1.50062,-1.36172,-1.28267
2966,0,0,0.998609,0.000780412,0.000175157,0.000435214,2.50416,-3.59044,-1.8089,-1.6459
2967,0,2,0.821872,0.168448,0.000505127,0.00917487,-0.0725245,-0.441013,-1.2448,-1.08155
2968,3,3,0.529066,0.0142653,0.00413526,0.452534,-0.186485,-0.502147,-1.63388,-0.189443
2969,0,0,0.997419,0.00150396,0.000188795,0.000888459,1.53083,-1.53731,-1.43095,-1.53871
2970,1,3,0.00945494,0.988507,0.000285305,0.00175284,-1.25499,1.2377,-1.27535,-1.57501
2971,1,2,0.0659207,0.926145,0.000674638,0.00726013,-1.15105,0.326287,-1.35038,-0.654999
2972,0,4,0.992106,0.00397998,0.000578431,0.00333515,1.34507,-1.1822,-1.47101,-1.53496
2973,0,2,0.995341,0.00343878,0.000212654,0.00100761,1.71528,-1.38777,-1.41491,-2.61656
2974,0,4,0.979947,0.0180891,0.0010821,0.000881462,-0.702844,0.851615,-1.53916,-2.307
2975,1,3,0.00696602,0.979786,0.000941829,0.0123066,-0.452459,-0.209853,-0.407758,-1.00555
2976,0,0,0.998415,0.00101467,0.000194222,0.000376573,0.709545,-1.3528,-1.71269,-1.17571
2977,0,0,0.998596,0.000949654,0.000120853,0.000333686,2.34887,-2.09175,-2.42286,-2.52244
2978,3,1,0.872852,0.107872,0.00138875,0.0178869,0.427625,-1.10337,-0.945025,-0.545204
2979,0,1,0.99629,0.00207957,0.000321414,0.00130901,1.39819,-1.38298,-1.54615,-1.5326
2980,0,1,0.996774,0.00172824,0.000353176,0.00114453,2.70197,-2.73643,-2.05767,-2.08311
2981,0,1,0.997508,0.00183119,0.000195186,0.000465491,0.838667,-1.16053,-1.83377,-1.52591
2982,1,1,0.0160126,0.981274,0.000311662,0.00240165,-1.12264,0.937171,-1.28667,-1.78194
2983,0,4,0.997817,0.00139557,0.000249237,0.000538041,0.820168,-0.975033,-1.52939,-1.7044
2984,0,0,0.998543,0.000860412,0.000201197,0.000395467,2.20936,-2.1818,-1.75627,-1.76445
2985,0,0,0.997477,0.00201013,0.000169244,0.000343892,1.18846,-1.39237,-1.24604,-1.27317
2986,0,2,0.997738,0.00117052,0.000196378,0.00089484,3.19195,-2.95209,-1.36537,-2.30532
2987,0,0,0.998333,0.00115081,0.000185313,0.000331002,1.98612,-1.39907,-1.60141,-2.61885
2988,1,1,0.00316547,0.989716,0.00044503,0.00667354,-0.964939,1.06189,-1.37123,-1.47901
2989,0,0,0.991737,0.00566563,0.000563719,0.002034,1.0059,-1.31354,-1.40833,-1.52984
2990,1,4,0.011603,0.980948,0.00132458,0.00612481,-0.248403,-0.105044,-0.975576,-0.760041
2991,1,2,0.990586,0.00534482,0.000368547,0.00370044,0.391676,-0.587484,-1.02523,-0.899376
2992,1,3,0.0281401,0.965215,0.000310175,0.00633433,-0.620146,0.52958,-1.45771,-1.05131
2993,0,2,0.997348,0.00169413,0.000247664,0.000710369,1.36718,-1.06205,-1.26539,-2.03809
2994,0,1,0.998279,0.000818393,0.000279807,0.000623209,2.51393,-2.69837,-1.79549,-1.51551
2995,1,2,0.459288,0.496609,0.00101653,0.043087,-0.579822,-0.770385,-0.831907,0.606499
2996,0,1,0.860748,0.0414141,0.0046239,0.0932143,0.706503,-1.81886,-1.3821,-0.670827
2997,0,1,0.998233,0.000798618,0.00028755,0.000681096,2.46554,-3.17545,-1.48938,-1.56244
2998,0,3,0.963124,0.013846,0.000445078,0.0225849,0.415741,-1.00693,-0.940256,-0.730249
2999,0,1,0.997919,0.00128078,0.000197954,0.000602639,0.892013,-0.888751,-1.58728,-1.61661
3000,0,4,0.980963,0.017862,0.000344869,0.000830536,1.32007,-1.27008,-1.55649,-1.5598
3001,0,0,0.998633,0.000803633,0.000149823,0.000413675,2.20017,-2.03911,-1.6543,-2.16056
3002,0,2,0.997374,0.0012977,0.000259557,0.0010685,4.3553,-4.14573,-2.14176,-3.40073
3003,0,3,0.911983,0.0849935,0.00131344,0.00170971,0.778339,-1.0066,-1.24156,-1.46364
3004,0,0,0.998119,0.000908391,0.000177134,0.000795414,2.38821,-2.66959,-1.65307,-1.3937
3005,0,4,0.987416,0.00458606,0.000535561,0.00746211,0.598503,-0.549086,-1.38796,-0.992046
3006,0,1,0.99607,0.00232623,0.000388372,0.00121511,-0.022293,-0.612901,-1.54893,-1.02753
3007,0,4,0.998124,0.000905738,0.000239295,0.00073063,3.04228,-2.66201,-1.58568,-2.59362
3008,0,1,0.998197,0.000842655,0.000290929,0.000669857,2.42629,-2.52887,-1.35898,-2.09287
3009,0,1,0.988312,0.00327728,0.000647861,0.00776261,0.335871,-0.708136,-0.774133,-0.596079
3010,0,1,0.998277,0.000828847,0.000288125,0.000606398,2.24666,-2.64246,-1.6766,-1.09829
3011,1,0,0.0127771,0.807658,0.0827142,0.0968504,-0.671322,-0.193966,-0.510638,-0.82389
3012,0,2,0.390865,0.278385,0.00385066,0.326899,0.665648,-1.08166,-1.1436,-1.15299
3013,0,1,0.997103,0.00171034,0.000256964,0.000929894,1.60587,-1.43966,-1.66853,-2.09133
3014,0,1,0.905156,0.00848403,0.00363471,0.0827256,0.909288,-2.57627,-1.49139,-0.211921
3015,0,1,0.99781,0.000854758,0.000336695,0.000998338,2.80027,-3.56323,-1.77732,-1.35405
3016,1,4,0.590857,0.402929,0.000610531,0.00560338,-0.185929,0.227453,-1.49569,-1.4242
3017,0,1,0.434911,0.394062,0.0115787,0.159449,0.00439203,-0.632332,-1.07585,-0.400948
3018,1,4,0.00691937,0.989515,0.00112735,0.00243843,-1.45172,1.16443,-1.28119,-1.45833
3019,0,1,0.00836223,0.00861084,0.978891,0.00413556,-0.670999,-1.21838,0.517238,-1.0506
3020,1,0,0.0122842,0.957911,0.00209133,0.0277132,-0.606671,0.693078,-1.50206,-1.16752
3021,0,0,0.988164,0.00257953,0.000864877,0.00839212,1.49781,-1.91026,-1.53819,-1.87145
3022,0,0,0.996268,0.00309745,0.000281984,0.000352997,0.526074,-0.4716,-1.64267,-1.66342
3023,3,1,0.0423393,0.0331191,0.0232567,0.901285,-1.40475,-0.454123,-1.04757,0.76253
3024,0,2,0.995292,0.00351157,0.00016756,0.00102843,1.46186,-1.4982,-1.37623,-1.61604
3025,0,3,0.986731,0.0118465,0.000142366,0.0012801,1.53286,-1.61388,-1.02288,-1.63026
3026,0,4,0.9981,0.00107556,0.000236039,0.000588785,1.74496,-1.38097,-1.418,-1.88421
3027,1,0,0.107251,0.888404,0.000361601,0.00398366,-0.73118,0.931305,-1.52862,-1.78447
3028,0,1,0.989576,0.00407191,0.000427086,0.0059246,0.512398,-0.891602,-0.989052,-0.713365
3029,0,4,0.716567,0.277885,0.000789722,0.00475798,0.657754,-0.317034,-1.39512,-2.23626
3030,0,2,0.987694,0.00388564,0.000455542,0.00796503,1.37361,-2.52875,-1.33906,-0.951691
3031,0,0,0.998393,0.00108538,0.000199992,0.000322093,1.54765,-1.61683,-1.14446,-1.838
3032,0,3,0.274256,0.080557,0.00658675,0.6386,0.0558987,-0.822637,-1.01747,-0.0746965
3033,0,2,0.9703,0.0159032,0.000712346,0.0130848,1.33592,-1.56239,-1.45708,-1.38942
3034,0,4,0.987737,0.00765275,0.000636202,0.00397407,0.519603,-0.736008,-1.5406,-1.49987
3035,1,3,0.0100515,0.98733,0.000303345,0.00231484,-1.41389,1.1719,-1.1326,-1.195
3036,0,0,0.99747,0.00173452,0.000166294,0.000628815,1.67612,-1.9952,-1.76456,-1.28805
3037,0,4,0.998418,0.000646861,0.000273898,0.000660908,3.13281,-3.42166,-1.63879,-2.02919
3038,1,0,0.0161773,0.821674,0.00571214,0.156437,0.0415009,-0.321043,-1.04397,-0.705817
3039,0,0,0.998186,0.00128363,0.000228351,0.000301925,1.65461,-1.38849,-1.68291,-1.57923
3040,1,2,0.0270789,0.965345,0.000779885,0.00679665,-1.13477,0.989951,-1.58112,-1.1462
3041,0,1,0.994361,0.00377489,0.000544621,0.0013193,0.862603,-1.32058,-1.54708,-0.836598
3042,0,4,0.991911,0.00258678,0.000397472,0.0051044,0.530437,-1.09035,-1.37508,-0.513451
3043,0,4,0.988551,0.00561993,0.000646753,0.00518238,-0.177781,-0.154592,-1.23441,-1.22335
3044,2,0,0.0422748,0.138885,0.495766,0.323074,-1.22785,-0.277421,-1.23527,0.390121
3045,0,1,0.997054,0.00227458,0.000188726,0.00048287,0.98295,-1.1466,-1.74647,-1.22597
3046,0,3,0.998525,0.000760782,0.000209209,0.000504814,2.19805,-2.15214,-1.54767,-1.84612
3047,0,4,0.998046,0.000796911,0.000203866,0.000952846,1.95138,-1.80089,-1.88201,-1.75247
3048,0,0,0.99277,0.00524787,0.000488367,0.00149403,0.582155,-0.149097,-1.58908,-2.24461
3049,0,0,0.062242,0.89673,0.00135346,0.0396747,-0.621703,0.287935,-1.44388,-0.850566
3050,0,4,0.998299,0.000866948,0.000165137,0.000669272,2.83202,-2.91751,-1.82819,-2.18304
3051,3,0,0.0102396,0.168847,0.00748411,0.813429,-0.913451,-0.229092,-0.970752,0.298554
3052,0,0,0.981958,0.0118527,0.000687892,0.00550127,0.635302,-1.24075,-1.17721,-0.822716
3053,1,4,0.0104308,0.97635,0.000740987,0.0124779,-1.14231,1.04331,-1.32557,-1.21376
3054,0,4,0.984912,0.00225568,0.000805073,0.012027,1.78981,-2.20326,-1.15759,-1.5985
3055,0,4,0.992342,0.00474596,0.000321394,0.00259043,-0.173282,0.0745831,-1.54429,-1.61039
3056,0,2,0.996615,0.00248245,0.000232942,0.000670103,1.32167,-0.843258,-1.56909,-1.98257
3057,0,4,0.712983,0.265125,0.00909868,0.0127937,0.953207,-0.879648,-0.780924,-2.43412
3058,0,0,0.997609,0.00136562,0.000187727,0.000838056,1.6435,-1.67963,-1.55539,-1.36255
3059,0,2,0.660332,0.335294,0.000969771,0.00340472,0.402654,-0.446491,-1.61763,-1.88389
3060,1,2,0.0641819,0.883196,0.00253954,0.0500826,-1.42144,1.27873,-1.38246,-1.06978
3061,0,4,0.997307,0.00181569,0.000201735,0.000675828,0.354611,-0.67951,-1.32596,-1.331
3062,0,4,0.998489,0.000727337,0.000231113,0.000552249,2.3032,-2.2563,-1.90842,-2.01008
3063,2,0,0.00134166,0.00219266,0.994563,0.00190316,-2.2447,-0.880628,2.24689,-2.34533
3064,2,2,0.00592788,0.0215648,0.96908,0.00342745,-1.57763,0.66267,-0.466719,-1.62667
3065,0,1,0.718206,0.247963,0.00250566,0.0313255,-0.195299,0.663977,-1.67087,-1.87767
3066,2,0,0.00256376,0.000837224,0.994673,0.0019258,-0.341328,-1.59669,0.790562,-1.80856
3067,0,1,0.997198,0.00202631,0.000214722,0.000561315,1.66966,-2.09812,-1.61366,-1.07924
3068,0,4,0.995868,0.00198932,0.000332774,0.00180953,2.4587,-2.23946,-1.77324,-2.37308
3069,0,3,0.998365,0.000794833,0.000221798,0.000618412,3.64734,-4.01854,-1.72704,-2.17148
3070,1,4,0.0625509,0.932743,0.000548086,0.00415804,-0.0918846,0.0368673,-1.68653,-1.16138
3071,1,0,0.00580716,0.985717,0.00036602,0.00810983,-0.902356,0.233341,-1.75191,-0.562595
3072,2,4,0.00513698,0.00165718,0.990958,0.00224747,-1.83156,-1.40358,1.1925,-1.13216
3073,0,0,0.991135,0.00447042,0.00119034,0.00320424,1.13396,-1.94373,-0.917848,-1.12872
3074,0,1,0.997943,0.00132535,0.000262766,0.000468431,1.94936,-1.62906,-1.90944,-2.95015
3075,0,0,0.997277,0.00136918,0.000187299,0.00116655,1.66013,-2.11413,-1.82633,-1.04644
3076,0,2,0.994204,0.00256756,0.000307852,0.00292082,1.92945,-2.25321,-1.38884,-1.41279
3077,3,1,0.0268836,0.0719971,0.0069347,0.894185,-2.11442,-0.551456,-0.452452,0.995077
3078,0,2,0.982795,0.00666744,0.000688478,0.00984903,0.817706,-0.824252,-0.928969,-1.31832
3079,0,0,0.99737,0.00187436,0.000146167,0.000609407,1.92719,-1.9399,-1.37807,-2.11297
3080,1,4,0.109702,0.886793,0.000753745,0.0027517,-0.0265518,-0.134249,-1.01932,-1.72679
3081,0,3,0.997266,0.0012071,0.000163044,0.00136382,1.00182,-1.49193,-1.88433,-1.37992
3082,0,1,0.997078,0.0022025,0.000256456,0.000463477,1.86134,-2.32938,-1.35911,-1.20945
3083,0,4,0.809464,0.160017,0.000947785,0.0295712,0.126604,-0.580866,-1.33006,-0.817589
3084,0,3,0.998332,0.000975721,0.000193449,0.000498837,2.34061,-2.19386,-1.9246,-2.46213
3085,0,1,0.99682,0.000998322,0.000789738,0.00139146,1.05465,-2.76153,-0.529098,-0.844401
3086,0,4,0.987378,0.00598404,0.000627335,0.0060104,1.70648,-2.16139,-1.49894,-1.39606
3087,0,2,0.997495,0.00167301,0.000194043,0.000637487,1.60037,-1.783,-1.11268,-1.39311
3088,0,1,0.998132,0.000987025,0.000334183,0.000546686,1.92966,-2.03992,-1.1672,-1.50904
3089,0,3,0.995551,0.0037831,0.000121193,0.000544209,0.91352,-0.851926,-1.66637,-1.66606
3090,0,3,0.99858,0.000843802,0.000150401,0.000425951,3.33851,-2.99504,-2.03417,-2.65178
3091,1,3,0.067129,0.607736,0.0135187,0.311616,-0.257252,-0.0349387,-1.28563,-0.79924
3092,0,1,0.99608,0.00197426,0.000419115,0.00152708,1.44975,-1.15963,-1.30005,-1.70771
3093,0,4,0.998004,0.00124756,0.000153579,0.000595087,1.42106,-1.77617,-1.12682,-1.52028
3094,0,4,0.997542,0.00164715,0.00019634,0.000614293,1.425,-1.61795,-1.73637,-1.75419
3095,0,0,0.998017,0.00147287,0.000136065,0.000374224,0.620945,-0.813457,-1.76676,-1.08218
3096,0,2,0.997547,0.00162003,0.000170251,0.000662916,0.918138,-0.665821,-1.81652,-2.09889
3097,0,0,0.997755,0.00121716,0.000131074,0.000896604,1.68693,-1.8333,-1.42735,-1.79441
3098,0,3,0.990072,0.00848048,0.000295404,0.00115248,1.83625,-1.81124,-1.2994,-1.57761
3099,0,4,0.993326,0.00151248,0.000390339,0.00477159,1.86257,-1.57097,-1.4532,-1.80443
3100,1,3,0.00576718,0.992164,0.000314506,0.00175417,-0.832645,1.00648,-1.56224,-1.69585
3101,1,1,0.152067,0.840742,0.000901581,0.00628884,0.392945,-0.919766,-1.80805,-1.06031
3102,3,3,0.981677,0.00275464,0.00187667,0.0136919,0.71278,-2.21179,-1.03321,-0.33965
3103,0,3,0.997551,0.00108871,0.000191419,0.00116915,1.53544,-2.01411,-1.638,-1.32304
3104,3,1,0.022667,0.00948369,0.00425797,0.963591,-0.341418,-1.55305,-1.27766,0.657236
3105,0,0,0.997755,0.00152816,0.000101484,0.000615024,1.10259,-1.13258,-1.79172,-1.53043
3106,0,1,0.998311,0.000873759,0.000250826,0.000564141,4.16734,-4.08273,-1.92097,-2.93323
3107,0,1,0.997194,0.00209676,0.000218529,0.000490543,0.749883,-0.979576,-1.43149,-0.932278
3108,0,1,0.998118,0.000823874,0.000281406,0.000776987,2.68371,-2.83763,-1.87058,-1.83878
3109,0,3,0.997718,0.00167583,0.000119573,0.000486981,1.37695,-1.67149,-1.70897,-1.38305
3110,0,4,0.997591,0.0012134,0.000182304,0.00101384,0.558745,-0.661929,-1.65859,-1.63868
3111,0,3,0.998428,0.000991182,0.000155455,0.000425055,2.43849,-2.18261,-2.33875,-3.01537
3112,0,1,0.996997,0.0015956,0.00030512,0.001102,2.33982,-2.30648,-1.59692,-1.49384
3113,0,2,0.951119,0.0456729,0.000443844,0.00276439,0.213875,-0.0678149,-1.80127,-1.44468
3114,0,0,0.99388,0.00253435,0.000444291,0.00314175,2.62673,-2.56804,-1.35912,-1.6184
3115,0,1,0.996909,0.00207073,0.00023165,0.000789037,1.05304,-0.552701,-1.43858,-1.79673
3116,0,2,0.981007,0.0121517,0.000662191,0.00617925,1.59091,-1.50283,-1.84115,-1.45557
3117,0,4,0.998202,0.000922773,0.000224375,0.000650521,2.50728,-1.8447,-1.53834,-2.44326
3118,0,4,0.998364,0.000705559,0.000200377,0.000730092,3.40788,-2.83187,-2.22293,-2.58313
3119,0,4,0.99031,0.00677112,0.000420776,0.00249826,0.118351,-0.320992,-1.65069,-1.14749
3120,1,0,0.0193859,0.973888,0.00036589,0.00636011,-0.922345,0.446576,-1.36616,-1.02405
3121,0,1,0.994447,0.00254572,0.000542544,0.00246499,0.989689,-0.744367,-1.47833,-1.30909
3122,0,3,0.997159,0.0022815,0.000142751,0.000417118,1.89795,-2.08458,-1.45782,-2.13268
3123,0,0,0.997933,0.00137141,0.000193371,0.000502548,1.84045,-1.91488,-1.9249,-1.50771
3124,0,4,0.968836,0.0255646,0.000795032,0.00480403,0.201187,-0.965034,-0.858084,-0.666862
3125,3,1,0.290871,0.327275,0.0578381,0.324015,-1.18375,0.762775,-1.34195,-0.524645
3126,0,1,0.997421,0.00180617,0.000222021,0.000550582,1.37625,-1.58476,-1.47774,-1.90918
3127,0,0,0.99848,0.00104797,0.00016549,0.00030677,1.81875,-1.79894,-1.87084,-2.5258
3128,2,4,0.00553369,0.00189104,0.989194,0.00338103,-2.00205,-0.893862,0.782875,-1.16767
3129,0,0,0.998104,0.00146583,0.000120322,0.000309664,0.739017,-0.577526,-1.46414,-1.49791
3130,0,2,0.996343,0.00231892,0.000178206,0.00115978,2.12034,-2.29241,-1.63809,-1.69268
3131,0,2,0.997151,0.00161939,0.000282786,0.00094643,2.45773,-2.54218,-1.46138,-2.17803
3132,0,3,0.998113,0.00113937,0.000254228,0.000492917,1.53638,-1.5356,-1.26244,-2.19306
3133,0,4,0.993262,0.00251306,0.000240466,0.00398461,1.70693,-1.86921,-0.91489,-1.35076
3134,2,0,0.0012021,0.00186367,0.994108,0.00282654,-1.10091,-1.65343,1.54746,-1.25494
3135,1,2,0.277601,0.451913,0.0026045,0.267881,-0.95013,0.39128,-0.906142,-0.388467
3136,0,3,0.992988,0.0040226,0.000455308,0.00253455,1.12659,-1.37991,-1.76893,-1.42266
3137,0,3,0.995835,0.00309762,0.000302393,0.000764684,1.90363,-1.92629,-1.48499,-2.15128
3138,0,3,0.998118,0.0010872,0.000332875,0.000462151,1.65482,-1.90498,-1.25907,-1.22596
3139,1,2,0.0848049,0.909959,0.000502302,0.00473325,-0.444601,-0.0566713,-1.52729,-0.607207
3140,0,2,0.996172,0.00264267,0.000219588,0.000966033,1.0689,-1.10152,-1.5623,-1.37246
3141,0,1,0.997663,0.00146232,0.000244856,0.000630166,1.28679,-1.71581,-1.56543,-0.972494
3142,0,0,0.981115,0.00724273,0.000827426,0.0108144,0.265293,-0.630225,-1.28869,-0.836793
3143,1,4,0.299408,0.666866,0.00216858,0.0315574,-1.64663,0.771144,-0.647581,-0.3094
3144,0,4,0.998228,0.000910266,0.000212025,0.000649903,1.75957,-2.07479,-1.52455,-1.70187
3145,0,1,0.9954,0.00273645,0.000283948,0.0015791,1.14503,-0.994597,-1.51619,-1.99662
3146,0,4,0.998148,0.00112614,0.000242594,0.0004834,1.68211,-1.54305,-1.53411,-2.34751
3147,0,2,0.99585,0.00301264,0.000165054,0.000972346,2.05658,-1.57399,-2.01919,-2.39649
3148,0,3,0.996861,0.00204251,0.000216756,0.000880192,0.871735,-1.37144,-1.52123,-0.697021
3149,0,1,0.998199,0.000845129,0.000279785,0.000676432,4.06465,-4.54759,-1.99093,-2.64764
3150,0,3,0.997997,0.00130232,0.000222584,0.000477696,1.96642,-1.32516,-1.51515,-2.14206
3151,0,0,0.960833,0.0105084,0.00179778,0.0268604,0.906204,-1.02193,-1.15284,-0.878799
3152,1,0,0.0317382,0.96636,0.000507024,0.00139448,-0.839304,0.940785,-1.33898,-1.86575
3153,1,0,0.0393803,0.956896,0.000343043,0.00338105,-1.0586,0.858254,-2.12123,-0.750423
3154,0,0,0.0027882,0.0050095,0.989766,0.00243667,-0.797297,-0.207585,-0.413525,-1.67964
3155,2,2,0.00577213,0.00255512,0.988421,0.00325213,-0.651435,-0.800485,0.313813,-1.29042
3156,1,2,0.0488185,0.907522,0.000967507,0.0426922,-0.327321,-0.188541,-1.16888,-0.704368
3157,0,2,0.134759,0.127137,0.00933652,0.728768,0.309197,-0.794028,-1.15125,-0.697386
3158,0,1,0.998026,0.00119862,0.000283034,0.000491912,1.85991,-2.35531,-1.3913,-1.59903
3159,0,0,0.988011,0.00748851,0.000677421,0.00382289,3.14009,-2.88189,-1.6562,-2.49777
3160,0,4,0.996231,0.00278186,0.000244028,0.000742901,1.8634,-1.7165,-1.59428,-1.84448
3161,0,0,0.998471,0.000730884,0.000205954,0.000591888,2.1304,-2.26447,-1.48419,-1.42878
3162,0,2,0.996714,0.00223092,0.00018108,0.000874067,0.151462,-0.103991,-1.47001,-1.62538
3163,1,2,0.0229741,0.971889,0.0018471,0.0032896,-0.487907,0.672511,-1.85864,-1.51912
3164,0,2,0.988448,0.00859571,0.000182406,0.00277364,0.564671,-0.857779,-1.09285,-1.21592
3165,1,4,0.802502,0.169119,0.00349799,0.0248809,-0.878918,0.380556,-0.909699,-1.41009
3166,1,4,0.925348,0.0701118,0.000924933,0.00361556,0.160645,-0.322704,-1.4754,-1.50709
3167,0,4,0.989361,0.00680272,0.000240459,0.00359618,1.38769,-1.34806,-1.04623,-1.78502
3168,2,2,0.0045819,0.00450646,0.987483,0.00342833,-1.43735,-1.79732,1.19563,-0.93337
3169,0,4,0.995244,0.00272402,0.000272494,0.00175962,0.590947,-1.0234,-1.42712,-1.21655
3170,0,1,0.296949,0.611684,0.0278644,0.0635025,0.295931,-0.420218,-1.18066,-1.07275
3171,3,3,0.600148,0.37483,0.000800944,0.0242209,0.960863,-1.84428,-1.12982,-0.991389
3172,0,0,0.181538,0.81201,0.00114908,0.00530295,-0.0664214,0.097529,-1.43798,-1.54395
3173,0,4,0.998457,0.000784112,0.000237976,0.000520803,2.00892,-1.65454,-1.69358,-2.2026
3174,0,4,0.980716,0.0135125,0.00107243,0.00469953,1.11003,-1.2687,-1.59317,-0.652619
3175,3,1,0.0420776,0.0218723,0.0159553,0.920095,0.221315,-0.847103,-0.934245,-0.329069
3176,0,4,0.99826,0.000930973,0.000189323,0.000619556,0.546656,-1.30361,-1.40187,-0.425576
3177,0,2,0.996068,0.00147143,0.000352926,0.00210773,1.67015,-2.28867,-1.67401,-1.18194
3178,2,0,0.00184781,0.000771789,0.995321,0.00205937,-1.66941,-2.35174,1.63297,-0.852626
3179,0,2,0.997886,0.00124619,0.00018343,0.000684192,2.29228,-2.0382,-1.92161,-1.73059
3180,0,0,0.997205,0.00127737,0.000272499,0.00124534,2.4012,-2.87016,-1.62909,-1.92641
3181,0,1,0.998278,0.000990066,0.000232876,0.00049881,1.49858,-1.20656,-1.86516,-1.99451
3182,0,2,0.995943,0.00239625,0.000202248,0.00145838,1.70527,-1.57413,-1.62959,-1.77365
3183,3,2,0.0295845,0.0228054,0.00773643,0.939874,-0.55736,-0.929134,-1.44618,0.414249
3184,0,0,0.998313,0.000861055,0.000214124,0.000611773,2.46516,-2.76396,-1.87194,-1.93617
3185,0,4,0.998438,0.000735154,0.000198832,0.000628197,2.89392,-2.7003,-1.6842,-2.33416
3186,1,3,0.0385504,0.782669,0.00397294,0.174808,-0.521525,0.346188,-1.23576,-0.724131
3187,0,0,0.992908,0.0052307,0.000456161,0.00140508,0.949391,-0.928173,-1.31461,-1.78487
3188,0,0,0.977742,0.0207229,0.000365906,0.00116968,0.55483,-0.779096,-1.64299,-1.0075
3189,0,2,0.464337,0.530289,0.00138023,0.00399383,1.42424,-1.01545,-1.53948,-2.20324
3190,0,1,0.968064,0.0247515,0.00134342,0.00584126,-0.182763,0.0191284,-0.736248,-2.24484
3191,0,2,0.990439,0.00582644,0.000417556,0.00331657,1.46722,-1.46687,-1.5175,-1.70411
3192,0,1,0.99762,0.00152348,0.000259114,0.00059777,0.863619,-0.467154,-1.84157,-2.11962
3193,0,4,0.998159,0.000972698,0.000153603,0.000715124,1.19438,-1.31842,-1.49233,-1.27325
3194,1,4,0.996609,0.00230374,0.000188273,0.000899079,2.25218,-1.76146,-1.94834,-2.5455
3195,0,3,0.998087,0.00119635,0.000289763,0.000426573,2.04788,-2.31274,-1.35044,-1.35745
3196,0,1,0.998414,0.000875557,0.000270706,0.000440258,2.57262,-2.31332,-1.66345,-2.24893
3197,0,4,0.99841,0.0007001,0.000178227,0.00071182,2.88826,-2.37508,-1.92949,-2.49749
3198,0,4,0.998454,0.000831427,0.000228859,0.000485441,1.35176,-1.63772,-1.35343,-0.817382
3199,0,4,0.987842,0.00623447,0.00321864,0.00270508,1.39348,-1.1914,-0.8531,-2.48949
3200,0,4,0.997978,0.000900314,0.000213635,0.000908262,1.78387,-1.88288,-1.29521,-1.7702
3201,0,2,0.889739,0.10616,0.00063807,0.00346288,0.741562,-0.386596,-1.76093,-2.17592
3202,0,2,0.42926,0.126703,0.00158332,0.442454,-0.283779,-0.266797,-0.937682,-0.401828
3203,0,0,0.998515,0.000779576,0.000195002,0.00051076,3.28859,-3.01274,-2.03727,-2.82479
3204,0,1,0.115706,0.351733,0.0122252,0.520335,-0.530211,-1.07342,-1.25001,0.358315
3205,0,4,0.996378,0.00154102,0.000281465,0.00179988,2.46812,-2.92352,-1.55535,-1.74623
3206,0,0,0.982963,0.0103285,0.000954156,0.0057543,-0.118909,-0.356235,-1.77936,-1.23123
3207,2,1,0.00424801,0.00688174,0.987022,0.00184858,-1.95133,-0.642292,1.07712,-1.58132
3208,1,2,0.137273,0.856649,0.001334,0.00474333,0.163739,0.0605587,-1.26912,-1.77049
3209,0,4,0.998206,0.000611707,0.000227465,0.000954862,3.31943,-3.53427,-1.47471,-2.51072
3210,0,0,0.998189,0.000900505,0.000250795,0.000660111,1.99185,-2.57605,-1.44997,-1.30899
3211,1,0,0.167475,0.17928,0.0518369,0.601409,0.155329,-0.811023,-0.831753,-1.31835
3212,3,2,0.0135378,0.95558,0.00105932,0.0298229,-0.539488,0.477921,-1.05308,-1.26212
3213,0,3,0.998292,0.000972828,0.000199972,0.000535152,3.22374,-3.26085,-1.43193,-2.02022
3214,0,1,0.99838,0.00100184,0.000231087,0.000386998,1.54759,-1.52501,-1.20146,-2.1036
3215,0,4,0.996412,0.00193106,0.000256786,0.00140043,0.881977,-0.395439,-1.37385,-2.46171
3216,0,1,0.997888,0.0010201,0.00028689,0.000805389,0.560568,-0.561545,-1.3078,-1.57532
3217,3,1,0.00540919,0.0197137,0.00557545,0.969302,-0.830578,-1.43835,-1.26655,1.21765
3218,0,0,0.998021,0.00146785,0.000137133,0.000374225,1.3768,-0.835069,-1.58977,-2.20351
3219,0,0,0.998204,0.0012849,0.000144585,0.000366338,2.77935,-2.41376,-2.27364,-2.86763
3220,0,2,0.95904,0.0157225,0.00161165,0.0236253,0.569489,-2.14544,-1.28746,-0.41063
3221,3,3,0.994138,0.00243076,0.000516529,0.00291493,1.23269,-1.29752,-1.54093,-1.18676
3222,0,0,0.998289,0.000942895,0.000209159,0.000558647,3.14663,-2.72389,-1.83873,-3.10896
3223,0,3,0.998229,0.00110768,0.000201527,0.000461301,1.36985,-1.76572,-1.67663,-0.936491
3224,0,0,0.998508,0.000842917,0.0001573,0.00049215,3.29369,-3.11657,-2.08642,-2.52008
3225,0,3,0.995899,0.00342144,0.000268971,0.000410934,2.26833,-2.0184,-2.09736,-2.34593
3226,1,0,0.808538,0.159678,0.00173785,0.0300465,0.87197,-0.81844,-2.0421,-1.48737
3227,2,4,0.020024,0.0163312,0.959409,0.00423535,0.0413543,-2.16581,0.797127,-1.79767
3228,0,3,0.997685,0.00144956,0.000327572,0.00053797,1.05373,-1.27425,-1.55188,-1.14261
3229,0,1,0.994879,0.00261743,0.000472498,0.00203051,1.67378,-1.74936,-1.70207,-1.46631
3230,1,3,0.0457045,0.945292,0.00114643,0.00785739,-0.674128,0.0665547,-1.57557,-0.757605
3231,0,0,0.518537,0.461196,0.000874805,0.0193923,-0.365019,0.00329561,-1.51086,-0.86594
3232,0,0,0.936922,0.0512813,0.00182643,0.0099705,0.608469,-1.0466,-1.6651,-0.371228
3233,0,2,0.997258,0.00129755,0.000252033,0.00119186,4.67903,-4.67492,-2.37286,-3.23068
3234,0,0,0.995114,0.0040907,0.000234416,0.000561237,1.13372,-1.35418,-1.35778,-1.61562
3235,0,1,0.996861,0.00161892,0.000319096,0.00120073,1.76988,-1.46066,-1.4459,-1.97054
3236,0,2,0.99144,0.00483989,0.000470864,0.00324935,1.16342,-1.36784,-1.43779,-1.31123
3237,0,3,0.870755,0.0685617,0.00342225,0.057261,0.669323,-1.15641,-1.4675,-0.802868
3238,0,1,0.146049,0.84953,0.000928973,0.00349224,-0.458507,0.0332756,-1.25119,-1.09271
3239,0,0,0.997776,0.00158751,0.000192212,0.000444294,1.77212,-1.59672,-1.68594,-1.83782
3240,0,1,0.996151,0.00242619,0.000386889,0.00103638,0.679692,-0.725953,-1.45121,-1.6669
3241,1,1,0.934391,0.0472589,0.00412088,0.0142296,-0.0931053,0.442511,-1.54128,-1.3712
3242,0,0,0.920603,0.0406911,0.00196716,0.0367389,-0.127243,-0.0144957,-1.62098,-0.765972
3243,0,3,0.894277,0.0749459,0.00244886,0.0283285,-0.430337,0.116161,-0.946757,-1.20792
3244,0,0,0.989902,0.0045197,0.000275838,0.00530216,0.547188,-0.711384,-0.986087,-0.657091
3245,3,2,0.00685301,0.0115159,0.00447242,0.977159,-1.49454,-0.840395,-1.25029,1.26129
3246,1,3,0.0338077,0.964176,0.000414501,0.00160141,0.209196,-0.551821,-1.3211,-1.4524
3247,0,3,0.997914,0.00122451,0.000283555,0.000578418,1.58151,-1.57915,-1.38374,-2.13843
3248,1,1,0.0673541,0.91986,0.00522941,0.00755692,-0.560908,0.528427,-0.89829,-1.6706
3249,0,1,0.96065,0.0227029,0.00165587,0.0149911,1.05464,-0.880128,-1.6724,-1.45207
3250,0,3,0.997374,0.00123465,0.000298165,0.00109277,1.80919,-2.052,-1.15306,-1.45476
3251,0,2,0.0587622,0.892547,0.0017163,0.0469745,0.709142,-0.804885,-2.06353,-1.86869
3252,0,1,0.998357,0.000867,0.0002588,0.000516699,2.0431,-1.91628,-2.08565,-1.70622
3253,1,3,0.908485,0.089078,0.000262722,0.00217412,0.325617,-0.484341,-1.05267,-1.03719
3254,0,0,0.998039,0.00103834,0.000238807,0.000684296,0.773498,-1.10154,-1.31606,-0.929665
3255,0,2,0.996597,0.00171281,0.000294462,0.00139523,0.521709,-0.136521,-1.39876,-1.96339
3256,0,0,0.998627,0.00083401,0.000189393,0.00034971,2.06418,-2.03816,-1.49786,-1.89359
3257,0,2,0.997339,0.00172416,0.000212251,0.000724374,2.01788,-1.69409,-1.72866,-2.30862
3258,0,0,0.997887,0.00148859,0.000280792,0.000344033,1.08945,-1.24296,-1.2176,-2.08857
3259,0,0,0.998207,0.00117565,0.000191919,0.000424961,2.96939,-2.45139,-1.58068,-2.36202
3260,2,1,0.0303874,0.0376685,0.929078,0.00286607,-1.07654,-0.449234,0.437745,-1.52572
3261,0,2,0.953866,0.0210428,0.00167334,0.0234177,1.13702,-1.65052,-1.21201,-1.18092
3262,1,1,0.00240689,0.98823,0.000682885,0.00868026,-0.743569,0.118267,-1.15225,-0.597433
3263,0,1,0.99841,0.000916677,0.000271764,0.000401641,2.11453,-2.29991,-1.17077,-1.69192
3264,0,2,0.946756,0.0481129,0.00115045,0.00398032,1.40049,-1.71632,-0.762374,-1.57018
3265,0,1,0.997038,0.00224695,0.000238568,0.000476306,1.49133,-1.45416,-1.34209,-2.05807
3266,0,2,0.997038,0.00126598,0.000262528,0.00143314,1.86249,-2.71296,-1.75258,-1.07022
3267,0,3,0.998437,0.000857805,0.000203946,0.000500842,2.2716,-2.0242,-1.42488,-2.06467
3268,1,0,0.55565,0.439556,0.000908576,0.00388549,0.31689,-0.403055,-1.1591,-1.74284
3269,0,2,0.963172,0.0109322,0.000987498,0.0249083,0.830999,-1.33865,-1.12378,-0.644076
3270,0,0,0.99008,0.00690138,0.000180226,0.00283855,2.00774,-1.51644,-1.78994,-2.38919
3271,0,0,0.969456,0.0244349,0.00117803,0.00493072,0.395199,-0.664385,-1.07968,-1.17553
3272,0,2,0.994199,0.0033569,0.000303078,0.00214108,1.01896,-1.24507,-1.33746,-1.00315
3273,0,2,0.675544,0.318482,0.000709031,0.00526471,-0.812049,0.642011,-1.22421,-1.24883
3274,0,4,0.998325,0.000710371,0.000231979,0.00073292,4.71562,-4.83265,-2.12901,-3.05954
3275,1,0,0.189638,0.803096,0.000648808,0.00661703,0.0251315,-0.121726,-1.5317,-1.02109
3276,0,2,0.975065,0.0197632,0.00143199,0.00373978,-0.110583,-0.585876,-0.909029,-0.993662
3277,0,2,0.997893,0.00127825,0.000170643,0.000658628,2.18933,-1.66893,-1.89402,-2.59309
3278,0,2,0.995728,0.00298299,0.000135224,0.00115342,0.899478,-1.25349,-1.22201,-0.816214
3279,0,0,0.998032,0.0011663,0.000190765,0.000611004,1.65718,-2.00848,-1.21501,-1.54584
3280,1,1,0.781154,0.212101,0.000445759,0.00629943,0.741103,-0.908587,-1.52847,-1.72229
3281,0,2,0.970456,0.00940318,0.000730782,0.0194098,0.877238,-1.4787,-1.4646,-1.05349
3282,3,4,0.846178,0.138947,0.00068763,0.0141874,-0.285237,0.196837,-1.52494,-1.07366
3283,0,3,0.997959,0.00117651,0.000278083,0.000586407,1.28516,-1.33813,-1.1421,-1.90071
3284,0,2,0.984738,0.00490678,0.000924662,0.0094304,0.610901,-0.715216,-0.972952,-1.10079
3285,0,0,0.95916,0.0308171,0.00124069,0.00878195,1.06265,-0.819669,-1.5058,-1.40292
3286,0,0,0.989193,0.0100619,0.000169817,0.000575607,0.727041,-0.421659,-1.5283,-1.89648
3287,0,1,0.997933,0.00118454,0.000301849,0.000580693,1.58704,-1.68968,-1.5741,-1.64409
3288,0,4,0.998342,0.000954992,0.00025379,0.000448909,2.15211,-1.73565,-1.72251,-1.88261
3289,0,1,0.0203454,0.967814,0.000617311,0.0112235,-0.369534,0.809109,-1.38025,-2.47855
3290,0,3,0.994834,0.00463647,0.000132748,0.000397088,1.6066,-1.4277,-1.17916,-1.6755
3291,0,1,0.997962,0.00123659,0.000214049,0.000587555,2.79411,-3.14512,-1.73108,-2.45632
3292,1,2,0.035953,0.954575,0.00104998,0.00842158,0.161933,-0.145144,-1.17851,-1.23113
3293,0,3,0.982328,0.0152026,0.000383014,0.00208679,0.819193,-0.769279,-1.49212,-0.969188
3294,1,2,0.0382447,0.95553,0.00056038,0.00566517,-1.35328,1.17906,-1.23284,-1.10965
3295,2,4,0.0137598,0.00256464,0.980543,0.00313307,-0.696074,-0.921947,0.768635,-1.36057
3296,0,0,0.990586,0.00849266,0.000203531,0.000717364,1.01035,-0.602035,-1.89797,-1.74233
3297,0,0,0.990681,0.00601286,0.000579861,0.00272614,1.57431,-1.52994,-1.23059,-1.36561
3298,0,4,0.997204,0.00126372,0.000225028,0.00130766,1.38045,-1.69423,-1.38627,-1.356
3299,1,3,0.0372462,0.573595,0.00780722,0.381351,-0.553839,-0.141177,-1.13367,-0.432669
3300,0,1,0.998037,0.00135558,0.000226983,0.000380125,2.58249,-2.21276,-2.12367,-2.30387
3301,0,1,0.759834,0.216213,0.00124245,0.0227109,0.338318,-0.618481,-1.10625,-1.01749
3302,0,1,0.997736,0.00113339,0.000407691,0.000722542,1.56293,-1.8587,-1.30583,-1.14371
3303,0,0,0.998773,0.00076395,0.000141041,0.000321587,1.12831,-1.90691,-1.67845,-0.990777
3304,0,4,0.200147,0.796249,0.000814767,0.00278881,-0.126594,0.0474583,-1.22532,-1.25051
3305,0,4,0.994919,0.00265616,0.000317233,0.00210736,2.6329,-2.23228,-1.96713,-2.10182
3306,0,1,0.330726,0.582714,0.0140154,0.0725445,-0.293959,-0.15473,-1.81264,-0.269386
3307,0,2,0.996951,0.00173023,0.00032415,0.00099456,1.09624,-1.51384,-0.832314,-1.41812
3308,0,3,0.986662,0.00212278,0.000455955,0.0107593,0.215652,-0.827384,-1.23286,-0.494775
3309,0,1,0.998381,0.000771143,0.00027929,0.000568606,1.91954,-2.64547,-1.54044,-1.12725
3310,3,3,0.979196,0.0158417,0.000270203,0.00469225,0.412699,-0.707243,-1.25447,-0.725697
3311,0,4,0.997565,0.00137627,0.000213964,0.000844592,1.85579,-1.95302,-1.65904,-1.49864
3312,0,2,0.997341,0.00120014,0.000269361,0.00118964,3.17472,-3.0858,-1.85111,-2.92815
3313,3,0,0.508065,0.330927,0.00261451,0.158393,-0.362329,-0.194107,-0.945198,-0.722022
3314,0,4,0.998246,0.000750975,0.000251791,0.000750975,3.26279,-3.0483,-1.63831,-2.45554
3315,0,3,0.99857,0.000743918,0.000190868,0.000495073,2.05102,-2.11681,-1.19266,-2.01942
3316,0,1,0.0997684,0.768716,0.0038945,0.127621,0.682448,-0.845812,-0.95772,-0.990484
3317,0,0,0.998482,0.000983522,0.000214579,0.000319615,2.4037,-2.46974,-1.62493,-2.03666
3318,0,2,0.993173,0.00315797,0.000291166,0.00337809,-0.0403213,-0.464355,-1.21406,-0.556678
3319,3,3,0.00650073,0.0091944,0.00431775,0.979987,0.359516,-0.980612,-0.548853,-0.441895
3320,0,1,0.997986,0.00125119,0.000203456,0.000559569,1.91303,-1.57074,-1.66551,-2.20938
3321,0,0,0.997505,0.00119332,0.000234979,0.00106656,1.4323,-1.38703,-1.33745,-1.62034
3322,0,0,0.998603,0.000974082,0.000150699,0.000271817,1.41535,-1.49013,-1.23916,-2.40307
3323,0,3,0.998429,0.000876426,0.000191962,0.000502798,3.68006,-3.5427,-1.92696,-2.81193
3324,0,3,0.988161,0.0106866,0.00014341,0.00100917,1.37398,-1.52426,-1.55282,-1.53248
3325,1,0,0.00759518,0.990622,0.000329087,0.00145342,0.205722,-0.0863345,-1.73263,-1.78357
3326,0,3,0.990799,0.0062075,0.000456974,0.00253638,1.43342,-2.07322,-2.05347,-1.3181
3327,0,3,0.927048,0.0388344,0.000814562,0.0333031,-1.02694,0.549097,-1.32873,-0.54903
3328,0,4,0.997538,0.00166006,0.000181584,0.000620319,1.9585,-1.70914,-1.58351,-1.86444
3329,0,1,0.919264,0.0793886,0.000378572,0.000968608,1.7634,-1.71573,-1.74354,-1.9461
3330,1,2,0.0505562,0.280333,0.646721,0.0223904,-1.16809,-0.148317,-0.218595,-0.335622
3331,0,1,0.998444,0.000861168,0.000283152,0.000411984,1.99122,-2.39996,-1.23696,-1.62925
3332,0,3,0.00468011,0.00246866,0.989142,0.00370951,-1.4019,-0.889214,0.534852,-1.10215
3333,0,2,0.997771,0.00130585,0.000222533,0.000700336,2.73638,-2.87871,-1.43559,-2.20486
3334,1,4,0.719607,0.26995,0.00221988,0.00822374,0.219697,-0.292595,-1.43202,-1.17219
3335,0,0,0.99462,0.00472965,0.000174117,0.00047608,0.977414,-0.899896,-1.38264,-1.62689
3336,0,1,0.456576,0.515854,0.00182448,0.0257457,0.65542,-0.69435,-1.10823,-1.36215
3337,0,1,0.998052,0.00105471,0.000383861,0.000509527,0.421483,-0.776455,-1.03518,-1.62432
3338,0,2,0.997538,0.00133129,0.000207375,0.00092306,3.10856,-2.76723,-1.93011,-2.15685
3339,1,2,0.0136716,0.983824,0.00044498,0.00205958,-0.236343,0.59072,-1.71145,-1.84446
3340,0,1,0.963018,0.0342988,0.000326227,0.00235697,0.817543,-0.844915,-2.16275,-1.29358
3341,0,2,0.996895,0.00244465,0.00021382,0.000446511,2.09595,-1.62764,-1.92306,-2.212
3342,0,0,0.998075,0.00139185,0.000207082,0.000326423,1.3848,-1.42849,-1.70479,-1.75881
3343,2,1,0.00497761,0.00169189,0.991179,0.00215132,-1.5427,-1.26998,1.10372,-1.93169
3344,0,1,0.993899,0.0054628,0.000216112,0.000422301,0.883264,-0.932492,-1.77838,-1.18147
3345,0,2,0.997734,0.00117969,0.000219075,0.000867305,2.78814,-2.30438,-2.01312,-2.87388
3346,3,2,0.990845,0.00422302,0.000309219,0.00462226,1.9034,-1.74736,-1.40739,-1.99323
3347,0,0,0.976557,0.0037712,0.00059669,0.0190753,0.731769,-1.35032,-0.787255,-0.728651
3348,0,0,0.997042,0.0015848,0.000237639,0.00113593,2.63786,-2.66395,-1.50454,-2.03185
3349,0,2,0.947356,0.0357683,0.00128423,0.0155917,1.24494,-1.8201,-0.412666,-1.51097
3350,0,2,0.976473,0.0219342,0.000319982,0.00127299,0.587577,-0.805849,-1.27689,-0.916959
3351,2,4,0.00445937,0.00221619,0.990617,0.00270739,-1.31005,-1.46514,1.34923,-1.15078
3352,0,3,0.995172,0.00424872,0.000280575,0.000298671,1.27176,-1.36802,-0.83594,-1.75334
3353,3,0,0.0319554,0.881803,0.00311268,0.0831292,-1.29071,0.687443,-1.02032,-0.496951
3354,0,3,0.998482,0.000842895,0.000179288,0.000495997,1.98481,-2.55201,-1.44843,-1.29441
3355,0,0,0.998634,0.000830765,0.000168451,0.000366496,1.01649,-1.53594,-1.11953,-1.65988
3356,1,0,0.968729,0.0287574,0.000264201,0.00224916,0.532297,-0.530767,-1.68539,-1.54732
3357,1,1,0.146132,0.841751,0.00361925,0.00849758,0.552233,-0.0537365,-1.76969,-1.61779
3358,0,4,0.998491,0.00080509,0.000180343,0.000523371,1.61353,-1.49708,-1.82893,-2.16288
3359,3,2,0.0039312,0.00614852,0.00613652,0.983784,-0.776351,-1.30651,-1.15893,0.878446
3360,0,2,0.997024,0.000907394,0.000219776,0.00184917,2.34081,-2.83079,-1.47924,-1.72535
3361,2,4,0.00542032,0.00224742,0.98997,0.00236219,-2.01893,-1.51353,1.85622,-1.69684
3362,3,2,0.446874,0.0884686,0.00404781,0.460609,-1.0977,0.32747,-0.892533,-0.521491
3363,0,4,0.998253,0.000700674,0.000221773,0.00082479,3.07531,-3.1389,-1.63283,-2.00225
3364,0,1,0.984821,0.0133383,0.000606459,0.00123469,1.02792,-1.04811,-1.22953,-1.20294
3365,1,1,0.00528088,0.968749,0.000547436,0.0254223,-0.609993,0.513933,-2.30078,-0.8692
3366,0,4,0.997048,0.00138906,0.000264589,0.00129854,1.01277,-0.991538,-1.62694,-1.86613
3367,0,4,0.586399,0.054824,0.00310734,0.355669,-0.725875,0.233913,-1.23958,-0.51767
3368,0,2,0.962543,0.0330492,0.000419496,0.00398785,1.01065,-1.08801,-1.40509,-1.60134
3369,1,4,0.119794,0.537536,0.0105316,0.332138,-0.64493,-0.136871,-1.10198,-0.107864
3370,3,2,0.122322,0.520372,0.0110022,0.346304,0.586156,-0.793415,-1.27341,-1.01633
3371,0,2,0.996511,0.00256349,0.000289871,0.000635615,0.601043,-0.628896,-1.45578,-1.71367
3372,0,0,0.998157,0.00128861,0.000119392,0.000435017,2.34411,-2.52449,-1.35104,-1.51999
3373,0,0,0.991218,0.00642605,0.000451841,0.00190418,1.23153,-0.921344,-1.83302,-2.55695
3374,3,2,0.00944022,0.978093,0.00043553,0.0120316,-0.533906,0.453442,-1.19235,-1.08407
3375,0,4,0.70262,0.282777,0.00124711,0.0133555,-0.261974,0.0565544,-1.49371,-1.01374
3376,0,1,0.998509,0.000816186,0.000221829,0.00045339,2.32706,-2.29935,-1.71571,-1.72507
3377,0,2,0.983119,0.00467895,0.000720349,0.011482,0.865938,-0.835949,-1.38918,-1.04475
3378,0,1,0.996405,0.00242089,0.000285347,0.000889291,0.806968,-0.816548,-1.26571,-1.44045
3379,0,1,0.998221,0.000821548,0.000268023,0.000689789,2.79166,-2.51286,-1.85834,-2.09184
3380,0,4,0.99126,0.00457255,0.00050804,0.00365982,1.71641,-1.7045,-1.1684,-1.50776
3381,1,0,0.0739267,0.917926,0.00102156,0.00712577,-0.0370481,-0.202174,-1.73696,-1.19856
3382,0,2,0.995716,0.0026518,0.000158091,0.00147379,2.11723,-1.90276,-1.61438,-1.77851
3383,0,2,0.997513,0.00165354,0.000209814,0.000623948,2.08934,-2.07575,-1.42063,-1.80383
3384,0,2,0.994453,0.00323702,0.000276026,0.00203361,2.38137,-2.2564,-1.35545,-2.09244
3385,1,2,0.935457,0.0607435,0.000586276,0.00321301,0.571808,-0.640172,-1.22302,-0.892383
3386,0,2,0.99728,0.00193368,0.000168881,0.00061774,1.47142,-1.18295,-1.57202,-1.75513
3387,1,4,0.043892,0.715332,0.0233564,0.21742,-0.856443,0.730416,-0.929695,-0.943843
3388,0,1,0.998315,0.000787839,0.000249361,0.000647426,1.2876,-1.63076,-1.56982,-1.00138
3389,0,2,0.997357,0.00164684,0.000250097,0.000745923,2.12717,-2.38975,-1.25989,-1.75279
3390,0,1,0.0450697,0.133246,0.00704799,0.814637,-0.0319009,-0.720895,-1.38883,-0.593905
3391,1,3,0.751258,0.109204,0.0118965,0.127642,-0.624468,0.490728,-1.17354,-1.06215
3392,0,2,0.186545,0.804008,0.000636981,0.00881044,-0.78914,0.622377,-1.62363,-1.21717
3393,0,4,0.970683,0.0272552,0.000340589,0.00172123,0.714696,-0.777621,-1.54679,-1.81564
3394,0,0,0.998325,0.000913917,0.000186765,0.000574714,3.10389,-2.90256,-1.84387,-2.62206
3395,0,1,0.997945,0.00109768,0.000260213,0.000697046,4.41062,-3.77067,-2.3114,-3.2881
3396,0,2,0.988357,0.0081554,0.000323876,0.00316421,0.545426,-1.76693,-1.3033,-0.517586
3397,1,3,0.51308,0.420814,0.00134723,0.0647588,0.794893,-1.19897,-1.49523,-0.821347
3398,0,0,0.998605,0.000842999,0.000136412,0.000416094,2.80382,-2.56288,-2.11934,-2.53744
3399,0,4,0.248794,0.728397,0.000920367,0.0218885,-0.585896,0.324243,-1.78927,-0.629179
3400,0,3,0.970502,0.0156637,0.000586082,0.0132483,0.316256,-1.28877,-0.864244,-0.701716
3401,3,2,0.526303,0.0266417,0.00169485,0.445361,-0.393566,-0.12027,-1.43294,-0.334807
3402,0,3,0.99756,0.00129794,0.000161192,0.000980697,1.77986,-2.20138,-1.13385,-1.43884
3403,1,4,0.0479032,0.946783,0.000655524,0.00465814,-0.0316261,0.0270274,-1.18053,-1.62694
3404,0,4,0.998139,0.000935416,0.000235588,0.000689733,2.51234,-2.1774,-2.05493,-2.70102
3405,1,4,0.131806,0.861161,0.000729105,0.00630466,-1.1188,0.860069,-1.21289,-1.14604
3406,0,1,0.658582,0.336371,0.000713169,0.00433469,0.695722,-0.476759,-1.59462,-1.75082
3407,0,3,0.998249,0.000947471,0.000184215,0.000619549,2.05539,-2.31537,-1.90613,-1.36987
3408,2,4,0.648366,0.30537,0.0226013,0.0236629,-0.115916,-0.0277542,-0.6785,-2.04011
3409,3,3,0.530353,0.456301,0.00105426,0.0122913,-0.687293,0.214356,-1.22716,-0.588715
3410,1,4,0.0217644,0.975559,0.000351103,0.00232553,-0.470376,0.810825,-1.38998,-1.95927
3411,0,1,0.996711,0.0022894,0.000258878,0.000740361,1.38349,-1.72858,-1.39417,-1.20161
3412,0,3,0.909952,0.0480047,0.0021024,0.0399415,0.845887,-1.02368,-1.44435,-1.17647
3413,0,2,0.993054,0.00511527,0.000216773,0.00161431,0.574118,-0.537559,-1.54958,-1.67781
3414,0,4,0.994714,0.0026017,0.00034294,0.00234128,2.38645,-2.1977,-1.20372,-2.00613
3415,0,0,0.998451,0.00109502,0.000161652,0.000292143,1.03195,-0.765758,-1.37308,-2.09675
3416,1,3,0.117886,0.878756,0.000279647,0.00307779,-0.727218,1.05014,-1.99702,-1.98831
3417,0,0,0.99842,0.000919376,0.000193466,0.000466828,2.02579,-2.06254,-1.60069,-1.69385
3418,0,0,0.969127,0.0262203,0.00107434,0.00357811,0.510363,-0.88403,-1.15617,-0.905643
3419,0,1,0.997835,0.000792087,0.000366919,0.00100619,1.44953,-2.74892,-1.73574,-0.765318
3420,0,3,0.993431,0.00474422,0.000329377,0.00149502,2.00844,-1.77947,-1.48001,-1.96914
3421,1,3,0.0115155,0.986053,0.000676078,0.00175533,-0.233801,0.413136,-1.05951,-2.00616
3422,2,3,0.00204364,0.00252849,0.990613,0.00481465,-1.224,-1.71804,1.78984,-1.33639
3423,0,0,0.998554,0.000813836,0.00016041,0.000471472,1.74497,-2.17173,-1.45159,-1.38442
3424,0,4,0.169506,0.65905,0.0048914,0.166553,-0.270754,-0.207166,-1.22724,-0.881977
3425,3,4,0.309808,0.0573647,0.00577495,0.627052,0.111797,-1.15734,-1.3245,-0.464881
3426,0,4,0.998464,0.000730878,0.000170741,0.000634378,2.03169,-1.66661,-1.99499,-2.48088
3427,3,4,0.157185,0.0494363,0.0124751,0.780903,0.378079,-1.44738,-1.11893,0.30733
3428,3,1,0.0204853,0.00891011,0.0181312,0.952473,-0.00381451,-0.682812,-1.45556,-0.0867504
3429,1,2,0.301547,0.686214,0.000683233,0.011556,0.143863,-0.313216,-1.51563,-1.04488
3430,0,2,0.966504,0.027795,0.000727806,0.00497365,1.22722,-1.46605,-2.00827,-1.32539
3431,0,4,0.998524,0.000682627,0.000185711,0.000607141,3.99323,-3.82046,-2.60354,-2.62872
3432,0,2,0.989678,0.00907244,0.000172576,0.00107695,0.143134,-0.275252,-1.52126,-1.30011
3433,0,3,0.857998,0.118987,0.00118604,0.0218285,-0.045561,-0.607886,-1.14479,-0.386126
3434,0,2,0.975868,0.0211221,0.000358841,0.0026515,0.583214,-0.21898,-1.47356,-2.04201
3435,0,3,0.997817,0.00141202,0.000110167,0.00066051,2.13563,-2.37236,-1.88604,-1.77162
3436,1,0,0.871741,0.114683,0.000809022,0.0127669,-0.214018,-0.152747,-1.10877,-0.716103
3437,1,0,0.724269,0.273295,0.000564911,0.00187045,-0.488255,0.549169,-1.83637,-1.32007
3438,1,3,0.00753164,0.990553,0.000337526,0.00157756,-0.922899,0.700792,-1.21907,-1.0603
3439,0,1,0.993518,0.00542516,0.000368196,0.000689226,0.510466,-0.555642,-1.28105,-1.15986
3440,0,2,0.99743,0.0018053,0.00022596,0.000538884,2.77633,-2.60454,-1.6075,-1.84918
3441,0,1,0.998194,0.000979405,0.000288101,0.000538244,2.28525,-2.12897,-2.08074,-1.70693
3442,1,0,0.324915,0.545727,0.00177639,0.127581,-0.326113,-0.25059,-1.38334,-0.368857
3443,0,1,0.998252,0.00105905,0.000249345,0.000439328,2.23234,-2.01365,-2.19731,-2.82515
3444,0,3,0.997241,0.0019843,0.00038505,0.000389589,1.39361,-1.67411,-1.34929,-1.35985
3445,0,0,0.954589,0.0205408,0.00224464,0.0226259,1.01481,-1.5392,-1.05205,-1.03714
3446,0,2,0.953581,0.0438653,0.000313704,0.00224008,1.08429,-0.767262,-1.89723,-1.81975
3447,0,2,0.997727,0.00114116,0.000223831,0.000908034,2.23692,-2.01946,-1.34147,-2.10957
3448,3,2,0.0338998,0.608267,0.00233981,0.355493,0.165455,-1.09639,-1.45948,-0.159922
3449,1,3,0.148796,0.846284,0.000616464,0.00430426,0.310024,0.0283609,-1.55415,-1.91411
3450,0,4,0.613966,0.370213,0.00374466,0.0120761,0.237594,-0.37369,-1.4944,-1.34152
3451,0,1,0.97534,0.022949,0.000309173,0.00140195,1.02143,-1.05227,-1.66738,-1.76723
3452,0,0,0.282486,0.6146,0.00771404,0.0952002,0.372028,-0.974091,-0.795666,-1.17435
3453,1,1,0.00744384,0.983077,0.000928526,0.00855108,-0.930755,0.875999,-1.42784,-1.68343
3454,0,0,0.998503,0.000923051,0.00017548,0.000398553,2.20738,-2.25793,-2.25284,-1.69807
3455,0,2,0.741637,0.212482,0.0016673,0.0442137,0.903908,-0.910908,-1.45619,-1.57563
3456,0,0,0.998429,0.000979635,0.000165482,0.000425886,1.48489,-1.31789,-2.25908,-1.73995
3457,0,3,0.998126,0.00106099,0.000239295,0.000574039,2.65334,-3.30233,-1.60488,-1.63612
3458,0,3,0.998233,0.000853451,0.000226142,0.000687779,4.50056,-4.48402,-1.95764,-3.4268
3459,2,3,0.00212814,0.00227204,0.993025,0.00257456,-1.78175,-1.93608,1.58166,-0.949953
3460,0,1,0.948851,0.00580982,0.00174442,0.0435945,0.508297,-0.804357,-1.44129,-0.588755
3461,0,2,0.993108,0.0039801,0.000431129,0.00248098,2.24402,-1.82689,-1.74151,-2.36253
3462,0,3,0.998177,0.00100163,0.000176799,0.000644812,1.80036,-1.45001,-1.27909,-1.70146
3463,0,1,0.998346,0.000810495,0.000254287,0.000588931,3.70541,-3.67398,-1.93198,-2.57606
3464,0,4,0.998474,0.000653245,0.000232013,0.000641236,2.71356,-2.66068,-1.90607,-2.20871
3465,0,3,0.997484,0.00144644,0.000272575,0.000797239,0.923623,-1.19474,-1.49519,-1.91376
3466,2,1,0.0197057,0.200777,0.773425,0.00609262,-1.62917,-0.0165504,-0.148273,-1.27474
3467,1,3,0.986457,0.0127993,0.000200321,0.000543467,1.22779,-1.19712,-1.84936,-1.914
3468,0,2,0.997298,0.00117918,0.000261572,0.00126137,4.36888,-4.28339,-2.17275,-3.1564
3469,0,2,0.960784,0.0345719,0.000845855,0.00379827,0.0839833,-0.734976,-1.14026,-0.742396
3470,0,0,0.998611,0.000861312,0.000132733,0.000394723,1.84198,-1.56828,-1.58872,-2.49459
3471,0,3,0.998026,0.00136753,0.000215742,0.000390658,1.23651,-1.08819,-1.727,-2.24143
3472,0,0,0.998504,0.000991258,0.000183543,0.000320873,2.32112,-2.07397,-1.93577,-2.20564
3473,1,3,0.407251,0.541632,0.021063,0.0300537,1.85434,-2.01377,-1.72357,-1.91717
3474,0,3,0.998245,0.00113397,0.000217907,0.000403147,0.893322,-1.39005,-1.28828,-1.14105
3475,0,1,0.996621,0.002474,0.000258855,0.000645696,2.54081,-2.46085,-1.19895,-2.59884
3476,0,4,0.716279,0.207333,0.00478869,0.0715997,-0.257373,0.147738,-1.02247,-1.02546
3477,1,3,0.223622,0.762437,0.000720129,0.0132213,-0.618896,0.195898,-0.909545,-0.846405
3478,0,1,0.9983,0.00107578,0.000195723,0.000428334,2.33856,-2.15056,-1.58683,-2.45792
3479,2,3,0.00214132,0.000882236,0.994309,0.00266752,-1.53774,-2.15467,2.1161,-1.79203
3480,0,4,0.998467,0.000746024,0.000220094,0.000566991,2.0449,-2.44485,-1.79973,-2.08444
3481,0,4,0.00801031,0.986542,0.0012962,0.00415164,-1.06792,0.752618,-1.17781,-1.37415
3482,0,4,0.990865,0.00655526,0.000281552,0.00229831,-0.0619818,-0.15588,-1.09902,-1.19618
3483,0,3,0.997778,0.00172829,9.42271e-05,0.000399822,0.821574,-0.997257,-1.47808,-0.928442
3484,0,4,0.998382,0.000625102,0.000233812,0.000759189,3.7303,-4.0364,-2.09297,-2.41591
3485,0,1,0.794064,0.188791,0.000632799,0.0165125,0.446056,-0.514007,-1.32594,-1.04053
3486,0,4,0.998317,0.000775625,0.000182437,0.000725084,0.746029,-1.75444,-1.35491,-1.02474
3487,0,0,0.998473,0.00094031,0.000152754,0.000433458,3.28744,-3.0348,-1.72551,-2.49458
3488,2,4,0.0062159,0.00202195,0.98972,0.00204179,-1.53109,-1.28372,1.57868,-1.80375
3489,0,0,0.99662,0.00224491,0.000181771,0.000953345,0.952185,-1.07366,-1.24377,-1.43064
3490,0,1,0.998147,0.000780813,0.000303095,0.000768708,2.95123,-2.93805,-1.78426,-2.0758
3491,0,4,0.997581,0.000715409,0.000305299,0.00139797,2.25364,-2.58544,-1.36803,-1.87966
3492,0,3,0.956798,0.0410449,0.000355976,0.00180075,0.496017,-0.841402,-1.43117,-1.05295
3493,1,2,0.861187,0.120837,0.000694381,0.0172812,-0.170583,-0.137728,-1.72434,-0.655531
3494,0,0,0.99375,0.00413527,0.000363281,0.00175184,1.83777,-1.53075,-1.85042,-2.2065
3495,0,2,0.996079,0.00200731,0.000208289,0.00170525,1.98635,-2.27021,-1.60702,-1.56066
3496,2,2,0.00537013,0.00246343,0.989945,0.00222118,-1.51387,-2.3223,2.34904,-1.6685
3497,3,3,0.775044,0.199048,0.00099473,0.0249137,-0.184955,-0.356281,-1.16541,-0.315264
3498,0,0,0.98543,0.0120554,0.000842505,0.00167225,0.918928,-1.39454,-1.53214,-1.05422
3499,1,2,0.0116712,0.969286,0.000718585,0.0183245,-0.851399,1.03155,-1.39211,-1.52599
3500,0,4,0.934965,0.0614872,0.000864314,0.00268316,0.371789,-0.732716,-1.13829,-1.03666
3501,0,4,0.9773,0.0207744,0.000324661,0.00160116,0.205754,-0.139211,-1.39359,-1.44266
3502,2,2,0.00658383,0.00249285,0.986234,0.0046892,-0.163376,-1.43388,0.487674,-1.17258
3503,0,0,0.997865,0.00145407,0.000199107,0.000481379,2.07898,-2.03662,-1.43701,-1.98995
3504,0,0,0.998141,0.00113054,0.000236973,0.000491009,1.18742,-1.36158,-1.31118,-1.4134
3505,1,4,0.0344032,0.962183,0.000740287,0.0026737,-0.427861,0.217743,-0.94804,-1.0185
3506,0,4,0.997528,0.000861219,0.000302316,0.00130808,2.4229,-2.37683,-1.62399,-1.61928
3507,0,2,0.956455,0.00856268,0.00124203,0.0337402,0.756492,-0.959114,-1.28366,-1.16179
3508,0,0,0.948342,0.0457179,0.000820354,0.00511939,0.144606,-0.760609,-1.15447,-0.962675
3509,0,3,0.620072,0.368099,0.00122302,0.0106066,-0.151231,-0.594443,-1.16476,-0.194535
3510,0,3,0.996919,0.00242332,0.000126687,0.000531294,2.00861,-1.95241,-1.59082,-1.96331
3511,2,3,0.0133453,0.0593802,0.915691,0.0115833,-0.705431,-1.08517,0.296303,-1.11835
3512,1,2,0.0762639,0.763499,0.0011345,0.159103,-0.215079,-0.16716,-1.66134,-0.992646
3513,0,0,0.992829,0.00579788,0.000291065,0.0010825,0.544989,-1.26,-0.975835,-0.827022
3514,3,0,0.0587936,0.564669,0.00440493,0.372132,-0.198059,-0.240628,-1.28427,-0.456728
3515,2,2,0.00322117,0.00291293,0.991518,0.00234747,-1.10881,-1.63276,1.28919,-1.12385
3516,0,1,0.994331,0.00199403,0.000343478,0.00333122,0.966171,-1.48665,-1.04799,-1.08275
3517,0,4,0.996396,0.00141553,0.000186768,0.00200207,1.57799,-1.65965,-1.52933,-2.31761
3518,0,1,0.99697,0.00099458,0.0004286,0.0016065,2.32652,-3.09394,-1.70878,-1.49125
3519,0,2,0.997305,0.00143492,0.000212243,0.00104776,3.39552,-3.15472,-1.76269,-2.46088
3520,1,1,0.0672301,0.397025,0.0123335,0.523411,-0.438706,-0.399041,-1.63312,-0.0830668
3521,0,2,0.997315,0.00147184,0.000294674,0.000918358,2.24791,-2.30902,-1.70711,-1.46481
3522,0,3,0.998455,0.000906924,0.000206757,0.000430918,2.5835,-2.43785,-1.89394,-2.32183
3523,0,3,0.998321,0.00106431,0.000161001,0.000453305,2.71672,-2.34214,-1.3354,-2.40759
3524,1,3,0.0142993,0.974465,0.000981668,0.0102542,-1.09393,0.617747,-1.13505,-0.636669
3525,0,3,0.993189,0.00537459,0.000250515,0.00118584,1.61382,-1.66667,-1.49015,-1.82305
3526,0,0,0.998554,0.000955194,0.000132466,0.000358677,2.5779,-2.03997,-2.08183,-2.68242
3527,0,4,0.979333,0.0180535,0.000766844,0.00184676,0.00872897,0.378319,-1.4214,-1.8374
3528,1,1,0.0464172,0.314659,0.00329661,0.635628,-0.979859,0.477951,-1.44547,-0.414851
3529,0,1,0.983595,0.0118457,0.000288922,0.00427063,0.441012,-0.84809,-1.27261,-0.983088
3530,0,2,0.997697,0.00123989,0.000197139,0.000865581,3.01004,-2.78511,-2.17402,-2.75151
3531,0,1,0.998052,0.00132808,0.000222596,0.000397596,1.27797,-1.49671,-1.842,-1.38875
3532,0,3,0.996258,0.0028368,0.000114153,0.000790835,1.54957,-1.44001,-1.74056,-2.03279
3533,0,3,0.99782,0.00105447,0.000163135,0.000961979,0.775285,-1.45978,-0.876288,-0.612627
3534,0,1,0.997885,0.000861527,0.000410148,0.000843215,2.53649,-2.56841,-1.59919,-2.17147
3535,0,4,0.998284,0.000756154,0.000193818,0.000766564,2.38391,-2.84503,-1.56126,-1.91989
3536,0,4,0.998028,0.000725582,0.000252228,0.000993692,2.55339,-2.5074,-1.58536,-2.02122
3537,0,0,0.219533,0.778313,0.000599992,0.00155322,-0.165431,0.2178,-1.22724,-2.28514
3538,0,3,0.991321,0.00773792,0.000157393,0.000783848,0.676665,-0.593223,-1.35577,-1.08548
3539,1,4,0.984955,0.0140909,0.000283726,0.00067007,2.04555,-1.68374,-1.34426,-2.36635
3540,1,0,0.00605077,0.99195,0.000290808,0.00170816,-1.44207,1.30646,-1.63976,-1.09218
3541,0,4,0.990399,0.00179433,0.000703356,0.00710364,1.73918,-2.87666,-1.73072,-1.21657
3542,0,4,0.998419,0.000711827,0.000199217,0.000670007,3.05739,-2.81539,-1.88327,-2.85989
3543,1,0,0.95499,0.0273903,0.00120433,0.0164155,0.450303,-0.514911,-1.72664,-1.01995
3544,0,1,0.976444,0.00344003,0.000966522,0.0191495,0.502153,-1.80972,-1.40943,-0.344446
3545,1,0,0.0119154,0.984626,0.00115739,0.00230175,-0.528724,0.558841,-1.11783,-1.45449
3546,0,0,0.976173,0.00981617,0.00127012,0.0127403,-0.0113401,-0.366062,-1.37941,-0.790736
3547,0,2,0.996698,0.00183597,0.00025091,0.00121469,1.74835,-1.48233,-1.81691,-1.73434
3548,0,4,0.998339,0.000759156,0.000281468,0.000620211,2.13022,-2.57464,-1.84538,-1.79851
3549,1,0,0.007139,0.776678,0.184838,0.0313453,-0.934476,0.182947,-0.309067,-1.074
3550,0,0,0.996251,0.0030778,0.000208325,0.000463092,0.639809,-1.16116,-1.30334,-1.04583
3551,0,1,0.898484,0.0411395,0.00165505,0.0587214,-0.373568,-0.76849,-1.38662,-0.853496
3552,1,1,0.611473,0.365841,0.00260358,0.0200826,-0.743966,0.543304,-1.06449,-0.667545
3553,0,4,0.997415,0.00189007,0.000264687,0.000430469,1.52937,-1.38536,-1.40196,-1.76695
3554,0,2,0.997545,0.00154736,0.000191418,0.000716082,2.07694,-2.08862,-1.56466,-1.47024
3555,0,3,0.341252,0.643799,0.00043119,0.0145181,0.408655,-1.33897,-1.22771,-0.371413
3556,0,3,0.998275,0.000925548,0.000241679,0.000557549,3.19604,-3.43461,-1.51175,-2.37008
3557,0,3,0.0785481,0.918457,0.00036375,0.00263064,-0.58692,0.382249,-1.57774,-1.18292
3558,1,2,0.0105968,0.975083,0.000424961,0.0138952,-1.14057,1.14977,-1.31491,-1.51775
3559,0,4,0.926318,0.00568293,0.00206628,0.065933,0.582354,-1.59851,-1.08936,-0.537354
3560,3,0,0.0780539,0.178123,0.00624566,0.737578,-0.699597,0.226369,-0.910701,-1.10268
3561,0,2,0.946162,0.0502673,0.00090243,0.00266798,1.27384,-1.52532,-1.04632,-1.83502
3562,0,3,0.997833,0.00149725,0.000280777,0.000389059,1.4054,-1.05296,-1.93702,-2.50282
3563,0,2,0.995004,0.00386502,0.000164914,0.000965844,1.36043,-1.67376,-1.48523,-0.801183
3564,0,0,0.998514,0.000876501,0.00019123,0.000417685,3.62224,-3.37978,-1.88008,-2.58843
3565,0,3,0.951892,0.0462489,0.000237302,0.00162166,0.470133,-1.07982,-0.693935,-0.565256
3566,0,0,0.394329,0.601279,0.000973632,0.00341828,-0.159989,-0.11866,-1.63164,-0.357411
3567,1,0,0.0115766,0.985914,0.00030114,0.00220782,-1.3077,0.874705,-1.14799,-0.624017
3568,0,3,0.998375,0.00110137,0.000162272,0.000361426,1.78685,-1.74562,-1.52796,-1.7258
3569,0,1,0.997125,0.00190806,0.000291185,0.000675705,1.36204,-1.43579,-2.22067,-1.04652
3570,0,3,0.99817,0.00118483,0.000213676,0.000431637,1.15835,-1.81476,-1.20568,-0.989765
3571,0,1,0.0308808,0.913998,0.00259749,0.0525235,-0.269756,0.147194,-1.57753,-0.92367
3572,0,3,0.997941,0.00147708,0.000197572,0.000384568,1.09738,-0.939428,-2.02913,-1.98307
3573,0,1,0.978773,0.0198626,0.000459433,0.000904812,0.995101,-0.649778,-1.56588,-1.93972
3574,0,1,0.977205,0.0194615,0.000374377,0.00295912,0.792605,-0.950649,-1.63183,-1.28235
3575,1,3,0.00517256,0.975183,0.00825766,0.0113865,-0.893094,0.278032,-0.570384,-1.83841
3576,0,0,0.991445,0.00534424,0.000527346,0.00268332,2.56848,-2.43086,-1.76472,-2.12194
3577,0,0,0.99868,0.000834055,0.000139113,0.00034633,1.25162,-0.805282,-1.49842,-2.15167
3578,0,2,0.992212,0.00494885,0.000281385,0.00255742,-0.0709635,-1.29697,-1.131,-0.169276
3579,0,0,0.988082,0.0102466,0.000360505,0.00131097,0.532254,-0.0246962,-1.65876,-1.52337
3580,0,1,0.99825,0.000832069,0.000259785,0.000658221,2.56797,-2.70154,-1.52241,-1.59985
3581,0,0,0.998349,0.00104579,0.00016386,0.00044109,1.00998,-1.59966,-1.47758,-1.33132
3582,0,0,0.998594,0.000935843,0.00016746,0.000302639,1.06922,-1.02389,-1.52213,-1.82521
3583,0,2,0.9974,0.00118391,0.000242887,0.00117355,3.71482,-3.68201,-1.93933,-2.62747
3584,0,0,0.989097,0.00563678,0.000526097,0.00473969,0.602422,-0.822869,-1.0238,-0.860476
3585,0,0,0.997923,0.00121499,0.000215298,0.00064654,1.74617,-2.14051,-1.61761,-1.13337
3586,1,0,0.921624,0.0767678,0.000296167,0.00131186,-1.28285,1.0019,-1.03357,-1.21217
3587,0,0,0.998279,0.0010959,0.000299604,0.000325217,0.761766,-0.873363,-0.752194,-2.17153
3588,0,1,0.997059,0.00161924,0.000298071,0.00102424,2.03038,-1.85559,-2.16617,-2.28658
3589,1,1,0.0112805,0.985041,0.000813079,0.00286578,-0.522914,0.217827,-0.709024,-1.21554
3590,0,3,0.890685,0.107421,0.000371126,0.00152333,2.00498,-2.25737,-1.66886,-1.65248
3591,0,1,0.992832,0.0027374,0.000558858,0.00387167,1.03014,-0.88701,-1.98868,-1.30168
3592,0,4,0.998408,0.000759209,0.000179274,0.000653202,2.05739,-2.33591,-1.52727,-1.64194
3593,0,2,0.996101,0.0030134,0.000124621,0.000761162,2.01324,-1.55048,-1.96991,-2.40185
3594,0,1,0.997424,0.00202776,0.000252075,0.000295859,2.00983,-1.65463,-1.74371,-2.52016
3595,1,3,0.470049,0.515241,0.00117887,0.013531,-0.293271,0.381579,-0.996324,-2.04316
3596,1,1,0.017839,0.977071,0.000412726,0.00467749,-1.07536,1.3057,-2.04609,-1.18078
3597,2,0,0.00869131,0.0592061,0.919157,0.0129457,-1.1834,-0.620834,0.462161,-0.978064
3598,0,4,0.997832,0.000980964,0.000317541,0.000869086,1.03272,-1.27137,-1.60091,-1.50954
3599,0,1,0.998328,0.000715944,0.000260313,0.000695953,2.79081,-2.70783,-1.77213,-1.95486
3600,1,4,0.991407,0.00728617,0.000304003,0.00100264,0.493282,-0.677672,-1.39105,-1.36702
3601,0,1,0.998393,0.00088586,0.00024744,0.000473242,1.7892,-1.48376,-1.86509,-2.23533
3602,3,4,0.789507,0.0434136,0.00223495,0.164844,0.342572,-0.813053,-1.38223,-0.410812
3603,0,2,0.996977,0.00146847,0.000252455,0.00130226,1.62782,-1.53669,-1.50469,-1.2738
3604,0,4,0.956004,0.0368697,0.000715694,0.00641013,0.597914,-0.700135,-1.20899,-1.77052
3605,3,0,0.993944,0.00537605,0.000182349,0.000497615,0.721486,-0.366609,-1.69535,-2.14829
3606,0,2,0.996752,0.00213508,0.000144375,0.000968486,1.66961,-2.03291,-1.49897,-1.05181
3607,0,1,0.952776,0.0430435,0.00035035,0.00382967,0.461034,-0.971535,-1.38863,-0.88295
3608,0,0,0.841687,0.0851481,0.0103498,0.062815,0.454079,-0.923825,-1.00455,-1.5484
3609,0,0,0.998326,0.00102454,0.000172056,0.000477853,1.35965,-0.937769,-1.64273,-1.60247
3610,0,3,0.996543,0.00278137,0.000215842,0.000459623,1.11779,-1.81261,-1.39253,-0.945005
3611,0,0,0.997333,0.00162285,0.000159278,0.000884919,1.48166,-1.77128,-1.91406,-1.84509
3612,0,0,0.997681,0.00161394,0.00033014,0.000374829,1.39044,-1.38088,-1.1493,-2.69012
3613,0,2,0.959388,0.0297632,0.000583914,0.0102646,0.285529,-0.585167,-1.12799,-0.698483
3614,0,1,0.0723113,0.914238,0.000866887,0.0125842,-0.48299,0.427269,-1.73643,-1.77617
3615,0,3,0.995953,0.00358846,0.000137922,0.000320053,1.16215,-0.916341,-1.79776,-2.29096
3616,1,3,0.0190537,0.979177,0.000279866,0.00148949,-0.258322,-0.0888886,-0.532053,-1.33511
3617,0,3,0.991043,0.00537872,0.000591514,0.00298641,2.02734,-2.0508,-1.59589,-2.08491
3618,0,1,0.998254,0.000884872,0.000309106,0.000552119,2.40269,-1.66695,-1.94752,-2.14803
3619,0,0,0.998403,0.000936578,0.000200385,0.000459583,2.0656,-1.52313,-1.78161,-2.39046
3620,1,0,0.0218232,0.975334,0.000387031,0.00245568,-1.00604,0.901742,-1.91093,-1.32131
3621,0,3,0.998209,0.000824754,0.000271179,0.000695191,2.02688,-2.03223,-1.55834,-1.64931
3622,0,4,0.998411,0.000633107,0.000233819,0.00072162,2.69483,-3.44445,-1.77318,-1.84567
3623,0,0,0.995752,0.00183961,0.000264245,0.00214443,1.91408,-2.30831,-1.46726,-0.959436
3624,1,4,0.357901,0.468618,0.047384,0.126096,-0.408894,0.239027,-0.999718,-1.32856
3625,1,0,0.00546197,0.992474,0.000318935,0.00174447,-1.07342,1.02877,-1.67134,-1.68238
3626,0,2,0.994355,0.00346909,0.000333569,0.00184242,2.52509,-2.56132,-1.30063,-1.8292
3627,0,4,0.997902,0.00128201,0.000195645,0.000620545,1.31012,-1.40328,-1.44742,-1.44163
3628,0,1,0.998387,0.000807367,0.000238424,0.000567499,2.83419,-2.98937,-1.45752,-2.07104
3629,0,0,0.945863,0.0329517,0.00247152,0.0187135,1.19354,-1.39463,-1.58602,-0.720963
3630,0,3,0.998415,0.00101567,0.00017788,0.000391574,2.91335,-2.69731,-1.54176,-2.57068
3631,0,4,0.953017,0.0445297,0.000432734,0.00202058,-0.703173,0.437652,-1.01345,-1.28565
3632,1,0,0.00351429,0.993149,0.000782232,0.00255484,-0.748108,0.658997,-1.00407,-1.60958
3633,1,0,0.0200098,0.977875,0.000252995,0.00186211,-0.420403,0.502399,-1.51513,-1.62503
3634,1,4,0.0837295,0.87793,0.00640863,0.0319318,-0.936032,-0.396902,-0.965575,-0.19788
3635,1,0,0.044847,0.949089,0.0013993,0.00466493,-0.837556,0.838968,-1.12836,-1.27179
3636,0,4,0.996576,0.00161372,0.000293307,0.00151743,1.45192,-1.70811,-1.52799,-1.31623
3637,3,1,0.0920993,0.373992,0.0146722,0.519237,-1.06557,0.250436,-1.0636,0.0868472
3638,1,3,0.00544341,0.99031,0.000466668,0.00377975,-1.50602,1.42334,-1.215,-1.18841
3639,0,2,0.991431,0.00262881,0.000423728,0.0055165,1.04289,-2.24662,-1.75496,-0.762814
3640,0,1,0.994279,0.004353,0.000383906,0.000984176,0.679576,-0.395424,-1.62327,-1.95736
3641,0,0,0.990438,0.00665075,0.000510602,0.00240052,0.960266,-1.0086,-1.51107,-1.29444
3642,2,0,0.00211712,0.000794206,0.994659,0.00242966,-1.83791,-2.50032,1.74822,-0.820855
3643,0,3,0.998439,0.000979645,0.000175469,0.000406388,1.75672,-1.36287,-1.56317,-2.30854
3644,0,2,0.993356,0.00521265,0.000184749,0.00124661,1.74172,-2.39091,-1.44192,-1.37427
3645,0,1,0.997923,0.000901145,0.000322571,0.000853187,2.29168,-2.81973,-1.53077,-1.32126
3646,1,1,0.0460297,0.95016,0.000491755,0.00331814,-0.474048,0.62587,-1.78046,-1.98796
3647,0,2,0.745684,0.214478,0.00161848,0.0382198,0.504309,-0.604749,-1.03282,-1.14277
3648,0,1,0.00450419,0.98506,0.00585166,0.00458406,-0.185889,-0.00198141,-1.0154,-1.35979
3649,1,1,0.0333136,0.962695,0.000536627,0.00345511,-0.207905,0.57945,-1.80735,-1.24663
3650,1,1,0.171449,0.821137,0.00163868,0.0057757,0.435797,-0.411725,-1.22153,-1.28214
3651,0,4,0.998108,0.00117783,0.000194922,0.000519605,1.25273,-1.39554,-1.51168,-2.06619
3652,1,3,0.0184292,0.979539,0.00028327,0.00174885,-0.373727,0.499441,-1.65054,-1.38781
3653,0,1,0.998227,0.000912936,0.000310914,0.000548878,2.75918,-3.20852,-2.00873,-2.21762
3654,0,1,0.995325,0.00160855,0.000395736,0.00267025,1.18808,-1.44753,-1.47939,-1.24432
3655,0,4,0.998502,0.000711191,0.000183543,0.00060358,2.07717,-2.65659,-2.03799,-1.60016
3656,3,3,0.0308971,0.171574,0.00340117,0.794127,-1.01765,0.137887,-1.61918,0.0373078
3657,0,3,0.998194,0.00100557,0.000238844,0.000561876,2.3033,-2.61878,-1.35003,-2.15084
3658,0,3,0.993735,0.00424569,0.00012653,0.00189231,0.360507,-0.779049,-0.870453,-1.20679
3659,0,2,0.997066,0.00211294,0.000209311,0.000611606,1.99514,-1.75904,-1.68299,-2.67899
3660,1,0,0.00592483,0.991549,0.000281197,0.00224442,-1.51255,0.95089,-0.811759,-0.933738
3661,1,3,0.00617645,0.991032,0.000256901,0.0025345,-1.56594,1.79794,-1.69396,-1.72194
3662,0,1,0.741239,0.23576,0.00220763,0.0207925,0.291712,-0.790664,-0.800768,-1.15522
3663,0,0,0.998403,0.000875548,0.000217516,0.000503768,2.47739,-2.5105,-1.96413,-2.07522
3664,0,1,0.995906,0.00163644,0.000356331,0.00210122,1.61884,-1.32492,-1.47576,-1.62119
3665,0,2,0.87603,0.0805735,0.00176884,0.0416278,-0.592109,-0.229705,-0.969199,-0.539121
3666,0,3,0.983515,0.0114838,0.000490474,0.00451032,0.44789,-0.656492,-1.25104,-0.943941
3667,0,3,0.997729,0.00133285,0.000321878,0.000616812,0.305919,-0.456347,-1.16075,-1.37644
3668,0,3,0.216571,0.126733,0.0117099,0.644986,-1.1882,0.835044,-1.75367,-0.367706
3669,0,2,0.983187,0.00776016,0.00068206,0.00837027,1.11563,-1.04784,-0.968581,-1.72953
3670,1,0,0.00327452,0.98941,0.00138652,0.00592939,-1.25657,1.07339,-1.06811,-1.07512
3671,0,2,0.993868,0.00253432,0.000369046,0.0032288,1.63629,-1.85692,-1.46546,-1.53591
3672,0,0,0.378479,0.170736,0.42429,0.0264956,-0.570284,0.0253331,-0.715237,-1.76116
3673,0,2,0.9199,0.0764747,0.00038106,0.00324399,0.335263,-0.232654,-1.82344,-1.72993
3674,1,3,0.0427632,0.941501,0.00327828,0.012457,-0.155555,-0.0133118,-0.915096,-1.44379
3675,0,4,0.983011,0.00936343,0.000963566,0.0066624,0.943998,-1.31521,-1.40756,-0.858673
3676,0,4,0.996658,0.00124102,0.000453434,0.0016473,0.750031,-1.66348,-1.04958,-0.709675
3677,0,1,0.998345,0.000806546,0.000259809,0.000588355,3.52834,-3.74324,-2.28132,-2.55393
3678,1,4,0.00979277,0.983883,0.00299393,0.00333019,-1.20033,1.07956,-1.06773,-1.54399
3679,3,0,0.017321,0.375071,0.114586,0.493022,-0.776853,-0.210653,-1.11265,-0.204992
3680,1,3,0.00567048,0.992463,0.0002479,0.00161809,-0.169066,0.248929,-1.3771,-1.28927
3681,3,2,0.0311385,0.0142111,0.00585504,0.948795,0.276534,-0.898843,-1.17887,-0.806966
3682,0,4,0.601557,0.379397,0.000818658,0.0182276,0.971142,-1.13646,-1.41859,-1.44886
3683,0,2,0.943529,0.0296416,0.00126414,0.0255651,0.522645,-1.0387,-1.2746,-0.43381
3684,0,3,0.998302,0.000963384,0.0002266,0.000507668,1.96576,-2.23164,-1.60708,-1.33366
3685,0,3,0.998404,0.000996983,0.000158208,0.000441114,1.30543,-1.02724,-1.73837,-1.92478
3686,0,4,0.995515,0.00297363,0.000249635,0.00126158,1.07582,-1.10777,-1.50586,-1.76976
3687,1,2,0.0657104,0.927709,0.000474541,0.00610605,0.0737578,0.0483445,-1.72895,-1.56492
3688,0,0,0.998386,0.00100675,0.00022267,0.00038474,1.11645,-0.773747,-1.72078,-2.29226
3689,0,3,0.983546,0.0155824,0.000198563,0.000673044,0.550992,0.0510718,-1.61549,-2.67173
3690,0,2,0.989397,0.00824209,0.000217669,0.00214326,1.71111,-1.4832,-1.44078,-1.65665
3691,0,4,0.995324,0.00326686,0.000241436,0.00116768,1.2742,-1.62944,-1.7399,-0.984084
3692,0,4,0.80389,0.0361404,0.00601906,0.15395,0.86355,-1.26884,-1.69432,-0.579705
3693,0,0,0.998698,0.000820337,0.000153986,0.000327905,2.67421,-2.4605,-1.55192,-2.45963
3694,0,0,0.997971,0.00155029,0.000155992,0.000322586,1.72622,-1.196,-1.97271,-2.24752
3695,0,2,0.991308,0.00464478,0.000405064,0.00364217,0.855237,-1.03977,-1.57167,-1.18311
3696,0,4,0.998095,0.000959429,0.000221305,0.000724215,0.993237,-1.26258,-1.64865,-1.37734
3697,0,3,0.998199,0.00132052,0.00015301,0.000327102,1.42581,-1.26707,-1.43214,-2.41157
3698,0,0,0.997937,0.00161199,0.000121009,0.000330225,2.1727,-1.77123,-1.63147,-2.22214
3699,0,2,0.997697,0.00141323,0.000227794,0.000661722,1.88382,-1.98652,-2.09779,-1.47016
3700,1,4,0.978956,0.018217,0.000683116,0.00214355,1.14194,-0.913536,-1.40841,-1.68381
3701,0,2,0.963612,0.0169938,0.000761939,0.0186321,0.615648,-0.612199,-1.76936,-1.22568
3702,1,2,0.260009,0.721423,0.00175022,0.0168178,1.52499,-1.54971,-1.25064,-1.37238
3703,0,4,0.991115,0.00298954,0.000537567,0.00535813,1.82408,-1.41766,-1.40503,-1.8038
3704,0,2,0.986806,0.0052138,0.000645611,0.00733471,1.53954,-1.55676,-1.01842,-1.3632
3705,0,0,0.157282,0.832187,0.000534966,0.00999597,-0.157948,-0.182969,-1.13419,-0.97298
3706,0,4,0.997286,0.00121422,0.000254514,0.00124544,1.15798,-1.21407,-1.44815,-1.28415
3707,0,2,0.0608344,0.518646,0.00458909,0.415931,0.216498,-1.31213,-1.04044,-0.0531232
3708,0,3,0.990666,0.00704338,0.000270712,0.00201993,0.324605,-0.119183,-1.58465,-2.01108
3709,0,0,0.988392,0.00313663,0.000968841,0.00750238,1.27737,-1.68931,-1.43968,-0.970725
3710,0,4,0.687716,0.306367,0.000599568,0.00531786,0.0985345,-0.103275,-1.72253,-0.976193
3711,2,1,0.00617599,0.0090875,0.982406,0.00233045,-1.937,0.426583,0.070312,-1.69326
3712,0,1,0.976265,0.00599521,0.00105306,0.0166872,1.50755,-2.33302,-1.60836,-0.629003
3713,0,2,0.98056,0.0111568,0.000693654,0.00758973,1.57415,-1.51062,-1.40782,-1.32044
3714,0,4,0.998532,0.000650736,0.000177554,0.000640022,2.66541,-2.50095,-2.00368,-1.94712
3715,0,3,0.953995,0.0424097,0.00056829,0.00302747,-0.470837,-0.187903,-0.635132,-1.40028
3716,0,1,0.99822,0.000787764,0.000304899,0.0006871,2.61599,-2.27026,-1.50287,-2.53175
3717,1,0,0.503376,0.485987,0.00314911,0.00748821,0.0940425,-0.339722,-1.14517,-1.03607
3718,0,2,0.99192,0.00603657,0.000209455,0.00183432,1.49372,-1.41154,-1.767,-1.51129
3719,0,2,0.997678,0.00129556,0.000249202,0.000777403,2.8418,-3.30171,-1.88382,-2.3972
3720,3,2,0.101151,0.0755922,0.00688592,0.816371,-0.167877,-0.498598,-1.20663,-0.1249
3721,1,4,0.0169864,0.970747,0.000787319,0.0114795,0.483126,-0.548242,-1.07158,-1.1415
3722,1,0,0.0374701,0.955575,0.00027312,0.00668203,0.407435,-0.528738,-1.08866,-1.45699
3723,0,1,0.998437,0.000773449,0.000293855,0.000495974,2.95537,-2.74056,-1.73083,-2.27027
3724,1,2,0.0426832,0.93699,0.0012335,0.0190938,-1.12065,0.0637336,-0.36658,-0.750531
3725,0,1,0.99847,0.000875607,0.000212491,0.000442006,2.92619,-2.6401,-1.95253,-2.51774
3726,0,3,0.961877,0.0342917,0.000629302,0.00320211,-0.0575215,-0.333772,-0.834027,-0.994696
3727,1,3,0.461912,0.22622,0.272075,0.0397939,0.773013,-1.2932,-0.985166,-1.69074
3728,0,3,0.998305,0.000783993,0.000239338,0.000671896,2.3205,-2.34224,-1.15101,-1.93743
3729,0,0,0.890419,0.00770363,0.00246223,0.0994156,1.7898,-2.98593,-1.25933,-1.4144
3730,3,2,0.194565,0.732133,0.00286063,0.070441,0.0984679,0.132093,-2.13271,-0.53062
3731,1,4,0.121094,0.8749,0.00064988,0.00335561,-0.580822,-0.596145,-0.932645,-1.18988
3732,0,4,0.998044,0.00121277,0.000197979,0.000545571,1.42097,-1.36115,-1.22376,-1.74412
3733,0,1,0.995336,0.0040164,0.000237696,0.0004099,0.533103,0.269672,-2.35216,-2.8831
3734,0,3,0.998171,0.000973661,0.00025474,0.000600441,1.34774,-2.24581,-1.1871,-0.43439
3735,0,4,0.981009,0.00315914,0.0009302,0.0149013,0.657416,-1.87729,-1.27871,-0.0472088
3736,0,0,0.99808,0.00144659,0.000113251,0.000360614,1.63067,-1.75793,-1.79776,-1.43068
3737,0,3,0.997628,0.00163287,0.000216923,0.000522408,0.0672958,-0.652061,-1.2227,-0.786526
3738,3,2,0.0831066,0.0223897,0.220728,0.673776,0.0391904,-0.598315,-0.8382,-0.325375
3739,0,1,0.997807,0.00159845,0.000209876,0.000384517,1.98066,-1.80097,-1.82898,-2.51204
3740,0,4,0.998481,0.000670048,0.000198453,0.000650703,3.52331,-3.98194,-2.25237,-2.06454
3741,1,1,0.00840224,0.986461,0.00153016,0.00360671,0.305723,-0.746999,-1.22659,-0.722092
3742,0,3,0.991756,0.00517385,0.000493619,0.0025763,0.505217,-1.19473,-1.02403,-1.45874
3743,0,2,0.997652,0.00119233,0.00021482,0.000941373,4.07838,-3.53808,-2.19085,-2.89208
3744,0,3,0.997598,0.00195042,0.000169596,0.000281809,1.66579,-0.860122,-1.88173,-2.95304
3745,1,3,0.00654122,0.99128,0.000234885,0.00194376,-0.710216,0.65288,-1.22674,-1.15474
3746,0,1,0.770809,0.00574887,0.216358,0.00708505,-1.14609,-2.02711,1.2937,-1.78921
3747,0,4,0.997677,0.0010657,0.000237326,0.00101988,1.11536,-1.34183,-1.53187,-1.36304
3748,0,0,0.994176,0.00370661,0.000390674,0.0017271,3.75134,-3.43669,-1.97676,-2.09402
3749,2,4,0.00835522,0.00297624,0.986705,0.00196334,-1.35847,-0.00198579,-0.60394,-1.45802
3750,0,3,0.997863,0.00146261,0.000143131,0.00053076,0.476254,-0.841364,-2.27109,-0.670825
3751,0,0,0.99851,0.000791077,0.000166468,0.000532142,2.12913,-2.00535,-1.46897,-1.82282
3752,0,2,0.997046,0.0021789,0.000212188,0.000563426,1.32816,-1.42734,-1.94726,-1.53435
3753,1,1,0.00635288,0.812788,0.00196419,0.178895,-1.02488,0.350316,-1.25766,-0.367263
3754,0,1,0.902474,0.095213,0.000483787,0.00182936,0.182072,0.15284,-1.49148,-2.31165
3755,0,0,0.996172,0.00156956,0.000243537,0.00201535,1.13739,-2.40964,-1.47871,-0.754881
3756,0,3,0.998168,0.000872781,0.000274365,0.000684385,1.96306,-2.31878,-1.22107,-1.42785
3757,0,1,0.996282,0.00227504,0.000278703,0.00116425,0.874594,-1.07991,-1.1452,-1.13417
3758,0,0,0.561667,0.433176,0.000740856,0.00441588,0.10694,-0.593648,-1.46623,-1.03944
3759,0,0,0.971994,0.0039414,0.000910914,0.023154,0.905631,-1.68109,-1.2299,-0.771045
3760,0,1,0.996059,0.00325892,0.000181315,0.000500626,1.89634,-2.2279,-1.925,-1.49858
3761,0,0,0.998333,0.00109489,0.000243114,0.000329068,0.577777,-2.31045,-0.507322,-0.956303
3762,0,0,0.998478,0.000891141,0.000176507,0.000454262,2.18939,-2.44288,-1.34994,-1.67108
3763,0,3,0.994235,0.00151239,0.00036275,0.00389042,1.79912,-1.44783,-1.40368,-2.05029
3764,0,0,0.998635,0.000881758,0.000165193,0.000318417,2.06925,-2.05997,-1.98355,-2.12045
3765,0,3,0.998387,0.000899804,0.000204733,0.000508703,3.12862,-3.53842,-2.04954,-1.97148
3766,0,3,0.979269,0.0114175,0.000808315,0.00850549,1.52242,-1.61145,-1.77267,-1.33347
3767,0,4,0.997317,0.00110992,0.000197449,0.00137593,1.94646,-2.42188,-1.32129,-1.54041
3768,0,4,0.995863,0.00241603,0.000215274,0.00150602,1.4963,-1.76274,-1.77995,-1.7661
3769,0,3,0.99845,0.000832236,0.000128628,0.000588992,1.43102,-1.874,-1.22854,-1.21511
3770,0,0,0.998386,0.00103668,0.000161641,0.000416003,1.59789,-1.72226,-1.89058,-1.33607
3771,0,4,0.646003,0.117696,0.00449529,0.231806,0.71309,-0.663624,-1.18088,-1.01466
3772,3,1,0.994139,0.00194556,0.000500638,0.00341456,0.768502,-0.898019,-1.14595,-0.975112
3773,0,0,0.990867,0.00726844,0.000296799,0.00156731,0.892053,-1.48917,-1.03173,-1.06509
3774,1,1,0.843919,0.142278,0.0021124,0.0116903,-0.0978741,-0.486999,-0.675766,-1.01187
3775,2,0,0.00230265,0.00200058,0.99177,0.00392652,-1.51603,-2.24455,1.72463,-1.09675
3776,0,1,0.998372,0.000835428,0.000293263,0.000498857,1.67863,-1.9631,-1.47673,-1.67048
3777,3,0,0.797078,0.198215,0.000785902,0.0039216,0.385778,0.20645,-2.03647,-1.73871
3778,0,0,0.301149,0.100176,0.0038506,0.594825,-0.429754,0.0556647,-1.23197,-0.96041
3779,0,0,0.988702,0.00951892,0.000242183,0.00153664,-0.221863,0.0263018,-2.07078,-0.794771
3780,0,4,0.997743,0.00106786,0.000236416,0.000952557,1.09428,-1.33785,-1.05354,-1.78071
3781,3,1,0.123047,0.563271,0.00892833,0.304753,-0.997775,0.498335,-0.928023,-0.590481
3782,0,4,0.996275,0.0020979,0.000276532,0.00135054,0.818884,-1.04754,-1.39622,-1.46615
3783,0,4,0.998259,0.000670554,0.000236539,0.000833703,2.97348,-3.27499,-2.1023,-2.23834
3784,0,2,0.997287,0.00138398,0.000220694,0.0011088,2.0881,-2.33878,-1.295,-1.60782
3785,1,2,0.0520715,0.942113,0.000385715,0.00542965,-0.187461,-0.101444,-1.57868,-0.799899
3786,0,4,0.992936,0.00355669,0.000389425,0.00311739,2.18294,-2.43477,-1.57732,-1.90202
3787,0,3,0.997205,0.00188138,0.000180111,0.00073353,1.28791,-1.39203,-1.26789,-1.57508
3788,0,3,0.781935,0.213769,0.000474982,0.00382089,-0.0105227,-0.101821,-1.24872,-1.72856
3789,1,2,0.018529,0.976818,0.000707393,0.00394552,-1.23874,1.48978,-1.16626,-2.03064
3790,0,2,0.997969,0.00107858,0.000179196,0.000773087,2.80983,-2.88894,-1.53223,-2.1401
3791,0,1,0.993163,0.00322022,0.000595099,0.00302216,0.503197,-1.11615,-1.36676,-0.746195
3792,0,4,0.994555,0.00140466,0.000396977,0.00364341,1.40722,-1.5335,-1.42838,-1.29891
3793,0,1,0.987718,0.00578213,0.00153511,0.00496507,1.55998,-2.18993,-1.53963,-1.1201
3794,1,3,0.342544,0.646868,0.0029091,0.00767945,-0.158444,-0.0130981,-1.03195,-1.26845
3795,0,2,0.997717,0.00119591,0.000214834,0.000872387,2.65183,-2.29286,-1.68822,-2.36932
3796,0,3,0.998516,0.000709813,0.000165496,0.000608917,3.18593,-3.16124,-2.03218,-2.32453
3797,1,3,0.0129473,0.904136,0.00204057,0.080876,-0.566575,0.141276,-1.57002,-0.609605
3798,0,0,0.998237,0.00110986,0.000182066,0.000471322,2.68855,-2.62903,-1.53427,-2.17706
3799,1,2,0.0099592,0.986055,0.000474753,0.00351141,-0.571114,0.751512,-1.58811,-1.27736
3800,0,4,0.99807,0.000837625,0.000232373,0.000860005,1.58353,-1.37198,-1.5511,-1.6286
3801,0,3,0.998386,0.00101267,0.000124907,0.000476019,1.19781,-1.27899,-1.35516,-1.36486
3802,0,3,0.993626,0.0047847,0.000313742,0.00127527,1.98428,-1.76583,-1.74482,-1.96268
3803,0,2,0.0396429,0.950661,0.000448859,0.00924742,-0.416005,0.405796,-1.18144,-1.45111
3804,0,3,0.998395,0.00108963,0.000142093,0.000373635,1.04882,-0.640125,-2.37066,-2.43202
3805,0,2,0.9901,0.00525681,0.000304196,0.00433894,1.34543,-1.62227,-1.24686,-0.948435
3806,0,1,0.995951,0.00255705,0.000289709,0.00120198,1.80265,-1.72373,-1.43867,-2.04536
3807,0,0,0.994942,0.00172675,0.000193925,0.00313744,1.93868,-2.72248,-1.49092,-1.43542
3808,0,0,0.998416,0.000976757,0.000146893,0.000460487,2.05617,-1.41109,-1.61127,-2.66944
3809,0,1,0.995895,0.00343818,0.000227382,0.000439147,0.0842457,-0.279934,-1.31586,-1.29915
3810,0,0,0.985486,0.0129691,0.000280024,0.00126482,-0.687901,0.468671,-1.79183,-1.12211
3811,0,0,0.998168,0.00128863,0.000109991,0.000433326,1.69586,-2.35808,-1.78825,-0.703525
3812,0,0,0.998347,0.00091483,0.000176484,0.000561962,2.23151,-2.03242,-1.41194,-2.02291
3813,0,1,0.998328,0.000876337,0.000245978,0.000550007,2.85711,-3.21504,-1.80289,-2.01463
3814,0,4,0.997922,0.00108381,0.000197569,0.000796811,1.17069,-1.41141,-1.79516,-1.18041
3815,0,1,0.989104,0.00674309,0.000721909,0.00343061,1.06046,-0.874043,-1.64665,-1.29727
3816,0,0,0.998372,0.00104276,0.000156666,0.000428365,0.265614,-0.349342,-1.24373,-1.75559
3817,0,1,0.997961,0.0013985,0.000293142,0.000347435,1.27226,-1.37246,-1.41231,-1.7356
3818,0,2,0.993703,0.00360667,0.000412437,0.00227803,1.97556,-1.51977,-1.84044,-2.18633
3819,1,2,0.286824,0.705748,0.00114057,0.00628745,-0.632406,0.885238,-1.42158,-1.67077
3820,0,1,0.998379,0.000898919,0.000256791,0.000464989,1.37785,-1.38979,-1.4423,-1.54819
3821,0,0,0.993837,0.00436597,0.000387501,0.00140914,2.15302,-1.67642,-1.79431,-2.49037
3822,0,3,0.991926,0.00277525,0.000315045,0.00498379,0.66854,-0.807743,-1.28018,-0.963491
3823,0,0,0.0460304,0.946009,0.000479199,0.00748131,0.190765,-0.0275474,-1.71077,-1.62489
3824,0,4,0.998568,0.000698845,0.000166803,0.000565942,3.0341,-2.68529,-2.42363,-2.79852
3825,0,4,0.401812,0.106029,0.00653286,0.485626,-0.387851,-0.485698,-0.842697,-0.895991
3826,0,2,0.937925,0.0341723,0.00201989,0.0258829,0.426956,-0.702595,-1.14571,-0.848164
3827,1,0,0.0149099,0.891009,0.00167039,0.0924106,-0.66103,0.520627,-1.21552,-1.58678
3828,0,2,0.995317,0.00258555,0.000171873,0.00192517,0.761305,-0.58901,-1.62392,-1.75665
3829,0,0,0.998032,0.00147938,0.000104735,0.000383853,2.23142,-2.62405,-1.49688,-1.11772
3830,1,4,0.005476,0.992355,0.000600451,0.00156813,-0.498294,0.413506,-1.105,-1.56191
3831,0,2,0.994674,0.00341307,0.00020477,0.00170784,0.665308,-1.28764,-1.05867,-0.597719
3832,0,4,0.994534,0.00327065,0.000305558,0.00189014,0.773162,-0.75492,-1.73941,-1.73075
3833,3,0,0.708357,0.28453,0.00182936,0.00528309,-0.490186,0.0532193,-1.56905,-0.726356
3834,1,0,0.0155877,0.982915,0.000327805,0.001169,-1.07686,0.730128,-1.54012,-0.544601
3835,0,2,0.997346,0.0017911,0.000236322,0.000626286,1.6644,-1.34518,-1.77414,-1.80933
3836,0,1,0.993734,0.00293947,0.000398202,0.00292801,0.41122,-1.19985,-1.33115,-1.32229
3837,1,4,0.00569153,0.989965,0.00046017,0.00388318,-1.21992,1.25871,-1.59845,-1.4419
3838,0,0,0.974404,0.0151169,0.00129282,0.00918676,1.04473,-1.14579,-1.41452,-1.3569
3839,1,0,0.0156012,0.970411,0.00127004,0.0127178,-1.58059,1.1168,-1.19701,-0.748872
3840,1,2,0.0121627,0.98526,0.000381168,0.00219561,-0.869482,0.662997,-1.44778,-1.19768
3841,1,0,0.00688696,0.989943,0.000480364,0.00268974,-1.00965,1.26243,-1.5173,-1.67403
3842,1,3,0.0121425,0.98296,0.000314032,0.00458323,-0.899273,0.452041,-2.20673,-0.358582
3843,2,1,0.0030198,0.00174943,0.993356,0.00187504,-0.924899,-1.10657,0.908774,-1.73477
3844,1,2,0.142384,0.846201,0.00250551,0.00890886,1.83071,-1.22837,-1.76469,-2.36144
3845,0,0,0.99247,0.00478147,0.000521741,0.00222685,1.53749,-1.29671,-1.68509,-2.07765
3846,0,1,0.995832,0.00221917,0.000366182,0.00158287,1.12502,-0.815842,-1.94325,-1.68829
3847,0,0,0.998488,0.00105208,0.000176854,0.000283165,1.07593,-1.19656,-1.37171,-1.53656
3848,0,2,0.996898,0.001358,0.000285488,0.00145835,2.45557,-2.32511,-1.43971,-2.25541
3849,0,4,0.997849,0.00130978,0.000214862,0.000626601,0.137747,-0.89046,-1.34111,-0.814886
3850,0,1,0.84236,0.0536928,0.00760782,0.096339,1.28464,-1.32644,-1.17842,-1.30371
3851,0,3,0.998136,0.00104455,0.000262304,0.000557471,2.4998,-2.58407,-1.38296,-2.09021
3852,0,4,0.998408,0.000795644,0.000197665,0.000598242,2.29611,-2.14798,-1.68551,-2.15364
3853,0,3,0.997613,0.00111786,0.000340597,0.000928554,1.40925,-1.65581,-1.22592,-1.71417
3854,1,4,0.925674,0.0208949,0.00162071,0.0518102,0.745177,-1.16172,-1.40057,-1.05716
3855,0,0,0.935757,0.0489916,0.00432496,0.0109262,0.424386,-0.459438,-1.27212,-1.34756
3856,1,0,0.0116564,0.974695,0.000310178,0.0133381,-0.81586,0.503369,-1.54881,-1.05184
3857,0,1,0.995147,0.00267499,0.000438817,0.00173895,1.93365,-1.86652,-1.69216,-2.03317
3858,0,4,0.997875,0.000964854,0.000201063,0.000959217,1.20828,-1.14952,-1.24377,-1.4634
3859,0,1,0.998181,0.000929083,0.000240245,0.000649872,0.863393,-1.13463,-1.26047,-1.21023
3860,1,1,0.00592451,0.990529,0.000950298,0.00259582,-1.25879,1.32435,-1.51689,-1.16352
3861,0,2,0.997001,0.00123178,0.000276733,0.00149017,1.71543,-2.05834,-1.26904,-1.42594
3862,1,4,0.014463,0.981363,0.000543838,0.00363036,-0.918876,0.872734,-1.63048,-1.33169
3863,0,4,0.697686,0.24635,0.00359031,0.0523742,0.767578,-0.515271,-1.22931,-1.59801
3864,0,4,0.998422,0.000680559,0.000187514,0.00071044,3.779,-4.39407,-2.03431,-2.00389
3865,0,3,0.997008,0.00231368,0.000108795,0.000570046,1.70931,-2.06546,-1.62729,-1.31703
3866,2,2,0.00680669,0.0160792,0.974353,0.00276092,-0.727085,-0.571542,0.42314,-1.77182
3867,0,1,0.993514,0.00209413,0.000418035,0.00397396,1.56543,-2.31762,-1.67642,-0.903609
3868,0,3,0.995934,0.00213229,0.000399084,0.00153433,1.3434,-1.79926,-1.13349,-1.20541
3869,0,0,0.832584,0.0977292,0.0029047,0.0667819,0.715303,-1.47916,-1.47477,-0.286751
3870,0,3,0.997827,0.00138608,0.000251685,0.000534903,2.44787,-2.59647,-1.70543,-1.61949
3871,0,2,0.997961,0.000967768,0.000204646,0.000866655,2.93323,-2.80058,-1.70644,-2.13801
3872,0,1,0.995679,0.003197,0.000137079,0.000986525,0.627954,-1.34909,-1.23153,-0.604647
3873,0,1,0.995532,0.00261148,0.000298779,0.00155786,1.09484,-0.959949,-1.46839,-1.81247
3874,0,0,0.976201,0.00363604,0.000754012,0.0194089,0.37424,-1.2766,-1.03584,-0.0194121
3875,0,4,0.995854,0.00307958,0.00023875,0.000827643,0.0958916,-0.42179,-1.7778,-1.13954
3876,2,4,0.00567525,0.00261359,0.989547,0.00216462,-1.20396,-1.96066,1.42688,-1.62194
3877,0,2,0.996862,0.00198161,0.000184679,0.000971435,0.238958,-0.67709,-1.70067,-1.06595
3878,0,1,0.95346,0.0385646,0.00130774,0.00666725,-0.00512151,-0.285732,-1.2324,-1.7049
3879,0,3,0.996114,0.0014874,0.000508538,0.00188945,1.36304,-1.69571,-0.93126,-1.53735
3880,0,0,0.947599,0.0438784,0.000918033,0.00760447,0.42243,-0.303664,-1.59741,-1.3976
3881,0,1,0.154493,0.83845,0.000723878,0.00633324,-0.985102,0.827191,-1.37235,-1.03574
3882,2,2,0.0132943,0.570837,0.395794,0.0200745,-1.30955,-0.208195,0.0500497,-0.982164
3883,0,2,0.969794,0.0251532,0.000464196,0.00458857,0.398889,-0.715168,-0.966116,-0.92123
3884,3,4,0.13819,0.84239,0.000754776,0.0186654,-0.997935,0.861115,-1.17175,-0.953737
3885,0,2,0.997512,0.00152034,0.000232243,0.00073519,2.65454,-2.89315,-1.48439,-2.142
3886,0,3,0.99839,0.000863647,0.000202744,0.000544164,3.11245,-2.72675,-1.42658,-2.71217
3887,1,3,0.0395672,0.939654,0.00196903,0.0188098,-0.475306,0.5778,-0.787053,-1.92498
3888,0,0,0.995538,0.00296211,0.000342554,0.00115771,2.10169,-2.05599,-1.50282,-2.08059
3889,1,1,0.0825204,0.908217,0.000496469,0.00876581,-0.276912,0.247109,-1.84402,-1.2461
3890,0,1,0.996183,0.0014502,0.000384641,0.00198219,1.14087,-1.57697,-1.41975,-1.28772
3891,0,4,0.998269,0.000683786,0.000227036,0.000819985,3.30399,-3.45167,-1.67721,-2.28119
3892,0,0,0.99843,0.000874717,0.000170402,0.000524874,3.67664,-4.0551,-2.05673,-2.42435
3893,1,1,0.0128296,0.983732,0.000562456,0.00287598,-0.980444,0.797349,-1.94946,-0.728421
3894,0,4,0.997579,0.00161062,0.000230902,0.000579355,1.28437,-0.964013,-1.63513,-2.02775
3895,0,1,0.992799,0.00502239,0.000238018,0.00194104,0.991672,-1.34611,-1.1635,-2.2006
3896,0,1,0.996648,0.00203412,0.000275557,0.00104197,1.51976,-2.1243,-1.90451,-1.39165
3897,0,3,0.998244,0.00126999,0.000178546,0.000307297,1.47654,-1.19206,-1.44547,-2.25737
3898,0,2,0.997398,0.00157149,0.00019139,0.000839517,0.583495,-0.500533,-1.24644,-1.57879
3899,1,0,0.0365044,0.960968,0.000373225,0.00215406,-0.712471,0.151873,-1.74757,-0.878012
3900,0,0,0.997468,0.00186359,0.000132064,0.000536803,0.708617,-1.87108,-0.880428,-0.226126
3901,0,2,0.997412,0.00156998,0.000238657,0.000779476,2.0945,-2.44819,-1.87447,-1.38483
3902,0,4,0.13373,0.827237,0.00665804,0.0323744,-0.0877146,-0.323254,-1.32969,-0.456255
3903,0,0,0.998417,0.000815315,0.000207964,0.00055981,1.80109,-1.78568,-1.63514,-2.27395
3904,0,1,0.95854,0.039874,0.000421027,0.00116477,-0.194987,0.177027,-1.30182,-1.88427
3905,0,1,0.998242,0.000817564,0.000279797,0.000660792,4.03907,-4.15216,-2.14943,-2.3091
3906,0,1,0.998212,0.000750949,0.000286983,0.000750216,1.65084,-1.73797,-1.81492,-1.60061
3907,0,1,0.997681,0.00143687,0.000193701,0.000688743,2.22531,-2.7689,-1.87704,-1.35927
3908,0,2,0.99763,0.00116583,0.000229117,0.000975035,3.38256,-3.06135,-2.1563,-2.49543
3909,1,3,0.945739,0.0527849,0.000153417,0.00132273,0.313963,-0.265992,-1.55466,-1.29092
3910,0,3,0.993007,0.00434319,0.000650938,0.00199916,1.04352,-1.38769,-1.07963,-1.17516
3911,0,3,0.99816,0.00118366,0.000215771,0.000440146,1.85076,-1.79182,-1.31421,-2.46977
3912,0,4,0.998499,0.000776525,0.00024268,0.000481685,2.17024,-2.28935,-2.07625,-2.07187
3913,1,1,0.00372383,0.988124,0.000935119,0.00721654,-1.94119,1.749,-1.21037,-1.59764
3914,1,3,0.0109947,0.958328,0.0161542,0.014523,-0.81007,0.535499,-1.15383,-0.730175
3915,0,3,0.998274,0.00105083,0.000223517,0.000451516,2.0482,-1.79522,-2.00949,-2.19064
3916,0,1,0.998388,0.000801868,0.000251335,0.000558702,4.165,-3.80144,-2.64547,-2.91555
3917,1,3,0.0122678,0.985196,0.000325373,0.00221053,0.02148,-0.00984173,-1.21849,-1.83754
3918,0,0,0.998632,0.00075347,0.000223161,0.000390895,1.78745,-2.14715,-1.55057,-1.64076
3919,0,3,0.99424,0.00506728,0.000195308,0.000497763,0.527386,-0.523357,-1.80211,-1.44967
3920,1,1,0.00336601,0.993495,0.000938366,0.00220103,-1.47749,1.39576,-1.26506,-1.47744
3921,3,4,0.0948082,0.682604,0.0116421,0.210945,-0.486354,-0.342248,-0.600224,-1.07164
3922,0,0,0.996716,0.00270352,0.000125922,0.000454347,0.166429,0.0568583,-1.21111,-1.80124
3923,0,1,0.998098,0.00111187,0.000249794,0.000540299,0.473942,-0.565302,-1.16975,-1.819
3924,0,2,0.991228,0.00586822,0.000491433,0.00241184,1.84282,-1.84669,-1.77113,-2.29086
3925,0,3,0.994217,0.00234468,0.000255721,0.00318297,1.02223,-1.10443,-1.2057,-1.30325
3926,3,4,0.941246,0.0394665,0.000692367,0.0185949,-0.104372,0.14364,-0.866161,-1.02014
3927,0,0,0.995686,0.0026298,0.00038445,0.00129931,1.42024,-1.66633,-1.4133,-1.23965
3928,0,2,0.997455,0.00098251,0.000210623,0.00135214,2.41196,-2.09099,-2.17762,-2.04729
3929,0,1,0.99504,0.00197028,0.00041786,0.00257223,0.898033,-1.03145,-1.15391,-1.04827
3930,0,2,0.993734,0.00407308,0.000230912,0.00196193,1.56558,-2.10895,-1.7172,-1.50861
3931,0,2,0.992882,0.00503509,0.000221443,0.00186137,1.28816,-1.36802,-1.53531,-1.19056
3932,2,3,0.975228,0.0113926,0.000898019,0.0124818,-0.653355,-1.43317,0.502586,-1.99127
3933,0,0,0.990243,0.00599847,0.000637815,0.0031211,1.83991,-2.13467,-1.36714,-1.75133
3934,0,4,0.997451,0.00101073,0.000311889,0.00122634,2.16057,-2.0537,-1.3,-1.87834
3935,0,4,0.996286,0.00128871,0.000481557,0.00194406,2.03101,-1.57685,-1.52003,-2.259
3936,1,2,0.0709838,0.924134,0.000388084,0.00449374,0.0430478,-0.283742,-1.88949,-1.1176
3937,0,1,0.998191,0.00118949,0.000191916,0.000427451,2.06367,-1.80197,-1.16616,-2.61297
3938,1,4,0.114119,0.880255,0.000851126,0.0047751,-0.458866,0.451166,-0.925968,-1.54925
3939,0,1,0.983831,0.0101625,0.000968145,0.00503816,0.690558,-0.778299,-0.949935,-1.59645
3940,0,4,0.998237,0.000863516,0.000160673,0.000738604,2.39603,-2.73937,-1.95051,-1.95291
3941,0,0,0.998046,0.00145079,0.000108908,0.000394499,2.61343,-2.50234,-1.89023,-2.08227
3942,1,3,0.0118067,0.985094,0.000436084,0.00266353,-1.02069,0.906081,-1.31709,-1.08562
3943,1,1,0.0248332,0.971824,0.000478998,0.00286345,0.0285262,0.50419,-1.7222,-2.00299
3944,0,0,0.486372,0.507726,0.00139579,0.00450566,-0.135118,-0.14662,-1.21507,-0.349792
3945,0,0,0.994829,0.00197757,0.000458833,0.00273488,1.49432,-1.80474,-1.24987,-1.41257
3946,0,1,0.920215,0.0265415,0.00273532,0.0505085,1.44595,-1.8738,-1.44643,-1.12257
3947,0,4,0.824501,0.00882571,0.0022446,0.164428,-0.328635,-0.852332,-0.947888,-0.563427
3948,1,3,0.0124233,0.428627,0.159425,0.399524,-0.104629,-0.472697,-0.587782,-0.327649
3949,0,0,0.997712,0.00154459,0.000339966,0.000403719,0.56844,-0.54631,-1.10515,-1.88744
3950,0,4,0.995022,0.00194919,0.000335754,0.002693,0.888272,-1.23567,-1.49794,-0.891017
3951,0,2,0.997328,0.00148051,0.00027467,0.000916579,1.82523,-1.86038,-1.33817,-1.81714
3952,0,2,0.996673,0.00173313,0.000271292,0.00132237,0.0164442,-0.588653,-1.77888,-0.949387
3953,0,0,0.335049,0.390566,0.00569211,0.268694,-0.534136,0.175853,-1.18315,-0.693842
3954,0,2,0.997642,0.00113329,0.000257606,0.000967459,2.37939,-2.55995,-1.70074,-1.73483
3955,0,0,0.996284,0.00279972,0.000172376,0.000744392,0.743393,-0.969126,-1.71831,-1.46295
3956,3,0,0.0306974,0.0588915,0.00494075,0.90547,-0.19132,0.00353696,-2.14113,-0.355734
3957,0,2,0.996846,0.00222251,0.000280499,0.000650907,0.90108,-0.984907,-0.974029,-1.89445
3958,1,1,0.00572781,0.99215,0.000498661,0.00162391,-1.73691,1.90157,-1.62829,-1.29138
3959,0,3,0.994246,0.00380777,0.000395306,0.0015513,0.306536,-1.30348,-2.06742,-0.342378
3960,0,1,0.997874,0.00101512,0.000249251,0.000861517,1.29458,-1.44393,-1.26471,-1.39118
3961,0,2,0.702929,0.2882,0.00105475,0.00781646,0.359688,-0.152259,-1.58695,-1.70194
3962,0,2,0.99758,0.00119458,0.000279065,0.000946836,2.40971,-1.78616,-2.08076,-2.47783
3963,0,2,0.986789,0.00406044,0.000357231,0.00879336,1.5541,-1.20979,-1.48237,-1.93628
3964,0,0,0.980016,0.00798847,0.000898911,0.0110963,0.206275,-0.694752,-1.43204,-0.746983
3965,0,2,0.988432,0.00745885,0.000554212,0.00355442,1.78298,-1.64204,-1.54083,-1.65513
3966,0,3,0.996635,0.00266074,0.000129908,0.000574302,1.35147,-1.37643,-1.46622,-1.24122
3967,0,3,0.989898,0.00622005,0.00057042,0.00331152,1.52391,-1.82568,-1.70193,-2.0075
3968,1,1,0.00239667,0.99369,0.00109728,0.00281571,-0.953882,1.00942,-1.43967,-1.73445
3969,1,0,0.0277139,0.970769,0.000380731,0.00113665,-0.896743,0.503713,-1.3497,-1.06085
3970,1,0,0.0160685,0.946749,0.00216616,0.0350161,-1.01541,0.533233,-1.48408,-0.814207
3971,0,3,0.00442434,0.00358294,0.987645,0.00434725,-0.884583,-0.545151,0.243776,-1.64386
3972,0,2,0.995432,0.00269806,0.000198234,0.00167118,1.12547,-1.17244,-1.26457,-0.940267
3973,0,0,0.99295,0.0049212,0.000367986,0.00176071,0.894345,-1.36764,-1.16829,-0.981619
3974,0,3,0.998252,0.00120476,0.000142629,0.000400794,3.07653,-2.855,-2.13742,-2.82721
3975,0,2,0.995762,0.0030449,0.000157175,0.00103598,1.72906,-1.68086,-1.5007,-1.62984
3976,1,0,0.00913899,0.988353,0.000303659,0.00220465,-0.59414,0.537155,-1.01885,-1.52884
3977,3,1,0.839068,0.0212948,0.00880792,0.130829,0.576951,-2.19876,-1.03188,-0.0722744
3978,0,4,0.998147,0.00121171,0.000236974,0.000404685,0.525392,-0.367384,-1.67568,-1.92452
3979,1,4,0.0126818,0.984582,0.000435007,0.00230164,-1.00072,0.661348,-1.41927,-1.04125
3980,0,3,0.962354,0.0251,0.000958173,0.0115878,0.657137,-1.37015,-1.07604,-0.992466
3981,0,0,0.998505,0.000816184,0.000141003,0.000537886,2.71723,-2.44605,-1.54993,-2.34167
3982,0,3,0.798393,0.19642,0.0006083,0.00457894,0.0344923,0.388011,-1.99164,-1.81706
3983,1,3,0.373255,0.621433,0.000515962,0.00479594,-0.122081,-0.685486,-1.09162,-0.542564
3984,0,4,0.938241,0.0230904,0.00177967,0.0368893,1.29595,-2.60779,-1.35985,-0.922482
3985,3,4,0.147178,0.0228811,0.00503123,0.82491,0.227976,-0.519694,-0.850388,-1.13451
3986,0,2,0.99744,0.00123836,0.000252079,0.00106962,3.63906,-3.6526,-2.05752,-2.87468
3987,2,3,0.00133033,0.00399691,0.990991,0.00368213,-1.90646,-1.11649,1.07768,-1.55783
3988,0,4,0.94254,0.00325001,0.00157775,0.052632,0.824864,-1.09832,-1.18204,-0.830001
3989,1,0,0.11699,0.869528,0.00062236,0.0128595,0.55392,-0.568369,-1.1411,-1.61539
3990,0,1,0.997731,0.0014064,0.000228693,0.000633912,1.03958,-0.584838,-2.09323,-2.16915
3991,1,4,0.0119764,0.985325,0.000494264,0.00220435,-0.292389,0.487314,-1.47455,-1.45757
3992,0,2,0.992411,0.00392522,0.000452385,0.0032115,1.83189,-2.25184,-1.59218,-1.26647
3993,0,3,0.997462,0.00199348,0.000145327,0.000399696,1.21368,-1.2793,-2.11565,-1.45167
3994,0,0,0.964195,0.0346777,0.000441243,0.000686085,0.895693,-0.860056,-1.46241,-1.42974
3995,0,3,0.998305,0.00102452,0.000195342,0.000475052,2.15794,-1.98167,-1.52746,-2.03752
3996,0,0,0.878741,0.112486,0.00168646,0.00708641,0.455867,-0.736518,-0.976434,-1.03227
3997,0,0,0.978287,0.0164324,0.00104092,0.0042393,0.928723,-1.02428,-1.41029,-1.13647
3998,0,4,0.99621,0.0022638,0.000198002,0.00132822,1.1809,-1.38545,-1.56831,-1.43625
3999,0,1,0.998166,0.00102038,0.000220458,0.000593442,2.10301,-2.43375,-2.16517,-1.37761
4000,0,4,0.998417,0.000685894,0.000184246,0.000712521,1.4656,-2.27456,-0.772642,-1.30614
4001,0,1,0.843336,0.151497,0.0011299,0.00403727,0.524669,-0.50869,-1.41841,-1.47831
4002,0,2,0.994317,0.00239117,0.000474079,0.00281749,2.11601,-2.76168,-1.68284,-1.38932
4003,3,4,0.0112971,0.0398493,0.00466357,0.94419,-0.453735,-0.589462,-1.36144,0.146968
4004,0,0,0.996018,0.00348934,0.000143987,0.000348797,0.830693,-0.83824,-1.83493,-1.55556
4005,0,1,0.998256,0.000904973,0.00024357,0.000595819,1.43509,-2.0006,-1.31459,-1.43381
4006,0,1,0.998345,0.000956862,0.000224408,0.000473219,1.55178,-1.46689,-1.49685,-2.06952
4007,0,0,0.00704325,0.984379,0.00132145,0.00725619,-0.552065,0.779801,-0.791205,-1.60777
4008,3,2,0.347445,0.0800451,0.00744717,0.565062,0.931062,-1.0618,-1.00349,-1.18387
4009,0,1,0.997523,0.00144226,0.0002521,0.000782614,1.54909,-1.79789,-1.65204,-1.30832
4010,0,0,0.467797,0.478891,0.00777844,0.0455334,-0.489772,0.0390657,-1.10946,-1.65522
4011,1,1,0.00483852,0.959726,0.00144571,0.0339902,-0.911056,0.264416,-1.15419,-0.170891
4012,1,2,0.0191194,0.975623,0.00055456,0.0047026,-1.60198,1.72013,-1.32785,-1.60583
4013,0,0,0.997552,0.00127781,0.000201391,0.000968318,1.35118,-1.60227,-1.6605,-1.58284
4014,0,0,0.988087,0.0111359,0.000129804,0.000647713,-0.355706,0.850767,-1.53435,-2.28427
4015,1,3,0.89419,0.103409,0.000602411,0.00179847,1.49928,-0.785182,-2.06662,-2.75937
4016,0,3,0.997797,0.00110505,0.000201047,0.000896642,1.92924,-2.53584,-1.55149,-1.37254
4017,1,1,0.0299236,0.95635,0.000986266,0.0127402,-1.33719,1.02636,-1.34382,-1.31863
4018,1,2,0.0203277,0.970222,0.00129484,0.00815569,-0.913775,1.00244,-1.64472,-1.07801
4019,0,4,0.998421,0.000669354,0.000188985,0.000720219,3.38682,-3.0679,-2.11397,-2.45388
4020,1,2,0.176612,0.815054,0.000907078,0.00742619,-0.937349,0.816913,-1.43004,-0.727602
4021,1,1,0.0145263,0.982712,0.000414299,0.00234716,-1.05612,1.08612,-1.25313,-1.56388
4022,0,1,0.99676,0.00187596,0.000292789,0.00107098,2.55441,-1.84541,-2.10107,-2.35229
4023,0,1,0.997596,0.00119343,0.000301747,0.000908802,1.83612,-1.98131,-1.31399,-1.1228
4024,0,0,0.99813,0.00119991,0.000217881,0.000452334,0.161621,-0.643581,-1.44932,-1.44639
4025,0,1,0.998481,0.000815367,0.00024315,0.000460517,2.89814,-3.57088,-1.8612,-1.91292
4026,0,2,0.997762,0.0012881,0.000169955,0.00077975,1.65524,-1.31275,-1.76595,-1.84729
4027,2,1,0.0067523,0.00236912,0.98804,0.00283824,-0.810267,-2.43534,1.45725,-1.23219
4028,0,4,0.997555,0.00110154,0.000222485,0.00112108,1.88267,-1.61322,-1.36595,-1.91788
4029,2,1,0.304409,0.275683,0.0250118,0.394897,-0.684112,-0.203221,0.0802883,-1.27201
4030,0,2,0.909147,0.0569539,0.00120154,0.0326979,-0.150977,-0.438444,-0.930398,-1.01834
4031,0,1,0.954526,0.0428497,0.000301985,0.00232254,0.398922,0.0406572,-1.80223,-2.1461
4032,1,2,0.0516888,0.943446,0.000639329,0.00422634,-0.135065,0.039558,-0.849714,-1.77947
4033,0,1,0.997371,0.00144204,0.000247187,0.000939272,2.42913,-2.5597,-1.85015,-1.80378
4034,0,1,0.99814,0.000987033,0.000280315,0.000592269,1.86152,-1.68621,-1.50243,-1.62336
4035,1,4,0.00820374,0.988407,0.000422436,0.00296685,-0.655541,0.698444,-1.54167,-1.4498
4036,0,2,0.421398,0.511291,0.00150945,0.0658017,0.201233,-0.560729,-1.32078,-1.05506
4037,0,3,0.997722,0.0016547,0.00021993,0.000403723,2.04479,-1.81344,-2.04989,-2.14428
4038,0,4,0.998427,0.000754051,0.0002389,0.000579847,2.48415,-2.58779,-1.71409,-1.5441
4039,1,0,0.0082011,0.989205,0.000343715,0.00225008,-1.24704,1.0709,-1.90126,-1.17376
4040,1,4,0.0435275,0.932024,0.000949981,0.0234985,-0.104879,-0.319289,-1.3196,-0.717537
4041,1,4,0.0359532,0.958081,0.000613495,0.0053518,0.607705,-0.714212,-0.998734,-1.47679
4042,0,0,0.998698,0.000745468,0.000150419,0.000406493,3.23438,-3.19511,-2.20656,-2.73503
4043,0,1,0.236009,0.714293,0.00432266,0.0453743,-0.0850341,-0.111543,-1.18296,-0.720244
4044,0,1,0.996788,0.00177617,0.000319696,0.00111585,2.27321,-1.74667,-1.82002,-2.344
4045,0,2,0.99676,0.00162351,0.000261431,0.00135517,-0.191482,0.367654,-1.4235,-1.60647
4046,1,1,0.187994,0.65074,0.00288115,0.158384,-0.441136,-0.325667,-1.36914,-0.240704
4047,0,3,0.991489,0.0043791,0.000295827,0.00383634,0.217521,-0.96742,-1.29769,-0.374519
4048,1,0,0.0185995,0.978743,0.000738463,0.00191917,-1.23196,0.648895,-1.32287,-0.551917
4049,0,0,0.989557,0.00869192,0.000346534,0.00140444,0.753334,-1.10454,-1.13282,-1.34489
4050,0,0,0.168601,0.180794,0.00460636,0.645998,-1.17582,-0.0432758,-1.69434,0.352991
4051,0,3,0.998056,0.0013075,0.000160958,0.000475861,2.09695,-2.01973,-2.25648,-1.92047
4052,0,3,0.998406,0.000882417,0.000173758,0.000538358,2.81965,-3.20954,-1.96467,-1.58926
4053,0,2,0.994664,0.0040235,0.000155476,0.0011567,0.438598,-0.698296,-1.57237,-1.36509
4054,1,4,0.0405618,0.796416,0.00185089,0.161171,-0.654622,0.0930429,-1.13525,-0.479391
4055,0,3,0.99819,0.00132309,0.000149757,0.000337482,2.16058,-1.6872,-1.87098,-2.79642
4056,0,4,0.996285,0.00248406,0.000195328,0.00103551,0.592601,-0.640403,-1.38935,-1.6576
4057,0,3,0.998244,0.00109587,0.000205505,0.000455044,1.29233,-1.40522,-2.0706,-1.74472
4058,0,2,0.04948,0.209134,0.0171166,0.724269,0.984523,-1.4962,-1.29828,-0.693817
4059,0,0,0.998117,0.00123437,0.000286396,0.000362039,1.7093,-2.23289,-0.795527,-2.10869
4060,0,4,0.994988,0.00135408,0.000428584,0.00322929,2.15457,-2.26936,-1.34871,-1.63355
4061,0,3,0.998352,0.00105812,0.000128114,0.000461358,1.31698,-1.48749,-1.32257,-2.42411
4062,1,4,0.00292446,0.993502,0.00124436,0.00232931,-0.73634,0.846685,-0.878238,-1.91043
4063,1,2,0.00322632,0.969151,0.000963057,0.0266598,-1.8138,1.57382,-1.24309,-0.854275
4064,3,4,0.295363,0.00912178,0.00541504,0.6901,-0.536526,0.0178229,-1.06353,-0.289433
4065,0,4,0.998205,0.000885693,0.00025876,0.000650523,1.72724,-1.76607,-1.36322,-1.57979
4066,0,0,0.99725,0.00208158,0.000291791,0.000376134,0.0356196,-0.305575,-1.34739,-2.13913
4067,1,1,0.00412679,0.991712,0.000521342,0.0036401,-1.92303,1.37379,-1.43028,-0.806613
4068,0,2,0.982267,0.00794063,0.000288532,0.00950369,2.34056,-2.34395,-2.154,-1.75387
4069,0,1,0.998181,0.00090756,0.000275442,0.000636059,4.02288,-3.64964,-1.94456,-3.10554
4070,0,0,0.992912,0.00388334,0.000731799,0.00247323,-0.263315,-0.529725,-0.81955,-0.679862
4071,3,2,0.0103752,0.0148982,0.00309852,0.971628,-0.619593,-0.945297,-1.28291,0.565658
4072,3,4,0.00314009,0.00726537,0.00396945,0.985625,-0.656952,-1.12633,-1.42788,0.818995
4073,3,4,0.190653,0.334688,0.00976234,0.464896,-1.23764,0.929821,-0.666641,-1.32154
4074,2,2,0.0272194,0.0531615,0.912009,0.00761041,-0.403122,0.0587882,-0.407706,-1.34111
4075,0,2,0.960931,0.00597644,0.00112954,0.0319631,0.671617,-0.80092,-1.18476,-1.18266
4076,0,3,0.998442,0.000979649,0.000154549,0.000423404,2.84502,-2.64831,-2.21192,-2.71625
4077,0,1,0.921994,0.0315335,0.0026876,0.0437853,0.17618,-1.74661,-0.545891,-0.805211
4078,3,2,0.015822,0.0876575,0.0207773,0.875743,-0.839142,0.304646,-0.840591,-0.518355
4079,0,1,0.997302,0.00138806,0.000332603,0.000977574,1.3583,-1.24325,-1.38899,-1.61398
4080,0,3,0.997165,0.00240388,9.77294e-05,0.000333208,1.9782,-1.82525,-1.55048,-1.96789
4081,2,2,0.00376342,0.00856004,0.985067,0.00260939,-2.29499,0.196291,0.721682,-1.26648
4082,0,4,0.997529,0.000645023,0.000694718,0.00113095,0.69229,-1.37262,-1.2145,-1.33905
4083,0,4,0.99831,0.000744451,0.000214542,0.000731479,2.31833,-2.56638,-1.83702,-1.90204
4084,0,4,0.998168,0.00102738,0.000253251,0.000550994,2.48522,-2.05536,-1.9233,-2.30072
4085,2,3,0.00331051,0.00146473,0.992499,0.00272581,-1.41325,-0.905218,0.847046,-0.989343
4086,0,4,0.997977,0.000825368,0.000215731,0.000982065,1.82207,-1.88674,-1.57558,-1.67859
4087,0,0,0.299187,0.045994,0.0102077,0.644611,0.368444,-1.15039,-1.13432,-0.520746
4088,0,3,0.998223,0.00125762,0.000134508,0.000384677,1.86414,-2.07844,-1.60231,-1.61119
4089,0,0,0.998623,0.000829135,0.000173457,0.000374451,3.72583,-3.67572,-1.92583,-2.83409
4090,0,3,0.994391,0.00353246,0.000382453,0.00169406,1.28404,-1.42035,-1.38728,-1.58863
4091,0,1,0.994176,0.00335191,0.000445293,0.00202709,1.50172,-1.4476,-0.97945,-1.5389
4092,1,1,0.013308,0.983599,0.000401915,0.00269083,-1.01364,0.222145,-1.75749,-0.0263979
4093,0,4,0.998247,0.000936431,0.000189691,0.000626851,0.730939,-0.602593,-1.85134,-1.92526
4094,0,3,0.996121,0.00129228,0.000212406,0.00237454,1.03782,-1.35006,-1.10794,-1.18847
4095,0,2,0.997622,0.0013953,0.000231816,0.000751238,2.09692,-2.0197,-1.633,-2.14296
4096,0,4,0.997837,0.00154177,0.000145666,0.000475757,1.88022,-1.68087,-1.84209,-1.71146
4097,0,0,0.998716,0.000764652,0.000171787,0.000347698,2.79542,-2.67867,-1.90692,-2.75972
4098,0,3,0.992249,0.00663045,0.000253723,0.000866759,-0.305739,0.0146488,-1.26242,-0.788471
4099,0,3,0.9961,0.00122707,0.000265373,0.00240718,0.595054,-1.62695,-1.01577,-0.471492
4100,0,2,0.958989,0.0179898,0.00122602,0.0217954,0.297298,-0.398149,-1.59226,-1.29403
4101,2,4,0.00398544,0.00169167,0.992015,0.00230772,-1.54833,-1.49956,1.56486,-2.09062
4102,0,1,0.998497,0.000858694,0.000220101,0.000424255,2.036,-2.29084,-1.68553,-1.77241
4103,1,2,0.0202509,0.975268,0.000833818,0.00364678,-0.983939,1.04358,-1.31439,-1.55018
4104,1,2,0.00858635,0.852207,0.00184248,0.137364,-0.476162,-0.158128,-1.05214,-0.563305
4105,0,0,0.996737,0.00138186,0.000273437,0.00160769,1.32151,-1.4862,-1.28173,-1.14448
4106,0,3,0.99808,0.000714371,0.000149448,0.00105577,1.0138,-1.97549,-1.64572,-0.801552
4107,1,2,0.0294993,0.963854,0.000658281,0.00598876,-0.307617,0.100686,-1.18684,-1.41273
4108,0,4,0.998493,0.000725211,0.000217535,0.000564244,2.39486,-2.96471,-1.63089,-1.95027
4109,0,2,0.993232,0.00510621,0.000155252,0.00150645,1.15666,-1.39749,-1.44876,-1.16896
4110,1,0,0.0472179,0.907289,0.00146342,0.0440294,-0.917305,0.538357,-0.93916,-0.873321
4111,0,2,0.926351,0.0460107,0.00184865,0.0257892,1.15536,-1.25857,-1.37164,-1.11652
4112,0,1,0.996481,0.00172942,0.000348959,0.00144075,1.12639,-1.41312,-1.43461,-1.21096
4113,1,2,0.619063,0.37695,0.00084413,0.00314245,0.012768,-0.171848,-1.46744,-1.42382
4114,1,3,0.76741,0.20394,0.00259495,0.026055,0.22964,-0.37634,-1.29354,-1.53401
4115,0,4,0.996665,0.00234244,0.000240349,0.000751986,0.910232,-0.884346,-1.3302,-1.20554
4116,0,3,0.998088,0.00143815,0.000156316,0.000317622,1.32731,-1.6188,-1.66747,-1.4787
4117,3,4,0.124084,0.476827,0.00686161,0.392227,-0.719557,-0.296714,-0.884685,-0.231857
4118,1,4,0.00702582,0.990853,0.000475204,0.00164572,-1.09469,1.20374,-1.34327,-2.28095
4119,3,3,0.0775926,0.0311405,0.0130767,0.87819,0.640126,-1.28087,-1.07033,-0.344462
4120,0,2,0.994236,0.0033163,0.00025127,0.00219623,1.91178,-2.09718,-1.08095,-2.11426
4121,1,4,0.0308051,0.888901,0.00934014,0.070954,-1.46149,0.890906,-1.31037,-0.21291
4122,0,0,0.996968,0.00151803,0.000270842,0.00124262,1.63688,-1.57836,-1.50878,-1.49344
4123,0,0,0.950453,0.0467233,0.000823788,0.00199946,0.47372,-0.355491,-1.64108,-1.39113
4124,0,1,0.403098,0.588799,0.00183061,0.00627199,0.73751,-0.43163,-1.75528,-1.56004
4125,1,0,0.0154301,0.978458,0.000293655,0.00581812,-0.383011,0.258228,-1.32861,-1.15797
4126,0,1,0.976091,0.0219578,0.000449312,0.00150229,2.20894,-1.86041,-2.18755,-2.25892
4127,0,4,0.998265,0.00102048,0.000220049,0.000494921,0.655484,-0.896947,-1.16353,-1.40127
4128,0,4,0.997473,0.00145066,0.000182639,0.000893729,3.41278,-3.44403,-1.607,-2.27115
4129,0,3,0.992661,0.00519377,0.000465952,0.0016796,1.78353,-2.01371,-2.12137,-1.53529
4130,1,2,0.97825,0.0185765,0.000446802,0.00272632,0.258939,-0.0182942,-1.72919,-1.41511
4131,0,3,0.095303,0.0065013,0.00233629,0.895859,-0.479381,-0.720378,-1.68578,-0.178264
4132,0,0,0.990621,0.00345269,0.000387003,0.00553897,1.43162,-1.30327,-1.45149,-1.43443
4133,0,2,0.97633,0.0175467,0.000501367,0.00562136,0.278113,-0.770487,-1.27819,-0.710993
4134,0,2,0.991903,0.00402213,0.000567127,0.00350817,0.754693,-0.948034,-1.30112,-1.05789
4135,0,4,0.997832,0.000997386,0.000237827,0.000932393,1.69308,-2.93679,-1.70797,-1.0229
4136,0,3,0.998452,0.000952303,0.000191966,0.000404019,2.03343,-1.90158,-2.00585,-2.33186
4137,0,4,0.998286,0.000876301,0.000162258,0.000675172,2.84968,-2.68939,-1.4473,-2.53467
4138,0,1,0.962566,0.0146873,0.00162074,0.0211261,0.369558,-1.02068,-1.16305,-0.329829
4139,0,4,0.998338,0.00073293,0.000203527,0.000725807,4.10662,-4.49367,-1.98844,-2.69249
4140,0,2,0.997075,0.0019418,0.000188361,0.000794582,0.952036,-0.892931,-1.60671,-2.04714
4141,0,3,0.998322,0.000988178,0.000230173,0.000459545,2.74459,-2.73639,-1.32322,-2.1023
4142,0,2,0.997175,0.00199193,0.000215137,0.000617675,1.43858,-1.34657,-1.33366,-2.04763
4143,3,0,0.0287798,0.0133577,0.00387595,0.953987,-0.888132,-0.259624,-1.28715,-0.0938491
4144,0,0,0.99818,0.00119763,0.000240714,0.000381667,1.19684,-1.32384,-1.48688,-1.27412
4145,1,2,0.0306184,0.963267,0.000442544,0.00567213,-1.138,1.12412,-1.73169,-1.38384
4146,0,0,0.997666,0.00150874,0.000256107,0.000569309,2.34246,-2.04342,-2.33672,-2.5522
4147,1,3,0.660632,0.328316,0.000752656,0.0102992,-0.505095,-0.365079,-1.06843,-0.638689
4148,3,1,0.033013,0.816404,0.00356554,0.147018,0.141656,-0.611421,-1.26459,-0.582063
4149,0,0,0.985495,0.00306096,0.000836004,0.0106084,0.541133,-1.53824,-1.39742,-0.572369
4150,0,2,0.995384,0.00305865,0.000193632,0.00136391,1.26742,-1.15776,-1.3124,-1.80601
4151,0,0,0.998522,0.000801975,0.00020758,0.000468703,2.58405,-2.56917,-1.62735,-2.0742
4152,2,3,0.00185915,0.0014465,0.993635,0.00305924,-1.58234,-1.17367,1.42503,-1.25542
4153,1,0,0.662608,0.270609,0.00365818,0.0631245,-0.123615,-0.534346,-1.42158,-0.218983
4154,0,0,0.98972,0.00770753,0.000436424,0.00213561,1.69816,-1.88938,-1.42224,-0.745174
4155,0,1,0.99815,0.0012248,0.000260775,0.000364178,1.03247,-0.994979,-1.18774,-1.88826
4156,0,0,0.991401,0.00523808,0.000540883,0.00282022,1.99456,-2.30618,-1.406,-1.50149
4157,0,3,0.998224,0.00113838,0.000188947,0.000448856,1.84221,-1.36039,-2.08825,-1.94222
4158,0,1,0.993645,0.00388811,0.00043305,0.00203394,1.86075,-1.53738,-1.43367,-1.71546
4159,0,3,0.996308,0.0022574,0.000200355,0.00123454,0.681891,-1.78812,-1.08173,-0.767882
4160,1,0,0.611292,0.372582,0.00288105,0.013244,0.205595,0.0215674,-1.16189,-1.7166
4161,0,0,0.998324,0.00121074,0.000146593,0.000318318,1.15698,-1.20609,-1.70135,-1.7301
4162,1,2,0.540122,0.453055,0.000571342,0.00625143,-0.380031,-0.0258549,-1.04232,-1.51233
4163,0,3,0.998526,0.000787236,0.000177553,0.000509271,3.25838,-3.69373,-1.84552,-1.38276
4164,0,2,0.996725,0.00226718,0.00013884,0.00086897,1.51113,-1.42972,-1.39766,-1.41728
4165,0,1,0.9979,0.00138753,0.000224307,0.000488023,1.60797,-1.64456,-1.19225,-1.77223
4166,0,1,0.966079,0.0272355,0.0010523,0.0056334,0.496329,-0.790228,-1.08593,-0.890273
4167,0,1,0.995419,0.00211048,0.000331327,0.00213953,0.608025,-1.34451,-1.40584,-0.285675
4168,1,2,0.00678677,0.0433358,0.940691,0.00918626,-1.67674,0.605462,-0.00702919,-1.48478
4169,0,2,0.997221,0.00135183,0.000208528,0.00121889,2.13775,-2.16193,-1.64436,-2.04034
4170,0,2,0.990734,0.00345308,0.000391609,0.00542185,1.65647,-1.43183,-1.7351,-1.64381
4171,0,2,0.746238,0.236887,0.00147762,0.0153972,-0.0357584,-0.208962,-1.3932,-1.62356
4172,0,1,0.827015,0.162373,0.000927608,0.0096848,-0.184723,0.119022,-1.33258,-1.09909
4173,0,2,0.993846,0.00490763,0.000145367,0.00110067,1.98811,-2.09632,-1.17069,-1.40656
4174,0,4,0.996399,0.00158998,0.000233347,0.00177721,0.566185,-0.999604,-1.57405,-1.17344
4175,0,0,0.998367,0.00108747,0.000166444,0.000379508,2.69188,-2.04765,-1.96197,-2.55395
4176,0,1,0.249294,0.628871,0.00422078,0.117614,-0.347984,0.262627,-1.53197,-1.02672
4177,0,1,0.184311,0.804529,0.0013441,0.00981593,0.18224,-0.748479,-1.24956,-0.822782
4178,0,2,0.997934,0.00114362,0.000190746,0.000731918,2.97237,-2.34675,-2.06556,-2.42102
4179,1,1,0.164012,0.817608,0.001128,0.017253,0.0427112,0.0429668,-1.39268,-0.890408
4180,0,4,0.967591,0.0306209,0.00063304,0.00115528,0.513497,-0.480192,-1.49488,-1.85907
4181,0,0,0.998426,0.000963504,0.000201567,0.000408771,2.07118,-2.53597,-1.62855,-1.44328
4182,0,3,0.998529,0.000772766,0.000181056,0.000516788,2.3273,-2.26342,-1.55862,-1.87735
4183,0,3,0.998205,0.000953929,0.000257751,0.000583125,1.61126,-1.42593,-1.30368,-2.14339
4184,0,1,0.852113,0.0500857,0.00455967,0.0932417,0.981056,-1.46147,-1.2495,-0.976101
4185,0,0,0.930375,0.0445529,0.00246451,0.022608,1.15037,-1.3755,-0.929471,-1.64289
4186,0,3,0.996619,0.00226805,0.00023023,0.00088256,1.15673,-1.37215,-0.994144,-1.25473
4187,0,3,0.998502,0.000728768,0.000182827,0.000586154,2.43878,-2.57637,-1.58326,-1.873
4188,1,2,0.0771324,0.917898,0.000618382,0.00435151,-0.563429,0.63119,-1.18013,-1.69141
4189,0,2,0.99093,0.00487297,0.000552367,0.00364434,2.34145,-2.1771,-1.94572,-2.14658
4190,0,0,0.998697,0.000785834,0.00017078,0.000346336,1.83406,-2.1362,-1.43027,-1.51328
4191,0,1,0.997323,0.00143075,0.000310633,0.000935565,1.32637,-1.4785,-1.77255,-1.50137
4192,0,3,0.0865713,0.502398,0.00536732,0.405664,-1.04301,0.583573,-1.08706,-0.368961
4193,3,1,0.173272,0.806699,0.00134247,0.0186867,-0.527665,0.147354,-1.30174,-1.04562
4194,0,0,0.787808,0.081777,0.00640292,0.124012,0.389047,-1.17862,-0.820358,-0.584873
4195,1,1,0.0175722,0.970688,0.000600096,0.0111393,-1.40135,1.05884,-1.11187,-0.927235
4196,0,3,0.998268,0.000942874,0.000229711,0.000559727,2.31474,-2.15285,-1.55112,-2.05262
4197,0,0,0.998519,0.000917673,0.000211673,0.000351727,1.93554,-1.9422,-1.73456,-2.026
4198,0,1,0.990718,0.00448604,0.000601806,0.00419371,1.88466,-2.26363,-1.43071,-1.2449
4199,1,0,0.170921,0.790332,0.0015467,0.0371997,-1.12991,0.42027,-1.26045,-0.366897
4200,0,4,0.897808,0.0300243,0.0006682,0.071499,-0.442826,-0.656134,-1.67084,0.0609908
4201,0,1,0.9974,0.00144632,0.000312482,0.00084116,2.28547,-2.23246,-2.33759,-2.41508
4202,1,3,0.0317331,0.965734,0.000344862,0.00218812,0.846539,-0.833983,-1.63546,-1.28289
4203,0,4,0.980698,0.00886588,0.000703302,0.00973251,0.223225,-1.1667,-1.79032,-0.58007
4204,0,1,0.998347,0.000763623,0.000271217,0.000618401,2.7715,-3.22069,-2.03665,-1.71572
4205,1,1,0.094942,0.614282,0.00705444,0.283722,0.27559,-0.897731,-1.21087,-0.314493
4206,0,4,0.997358,0.00204154,0.000222441,0.000378385,1.28626,-1.11272,-1.40249,-2.30566
4207,0,1,0.998473,0.000801937,0.000212908,0.000511737,1.64225,-2.27915,-1.83122,-1.10792
4208,0,3,0.998404,0.000973888,0.000178575,0.000443706,0.918398,-1.11418,-1.80698,-1.21275
4209,0,0,0.998617,0.00076383,0.000144928,0.000474273,3.37223,-3.46769,-2.01348,-1.99799
4210,0,0,0.993234,0.00248614,0.000637248,0.00364213,0.690248,-1.14257,-1.44354,-0.688276
4211,0,2,0.434812,0.560495,0.000565742,0.00412756,-0.183146,-0.241198,-1.12591,-0.792395
4212,0,4,0.979921,0.0189475,0.000219836,0.000911197,1.3281,-0.810495,-1.52231,-2.15918
4213,0,0,0.997345,0.00181931,0.00015169,0.000683821,1.04991,-1.04502,-1.35732,-1.65403
4214,0,0,0.998293,0.00117117,0.000219626,0.000316449,1.6166,-1.29015,-2.09229,-1.78924
4215,0,2,0.996922,0.00213232,0.000253925,0.000691588,1.03644,-1.28334,-1.38711,-0.941707
4216,2,0,0.00270776,0.00136421,0.99269,0.0032376,-1.53254,-1.29935,1.42816,-1.43405
4217,0,4,0.036784,0.950062,0.00106562,0.0120887,-0.292125,0.300242,-1.23923,-1.14524
4218,0,3,0.99865,0.000723204,0.000177229,0.000449048,3.599,-3.86226,-2.02252,-2.46208
4219,0,2,0.908155,0.0856344,0.000867873,0.00534239,0.34739,-0.931378,-1.19811,-0.73596
4220,0,3,0.991529,0.00533686,0.000403575,0.00273113,1.35334,-1.85011,-1.61244,-0.787384
4221,0,0,0.993151,0.00488866,0.000378264,0.0015817,1.52947,-1.72578,-1.51948,-1.2228
4222,0,2,0.994862,0.00253438,0.00026608,0.00233706,1.84037,-1.54403,-2.00129,-1.57588
4223,0,0,0.0122995,0.446462,0.00532623,0.535913,0.0743466,-0.306967,-1.13,-0.73493
4224,0,3,0.998386,0.000848596,0.000206742,0.000558701,3.33399,-3.165,-1.80019,-2.87377
4225,1,1,0.136387,0.858635,0.00109772,0.00388037,-0.252577,0.0912016,-1.28144,-1.29122
4226,0,3,0.996628,0.00214004,0.000259363,0.000972156,1.70064,-2.16366,-0.945698,-1.1775
4227,2,3,0.00281889,0.00323819,0.982262,0.0116811,-0.975535,-1.73787,1.03304,-1.04769
4228,0,3,0.994983,0.00137808,0.000346398,0.00329296,2.17422,-2.72832,-1.67463,-1.51689
4229,0,4,0.997979,0.00102318,0.000250253,0.000747117,1.60049,-1.52861,-1.49755,-1.50801
4230,0,3,0.989911,0.00725788,0.000441654,0.00238989,1.45618,-1.97392,-1.55066,-1.08769
4231,0,2,0.99551,0.00346042,0.000146752,0.00088244,1.87487,-1.8789,-1.1684,-1.7644
4232,0,4,0.998246,0.000725741,0.000228811,0.000799409,3.87688,-3.37649,-1.96106,-2.93286
4233,1,2,0.0275088,0.967353,0.000804742,0.00433343,-0.747583,0.638882,-1.12093,-1.49934
4234,3,1,0.172294,0.095121,0.00755163,0.725033,-0.763936,-0.21646,-1.26753,-0.0180002
4235,0,3,0.994404,0.00228187,0.000249356,0.0030646,0.947391,-1.24008,-1.38965,-1.25593
4236,1,1,0.444134,0.540985,0.000949033,0.0139323,0.60131,-0.725818,-1.29056,-1.16947
4237,0,1,0.935909,0.0269283,0.00403196,0.0331305,0.740602,-1.12496,-1.41707,-0.877023
4238,1,1,0.0257455,0.971769,0.000763899,0.00172147,-0.606696,0.692426,-1.0106,-2.10066
4239,0,4,0.996798,0.00243013,0.000166182,0.000605499,0.823325,-0.711233,-1.53755,-1.52097
4240,0,4,0.992798,0.00175529,0.00053848,0.00490844,0.0247742,-1.15611,-1.60876,-0.485047
4241,1,1,0.15738,0.827032,0.00126051,0.0143275,0.102255,-0.0719113,-1.55628,-1.59586
4242,0,0,0.998289,0.000981413,0.000179954,0.000549985,1.949,-2.14782,-1.76062,-1.61216
4243,0,2,0.887185,0.0639076,0.00120501,0.0477027,0.250412,-0.927724,-0.45186,-0.556968
4244,0,2,0.996328,0.00252452,0.000160993,0.000986204,0.964465,-1.25317,-1.68503,-1.34359
4245,0,3,0.99824,0.00124907,0.000165127,0.000346178,0.457894,-0.598816,-1.12309,-1.61011
4246,0,3,0.996841,0.00255185,0.000272399,0.000335057,0.0769459,-0.392883,-1.41867,-1.27752
4247,0,2,0.995769,0.00215286,0.000207818,0.00187044,1.5641,-1.56304,-1.19096,-1.81046
4248,0,3,0.998416,0.000770418,0.000275507,0.000538364,1.45098,-1.49314,-1.40186,-1.49256
4249,0,4,0.309536,0.638235,0.004551,0.0476779,1.22214,-0.966098,-1.97516,-2.22019
4250,0,1,0.989849,0.00892025,0.000247246,0.000983625,1.20005,-1.60516,-1.66678,-1.48602
4251,0,4,0.998335,0.00109704,0.0001684,0.000399265,0.438615,-0.263181,-2.02197,-2.21467
4252,0,0,0.293279,0.679899,0.00202098,0.0248016,-0.231045,-0.314962,-1.57518,-0.784573
4253,0,4,0.985425,0.00990436,0.000539727,0.00413077,1.19453,-1.48528,-1.46918,-1.45852
4254,0,4,0.998406,0.000702152,0.000201563,0.000690591,2.53581,-2.56952,-1.66102,-1.83239
4255,0,4,0.995969,0.00168355,0.000301255,0.00204667,0.168294,-0.275773,-1.23679,-1.08832
4256,0,0,0.993595,0.0035193,0.000361809,0.00252374,0.727588,-0.938229,-1.31658,-0.92913
4257,0,3,0.998289,0.000929183,0.000182076,0.000599926,1.65421,-1.68642,-1.54367,-1.88084
4258,2,4,0.00571845,0.0227165,0.964517,0.00704757,-0.887707,-0.838538,0.555497,-1.43468
4259,1,0,0.0620661,0.934596,0.000518934,0.00281906,0.429899,-0.889657,-1.41146,-1.0802
4260,0,2,0.997548,0.00141026,0.000271,0.0007705,1.11685,-1.09617,-1.40719,-1.89758
4261,0,3,0.978893,0.00962019,0.00113503,0.0103512,0.856327,-1.14986,-1.2802,-0.998417
4262,0,0,0.994785,0.00417102,0.000144372,0.000900067,0.498202,-0.905631,-1.50696,-0.822585
4263,0,4,0.996044,0.00116284,0.000338735,0.00245452,1.25366,-1.45946,-1.41605,-1.46092
4264,0,0,0.998532,0.000733788,0.000176862,0.000557692,0.976484,-1.32129,-1.48162,-1.31753
4265,0,1,0.895942,0.101409,0.000646295,0.00200243,0.771125,-0.467528,-1.25054,-1.91579
4266,1,2,0.121852,0.87267,0.000659718,0.0048179,-0.153552,0.280043,-1.82887,-1.8287
4267,0,0,0.998136,0.00122359,0.000227894,0.000412662,0.911,-1.37134,-1.36398,-1.19018
4268,3,1,0.10078,0.153634,0.00363614,0.741949,-0.293323,0.00458738,-1.26985,-0.905542
4269,0,3,0.993376,0.00614513,0.000172883,0.000306396,0.586788,-0.622485,-1.28455,-1.69176
4270,0,4,0.998083,0.00119401,0.000200712,0.000522646,0.638461,-0.716159,-1.66678,-1.65008
4271,1,0,0.0738077,0.794962,0.00234004,0.12889,-0.931996,0.155567,-1.46875,-0.301648
4272,0,3,0.998511,0.000829041,0.000149512,0.000510758,2.24666,-2.23423,-2.49886,-1.74189
4273,0,4,0.998076,0.000771661,0.000213656,0.000939018,2.28427,-2.60009,-1.52713,-1.53298
4274,0,2,0.987752,0.00629507,0.000362502,0.00559076,1.15871,-1.2657,-0.954077,-1.47271
4275,0,4,0.993794,0.002232,0.000483175,0.00349091,1.55973,-1.6176,-1.51868,-1.20204
4276,0,0,0.995158,0.00221118,0.000326743,0.00230376,0.952189,-2.04648,-1.67786,-0.653361
4277,0,0,0.998407,0.000803451,0.000154846,0.000634342,2.43175,-2.78944,-1.51205,-1.75957
4278,1,3,0.210691,0.63549,0.00169327,0.152126,-0.29169,-0.205808,-0.986853,-0.764133
4279,0,2,0.994223,0.00481101,0.00016738,0.000798523,1.79504,-1.46462,-1.58568,-2.59033
4280,3,4,0.835031,0.0831245,0.00149376,0.080351,0.477485,-0.855859,-1.46969,-0.694692
4281,3,0,0.0137607,0.00596484,0.0032462,0.977028,-1.11954,-0.97861,-1.13222,1.13277
4282,0,3,0.812943,0.0699798,0.00267477,0.114403,0.401901,-0.509046,-1.47792,-0.998565
4283,0,3,0.998417,0.000887613,0.00022885,0.000466826,1.743,-1.29046,-1.72242,-2.03923
4284,0,0,0.998207,0.00118487,0.000259773,0.000348201,0.401666,-0.307522,-1.75338,-1.45536
4285,0,3,0.998224,0.000916506,0.0002047,0.000654997,3.0983,-3.62242,-1.58224,-1.78729
4286,0,3,0.996513,0.00163583,0.000221386,0.00162946,1.73826,-1.95642,-1.07055,-1.82239
4287,0,3,0.998422,0.000915793,0.000142932,0.000519262,1.52949,-0.952333,-1.77426,-2.40837
4288,1,4,0.00694842,0.953738,0.000972114,0.0383411,-1.30439,0.581559,-1.34488,-0.248749
4289,0,4,0.998312,0.000763597,0.000234252,0.000690526,3.3866,-3.30956,-2.06829,-2.49726
4290,0,3,0.998575,0.0007549,0.000179304,0.000490264,3.21803,-3.26543,-2.1606,-2.52547
4291,0,1,0.993201,0.00572479,0.000206474,0.00086759,0.956041,-0.955538,-1.54048,-1.41203
4292,1,1,0.310773,0.611143,0.018365,0.0597189,0.067326,-0.483875,-0.51328,-0.90285
4293,3,2,0.0806008,0.320695,0.00306815,0.595636,-0.417928,0.300002,-1.27429,-1.01334
4294,0,2,0.966752,0.016384,0.00154719,0.0153164,1.63759,-1.89688,-1.43161,-1.5014
4295,0,0,0.998483,0.000876473,0.000177199,0.000463224,2.88826,-2.48599,-1.87425,-2.27731
4296,0,4,0.499026,0.49225,0.00128624,0.00743801,0.440736,0.0335627,-1.19617,-1.7312
4297,0,1,0.990234,0.00875219,0.000210739,0.000803124,1.05623,-1.47601,-1.41456,-0.855007
4298,0,3,0.129939,0.866553,0.000651267,0.00285674,-0.344315,0.194355,-1.54444,-1.02379
4299,0,3,0.98579,0.0125402,0.000213097,0.00145625,1.11344,-0.718461,-1.5677,-1.93457
4300,1,2,0.0513207,0.944996,0.00039607,0.00328724,-0.849085,0.85725,-1.92508,-1.59426
4301,0,4,0.99614,0.00232866,0.000325154,0.00120574,1.1402,-1.18113,-1.1043,-1.86824
4302,1,0,0.108411,0.886691,0.000791371,0.00410619,-0.278202,0.996787,-1.53775,-2.31237
4303,0,3,0.99831,0.000998838,0.000189703,0.000501757,1.67597,-1.7751,-1.56334,-1.51769
4304,0,4,0.995853,0.00191308,0.000294817,0.00193942,2.79085,-2.44089,-1.89863,-2.3085
4305,0,3,0.849065,0.0157961,0.00600723,0.129132,0.637255,-1.1945,-1.39549,-0.595437
4306,2,2,0.00497621,0.00251322,0.990417,0.00209373,-0.827476,-1.9818,1.22076,-1.72539
4307,3,0,0.0800875,0.0187871,0.0038355,0.89729,0.147454,-0.783633,-1.25062,-0.33102
4308,0,3,0.998008,0.00132543,0.000146261,0.000520569,1.28377,-1.43132,-1.46963,-1.6444
4309,0,2,0.997652,0.00150725,0.000213565,0.000627702,1.29983,-1.44934,-1.2688,-1.82937
4310,0,3,0.990787,0.00373387,0.000558797,0.00492008,2.02239,-2.24713,-1.55341,-1.84417
4311,3,3,0.976903,0.00253276,0.000796968,0.0197667,1.49392,-2.53188,-1.3311,-0.547694
4312,1,4,0.778634,0.118826,0.00174365,0.100797,-0.533206,0.13749,-1.52909,-0.691161
4313,3,3,0.0399396,0.0174483,0.00930301,0.933309,0.0756328,-1.23259,-1.3006,-0.0275759
4314,1,1,0.0426858,0.951338,0.000969667,0.00500681,-0.48099,0.658486,-1.59328,-1.6468
4315,3,3,0.0422012,0.105938,0.00629412,0.845566,-0.944165,-0.609999,-1.22771,0.548011
4316,0,3,0.997881,0.00119728,0.000130325,0.00079135,2.51864,-2.87334,-1.57604,-2.13965
4317,2,3,0.00195373,0.00108212,0.993452,0.00351193,-0.860302,-1.12443,0.946671,-1.74562
4318,0,4,0.997877,0.00109226,0.000235067,0.000795997,1.639,-1.31614,-1.80145,-2.03708
4319,0,4,0.998391,0.000684538,0.000197276,0.000727265,2.73387,-2.79824,-1.81191,-1.91779
4320,0,2,0.997181,0.00121291,0.000247623,0.00135839,2.5447,-2.70234,-1.73349,-1.83546
4321,0,4,0.78379,0.21178,0.000551218,0.00387888,0.831152,-0.643651,-1.70178,-1.8119
4322,0,3,0.998203,0.00102042,0.000223065,0.00055317,2.3283,-2.65406,-1.33434,-1.94006
4323,0,3,0.96672,0.0323762,0.000245752,0.000657665,0.700184,-0.583403,-1.00252,-1.53223
4324,0,0,0.998525,0.00087139,0.000157919,0.000445497,1.94902,-1.81011,-1.38945,-2.40415
4325,2,4,0.00836775,0.00255078,0.986738,0.00234301,-1.94846,-0.0466049,0.548813,-1.49797
4326,0,0,0.998572,0.000933996,0.000199248,0.000295045,1.42198,-1.40101,-1.2947,-1.71598
4327,0,4,0.997493,0.00175672,0.000211043,0.000538918,1.20473,-1.1222,-1.79805,-1.50445
4328,0,3,0.857819,0.122739,0.00440574,0.015036,0.386018,-0.631487,-0.757578,-0.972546
4329,0,2,0.997337,0.00181752,0.000145877,0.000699348,1.19454,-0.946742,-1.90823,-1.62288
4330,0,1,0.995864,0.00331687,0.000238287,0.000580622,0.523449,-0.584221,-1.17297,-1.47572
4331,1,0,0.240292,0.715279,0.00119967,0.0432294,0.120446,-0.31842,-1.26205,-0.794375
4332,2,2,0.0170644,0.055625,0.918582,0.00872839,-0.766172,-0.697702,0.0530266,-1.47573
4333,1,3,0.00838043,0.988958,0.000354537,0.00230736,-1.17882,1.10783,-1.17334,-1.23676
4334,0,4,0.987753,0.00630431,0.000626348,0.00531654,1.39266,-1.89435,-1.27917,-1.48499
4335,0,3,0.998384,0.000807365,0.000216664,0.000592414,2.35194,-2.42145,-1.59719,-1.96816
4336,1,1,0.00703353,0.985904,0.000713973,0.00634806,-1.16346,0.762371,-1.50111,-0.721119
4337,1,1,0.0563574,0.937519,0.00068828,0.00543493,-0.357046,0.553909,-1.71719,-1.45603
4338,0,3,0.998512,0.000867134,0.00016843,0.000452507,2.12448,-2.50752,-1.26866,-1.38584
4339,0,3,0.788706,0.100101,0.00395694,0.107236,0.504444,-0.351901,-1.54482,-1.2964
4340,0,2,0.987644,0.00418887,0.000444098,0.00772335,1.15311,-1.58638,-1.47504,-1.01437
4341,0,1,0.998273,0.000893572,0.000268561,0.000565222,1.17868,-1.2479,-1.67835,-1.39551
4342,0,3,0.998069,0.000903038,0.00022877,0.000799267,1.87321,-1.7754,-1.20795,-1.70314
4343,0,3,0.864177,0.117756,0.000503845,0.0175628,0.774773,-1.00637,-1.45061,-1.13545
4344,0,1,0.998401,0.000760688,0.000264949,0.000573077,3.62327,-2.76911,-2.3704,-2.73154
4345,1,1,0.0349198,0.932818,0.00168178,0.0305805,-0.199044,0.183818,-1.28222,-1.19002
4346,1,3,0.996797,0.00254551,0.000106045,0.000551313,1.10555,-1.03861,-1.86473,-1.34716
4347,0,2,0.443756,0.537892,0.00584844,0.0125026,1.39687,-1.04622,-1.62996,-1.5099
4348,0,2,0.995294,0.00323502,0.000144446,0.001327,0.97852,-1.24937,-1.83789,-0.832877
4349,0,0,0.991378,0.00557578,0.000523206,0.00252304,2.93322,-2.71951,-1.87999,-2.42908
4350,1,1,0.0875709,0.908952,0.000578635,0.00289865,-0.705628,0.908167,-1.94296,-1.17656
4351,0,2,0.995898,0.00242084,0.000190729,0.00148998,1.33788,-1.47657,-1.36878,-1.557
4352,3,2,0.741562,0.149339,0.00113911,0.10796,-1.078,0.696132,-1.71707,-0.948702
4353,0,0,0.998535,0.000880809,0.000209211,0.00037515,2.64725,-2.89929,-1.62868,-2.834
4354,2,3,0.0109068,0.00434904,0.971786,0.0129585,-0.122876,-1.36454,0.590695,-1.42896
4355,1,3,0.00187826,0.992154,0.0010093,0.00495824,-3.19779,2.43229,-0.700646,-1.53957
4356,0,0,0.997247,0.00225182,0.000116066,0.000385052,1.55567,-1.67579,-2.03432,-1.43707
4357,0,3,0.835846,0.161404,0.000586681,0.00216282,-0.242887,-0.124589,-1.27679,-1.0053
4358,0,4,0.992595,0.00176008,0.000423398,0.00522139,0.410946,-0.449799,-1.32779,-1.64946
4359,0,2,0.99785,0.00121253,0.000212359,0.000724745,3.20269,-3.4008,-2.08018,-2.07094
4360,0,2,0.997164,0.00147882,0.00026462,0.00109254,1.90498,-1.68332,-1.79573,-1.86955
4361,0,3,0.99837,0.000812892,0.000214555,0.000602323,2.75413,-2.80497,-1.62591,-1.96626
4362,0,3,0.998498,0.000976837,0.000148347,0.000376604,1.99347,-1.72028,-2.03553,-2.37591
4363,0,0,0.970636,0.018378,0.00144229,0.0095437,0.281022,-0.414145,-0.912612,-1.27288
4364,0,2,0.994667,0.00291505,0.000305002,0.00211301,2.49084,-3.06265,-1.57295,-2.12977
4365,0,1,0.998353,0.00098628,0.000218783,0.000441954,1.52152,-1.59217,-1.61063,-1.47245
4366,2,4,0.0381286,0.815623,0.0540595,0.0921887,-1.73828,0.639248,-0.360316,-0.818803
4367,1,1,0.0044411,0.990419,0.000488163,0.00465196,-1.08347,0.790403,-1.46797,-0.604651
4368,0,3,0.996582,0.00296594,0.000145483,0.000306187,0.499514,-0.760693,-1.41468,-1.1383
4369,0,1,0.99763,0.0016281,0.000397428,0.000344617,1.44458,-1.29065,-1.0218,-2.41202
4370,1,2,0.0231298,0.972045,0.000530322,0.00429532,-0.436658,0.678009,-1.48232,-1.43062
4371,0,1,0.997827,0.0015737,0.000218241,0.000380788,0.849418,-0.307469,-2.23475,-1.89369
4372,0,4,0.996226,0.00126001,0.000300158,0.00221355,1.21128,-1.13863,-1.20874,-1.68386
4373,0,0,0.998726,0.000758709,0.000160752,0.00035456,2.61123,-2.90298,-1.86993,-2.28403
4374,0,4,0.988748,0.00649828,0.000704932,0.00404869,-0.346742,0.195956,-1.45259,-1.05545
4375,2,3,0.511283,0.460554,0.0172576,0.0109055,0.70306,-0.847299,-0.713311,-1.69631
4376,0,3,0.998439,0.000904256,0.000170403,0.000486382,2.82942,-2.49771,-1.41737,-2.6987
4377,1,2,0.0148174,0.958842,0.000844146,0.0254962,0.0639046,-0.830664,-1.31585,-0.555278
4378,0,2,0.99503,0.00386134,0.000164275,0.000944416,1.92366,-1.45323,-1.9959,-2.55046
4379,0,3,0.998366,0.00108217,0.00013348,0.000418439,2.51775,-2.84878,-1.93344,-2.31699
4380,0,3,0.28378,0.70649,0.000801764,0.0089282,0.15387,-0.49857,-1.55733,-0.753435
4381,0,3,0.998512,0.000771998,0.000188633,0.000527486,2.98708,-3.10008,-1.97627,-2.1151
4382,0,0,0.996621,0.00272646,0.000268117,0.00038481,0.496034,-0.32931,-1.55561,-2.30012
4383,0,4,0.986959,0.00165211,0.000749038,0.0106398,0.184651,-0.50708,-0.992614,-0.945529
4384,1,4,0.0030089,0.985913,0.00243907,0.0086388,-1.48628,1.23435,-1.10522,-0.806498
4385,0,3,0.992188,0.00500218,0.00048808,0.00232169,2.80244,-3.16964,-1.79402,-2.09422
4386,0,1,0.997194,0.00148901,0.000214721,0.00110222,1.01947,-0.9695,-1.2445,-1.1664
4387,3,2,0.0371201,0.273347,0.0347691,0.654764,-1.15383,-1.22324,0.850942,-1.20049
4388,2,1,0.0172883,0.0414521,0.841991,0.0992686,-0.276773,-0.69339,-0.940403,-0.238587
4389,0,0,0.992649,0.0066827,0.000179989,0.000488307,-0.882794,0.471201,-1.32727,-1.24575
4390,0,0,0.997202,0.00160374,0.000206094,0.000988034,1.69147,-1.62991,-1.63344,-2.15369
4391,1,2,0.00943424,0.985019,0.000566501,0.0049806,-0.649711,0.337813,-0.990918,-0.605735
4392,0,4,0.995156,0.00256751,0.000329304,0.00194755,0.648502,-1.26437,-1.89816,-1.28158
4393,0,1,0.986739,0.0026758,0.001122,0.00946341,1.75083,-2.91383,-1.42887,-1.3104
4394,0,1,0.99308,0.0062034,0.000359509,0.000356711,0.985071,-0.668508,-1.91934,-2.48994
4395,0,3,0.998427,0.000864523,0.000217521,0.000491149,2.46709,-2.31527,-1.36943,-1.94785
4396,0,3,0.998244,0.00122971,0.000156952,0.000369226,1.46851,-1.24138,-1.87738,-2.39547
4397,1,3,0.0225934,0.968881,0.00217392,0.00635218,-0.807401,0.736048,-0.678945,-1.81761
4398,0,0,0.996903,0.00251367,0.000142715,0.000440451,0.728957,-0.734229,-1.25617,-1.49861
4399,0,3,0.99807,0.000930796,0.000159708,0.000839263,1.78335,-1.71563,-1.64025,-1.73591
4400,1,0,0.0253373,0.957355,0.000991167,0.0163161,-0.612598,0.53121,-1.60303,-0.951662
4401,0,2,0.991824,0.0065608,0.000192188,0.00142286,1.61548,-1.71824,-1.09167,-1.89754
4402,1,1,0.0248745,0.970119,0.000443088,0.00456329,-0.222138,0.0641215,-1.38275,-1.60168
4403,0,3,0.99382,0.00222336,0.000225583,0.0037307,1.16857,-1.53777,-1.60041,-0.98411
4404,0,2,0.972711,0.00482796,0.00118893,0.0212721,0.0295579,-1.16262,-1.22005,-0.108442
4405,1,4,0.208866,0.766989,0.00138822,0.0227575,-0.617968,0.246391,-1.25787,-1.15922
4406,0,4,0.998281,0.000712424,0.000245008,0.000761339,2.01082,-2.44174,-1.72122,-2.38792
4407,0,1,0.708499,0.119768,0.00577523,0.165958,0.249379,-0.899597,-1.05026,-0.769195
4408,0,0,0.997903,0.00150322,0.000136316,0.000457562,1.14729,-1.32569,-1.87152,-1.25087
4409,1,4,0.00369679,0.993482,0.000679843,0.00214163,-1.57088,1.45488,-0.99017,-1.72543
4410,0,2,0.99763,0.00132105,0.000256598,0.000792698,2.93579,-2.95536,-1.52999,-2.0973
4411,0,0,0.987767,0.0105259,0.000373285,0.00133379,0.427417,-0.157089,-1.42464,-1.49916
4412,0,4,0.998312,0.000849361,0.000273869,0.000565244,1.63342,-1.21796,-1.74493,-2.43852
4413,0,4,0.966342,0.0317997,0.000458049,0.00139991,0.225934,-1.02727,-1.17956,-0.343813
4414,0,2,0.997684,0.00135775,0.00021191,0.000746167,0.963396,-1.99612,-0.880311,-1.67071
4415,3,1,0.013221,0.0120144,0.00909552,0.965669,-0.460166,-0.529172,-1.18575,0.346329
4416,0,1,0.863764,0.130282,0.00089777,0.0050565,0.120087,-0.326318,-1.72807,-1.42494
4417,0,1,0.998425,0.00084532,0.000246002,0.000483534,2.42909,-2.38439,-1.77505,-2.06619
4418,0,3,0.98582,0.00349006,0.000652569,0.0100374,0.938621,-1.51958,-1.20006,-0.623617
4419,0,0,0.998344,0.00109598,0.000231983,0.000327789,1.96136,-1.26974,-1.75484,-2.53394
4420,1,3,0.00422456,0.99266,0.00026653,0.00284873,-1.28064,1.10069,-1.66102,-0.963483
4421,1,3,0.0754829,0.915538,0.00111251,0.00786699,-0.539672,0.497903,-1.57463,-1.31705
4422,0,3,0.998222,0.00101448,0.00027331,0.000490091,0.813852,-0.761789,-1.1488,-1.57163
4423,0,4,0.997738,0.00133938,0.000377053,0.000545404,0.583183,-0.760017,-0.850157,-1.4332
4424,2,1,0.00249321,0.00206897,0.993145,0.00229237,-1.73032,-0.537141,1.08507,-1.30832
4425,1,0,0.00234068,0.99446,0.000400835,0.00279869,-2.23384,1.68938,-0.981778,-1.39258
4426,1,0,0.0030511,0.993899,0.00032379,0.00272566,-1.20811,0.544846,-1.05513,-0.651938
4427,1,4,0.00975878,0.98599,0.000491708,0.00375959,-0.0601992,-0.0030361,-1.19131,-1.07896
4428,0,1,0.998178,0.00107355,0.000309083,0.000439295,1.32407,-1.4906,-1.49214,-1.54308
4429,0,2,0.0366834,0.010902,0.00587544,0.946539,-0.025586,-0.990686,-0.867144,-0.449289
4430,1,1,0.0338966,0.898879,0.00705327,0.0601715,-0.163175,0.0657218,-1.63082,-0.542764
4431,3,4,0.0132776,0.765684,0.0040101,0.217028,-1.94268,1.25884,-1.34828,-0.320534
4432,0,3,0.996375,0.00213532,0.000219204,0.00127009,0.919486,-0.816189,-1.18922,-1.51628
4433,1,0,0.0128274,0.978293,0.000656501,0.00822354,-0.847626,0.887087,-1.49884,-1.21487
4434,0,2,0.997432,0.00122034,0.000235421,0.00111222,3.99803,-4.27327,-2.29488,-2.72407
4435,3,3,0.934242,0.0357282,0.000926556,0.0291036,0.298605,-1.14476,-1.41329,-0.593675
4436,0,4,0.998116,0.00118476,0.000172693,0.000526762,1.50717,-1.66003,-1.75911,-1.86075
4437,0,1,0.998186,0.000910227,0.00027869,0.00062559,1.22478,-0.89765,-1.43768,-2.4742
4438,1,1,0.0280433,0.213478,0.00678892,0.75169,-1.29347,0.349467,-0.526961,-0.011362
4439,3,1,0.400438,0.393077,0.0026589,0.203826,-0.832011,0.704564,-1.29073,-0.801042
4440,0,1,0.998471,0.000683257,0.000262905,0.00058328,3.44541,-3.30723,-2.05003,-2.44784
4441,0,0,0.995559,0.00310584,0.000281783,0.0010531,1.74835,-2.06894,-1.68256,-1.59137
4442,1,2,0.090808,0.893262,0.00126407,0.0146656,-0.358214,0.0818967,-1.84685,-0.821364
4443,0,4,0.998103,0.00121403,0.00024211,0.000440981,1.33425,-1.16718,-1.43702,-1.93358
4444,1,4,0.0142951,0.981699,0.000479163,0.00352676,-0.815116,0.397747,-1.20212,-0.742863
4445,1,2,0.0381204,0.887324,0.00279671,0.0717593,-0.843454,-0.681263,-1.35544,0.267754
4446,0,0,0.998572,0.000791899,0.000193874,0.000442051,1.29465,-1.4495,-1.43143,-1.07561
4447,0,1,0.987192,0.0110029,0.000358076,0.00144697,1.16421,-1.03473,-1.5053,-2.05253
4448,0,1,0.951493,0.0470034,0.000580241,0.000923608,0.229588,-0.308665,-1.39203,-1.73065
4449,0,1,0.99579,0.00123752,0.000410889,0.00256164,1.91637,-2.50487,-1.45217,-1.13134
4450,0,1,0.609993,0.381724,0.00288054,0.00540263,0.671617,-1.42047,-1.01101,-1.34036
4451,0,1,0.998005,0.00123664,0.000248312,0.000510499,1.53174,-1.66751,-1.38131,-1.63849
4452,0,2,0.997354,0.00128005,0.000238643,0.00112744,3.05052,-3.36026,-1.81208,-1.90544
4453,0,0,0.998369,0.00109173,0.00015636,0.000382486,2.47723,-2.38091,-1.9011,-2.29597
4454,0,0,0.994555,0.00232042,0.000430074,0.00269437,1.40562,-1.52683,-1.28263,-1.42454
4455,0,2,0.997698,0.00125941,0.000209035,0.000833235,1.88654,-1.47725,-1.62897,-1.9791
4456,0,3,0.998594,0.000824267,0.000147783,0.000433511,3.10056,-2.80937,-2.19293,-2.81981
4457,0,4,0.974782,0.0101133,0.000929727,0.0141753,0.545157,-2.84782,-1.46526,-0.391058
4458,0,0,0.990556,0.00578461,0.000534126,0.00312514,1.66803,-1.9847,-1.22152,-1.21881
4459,0,1,0.99697,0.00160493,0.000335755,0.00108914,1.89452,-2.05079,-1.63172,-1.46831
4460,0,4,0.998388,0.000829749,0.000237495,0.000544695,1.61602,-1.56203,-1.56873,-1.72186
4461,0,3,0.995474,0.00405167,0.000123091,0.00035134,1.06873,-0.616834,-1.4589,-1.80126
4462,0,1,0.997531,0.00160427,0.000252595,0.000611891,2.02096,-2.43646,-2.02265,-1.61698
4463,1,0,0.00953342,0.977195,0.00123233,0.0120396,-0.235485,-0.0589765,-1.03423,-0.93655
4464,0,0,0.998445,0.000932055,0.000206755,0.000416027,1.60769,-1.30411,-1.95053,-1.77204
4465,1,4,0.976562,0.0164757,0.0007752,0.0061874,0.257571,-0.381137,-1.40429,-1.15318
4466,0,4,0.997992,0.000814173,0.000227416,0.00096591,3.27805,-3.21951,-1.83454,-2.15594
4467,0,1,0.989468,0.00475538,0.000566841,0.00521003,0.86865,-1.15781,-1.65847,-1.16433
4468,0,1,0.995564,0.00187737,0.00040601,0.00215242,1.99176,-1.91361,-1.64266,-1.72289
4469,0,3,0.997891,0.00106074,0.000164105,0.000883687,2.10277,-1.89472,-1.57755,-2.08469
4470,0,4,0.989881,0.00909953,0.000446846,0.000572643,1.10786,-0.823521,-1.39418,-2.01628
4471,3,1,0.0423817,0.803401,0.00170669,0.15251,-0.472681,0.152305,-0.979264,-0.532412
4472,3,4,0.543854,0.0228903,0.00303202,0.430224,0.699768,-1.40238,-0.865652,-0.191434
4473,0,1,0.992171,0.00322959,0.000473056,0.00412668,0.668421,-0.997558,-0.914987,-0.768994
4474,1,0,0.00584919,0.981763,0.000857598,0.0115307,-0.831484,0.768372,-1.38934,-1.37698
4475,0,3,0.998138,0.000867656,0.000236972,0.000757522,2.64413,-2.62822,-1.39002,-2.58948
4476,0,2,0.997988,0.00120797,0.000157526,0.000645951,0.873312,-1.00542,-1.62179,-1.28469
4477,2,0,0.000897485,0.00150447,0.995813,0.00178486,-2.60173,-1.70532,2.12305,-1.25551
4478,0,3,0.998468,0.000739496,0.000190848,0.000601794,2.92398,-3.20071,-2.21227,-2.11989
4479,1,4,0.0215567,0.975255,0.000400847,0.00278787,-0.906946,0.920727,-1.40222,-1.60529
4480,1,2,0.0325496,0.94499,0.00119171,0.0212685,-0.202142,0.0412885,-1.20041,-1.05256
4481,0,4,0.997069,0.00178363,0.000146695,0.00100052,0.93105,-1.90624,-1.3893,-0.95752
4482,0,2,0.631056,0.363803,0.000749062,0.00439128,0.909039,-0.581414,-1.67593,-1.24871
4483,0,4,0.166458,0.0120523,0.0065463,0.814944,1.09148,-1.00654,-1.16948,-1.16574
4484,0,0,0.997494,0.00160734,0.000175303,0.000723778,1.79397,-1.63069,-1.62476,-2.05203
4485,0,3,0.998475,0.000853658,0.00020757,0.000464126,1.11972,-1.25376,-1.17329,-1.32713
4486,1,1,0.00462918,0.993299,0.000494387,0.00157731,-1.32527,1.80884,-1.15366,-2.38542
4487,3,2,0.0246792,0.0520358,0.00844189,0.914843,-0.859151,-0.412414,-0.981014,0.00589659
4488,1,1,0.00913221,0.844019,0.00593664,0.140912,-0.0230352,-0.0985502,-0.890573,-1.29368
4489,1,1,0.0164176,0.977643,0.000607947,0.00533196,-0.459164,0.558665,-1.71302,-1.05312
4490,1,3,0.99598,0.00241631,0.000346069,0.00125724,0.393811,-0.548801,-1.56399,-1.56502
4491,1,1,0.00201462,0.992896,0.000431879,0.0046579,-2.13774,1.52147,-1.40999,-0.899444
4492,0,3,0.980507,0.0109913,0.00043917,0.00806302,0.507216,-1.12901,-1.43813,-0.895751
4493,0,1,0.998263,0.000821583,0.000305508,0.000609953,1.80674,-1.61873,-1.68632,-1.5823
4494,3,4,0.0183549,0.370834,0.00416815,0.606643,-1.42201,0.494899,-1.15403,-0.0621193
4495,0,3,0.125143,0.870366,0.000432355,0.00405824,0.137855,0.0809887,-1.36376,-1.78887
4496,0,3,0.998596,0.000763068,0.00017043,0.000470572,2.66935,-2.96725,-1.73944,-1.67986
4497,0,3,0.997539,0.00202206,0.000126519,0.000312526,0.351082,-0.251031,-1.32548,-1.99433
4498,0,2,0.996953,0.00170341,0.000250974,0.00109231,2.9238,-2.91659,-1.68092,-2.67505
4499,0,0,0.993482,0.00561702,0.000298747,0.000602307,0.467352,-0.364747,-1.54439,-1.52091
4500,0,2,0.997675,0.00120524,0.00020903,0.000910651,1.75947,-1.65469,-1.53745,-2.11648
4501,0,0,0.998516,0.000793402,0.000177898,0.000512759,1.84798,-1.76757,-1.53648,-2.03953
4502,1,4,0.338176,0.631179,0.00997547,0.0206692,0.16216,-0.420951,-1.74543,-1.36165
4503,0,0,0.998638,0.00078502,0.000142128,0.000435226,2.43107,-1.93241,-2.14402,-2.71013
4504,0,1,0.998204,0.000794705,0.000313958,0.000687759,1.96816,-2.0661,-1.92107,-1.63892
4505,1,3,0.310447,0.194962,0.0296911,0.4649,0.262443,-0.700992,-1.57966,-0.513131
4506,0,2,0.908658,0.0885745,0.000447864,0.0023193,1.67021,-1.35063,-1.56333,-1.76344
4507,1,1,0.00376996,0.984855,0.00112424,0.0102503,-1.93669,1.73011,-1.16653,-1.31741
4508,0,4,0.97086,0.0192903,0.000593209,0.00925672,0.37819,-0.531871,-1.35898,-1.3823
4509,1,1,0.0270798,0.970102,0.00064342,0.00217454,-0.335248,0.164647,-1.43111,-0.704779
4510,0,4,0.986776,0.00721725,0.000437683,0.0055689,0.151316,-0.410499,-1.79944,-1.27425
4511,0,2,0.98777,0.00791911,0.000529512,0.00378112,1.65804,-1.56865,-1.30422,-1.62226
4512,0,0,0.997231,0.00175112,0.000294649,0.000723588,2.12345,-2.06634,-1.78005,-1.8105
4513,0,4,0.998229,0.000748034,0.000300761,0.000722193,2.65397,-3.19186,-1.36709,-1.70911
4514,0,4,0.991315,0.00478291,0.000480091,0.00342153,-0.386086,0.134476,-1.53828,-0.393919
4515,3,4,0.00815073,0.947633,0.00253982,0.0416768,-1.04486,0.312945,-1.176,-0.367659
4516,1,2,0.0309054,0.965201,0.000336687,0.00355666,-0.538449,1.07806,-1.83103,-1.55361
4517,1,4,0.0330036,0.962155,0.000420146,0.00442099,0.512195,-1.24935,-1.61895,-0.414704
4518,0,2,0.435661,0.549653,0.0012576,0.0134284,0.777095,-0.944612,-1.30979,-1.10795
4519,0,3,0.997949,0.00138625,0.00019796,0.000466608,0.170689,-0.242126,-1.21559,-1.09302
4520,3,2,0.346154,0.0306032,0.00313548,0.620107,-0.576918,-0.269459,-0.985659,-0.107958
4521,1,1,0.102591,0.869113,0.00101168,0.0272838,-0.737075,0.374323,-1.29007,-0.855218
4522,0,3,0.993585,0.0045343,0.000216044,0.00166482,0.661429,-0.53274,-1.42762,-1.09022
4523,0,1,0.998444,0.000831418,0.00025731,0.000467752,2.69029,-2.22739,-1.47122,-2.78145
4524,3,3,0.0120048,0.565023,0.00635083,0.416622,-0.506849,-0.821196,-0.482888,-0.0712481
4525,0,2,0.996269,0.00197078,0.000371386,0.00138933,3.24103,-3.54579,-1.45318,-2.44865
4526,0,3,0.998037,0.00125493,0.000215744,0.000491918,2.63481,-2.54483,-1.60202,-2.53024
4527,0,0,0.997176,0.00226378,0.000112049,0.000448384,1.56456,-1.17002,-1.71279,-2.51623
4528,0,4,0.985438,0.0112734,0.000281656,0.00300745,0.453511,-0.153822,-1.65433,-1.27448
4529,0,4,0.998554,0.000703629,0.000207992,0.000534248,1.61575,-1.22046,-1.60265,-2.58312
4530,0,4,0.99724,0.00106316,0.000392644,0.00130388,2.49248,-2.62735,-2.01967,-1.60986
4531,0,2,0.92548,0.0266999,0.00154014,0.0462799,-0.18777,-0.592572,-1.34334,-0.653932
4532,0,0,0.946365,0.0107101,0.00161225,0.0413123,1.04388,-1.33129,-0.889684,-1.14747
4533,0,4,0.996567,0.00149828,0.000379565,0.00155492,0.405026,-0.777778,-1.56554,-1.09589
4534,0,4,0.997962,0.000957429,0.000243498,0.000837534,2.08406,-2.5735,-1.23961,-1.44835
4535,0,0,0.997514,0.0019088,0.000109704,0.000467316,0.561568,-0.871276,-1.79129,-1.1035
4536,0,1,0.0141131,0.983863,0.000335902,0.00168763,-0.505369,0.603525,-1.20504,-1.27411
4537,0,1,0.997591,0.00176377,0.000190308,0.000454746,1.66063,-1.86235,-1.60094,-1.56172
4538,1,2,0.027854,0.956102,0.000751583,0.0152926,-0.931488,0.637781,-1.95122,-0.478206
4539,2,3,0.0029072,0.00167927,0.991501,0.00391206,-1.94142,-1.7807,1.04349,-0.891041
4540,0,0,0.645126,0.255988,0.00449797,0.0943884,-0.357104,0.0940007,-1.0394,-0.963332
4541,1,0,0.991154,0.0082527,0.000124487,0.000468893,0.857992,-0.536125,-1.29119,-1.96278
4542,0,0,0.996019,0.00128209,0.00019604,0.00250287,0.848287,-1.43188,-1.30961,-0.806092
4543,0,1,0.997758,0.00142301,0.000274252,0.000544351,0.0269617,0.500813,-2.28596,-2.09719
4544,0,3,0.997827,0.00141204,0.000268966,0.000491814,0.23315,0.166156,-1.84802,-2.15781
4545,2,1,0.00255757,0.00177504,0.993239,0.00242856,-1.00533,-2.00481,0.61741,-0.741654
4546,0,3,0.998229,0.000946528,0.00026594,0.000558613,2.36581,-2.56062,-1.70837,-2.49898
4547,3,2,0.947264,0.0245808,0.00114882,0.0270066,1.3554,-1.0898,-1.82486,-1.67052
4548,0,1,0.9975,0.00151144,0.000203356,0.000785659,1.49212,-1.03616,-2.26763,-1.97694
4549,0,0,0.998491,0.000763734,0.000181403,0.000564243,3.45312,-3.43786,-1.87709,-3.02676
4550,1,0,0.00582989,0.991025,0.000317228,0.00282742,-0.52251,-0.00117969,-1.10407,-0.536756
4551,0,4,0.988441,0.00309419,0.000731356,0.00773336,1.38548,-1.456,-1.15885,-1.27054
4552,0,4,0.729398,0.0266984,0.00883002,0.235073,0.577024,-1.23611,-1.0178,-1.33441
4553,1,4,0.00633364,0.990896,0.000378142,0.00239227,-0.92017,0.915605,-1.42287,-1.30584
4554,0,2,0.93633,0.0553322,0.000455237,0.00788234,1.50386,-1.8943,-1.28057,-1.02655
4555,0,3,0.99528,0.0040849,0.000131774,0.000503174,0.788207,-0.710746,-2.01287,-1.33499
4556,0,3,0.0110018,0.986368,0.000269537,0.0023605,-0.317332,0.116951,-1.31636,-1.01268
4557,0,0,0.998185,0.00127115,0.000235139,0.000308482,1.84296,-1.7742,-1.46128,-1.66219
4558,0,3,0.979753,0.0140576,0.000774702,0.00541438,0.825761,-0.995017,-2.27822,-0.993759
4559,1,2,0.0217901,0.971003,0.00107223,0.00613418,-0.956249,0.895961,-1.55386,-1.00158
4560,0,4,0.997969,0.00111826,0.000213216,0.000699109,1.1585,-0.980025,-1.90817,-1.81001
4561,1,1,0.165926,0.248773,0.0333732,0.551927,-0.0868569,-0.38571,-0.240253,-1.64084
4562,0,3,0.99726,0.0019327,0.000144731,0.000662725,1.79828,-1.89212,-1.62861,-1.99289
4563,0,1,0.982899,0.0151411,0.00049886,0.00146051,1.31412,-1.20622,-1.69447,-2.15884
4564,0,4,0.972501,0.0142914,0.00055821,0.0126491,0.474031,-1.66082,-1.2681,-0.516392
4565,0,2,0.996676,0.00248139,0.000216716,0.000625865,1.6912,-1.48966,-1.63756,-2.23901
4566,0,1,0.998388,0.00100479,0.00019574,0.000411961,1.71146,-1.5612,-1.74003,-1.91987
4567,0,1,0.983737,0.00885003,0.00178749,0.00562542,0.875702,-1.54337,-0.424714,-1.38768
4568,0,1,0.0200672,0.233273,0.00604293,0.740617,-0.220706,-0.622767,-1.49182,-0.0951375
4569,0,3,0.998458,0.000907812,0.000175816,0.000458711,2.88275,-2.53291,-2.2831,-2.49478
4570,0,3,0.954684,0.0437448,0.000225332,0.00134572,0.667175,-0.795436,-1.09471,-1.68796
4571,0,4,0.998256,0.000620159,0.000218762,0.000904974,2.84235,-2.89455,-1.77607,-1.95714
4572,0,0,0.994282,0.0043065,0.000383907,0.00102739,-0.0667053,0.410093,-2.24625,-2.09205
4573,3,4,0.994619,0.00363653,0.000242209,0.00150267,0.247659,-0.565381,-1.37846,-1.02369
4574,0,3,0.984494,0.00883093,0.000555248,0.00611999,0.253706,-1.61641,-1.36409,-0.182918
4575,0,4,0.996617,0.00175346,0.00022978,0.00139935,0.789603,-0.816872,-1.62848,-1.06045
4576,0,2,0.981149,0.0134987,0.000434338,0.00491763,-0.146031,-0.353635,-1.22856,-0.793751
4577,0,4,0.0496793,0.943348,0.000853528,0.0061187,-1.15615,0.761406,-1.21497,-1.57249
4578,0,2,0.997706,0.00125451,0.000195225,0.000843887,1.99283,-1.99189,-2.29811,-2.28048
4579,0,4,0.998041,0.000784551,0.000259223,0.000915444,1.58415,-1.48325,-1.61556,-2.14889
4580,0,3,0.998406,0.000925669,0.000163231,0.000505741,1.38161,-1.6617,-2.22874,-1.54713
4581,1,3,0.587144,0.395346,0.00308105,0.0144286,0.35764,-0.358701,-0.811708,-2.42832
4582,1,3,0.218847,0.775121,0.00160847,0.00442382,-0.747092,0.468221,-0.912695,-1.33503
4583,0,1,0.998039,0.000813416,0.000331551,0.000815803,2.6825,-2.65607,-2.01235,-1.55154
4584,0,3,0.99835,0.00085773,0.00022973,0.000562513,2.74304,-2.69798,-2.23386,-2.21266
4585,0,0,0.986386,0.00937266,0.000663226,0.00357837,1.35226,-1.56949,-1.04558,-1.47354
4586,0,0,0.998314,0.00117234,0.000167413,0.000346203,1.72523,-1.2481,-1.58432,-2.73926
4587,0,0,0.623751,0.208675,0.0137133,0.153861,-0.666064,0.167548,-0.878277,-0.813286
4588,0,4,0.998094,0.00094271,0.000270091,0.000693078,1.61003,-2.08854,-1.70863,-1.21952
4589,0,4,0.996036,0.00180984,0.000212388,0.00194167,0.5434,-1.42189,-1.45324,-0.499892
4590,0,1,0.997784,0.00137792,0.000206618,0.000631475,1.27202,-1.29498,-1.63626,-1.66646
4591,3,4,0.648728,0.0478504,0.0190429,0.284379,0.00736345,-0.923699,-1.12325,0.20702
4592,0,2,0.996708,0.00203623,0.000181079,0.00107511,0.833914,-1.67034,-1.60595,-0.832437
4593,0,0,0.996337,0.00299211,0.000147449,0.000523773,0.309006,-0.244028,-2.09619,-1.55658
4594,0,0,0.976828,0.0215915,0.000350873,0.00122946,0.979199,-1.21527,-1.13969,-1.22889
4595,0,0,0.995127,0.00437109,0.000129206,0.00037314,0.617196,-0.790382,-1.46361,-1.22335
4596,0,1,0.862059,0.135601,0.000770892,0.00156946,0.700712,-0.151847,-1.429,-2.0277
4597,1,0,0.00565835,0.992398,0.000289239,0.00165473,-1.0584,0.812336,-0.944066,-1.27379
4598,0,2,0.990695,0.0042555,0.00080193,0.00424719,0.849514,-0.91419,-1.1313,-1.35099
4599,1,4,0.00442497,0.990202,0.000539174,0.00483385,-2.11571,1.36917,-1.32299,-0.690569
4600,0,2,0.996928,0.00183819,0.000174521,0.00105971,1.60493,-1.80556,-2.30754,-1.44564
4601,0,3,0.0446112,0.942716,0.00126552,0.0114069,1.14013,-1.34246,-1.59786,-1.68451
4602,0,2,0.997886,0.00112036,0.000194879,0.00079912,2.26946,-1.95173,-1.68656,-2.04137
4603,0,4,0.996594,0.00233428,0.000217546,0.00085455,1.8946,-1.77531,-0.982652,-2.06704
4604,0,4,0.997237,0.00222773,0.000165607,0.000369575,-0.0756056,-0.0139221,-1.62076,-1.62667
4605,0,1,0.998263,0.000823189,0.000304317,0.000609952,2.46017,-2.89157,-1.21189,-1.91038
4606,0,4,0.994827,0.00195643,0.000381128,0.0028355,0.544769,-1.14389,-1.25392,-0.327181
4607,0,3,0.997805,0.00169408,0.0001007,0.000399833,1.30437,-0.883028,-1.57069,-1.79066
4608,0,1,0.992819,0.00542664,0.000244144,0.00151024,0.941692,-1.82985,-1.21379,-1.10623
4609,0,0,0.986391,0.0101641,0.000586442,0.00285852,0.629612,-0.534438,-1.35171,-1.3835
4610,0,2,0.997159,0.00150945,0.000225458,0.0011065,2.42675,-2.80303,-1.9678,-1.64169
4611,0,2,0.997468,0.001218,0.000268345,0.00104589,1.36411,-1.77817,-1.28723,-1.06506
4612,1,1,0.158466,0.757108,0.00342489,0.0810009,-0.0110931,-0.473418,-1.72784,-1.29444
4613,2,4,0.993818,0.00328269,0.000418981,0.00248033,2.22826,-1.72202,-1.9635,-1.89484
4614,0,4,0.998539,0.000790327,0.000157305,0.000513272,2.4913,-2.11656,-1.78054,-2.40713
4615,0,1,0.464797,0.526684,0.00393581,0.00458349,1.33462,-0.92509,-0.945919,-2.90499
4616,0,3,0.997986,0.00148728,0.000124127,0.000403042,0.861008,-1.34298,-1.23722,-1.67928
4617,0,4,0.996603,0.00201623,0.000171089,0.00120984,2.04824,-2.13908,-1.72722,-1.34783
4618,0,2,0.84289,0.0966234,0.00100246,0.0594843,-0.157675,-0.770806,-1.64315,0.428976
4619,1,2,0.105904,0.871699,0.00112097,0.0212755,0.220719,-0.433782,-1.63688,-0.856825
4620,1,4,0.0335926,0.959446,0.00275879,0.00420255,0.527562,-0.492413,-1.4752,-1.68965
4621,0,4,0.123674,0.860147,0.00318195,0.012997,0.615364,-0.809748,-1.37077,-1.39945
4622,3,3,0.938456,0.0593525,0.000288892,0.0019023,-0.397015,0.473177,-1.52623,-1.66091
4623,1,2,0.00914326,0.98747,0.000934499,0.00245248,-1.5639,1.67437,-1.02729,-2.04092
4624,0,2,0.997594,0.00121222,0.000206982,0.000986494,0.759146,-1.05556,-1.34628,-1.60817
4625,1,1,0.0050061,0.991512,0.00045641,0.00302599,-0.264732,0.388719,-1.09316,-1.47094
4626,0,0,0.997204,0.00125266,0.000210159,0.00133345,1.77783,-1.71976,-1.71135,-1.66953
4627,0,3,0.975009,0.022057,0.000433309,0.00250084,0.906614,-1.01259,-1.32134,-1.35836
4628,1,2,0.0137978,0.977033,0.0013665,0.00780249,-1.69587,1.35602,-0.982065,-0.958788
4629,0,4,0.990055,0.00199907,0.000655372,0.0072909,1.82646,-1.45307,-1.62278,-1.71337
4630,0,1,0.992775,0.00607876,0.000270759,0.000875728,1.60904,-1.25362,-1.81394,-2.43118
4631,0,4,0.988417,0.0104417,0.000320748,0.000820661,0.529624,-0.522808,-1.9021,-1.47179
4632,0,2,0.997455,0.00143935,0.000255553,0.000850292,2.65923,-2.62598,-1.5852,-2.37717
4633,0,0,0.997616,0.00122534,0.000195207,0.000963662,1.89193,-2.09568,-1.6357,-1.4205
4634,0,2,0.956696,0.0143154,0.00101002,0.0279787,0.963256,-0.952033,-1.66811,-1.05202
4635,0,0,0.996751,0.00243834,0.000148667,0.000662387,1.20961,-1.36962,-1.43152,-1.10421
4636,0,4,0.996355,0.00136125,0.000265959,0.00201769,1.03708,-1.09068,-1.74754,-1.66963
4637,0,1,0.661942,0.325453,0.00302378,0.00958143,0.277022,-0.366217,-0.793633,-1.49052
4638,0,1,0.986848,0.00791557,0.000581012,0.0046556,0.687063,-0.697289,-1.57632,-1.49472
4639,1,1,0.0458791,0.94336,0.000775639,0.00998524,-0.767831,0.385927,-0.858805,-1.09246
4640,1,2,0.00398232,0.988337,0.000660655,0.00701996,-1.02192,0.880008,-1.1348,-1.45138
4641,0,2,0.983259,0.0133269,0.000377433,0.00303618,0.759078,-0.668045,-1.20711,-1.44537
4642,0,2,0.994269,0.00484246,0.000172701,0.000715824,0.851562,-1.03017,-1.10031,-1.31782
4643,0,0,0.997872,0.00143154,0.000170306,0.000526634,1.34968,-2.01958,-1.43878,-1.18404
4644,0,1,0.997396,0.0016119,0.000221582,0.000770383,1.52874,-1.74601,-1.2175,-1.18723
4645,0,0,0.976773,0.00529868,0.00144293,0.0164853,1.00768,-1.5276,-1.40274,-0.80221
4646,0,0,0.998224,0.00111528,0.00015512,0.000505649,1.96246,-1.74598,-1.52903,-1.66306
4647,0,3,0.998566,0.000772794,0.00016167,0.000499929,2.55964,-1.61675,-2.07965,-2.95395
4648,0,3,0.996747,0.0027833,0.000138843,0.000331122,1.87254,-1.67486,-1.90067,-2.10296
4649,0,4,0.993036,0.00237646,0.000326046,0.00426139,1.49322,-1.61566,-1.36172,-1.18526
4650,0,4,0.998299,0.000695254,0.000282007,0.000723656,2.0126,-2.17896,-1.34693,-1.41762
4651,0,2,0.0741575,0.917202,0.00284606,0.0057943,-0.399559,0.480718,-1.05194,-1.73359
4652,0,2,0.739739,0.249481,0.00162134,0.00915862,-0.177925,0.323671,-0.97943,-1.47259
4653,0,0,0.998415,0.00087727,0.000183886,0.000523842,2.33872,-2.66236,-1.89304,-1.65708
4654,0,4,0.964039,0.0110387,0.0010813,0.0238414,0.361545,-0.872052,-1.07016,-0.515156
4655,1,2,0.0259421,0.851567,0.00171274,0.120778,-1.83744,0.763403,-0.959258,0.0656258
4656,0,1,0.998423,0.000837104,0.000239366,0.000500835,2.84018,-2.3882,-1.94012,-2.27217
4657,0,4,0.964713,0.0301447,0.000900566,0.00424216,1.17034,-1.57937,-1.10346,-0.70441
4658,1,0,0.07264,0.872387,0.00262372,0.0523494,-0.0848409,-0.756211,-0.871209,-0.710163
4659,0,1,0.998157,0.0010405,0.000300739,0.00050168,0.831593,-0.765279,-1.52175,-1.67596
4660,0,4,0.998466,0.000684589,0.000257819,0.000591884,3.08125,-2.7786,-1.52608,-2.61774
4661,0,0,0.99815,0.00132045,0.000143733,0.000386154,1.65739,-1.91012,-1.52496,-1.40846
4662,1,3,0.0106895,0.975484,0.0045395,0.0092872,-1.02254,0.275327,-0.530539,-1.32586
4663,0,3,0.996349,0.00306909,0.000164493,0.000417594,0.668546,-0.629998,-1.41681,-1.44143
4664,0,1,0.99707,0.00229246,0.000207278,0.00043032,0.898596,-1.07398,-1.22173,-1.52682
4665,1,3,0.0386016,0.959281,0.000524382,0.00159328,-0.358248,0.0575647,-1.0979,-0.782581
4666,0,4,0.992861,0.00140776,0.000515866,0.00521515,1.2802,-1.53728,-1.23546,-1.70637
4667,0,1,0.982895,0.0146233,0.000462269,0.00201981,0.238758,-0.509743,-1.35113,-0.88283
4668,0,0,0.989057,0.00593017,0.000507902,0.00450483,0.909546,-1.24077,-1.10245,-1.27452
4669,0,4,0.998156,0.000860919,0.000174395,0.000808759,2.03811,-1.67108,-1.65647,-1.95712
4670,0,3,0.997926,0.000813324,0.000239715,0.00102113,1.42151,-1.63587,-1.82849,-1.24145
4671,0,0,0.991977,0.00678169,0.000263244,0.000978069,0.997909,-1.05802,-1.37328,-1.3046
4672,0,3,0.997611,0.00113658,0.000271547,0.000980747,1.94902,-2.59362,-1.49449,-1.54484
4673,1,2,0.0572811,0.818336,0.00227176,0.122111,-0.550839,0.537887,-0.955811,-1.33712
4674,0,3,0.998376,0.00114413,0.000166445,0.0003134,2.3582,-2.3701,-1.5285,-1.78932
4675,0,2,0.997577,0.00148232,0.00019368,0.000746816,0.798735,-0.825711,-1.33643,-1.77193
4676,0,0,0.998028,0.00128719,0.000152388,0.000532925,1.33813,-1.68291,-1.18327,-1.39081
4677,0,4,0.884356,0.108655,0.00122486,0.00576414,0.0120948,0.23141,-1.52827,-1.67362
4678,3,2,0.742785,0.189927,0.00293646,0.0643516,-0.0888288,-0.252634,-1.24938,-0.550411
4679,0,3,0.997969,0.00133969,0.000194515,0.000496711,2.74372,-2.97973,-1.40727,-1.81503
4680,0,3,0.988595,0.00352733,0.000294964,0.00758311,0.880908,-0.770159,-1.73217,-0.862751
4681,2,1,0.00477457,0.00233263,0.991038,0.00185429,-1.19265,-1.03879,1.43857,-2.62786
4682,0,4,0.968371,0.0257747,0.000397241,0.00545703,0.832478,-0.590047,-1.29376,-1.75634
4683,1,0,0.00999313,0.987785,0.000354117,0.00186817,-0.560826,0.409207,-1.72606,-1.85278
4684,1,1,0.00761236,0.98637,0.00277864,0.00323905,-1.03118,0.961184,-1.71317,-1.13999
4685,0,4,0.991328,0.00353363,0.000500198,0.00463807,0.336104,-1.10916,-1.11055,-0.491028
4686,1,3,0.0366311,0.959607,0.000570518,0.00319143,-0.698291,1.12635,-1.30186,-2.12472
4687,0,0,0.997841,0.0014958,0.000281878,0.000381537,1.97346,-2.05985,-1.29512,-1.63804
4688,0,2,0.991782,0.00738431,0.00019828,0.000635075,1.18124,-1.46389,-1.26724,-1.5554
4689,1,2,0.922489,0.0706846,0.000519262,0.0063074,1.56161,-0.668665,-1.79171,-2.56515
4690,1,2,0.112677,0.858163,0.00101665,0.0281434,-0.886474,-0.0246867,-1.47114,-0.156068
4691,2,0,0.00208273,0.00110074,0.994885,0.00193187,-2.0161,-1.30432,0.979529,-0.353317
4692,0,3,0.998058,0.00113708,0.000161904,0.000643477,1.85209,-1.78873,-1.16154,-1.93464
4693,1,0,0.00407249,0.994075,0.000364823,0.00148725,-1.47722,1.31471,-1.15172,-1.38537
4694,1,0,0.00238935,0.99162,0.000587253,0.00540291,-1.00454,0.889068,-1.499,-1.14337
4695,0,0,0.998183,0.00125757,0.00019342,0.000365616,2.23311,-2.08017,-1.12639,-2.2841
4696,0,1,0.998315,0.000828879,0.000280912,0.00057527,2.34125,-3.5136,-1.72277,-1.5206
4697,2,2,0.00388232,0.00843846,0.983964,0.0037154,-1.56581,-0.467591,0.937977,-1.60269
4698,0,1,0.124474,0.870799,0.00136401,0.00336279,-0.545259,0.00605099,-1.38567,-1.02546
4699,1,3,0.0697078,0.261921,0.187095,0.481276,-0.867351,0.58502,-1.27848,-0.790418
4700,1,0,0.889167,0.10313,0.000497581,0.00720558,0.461983,-0.428842,-1.2151,-1.37912
4701,0,0,0.997799,0.00155837,0.000132366,0.000510394,1.14985,-1.67755,-1.21805,-0.998242
4702,0,0,0.998662,0.00077817,0.000217572,0.000342289,1.96301,-2.11312,-1.24228,-1.65899
4703,0,2,0.981596,0.00416322,0.000788382,0.0134522,1.35432,-1.54989,-1.29174,-1.25116
4704,0,4,0.998457,0.000781819,0.000177194,0.000583842,2.99713,-2.46227,-2.12623,-2.78833
4705,1,3,0.0551054,0.943023,0.000399903,0.00147138,-1.17811,0.935763,-1.51312,-0.842737
4706,0,3,0.998191,0.00101643,0.000285858,0.000506621,1.91859,-2.01286,-1.38171,-1.74339
4707,1,2,0.198489,0.780453,0.00155749,0.0195001,0.473387,-0.728278,-1.42885,-1.04069
4708,0,1,0.912416,0.0131683,0.0024598,0.0719561,0.288041,-0.676628,-1.0037,-0.515958
4709,3,1,0.0596563,0.666915,0.0158074,0.257621,-0.169553,-0.174586,-1.34832,-0.629165
4710,0,3,0.97327,0.0162784,0.00093374,0.00951833,2.13641,-2.81391,-1.49164,-1.47868
4711,0,2,0.946069,0.00750374,0.00167922,0.044748,1.23379,-1.48242,-1.39338,-1.19621
4712,0,1,0.998195,0.000951129,0.000301339,0.000552086,1.38297,-1.60574,-1.36259,-1.78608
4713,0,2,0.997618,0.00135898,0.000244845,0.000778116,2.88418,-2.58969,-1.94802,-2.79694
4714,0,1,0.994185,0.00200349,0.000459432,0.00335194,0.608572,-1.31487,-1.2977,-0.588284
4715,0,2,0.997352,0.00190384,0.000189521,0.000554861,0.624938,-1.05,-1.50524,-1.44031
4716,0,2,0.997155,0.00120461,0.000281684,0.00135835,2.28913,-2.33194,-1.71369,-2.08588
4717,0,4,0.960705,0.0364766,0.000753728,0.00206491,0.664573,-0.85363,-1.1471,-1.51858
4718,0,4,0.26656,0.727422,0.000713033,0.00530478,0.673731,-1.0681,-1.37102,-1.51804
4719,0,4,0.998252,0.000712403,0.000284206,0.000751713,3.1623,-3.84449,-1.63356,-1.8188
4720,0,2,0.99727,0.00122372,0.000281167,0.00122492,3.49566,-3.16143,-1.90685,-3.29119
4721,0,1,0.997186,0.00139742,0.000323594,0.00109257,1.45062,-1.50632,-1.84085,-1.59992
4722,1,0,0.00650048,0.989567,0.000330668,0.0036022,-0.960224,0.853415,-1.6501,-1.12646
4723,3,3,0.61583,0.00696257,0.00514392,0.372064,-0.30911,-1.83431,-1.22248,0.670933
4724,1,4,0.357583,0.627578,0.000672991,0.0141661,-0.657121,0.642309,-1.52044,-1.09244
4725,0,4,0.9952,0.00236079,0.000343778,0.00209564,1.54589,-2.41086,-1.01118,-1.46192
4726,0,3,0.993693,0.00371386,0.000404456,0.00218861,2.34401,-2.60881,-2.12325,-2.13973
4727,0,4,0.997785,0.00124485,0.00022472,0.000745514,2.56144,-2.83584,-1.61278,-2.16172
4728,0,1,0.993015,0.00551453,0.000305091,0.00116497,1.18211,-1.45412,-1.06556,-1.73379
4729,0,4,0.996347,0.00187152,0.000194959,0.00158679,1.75263,-1.8343,-1.61886,-1.21133
4730,0,4,0.998175,0.00106415,0.000226571,0.000534046,2.04031,-1.88303,-1.16836,-1.92039
4731,1,2,0.0110324,0.20275,0.773433,0.0127853,-1.61748,0.509811,-0.0706241,-1.26042
4732,3,1,0.00964732,0.828656,0.0023049,0.159392,-0.574492,0.316021,-1.49554,-0.525017
4733,0,2,0.98518,0.00759947,0.000799025,0.0064213,1.60979,-1.74148,-0.816683,-2.12675
4734,1,0,0.0885008,0.802004,0.00419212,0.105303,-0.698686,0.282909,-0.954415,-0.736075
4735,0,0,0.998606,0.000876581,0.00013775,0.000379599,1.01178,-0.389097,-1.67461,-2.74454
4736,0,0,0.982141,0.0154768,0.00109945,0.00128288,-0.107937,-0.496162,-0.925769,-1.01465
4737,0,2,0.996622,0.00244757,0.000190123,0.000740295,0.730983,-0.183828,-1.4254,-2.31593
4738,0,4,0.793013,0.177985,0.000771278,0.0282302,-0.0804357,0.151266,-1.6976,-1.34141
4739,1,0,0.926474,0.0693794,0.000433188,0.00371306,-0.37164,0.469339,-1.30922,-1.17717
4740,1,0,0.00449042,0.992657,0.000341562,0.00251153,-1.90647,1.04252,-1.28845,-0.499678
4741,0,2,0.980304,0.0180516,0.00025165,0.00139267,1.42183,-0.969395,-1.62538,-2.28919
4742,0,1,0.998348,0.00101858,0.000231532,0.000402402,2.50021,-2.43218,-1.43548,-2.24755
4743,0,4,0.998332,0.000710376,0.000267008,0.00069054,2.80894,-3.22999,-1.77477,-2.09239
4744,0,4,0.996178,0.00108086,0.000297808,0.0024429,2.19233,-2.99829,-1.50312,-1.35981
4745,0,4,0.997357,0.00114744,0.000291822,0.00120368,1.31797,-1.33082,-1.89747,-1.39315
4746,0,2,0.997736,0.00109852,0.000214419,0.000950692,2.81041,-2.28357,-1.85842,-2.22649
4747,1,1,0.0136314,0.974956,0.00433774,0.00707531,-0.659965,0.878395,-1.20761,-1.57816
4748,0,3,0.965997,0.0275811,0.000638199,0.00578343,1.38501,-1.22454,-1.72912,-2.16518
4749,1,3,0.0612368,0.770826,0.020066,0.147871,-0.559555,0.249099,-1.10629,-0.500265
4750,0,3,0.993302,0.00474128,0.000302213,0.00165462,2.17007,-2.14091,-1.74972,-1.5866
4751,2,3,0.00142402,0.00146778,0.993598,0.00351073,-1.18699,-1.1997,1.04222,-0.97412
4752,0,3,0.998436,0.000962572,0.000177537,0.000424229,2.62719,-2.16954,-2.22824,-2.89126
4753,0,1,0.98955,0.00534967,0.000658887,0.00444154,1.95019,-2.05497,-1.37575,-1.59267
4754,0,0,0.997306,0.00212794,0.000274128,0.000291807,0.489522,-0.103798,-1.85789,-2.58943
4755,0,2,0.46667,0.0147541,0.00453504,0.514041,-0.100955,-2.18733,-1.49419,-0.0123492
4756,0,4,0.00768749,0.963573,0.00169698,0.0270424,-0.804927,0.98726,-1.4587,-1.40732
4757,0,3,0.998273,0.00102749,0.000213698,0.000486301,2.93461,-2.89493,-1.52444,-2.45697
4758,0,1,0.978296,0.00960494,0.00104909,0.0110498,1.39462,-1.90199,-1.44062,-1.66484
4759,1,4,0.998257,0.00104468,0.000159115,0.00053933,2.52985,-2.03845,-1.80903,-2.42814
4760,0,3,0.996766,0.00255665,0.000121578,0.00055562,1.66971,-1.51827,-1.56378,-1.95891
4761,0,4,0.997772,0.00149424,0.000195619,0.000538017,0.797647,-1.0998,-1.77649,-1.2582
4762,0,0,0.998325,0.000826463,0.000204721,0.00064365,3.11912,-3.10117,-1.75402,-1.92709
4763,0,1,0.997231,0.00141119,0.000287823,0.00107044,1.44559,-1.92384,-1.58513,-1.61397
4764,0,3,0.997693,0.00175965,0.000209443,0.000337973,1.81359,-1.78773,-1.44458,-1.61562
4765,0,1,0.998379,0.000875527,0.000207145,0.000538344,3.38479,-2.34371,-1.86469,-3.28682
4766,0,4,0.998134,0.000777759,0.000237899,0.00085004,2.61525,-2.88221,-1.83396,-1.93082
4767,0,0,0.97651,0.0221395,0.000359077,0.000991444,-0.779707,0.456815,-1.42525,-0.773896
4768,0,1,0.808544,0.152664,0.0020678,0.0367243,-0.0814671,-0.169693,-1.46665,-0.602683
4769,0,1,0.776299,0.20172,0.00327326,0.018708,0.445699,-0.785158,-1.25117,-1.02287
4770,3,3,0.0913763,0.0494324,0.00233724,0.856854,-0.129489,-0.849971,-1.21507,0.130718
4771,0,4,0.998528,0.000766751,0.000161349,0.000544239,1.73981,-1.23392,-1.72605,-2.49183
4772,0,0,0.946785,0.0434146,0.000926246,0.00887422,1.32093,-1.4843,-1.50015,-1.49118
4773,0,2,0.995468,0.00342916,0.000196315,0.000906863,0.767951,-0.590434,-1.83335,-1.47083
4774,3,1,0.746948,0.0207592,0.00225085,0.230042,-0.16442,-1.07465,-1.2205,-0.0938883
4775,0,2,0.996798,0.0022322,0.000289955,0.000679453,1.7075,-1.55643,-1.20151,-1.78117
4776,0,3,0.998108,0.00105993,0.000260255,0.000571791,1.51266,-1.75837,-1.27785,-1.34228
4777,0,4,0.997967,0.00122219,0.000184163,0.000626675,0.86615,-1.11974,-1.26974,-1.64378
4778,0,4,0.978451,0.0190395,0.000281302,0.00222779,-0.125026,-0.194293,-0.833136,-1.10445
4779,0,1,0.998249,0.000764295,0.000327118,0.000659507,2.20803,-1.93071,-1.56032,-1.84039
4780,0,1,0.0255846,0.971373,0.000456851,0.00258571,-0.206055,0.292822,-1.7416,-2.22508
4781,0,2,0.0557684,0.925459,0.000444709,0.0183277,-0.224494,0.213014,-1.66954,-1.11839
4782,0,1,0.995391,0.00378526,0.000124289,0.000699348,0.876638,-1.24831,-1.19275,-1.19568
4783,0,4,0.964657,0.00666695,0.00181909,0.0268572,-0.388526,-0.465253,-1.05207,-0.383083
4784,0,0,0.997142,0.00244645,0.00018764,0.0002237,0.664529,-0.570841,-1.40275,-1.64088
4785,0,4,0.996989,0.00101125,0.00022106,0.00177827,1.58671,-2.32756,-1.119,-1.24576
4786,0,2,0.97007,0.0222596,0.000449165,0.00722089,0.67649,-0.870614,-1.15048,-0.877003
4787,0,1,0.993188,0.003996,0.000773149,0.00204295,0.675742,-0.88203,-1.95448,-0.895147
4788,1,2,0.0408129,0.952319,0.000407808,0.00646069,-0.727069,0.642808,-1.58916,-1.1415
4789,1,3,0.00369788,0.993774,0.000229572,0.00229831,-1.44958,1.66907,-1.45211,-1.54461
4790,1,0,0.00756901,0.988927,0.000300882,0.00320335,-1.6303,0.944606,-1.00256,-0.603085
4791,0,1,0.998438,0.000824943,0.000256305,0.000480715,2.40953,-2.46887,-1.52363,-1.46805
4792,0,2,0.997939,0.00107015,0.000184158,0.000806218,2.51733,-2.46798,-2.02738,-2.03854
4793,2,1,0.0106195,0.0163438,0.966736,0.00630109,-1.4469,-1.15383,0.917972,-1.21589
4794,1,3,0.0135011,0.963756,0.00133744,0.0214055,-0.908302,0.69563,-1.1125,-0.995193
4795,0,4,0.997526,0.000795718,0.000255572,0.00142268,2.34343,-3.12175,-1.88236,-1.24372
4796,0,0,0.99837,0.000908619,0.00018532,0.00053624,2.01973,-3.01895,-1.54016,-1.53827
4797,0,1,0.996496,0.00197123,0.000359339,0.00117363,2.42503,-2.39133,-1.79533,-2.0387
4798,0,2,0.841626,0.134209,0.00112541,0.0230391,0.382339,-0.452099,-0.854163,-1.13108
4799,1,4,0.00329802,0.99311,0.000710813,0.0028808,-2.33621,2.22969,-0.715748,-1.51801
4800,1,2,0.598898,0.393535,0.000919961,0.00664666,-0.0960551,0.0413658,-1.25972,-1.63117
4801,0,2,0.84219,0.151735,0.000685727,0.0053884,1.21041,-0.94313,-1.38079,-1.94395
4802,0,0,0.998591,0.000790369,0.000163261,0.000455202,3.18052,-3.38002,-1.67222,-2.03567
4803,2,4,0.00337151,0.00196083,0.992206,0.00246184,-2.24964,-1.43281,1.73637,-1.27719
4804,0,3,0.998438,0.00090249,0.000186786,0.000473262,1.41478,-1.30302,-1.48811,-1.65174
4805,0,0,0.997084,0.00209756,0.00018984,0.000628572,0.539523,-0.873683,-1.41149,-0.849953
4806,0,2,0.109484,0.876431,0.00126224,0.0128231,-0.670208,0.765083,-1.51487,-1.58959
4807,0,1,0.990252,0.00868848,0.000335452,0.000724159,0.268038,-0.191877,-1.02088,-1.88285
4808,0,4,0.990083,0.00214685,0.000342679,0.00742766,0.834511,-0.884725,-1.71763,-0.97576
4809,0,1,0.996287,0.00121656,0.000484387,0.00201165,1.84136,-1.85124,-1.27236,-1.66255
4810,0,2,0.99054,0.0076829,0.000185671,0.00159147,0.961987,-1.5231,-1.42966,-1.35525
4811,0,0,0.998426,0.00106754,0.000118959,0.000387773,1.77207,-1.97657,-1.68404,-2.2352
4812,1,0,0.992044,0.00533443,0.000207851,0.00241382,0.335051,-0.56957,-1.86382,-0.988427
4813,0,1,0.944788,0.0536145,0.000453997,0.00114358,0.914392,-0.77906,-1.46836,-1.55611
4814,1,2,0.0189064,0.976842,0.000552009,0.00369934,0.0429367,-0.114148,-1.43196,-1.21279
4815,1,1,0.00292925,0.994644,0.000442035,0.00198494,-0.42175,0.269906,-0.628906,-2.25842
4816,0,3,0.998131,0.00119058,0.000173371,0.000505601,2.58109,-2.48602,-1.67438,-2.84169
4817,0,3,0.996285,0.00109585,0.000227916,0.00239123,0.963678,-2.05673,-1.21191,-0.520187
4818,1,0,0.0632256,0.88904,0.0039982,0.0437363,-2.20635,1.20838,-0.991365,0.00613345
4819,3,4,0.997852,0.000965775,0.000201845,0.000980026,0.498922,-1.61359,-1.42601,-0.35153
4820,0,2,0.997439,0.00122035,0.000245759,0.00109498,1.43836,-1.5044,-1.77351,-1.57479
4821,0,0,0.992462,0.00481188,0.000555386,0.002171,2.1157,-1.85406,-1.98375,-1.81052
4822,0,0,0.997908,0.00135276,0.00015937,0.000579546,1.30503,-1.04241,-1.50571,-1.9964
4823,0,3,0.98751,0.00818431,0.00068774,0.0036176,0.644297,-0.808615,-1.27397,-1.44668
4824,0,2,0.997626,0.0014637,0.000221633,0.000688705,2.72264,-2.67213,-1.63614,-2.96164
4825,1,1,0.00698594,0.987879,0.00127534,0.00385989,-1.19216,1.05932,-1.29464,-1.08864
4826,0,2,0.0282731,0.923169,0.000777038,0.0477811,-0.579802,-0.284728,-1.29154,0.10716
4827,0,4,0.998303,0.000979511,0.000229719,0.000488219,1.47463,-1.93012,-1.84024,-1.04346
4828,3,4,0.0496841,0.878149,0.00364531,0.0685221,-0.850265,0.0186098,-1.57125,0.0526808
4829,0,3,0.936069,0.0616199,0.000315245,0.00199631,0.885923,-0.779462,-1.07435,-1.72307
4830,0,2,0.997414,0.00148498,0.000167262,0.000933824,1.07602,-1.01167,-1.76043,-2.55428
4831,0,4,0.998138,0.00111301,0.000266956,0.000481511,1.57169,-1.8733,-0.683922,-1.34181
4832,0,1,0.996661,0.00181629,0.000280447,0.00124223,0.633698,-0.511081,-1.92683,-1.85321
4833,1,2,0.16841,0.499841,0.00426575,0.327484,0.679167,-1.58243,-1.18954,-0.578721
4834,1,1,0.0906467,0.776121,0.0128298,0.120403,-0.367695,-0.225435,-1.38485,-0.448956
4835,0,2,0.997322,0.00146754,0.000267259,0.000942902,2.71481,-3.04368,-1.66773,-2.09891
4836,3,0,0.00496167,0.0383325,0.00562231,0.951084,-1.03406,-0.606715,-1.38953,0.744224
4837,1,1,0.0245453,0.96809,0.000602006,0.00676294,-1.09684,1.37517,-1.62443,-1.44639
4838,0,0,0.998478,0.000860357,0.00016549,0.000495995,1.29589,-1.30781,-1.37943,-1.4801
4839,1,3,0.00195487,0.994032,0.000565024,0.0034477,-0.316553,0.412407,-1.39269,-1.34752
4840,0,0,0.899522,0.0116942,0.00375598,0.0850277,-0.145492,-1.89065,-1.4681,0.429903
4841,0,1,0.997841,0.000869093,0.00038453,0.000905481,2.61828,-3.33887,-1.72571,-1.50543
4842,0,1,0.997719,0.00153858,0.000341299,0.000401363,0.283382,-0.990484,-0.972855,-1.09934
4843,1,3,0.0113606,0.937519,0.00240703,0.0487137,-0.045612,-0.0849101,-1.41371,-1.35507
4844,0,3,0.986839,0.00330128,0.00037733,0.00948287,0.391221,-0.85165,-1.09233,-0.524887
4845,0,1,0.987229,0.0102675,0.000500079,0.00200312,0.123155,-0.440908,-1.0247,-1.236
4846,0,0,0.998415,0.0008937,0.000212065,0.00047883,1.24571,-1.63604,-1.09497,-1.48786
4847,1,2,0.0353604,0.945166,0.00118961,0.0182844,0.0510231,-0.0604374,-1.21451,-0.974112
4848,0,2,0.929649,0.0566259,0.00128007,0.0124451,1.21181,-1.22038,-1.13322,-1.43627
4849,0,3,0.779617,0.21607,0.000484805,0.00382821,0.314852,-0.742563,-1.57297,-0.81234
4850,0,0,0.997325,0.00171909,0.000177686,0.000777888,2.34334,-2.73377,-1.53184,-1.83351
4851,0,1,0.998346,0.00071108,0.000246464,0.000695966,3.00587,-3.36891,-1.6702,-1.86157
4852,1,2,0.635666,0.355186,0.000972632,0.00817563,-0.588747,0.445498,-1.82157,-1.01437
4853,0,1,0.998191,0.00106521,0.000278692,0.000464901,1.45569,-1.34707,-1.22505,-2.24246
4854,0,1,0.83051,0.0664714,0.0051151,0.0979032,0.350926,-0.464431,-1.29963,-0.856962
4855,2,0,0.0760639,0.190945,0.116012,0.616979,-0.0662529,-0.324098,-1.08451,-0.737783
4856,1,1,0.100243,0.880896,0.0106849,0.0081764,0.478402,-0.851816,-0.943637,-1.28874
4857,0,2,0.997083,0.00101036,0.000196249,0.0017103,1.40365,-2.00923,-1.48808,-1.36024
4858,0,2,0.995515,0.00295626,0.000185513,0.00134294,1.18712,-1.32588,-1.36629,-1.38417
4859,0,3,0.997797,0.00159376,0.000186302,0.00042313,0.995832,-0.862674,-1.43728,-2.04199
4860,0,0,0.997992,0.0012884,0.000141759,0.000577335,1.89621,-2.53096,-1.82508,-1.76205
4861,1,3,0.0396491,0.958734,0.00025195,0.00136469,-0.772587,0.706673,-1.49603,-1.14717
4862,0,4,0.998413,0.000650658,0.000221808,0.000714608,3.28165,-3.39671,-1.5547,-2.31663
4863,1,2,0.0258315,0.956625,0.00166837,0.0158755,-0.541567,-0.221382,-0.854847,-0.661478
4864,0,1,0.995422,0.00242915,0.000424604,0.00172421,3.24613,-2.83766,-1.76493,-3.00941
4865,0,0,0.997712,0.00148833,0.000275313,0.000524496,1.29038,-1.42172,-1.27401,-1.54208
4866,0,2,0.997594,0.0014551,0.000200614,0.000749752,1.34853,-1.36306,-1.55018,-1.68672
4867,0,4,0.933053,0.0120239,0.00190991,0.0530133,0.281099,-0.72046,-1.45442,-0.751379
4868,1,4,0.93772,0.0568671,0.00109581,0.00431713,-0.0804892,0.723022,-1.11065,-2.06143
4869,0,4,0.998311,0.00101854,0.000208756,0.000461339,0.70754,-1.307,-1.05006,-1.42507
4870,1,2,0.13279,0.744631,0.00108083,0.121498,-0.0142234,-0.0944492,-1.44052,-0.923007
4871,3,2,0.0937153,0.0344928,0.0083177,0.863474,0.19194,-1.38086,-1.04685,-0.292709
4872,0,1,0.992595,0.00312851,0.000660915,0.00361499,0.817997,-1.58712,-0.992515,-0.475739
4873,0,1,0.995695,0.00304916,0.000291336,0.000964628,1.25079,-1.59348,-0.966581,-1.13794
4874,0,3,0.981974,0.00439464,0.000597661,0.0130338,0.892288,-1.89949,-1.52576,-0.544851
4875,1,1,0.985745,0.00805874,0.000711075,0.00548486,0.941337,-1.07289,-0.92103,-1.46366
4876,0,1,0.998084,0.00101533,0.000261268,0.000639734,2.14292,-2.26522,-1.84696,-1.41239
4877,0,0,0.0656642,0.930685,0.000368593,0.00328202,1.96286,-1.94307,-1.45027,-2.31653
4878,0,1,0.992324,0.00221568,0.000596924,0.00486317,1.80988,-2.8965,-1.63364,-1.34148
4879,0,2,0.995222,0.003024,0.000173543,0.00158036,1.63075,-1.78739,-1.60814,-1.58087
4880,0,3,0.978783,0.0131157,0.00133724,0.00676458,0.956895,-1.07499,-1.53922,-2.158
4881,0,3,0.997162,0.0021696,0.000196649,0.000471736,1.30085,-1.99486,-1.50267,-1.19952
4882,0,0,0.0312898,0.966765,0.000267295,0.00167784,-0.79393,1.01464,-1.37553,-2.19691
4883,0,1,0.997456,0.0013377,0.000249147,0.000956944,1.39756,-2.05213,-1.24921,-1.44722
4884,0,3,0.489963,0.507495,0.000660311,0.00188105,-0.13606,0.00804636,-1.49156,-1.27872
4885,0,1,0.997236,0.0010694,0.000423719,0.00127118,3.39491,-3.46047,-1.86922,-2.4526
4886,0,4,0.834486,0.161457,0.00107731,0.00298038,0.845038,-0.71334,-1.28688,-1.93089
4887,0,4,0.993238,0.00262334,0.000397227,0.00374128,-0.497891,-0.545845,-1.22258,-0.434956
4888,1,0,0.0021717,0.995694,0.000580523,0.00155356,-1.49922,1.25354,-0.828773,-1.63765
4889,0,3,0.996681,0.00284981,0.000119916,0.000349711,0.565864,-0.366329,-1.52197,-2.3664
4890,0,4,0.997997,0.00118,0.000254198,0.000568387,1.28424,-0.993612,-1.66177,-2.08961
4891,0,0,0.998458,0.000904273,0.000148631,0.00048925,1.61507,-1.761,-1.8886,-1.1424
4892,3,2,0.475431,0.0102904,0.00421494,0.510063,0.181401,-1.19207,-1.33587,-0.103996
4893,2,0,0.011019,0.115326,0.850902,0.0227534,-1.01002,-0.813812,0.254511,-1.19519
4894,0,0,0.995593,0.00335997,0.000184084,0.000862912,1.16355,-1.51122,-1.09382,-1.8233
4895,0,4,0.968944,0.0215905,0.000392079,0.00907305,0.326975,-0.357601,-1.64424,-1.11733
4896,0,0,0.990523,0.00562289,0.000320178,0.00353421,0.494674,-0.786235,-1.00832,-1.11442
4897,0,2,0.99767,0.00129303,0.000231374,0.000806,2.21671,-2.78478,-1.96464,-1.73944
4898,1,3,0.552427,0.0358541,0.00319001,0.408529,-0.479929,-0.15834,-0.762079,-0.546834
4899,0,1,0.998381,0.000713888,0.000263395,0.000641803,2.14432,-2.28195,-1.71187,-1.48012
4900,0,4,0.997916,0.00124501,0.000248775,0.000589828,1.14203,-0.811343,-1.89565,-2.2698
4901,1,1,0.0266942,0.866471,0.00520278,0.101632,-1.03066,0.79124,-0.900258,-1.43078
4902,0,4,0.988635,0.00703581,0.000544667,0.00378443,0.495657,-0.535457,-1.40392,-1.48931
4903,0,1,0.997002,0.00133578,0.000255437,0.00140674,1.72311,-1.91856,-1.55765,-1.4892
4904,3,0,0.992404,0.00508702,0.000584283,0.00192517,0.0651398,-0.279912,-1.1679,-1.08494
4905,0,2,0.990138,0.00522885,0.000550848,0.00408219,2.06666,-1.44516,-1.78703,-2.48854
4906,0,2,0.997252,0.00121774,0.000283367,0.00124662,1.55224,-1.45027,-1.27415,-1.61399
4907,1,1,0.52202,0.471606,0.00148064,0.0048929,-0.403159,0.321602,-1.18324,-1.51604
4908,0,1,0.997288,0.0014349,0.000282824,0.000993925,2.38667,-2.24546,-1.63288,-2.09339
4909,1,4,0.0084795,0.988779,0.00033824,0.00240353,-0.930481,0.938892,-1.79037,-1.23774
4910,0,3,0.976863,0.0189149,0.000632895,0.0035891,-0.331712,-0.559542,-1.04623,-0.203159
4911,0,0,0.94692,0.0510749,0.000423299,0.00158199,0.814347,-0.500886,-1.70536,-1.54533
4912,0,4,0.998102,0.00101337,0.000269566,0.000614638,0.980687,-0.999164,-1.5189,-1.12683
4913,0,0,0.998622,0.000900896,0.000172781,0.000304426,1.64854,-1.39307,-2.05475,-2.0151
4914,1,3,0.0619887,0.908696,0.000697771,0.0286171,0.122375,0.128337,-1.3138,-1.45362
4915,1,3,0.13313,0.863889,0.000367061,0.00261343,-1.0554,1.21771,-1.50354,-1.12788
4916,0,3,0.99692,0.000901119,0.000235301,0.00194339,1.49661,-2.53193,-1.75552,-0.946997
4917,0,3,0.998265,0.00113068,0.000210383,0.000393816,2.57663,-1.95892,-1.53486,-2.71761
4918,1,0,0.00501495,0.992296,0.000303089,0.00238631,-0.642003,0.649155,-1.74063,-1.21914
4919,0,2,0.994782,0.00339018,0.000263473,0.00156431,2.15391,-1.82722,-1.60072,-1.69635
4920,0,3,0.998244,0.00116997,0.000137701,0.000447989,2.10569,-2.38044,-1.73917,-1.62814
4921,1,0,0.00337927,0.99158,0.000353401,0.00468707,-1.9817,1.79126,-1.21111,-1.38561
4922,0,0,0.994533,0.00334005,0.000338883,0.0017878,1.19104,-1.15672,-1.57701,-1.02954
4923,0,0,0.998381,0.00086364,0.000181029,0.000574746,2.10892,-2.19167,-1.93143,-1.62692
4924,0,4,0.997506,0.000878185,0.000252589,0.00136282,2.9533,-2.99127,-1.70139,-1.62076
4925,0,4,0.998418,0.000713218,0.00024793,0.000620866,2.45232,-2.48204,-1.556,-2.31989
4926,0,2,0.927011,0.0703751,0.00050972,0.00210449,1.92961,-1.48342,-1.54704,-2.23982
4927,0,3,0.997546,0.00194367,0.000214378,0.000295896,1.62904,-1.36183,-1.62785,-1.97194
4928,1,1,0.105064,0.889191,0.000650255,0.00509471,0.366148,-0.70743,-1.18165,-1.14614
4929,1,0,0.923528,0.0723363,0.000498957,0.00363676,0.22077,-0.216771,-1.52094,-1.38804
4930,0,0,0.997949,0.0014067,0.000291426,0.000352902,1.00629,-1.13652,-1.83034,-1.94238
4931,0,1,0.998035,0.00111725,0.000182742,0.000665186,2.23143,-2.68864,-1.62023,-1.54511
4932,2,0,0.00142256,0.00135477,0.995495,0.00172771,-1.08395,-2.97492,2.66915,-2.60313
4933,0,0,0.998572,0.000886884,0.000180357,0.000360792,0.718028,-1.26665,-0.793585,-0.801919
4934,0,0,0.165347,0.21215,0.15628,0.466223,-0.00213071,-0.569723,-1.26673,-0.421514
4935,1,0,0.00143399,0.986973,0.000576563,0.0110166,-2.1848,1.42635,-1.3647,-0.71881
4936,0,4,0.996765,0.00241822,0.000274515,0.000542748,0.83808,-1.13138,-1.26183,-1.34481
4937,0,3,0.998068,0.00106925,0.000245914,0.00061642,1.71577,-1.93882,-1.7533,-1.25781
4938,1,0,0.00479498,0.99309,0.000319133,0.00179569,-1.56694,1.37713,-1.40186,-1.48576
4939,0,2,0.986175,0.00642779,0.000826835,0.00657059,1.57813,-1.51268,-1.4187,-1.57886
4940,1,0,0.992953,0.00413397,0.000571064,0.0023417,1.17585,-1.33889,-1.39991,-1.48165
4941,0,1,0.99834,0.000815252,0.00025829,0.000586631,2.78271,-2.73635,-1.76173,-2.13902
4942,0,2,0.996195,0.00280631,0.000154805,0.000844256,1.56527,-1.34725,-1.28478,-2.23147
4943,0,2,0.906771,0.0850043,0.000333433,0.00789121,-0.108846,-0.10012,-1.36394,-0.964388
4944,0,0,0.998192,0.00120469,0.000153009,0.000450598,2.34564,-2.16271,-1.48218,-2.71997
4945,0,1,0.99812,0.000811103,0.000369902,0.000698532,1.55912,-1.67216,-1.7343,-1.13817
4946,0,1,0.997653,0.00166838,0.000242001,0.000436499,0.983631,-0.703926,-1.5837,-2.30117
4947,0,0,0.998332,0.00106121,0.000251321,0.000355113,1.48633,-1.57568,-1.93517,-2.2933
4948,0,3,0.998135,0.00120579,0.000173372,0.000486234,1.06827,-0.637596,-1.69028,-1.85533
4949,0,1,0.998375,0.000970063,0.000217935,0.000436815,0.799526,-1.44035,-0.99558,-1.29145
4950,0,3,0.996036,0.00205683,0.000241137,0.00166567,1.0701,-0.688792,-1.49831,-1.90758
4951,0,0,0.998557,0.000838853,0.000154567,0.000449883,3.21971,-3.01419,-2.11223,-2.55682
4952,0,0,0.998461,0.000963537,0.000202363,0.000372931,1.70517,-1.40924,-1.52846,-1.79014
4953,0,1,0.998332,0.000773368,0.000268577,0.000626292,2.5323,-2.35311,-1.50716,-1.86006
4954,0,3,0.998357,0.000800279,0.000207951,0.00063493,2.711,-3.30696,-2.27447,-1.72488
4955,0,0,0.991762,0.00411693,0.000328181,0.0037927,0.723609,-0.918364,-1.28653,-0.859301
4956,0,2,0.988137,0.00874112,0.000362644,0.00275926,1.86454,-1.87626,-1.29898,-1.59495
4957,1,1,0.218829,0.776575,0.0017561,0.00283932,0.0703776,-0.36983,-0.913247,-0.99114
4958,0,2,0.83814,0.0262922,0.00475554,0.130812,0.743088,-0.95863,-1.4214,-1.04004
4959,0,1,0.998147,0.00084426,0.000289781,0.000719318,1.63849,-2.42504,-1.38351,-1.07851
4960,0,3,0.993356,0.0048706,0.000358207,0.00141535,0.958984,-1.19366,-1.3065,-1.31653
4961,1,0,0.0169589,0.979881,0.000669227,0.00249134,-0.550452,0.529768,-1.36612,-1.51398
4962,0,0,0.997917,0.0014316,0.000113011,0.000538095,1.35052,-1.70018,-1.87612,-1.27117
4963,1,4,0.00527233,0.987703,0.000720886,0.00630399,-1.26111,0.478621,-1.05174,-0.558068
4964,0,2,0.0242012,0.970734,0.000476595,0.00458853,-1.42524,0.698006,-1.98454,-0.770089
4965,0,2,0.991366,0.00476218,0.000467165,0.00340504,2.3532,-2.23434,-1.86314,-1.77855
4966,0,2,0.96714,0.0271425,0.000537004,0.00518024,-0.554757,-0.00804,-1.00258,-0.445846
4967,0,4,0.997591,0.00111131,0.000283464,0.00101384,1.78753,-1.88045,-1.29,-1.30888
4968,0,4,0.998473,0.000721665,0.000215838,0.000589581,2.0867,-2.08826,-1.87534,-1.8764
4969,0,1,0.998173,0.00096703,0.000348189,0.000511583,2.30898,-2.49562,-1.7207,-1.84804
4970,0,4,0.897482,0.0998136,0.00089184,0.00181215,0.377675,-0.144946,-1.58401,-1.86576
4971,0,1,0.998179,0.000835266,0.000342793,0.000642927,3.17194,-3.37216,-1.69949,-1.96142
4972,0,1,0.998204,0.000917384,0.000295513,0.000583124,1.53773,-1.40536,-1.44235,-1.88166
4973,1,3,0.00764209,0.954148,0.00158166,0.0366279,-0.425187,-0.00956093,-1.00558,-0.817164
4974,0,2,0.0726468,0.922975,0.000471198,0.00390696,0.802502,-0.768393,-1.86913,-1.38889
4975,0,2,0.99466,0.00421554,0.000150104,0.000974033,1.97741,-2.35122,-1.27911,-1.08449
4976,0,2,0.892623,0.103329,0.000590877,0.00345718,0.290751,0.0549677,-1.95362,-1.83199
4977,0,3,0.997339,0.00184344,0.000168561,0.000648691,0.858539,-0.792181,-1.18413,-1.10782
4978,2,0,0.0106958,0.003134,0.982752,0.00341857,-0.181086,-2.46452,1.18066,-1.74675
4979,0,3,0.998596,0.000737427,0.000191619,0.00047519,2.13641,-2.14905,-1.68192,-1.65412
4980,0,1,0.997312,0.00163875,0.000222866,0.00082643,2.33406,-2.79825,-1.75064,-2.26163
4981,0,2,0.995631,0.00190148,0.000297644,0.00216944,1.75663,-1.33761,-1.85459,-1.99283
4982,0,1,0.998122,0.000952918,0.000376462,0.00054882,1.2615,-1.51061,-1.63104,-1.26209
4983,0,4,0.998482,0.000694702,0.000247946,0.000575366,2.85917,-3.05283,-1.65104,-2.51681
4984,0,0,0.998249,0.000992942,0.00021038,0.000547819,1.26417,-1.04343,-1.88752,-1.78421
4985,0,1,0.998518,0.000867139,0.000247471,0.00036717,1.05345,-1.13685,-1.44254,-1.61105
4986,0,3,0.0493643,0.387712,0.00809399,0.55483,-0.320082,0.139589,-1.11264,-0.857103
4987,0,1,0.998227,0.000849289,0.000250804,0.000673156,0.595515,-0.790718,-1.0683,-1.81405
4988,0,4,0.831555,0.164705,0.00079934,0.00294105,-0.779387,0.564219,-1.06117,-1.19965
4989,0,4,0.994851,0.00192803,0.000317831,0.00290281,1.96286,-2.23385,-1.53759,-1.34018
4990,2,3,0.00302376,0.00116008,0.99078,0.00503671,-1.59437,-1.51206,1.17893,-1.16287
4991,0,3,0.998415,0.000839553,0.000195363,0.000550055,4.0584,-3.5998,-1.83121,-3.39103
4992,0,1,0.00352246,0.984342,0.000606164,0.0115293,-0.236392,0.221356,-1.43141,-1.23848
4993,0,2,0.996125,0.00291221,0.000316998,0.000645375,1.56262,-1.3691,-1.61272,-1.52406
4994,0,1,0.998098,0.00119287,0.000229672,0.000479614,0.622314,-0.250992,-1.57979,-1.7619
4995,0,1,0.9983,0.00109914,0.00019803,0.000402383,1.48486,-1.61717,-1.84682,-1.66423
4996,0,3,0.872719,0.101867,0.000650797,0.0247632,0.32621,-0.227608,-1.09118,-1.37245
4997,0,3,0.974584,0.0018704,0.000892184,0.022653,0.704637,-1.10197,-1.48677,-0.656667
4998,0,3,0.997312,0.00228185,0.000110542,0.000295249,1.04259,-1.17913,-1.595,-1.19863
4999,3,4,0.725237,0.0198821,0.00909379,0.245787,-1.32416,-0.437078,-1.29432,0.495429
5000,1,2,0.00569666,0.983628,0.00354405,0.00713127,-1.11185,0.910127,-0.779388,-1.15035
5001,0,0,0.590191,0.405632,0.00040387,0.0037724,-0.289497,0.492178,-1.44904,-1.78228
5002,0,3,0.998347,0.00102156,0.00018934,0.000441951,1.23268,-1.60992,-1.48117,-0.92744
5003,0,4,0.991927,0.00189441,0.00038827,0.00578979,1.56287,-1.92182,-1.65349,-1.37511
5004,0,3,0.992126,0.00452101,0.000533928,0.00281952,2.11494,-2.13818,-1.4733,-2.0376
5005,2,4,0.00472703,0.00555894,0.986456,0.00325837,-2.23703,-0.477076,1.3071,-1.45084
5006,0,3,0.997204,0.00209576,0.000192101,0.000508101,0.94944,-0.933412,-1.17186,-1.17497
5007,0,1,0.998054,0.000879526,0.000279198,0.000786864,2.96332,-2.92504,-1.96313,-2.23901
5008,3,3,0.050335,0.0109617,0.00356222,0.935141,-0.645587,-0.977429,-0.643668,0.0338997
5009,0,4,0.997441,0.00162779,0.00019632,0.000735137,0.774129,-0.587531,-1.55484,-1.69425
5010,0,3,0.998092,0.000946398,0.000271678,0.000690374,3.08484,-3.18947,-1.73939,-1.89342
5011,0,1,0.997164,0.00171546,0.000292908,0.000827923,1.36005,-1.30454,-1.23857,-1.45245
5012,0,2,0.996456,0.00201987,0.000178575,0.00134552,2.10481,-1.73101,-1.83471,-2.39309
5013,0,2,0.964177,0.0278434,0.000624676,0.0073544,0.804989,-1.54965,-1.23541,-1.57574
5014,0,1,0.00925282,0.98766,0.000280094,0.00280683,-0.786619,0.659464,-1.57061,-1.46998
5015,0,4,0.112437,0.884388,0.000656927,0.00251826,0.595985,-0.353884,-1.20316,-1.8352
5016,0,0,0.986998,0.0108587,0.000691422,0.00145235,1.02751,-1.0316,-1.36872,-1.83981
5017,1,1,0.822311,0.175765,0.000463778,0.00145956,0.160117,-0.486539,-1.36054,-0.77379
5018,0,3,0.998567,0.000813846,0.000147203,0.0004724,1.96903,-1.96571,-2.24713,-1.90516
5019,0,3,0.997178,0.00233907,0.000122104,0.000360992,1.28416,-1.25937,-1.5776,-1.2636
5020,0,4,0.993577,0.00582771,0.000163715,0.000431333,0.71325,-0.542514,-1.06977,-1.72206
5021,3,0,0.017894,0.00962486,0.00310345,0.969378,-0.4893,-1.0347,-1.34987,0.594501
5022,3,3,0.172215,0.00937091,0.00321644,0.815198,-0.080558,-1.3096,-1.12214,-0.00391406
5023,0,3,0.998566,0.000750482,0.000146057,0.000537394,3.3474,-3.36608,-2.45657,-2.29143
5024,0,4,0.998548,0.000618526,0.000200806,0.000632576,2.52569,-2.59919,-1.93214,-2.52253
5025,2,1,0.00355254,0.00180122,0.992262,0.0023839,-0.670149,-1.24905,0.346302,-1.19044
5026,2,0,0.00507875,0.00191268,0.987893,0.00511609,-1.12743,-2.09331,0.918824,-0.86997
5027,0,1,0.997834,0.00124491,0.000336703,0.000584048,1.56674,-1.66221,-2.29159,-1.53787
5028,0,3,0.90295,0.0947992,0.00040207,0.00184829,0.500894,-0.382043,-1.60509,-1.24904
5029,0,1,0.998463,0.000759993,0.000292146,0.000484498,1.25783,-1.20009,-1.4553,-1.96561
5030,1,4,0.9039,0.0663472,0.00241788,0.0273354,-0.534624,0.470946,-1.44291,-1.43341
5031,2,3,0.00216291,0.00298535,0.983945,0.0109067,-1.29171,-1.78156,1.35119,-0.860771
5032,0,1,0.997847,0.000900197,0.000335395,0.000917056,2.32978,-3.15055,-1.7378,-0.999477
5033,0,4,0.99797,0.00129468,0.000170323,0.0005645,1.12833,-1.29043,-1.35442,-1.60555
5034,0,4,0.989626,0.00343913,0.000319264,0.00661615,0.156224,-1.80766,-0.530369,0.378079
5035,0,0,0.134038,0.863853,0.000454127,0.00165465,-0.368456,0.587557,-1.54776,-2.25706
5036,0,0,0.998657,0.000809164,0.000144934,0.00038938,2.8324,-2.34194,-1.98535,-2.66429
5037,1,2,0.0122761,0.775233,0.00343234,0.209059,-0.585564,-0.406168,-0.726365,-0.296791
5038,0,4,0.997628,0.00170623,0.000172272,0.00049364,0.969015,-1.22096,-1.18312,-1.32298
5039,1,3,0.0897246,0.903535,0.000538232,0.00620199,0.184451,-0.575387,-1.47133,-0.751453
5040,1,0,0.0879269,0.83995,0.00119561,0.0709278,0.0525698,-0.570389,-1.46167,-0.543614
5041,1,1,0.163606,0.80216,0.00396979,0.0302642,0.644088,-0.86402,-1.66534,-0.865409
5042,0,2,0.997621,0.00111787,0.000227776,0.00103386,2.30667,-2.22562,-1.8338,-1.72707
5043,0,4,0.998019,0.000676971,0.000280281,0.00102422,1.58746,-2.25396,-1.64372,-1.32918
5044,0,2,0.997518,0.00142824,0.000252592,0.000801169,1.93092,-1.90533,-1.64096,-1.64573
5045,0,1,0.988784,0.00927466,0.000332349,0.00160894,1.85723,-1.86112,-1.59044,-1.64644
5046,0,4,0.839457,0.149919,0.000569973,0.0100538,-0.0771862,0.218818,-1.48367,-1.25637
5047,0,2,0.997762,0.00100612,0.000256632,0.000975164,2.84582,-2.59456,-2.05347,-2.14453
5048,1,3,0.00294909,0.9931,0.000370928,0.00357993,-1.10778,1.05435,-0.983988,-1.27751
5049,0,1,0.998491,0.00086966,0.000200012,0.000439433,2.02589,-1.98186,-1.98106,-2.1247
5050,2,1,0.00525433,0.0103783,0.971439,0.0129286,-1.93789,-0.297172,0.627088,-1.30935
5051,0,4,0.997749,0.000818758,0.000272647,0.00115915,2.82855,-3.14245,-1.83438,-2.27363
5052,1,1,0.478468,0.487429,0.00217289,0.0319304,-0.149249,0.244788,-0.995965,-1.58283
5053,0,0,0.893985,0.0959431,0.00119542,0.0088763,0.31958,-0.515744,-1.04214,-1.25382
5054,0,1,0.997477,0.00136945,0.000236353,0.00091761,1.44946,-1.50872,-1.50181,-1.41962
5055,0,2,0.997475,0.00130419,0.000234056,0.000986376,1.20205,-0.963606,-2.31349,-1.6745
5056,0,1,0.994632,0.00398038,0.000427594,0.000959842,0.771529,-0.935195,-2.04169,-0.702353
5057,0,0,0.962615,0.0362824,0.000356048,0.000746428,1.89019,-1.87583,-1.99039,-2.0234
5058,0,3,0.0504584,0.902733,0.000629927,0.046179,0.393039,0.247574,-1.69849,-2.07399
5059,0,3,0.99818,0.00127114,0.000164474,0.00038466,1.91302,-1.99375,-1.71481,-1.85799
5060,0,3,0.993894,0.00319127,0.000338004,0.00257681,-0.297802,-0.354115,-1.06442,-0.493
5061,1,3,0.00555005,0.984397,0.000600307,0.00945248,-0.778645,1.39361,-1.91811,-1.87606
5062,0,1,0.976389,0.0144117,0.000947774,0.00825173,0.937951,-1.04415,-1.4698,-1.27864
5063,0,1,0.998414,0.000771923,0.000277667,0.000536264,2.68871,-2.6599,-1.67916,-1.99046
5064,1,4,0.965076,0.0141892,0.00132109,0.0194133,0.994443,-1.77429,-0.742679,-1.24399
5065,0,3,0.995246,0.00180311,0.000197424,0.00275345,0.663248,-1.4681,-0.995568,-0.905515
5066,0,4,0.99778,0.001018,0.000231852,0.000970432,1.50009,-1.9609,-1.76573,-1.93616
5067,0,3,0.998192,0.000895246,0.000234682,0.000678412,1.95847,-2.0147,-1.41885,-1.51704
5068,0,1,0.998272,0.00101255,0.000263881,0.000451515,1.38255,-1.83629,-1.30442,-1.12394
5069,1,0,0.0126386,0.984346,0.000245392,0.00277023,-0.0349388,0.503766,-1.49298,-1.9516
5070,0,4,0.998279,0.00104368,0.000170376,0.000506665,1.19548,-1.44129,-0.975135,-1.3736
5071,1,1,0.00317989,0.991802,0.000429722,0.00458847,-1.08851,0.321224,-1.38988,-0.434366
5072,0,2,0.968618,0.0245587,0.000373268,0.00645046,1.39431,-1.51632,-1.24512,-1.66151
5073,0,3,0.0368237,0.372634,0.00316156,0.587381,-0.719643,-0.312128,-1.37866,-0.00880139
5074,0,0,0.998544,0.000894688,0.000192736,0.000368616,2.53502,-2.58205,-1.57245,-2.15983
5075,0,0,0.993291,0.00420255,0.000441434,0.00206523,2.04182,-2.0135,-1.78418,-2.36457
5076,3,4,0.584162,0.143926,0.00315346,0.268758,-0.0425554,-1.15778,-1.33529,0.177665
5077,0,3,0.930839,0.0658677,0.000507841,0.00278588,0.446428,-0.510769,-1.66879,-1.44759
5078,0,1,0.986627,0.00407965,0.000999761,0.00829359,1.8494,-2.26342,-0.972061,-1.78399
5079,0,3,0.998454,0.000944894,0.000162285,0.000438559,2.23483,-1.92125,-1.62982,-2.83353
5080,1,1,0.0236909,0.971615,0.00196184,0.00273173,-0.939152,0.868869,-1.78931,-1.42389
5081,0,0,0.997614,0.00173731,0.00031316,0.000335972,0.573304,-0.774083,-1.47226,-1.74006
5082,1,4,0.014746,0.957953,0.00133199,0.0259686,-0.317748,-0.223547,-1.44477,-0.499038
5083,0,4,0.998362,0.000881518,0.000232441,0.000523814,1.74978,-1.789,-1.71398,-1.36951
5084,0,0,0.998417,0.00101468,0.000225302,0.000342874,2.48573,-2.48065,-1.85778,-2.32872
5085,0,2,0.978511,0.00443509,0.000781312,0.0162725,1.28278,-1.9711,-1.37484,-1.00277
5086,0,2,0.996317,0.0028149,0.000156038,0.000711717,1.73826,-1.27775,-1.75765,-2.30661
5087,3,3,0.206865,0.328959,0.0176053,0.446571,-0.374051,0.135686,-1.14705,-0.844873
5088,0,2,0.972803,0.0201204,0.000489893,0.00658678,-0.00106282,-0.31599,-1.4467,-0.4091
5089,0,3,0.998601,0.000731693,0.000146634,0.000520878,2.64886,-2.7393,-1.67212,-1.99602
5090,0,2,0.924454,0.0701125,0.000374807,0.00505913,1.50861,-1.523,-1.27404,-2.08398
5091,0,2,0.997425,0.00162618,0.000178052,0.000770405,0.834723,-0.762033,-1.63622,-1.95399
5092,0,4,0.995971,0.00249787,0.000312645,0.00121855,1.43406,-1.38996,-1.1073,-2.68404
5093,0,1,0.957125,0.00425841,0.00154079,0.0370756,1.15649,-1.59476,-1.44107,-0.934071
5094,1,4,0.252641,0.719708,0.00087969,0.0267716,-0.0763385,0.451853,-1.63442,-1.78573
5095,0,1,0.997032,0.00151073,0.000345084,0.00111177,2.24674,-2.65632,-1.54635,-1.55063
5096,0,1,0.998298,0.000841918,0.000259797,0.000599931,1.90673,-2.09252,-1.61958,-1.67748
5097,2,4,0.00519887,0.982059,0.00590837,0.00683378,-1.35317,0.377722,-0.711802,-0.816116
5098,0,1,0.998344,0.00105091,0.000204325,0.000400831,2.44862,-2.21881,-1.6186,-2.06591
5099,0,0,0.998233,0.00136381,0.000114603,0.000288113,0.367777,-0.426318,-1.83016,-1.34502
5100,0,1,0.247866,0.657518,0.00796762,0.0866486,0.275959,-0.601561,-1.34141,-0.842213
5101,0,3,0.998457,0.000928433,0.000173428,0.000441138,2.53805,-2.1316,-1.7727,-2.782
5102,0,2,0.969461,0.0195277,0.000429164,0.0105821,0.856196,-1.08935,-1.49681,-1.22224
5103,0,2,0.983024,0.00814712,0.0008587,0.00797006,0.739189,-0.93488,-1.03802,-1.3533
5104,1,0,0.321517,0.675354,0.00065046,0.0024789,-0.258833,0.168966,-1.55711,-1.44291
5105,0,4,0.852799,0.0533068,0.00142753,0.0924663,0.284657,-1.20221,-1.18522,-0.0170386
5106,2,2,0.00368693,0.00274257,0.990831,0.00273989,-1.19445,-1.09599,0.948963,-1.39725
5107,0,2,0.997518,0.00161367,0.000196719,0.000671366,1.66136,-1.15046,-2.15059,-2.77498
5108,1,0,0.912374,0.0730859,0.000894327,0.0136456,-0.187557,-0.233943,-1.66499,-0.413081
5109,0,0,0.986397,0.00886097,0.000599181,0.00414293,1.14908,-1.21729,-1.60766,-1.42646
5110,0,1,0.996186,0.00139193,0.000324535,0.00209771,0.968361,-1.79082,-1.89784,-0.876215
5111,0,3,0.978267,0.0199544,0.00040762,0.0013709,0.495312,-0.70949,-1.04316,-1.80927
5112,0,4,0.985103,0.0016881,0.000650822,0.0125583,0.412534,-0.609502,-1.32011,-0.771444
5113,0,3,0.987679,0.00816973,0.000671923,0.00347961,1.53617,-1.49325,-1.06196,-1.88466
5114,0,0,0.934334,0.0638935,0.000339566,0.00143242,0.742004,-0.771419,-1.3651,-1.1858
5115,0,4,0.998166,0.00119062,0.000169031,0.000474059,1.20017,-1.1292,-1.74481,-1.3111
5116,0,0,0.998571,0.000780382,0.000167129,0.000481719,2.13176,-1.74849,-1.82697,-2.08694
5117,0,4,0.994712,0.00446253,0.000171768,0.000653331,1.52208,-1.16843,-1.30382,-2.14228
5118,0,4,0.998435,0.000700802,0.00017719,0.000687247,3.04873,-3.23771,-2.18114,-2.37501
5119,0,3,0.989377,0.00503696,0.000727771,0.00485821,2.01859,-2.38996,-1.63172,-1.53042
5120,0,2,0.981405,0.0133002,0.000327941,0.00496718,1.02537,-0.852289,-1.35237,-2.29876
5121,0,4,0.996956,0.00167047,0.000293419,0.00107959,1.45127,-1.24192,-1.52015,-2.37731
5122,0,0,0.553955,0.43993,0.000512095,0.00560318,-0.0901254,0.267106,-1.18693,-1.64
5123,0,4,0.998374,0.00072371,0.000225733,0.000676551,3.3162,-3.27981,-1.80718,-2.56325
5124,0,4,0.998291,0.000844382,0.000213285,0.000651215,2.23748,-2.69645,-1.78861,-1.60562
5125,0,0,0.992726,0.00311977,0.000891214,0.00326311,2.00756,-1.6779,-1.7263,-2.19976
5126,0,3,0.98966,0.00749003,0.000601163,0.00224891,1.30687,-1.23646,-1.52403,-1.80613
5127,0,4,0.998442,0.000681239,0.000206351,0.000670022,1.61454,-1.96319,-2.22339,-1.74188
5128,0,1,0.419202,0.491535,0.00413791,0.0851246,0.237232,-0.541754,-1.12165,-0.826906
5129,1,2,0.935849,0.0582699,0.000581957,0.00529957,-0.127968,0.37715,-1.21368,-1.44638
5130,2,2,0.00545482,0.036369,0.954835,0.00334098,-1.34043,-0.62005,0.432963,-1.79811
5131,1,3,0.0349855,0.961888,0.000379465,0.00274697,-0.375112,-0.0847096,-1.68405,-0.829672
5132,2,4,0.0047138,0.00231874,0.989958,0.00300947,-1.36597,-2.30822,1.81183,-1.0962
5133,0,3,0.998434,0.000906905,0.000185694,0.000473261,2.51202,-2.59553,-1.46143,-2.06792
5134,0,1,0.998331,0.00102956,0.000249365,0.000390015,2.26536,-2.10059,-1.43958,-2.05308
5135,1,2,0.0130838,0.966441,0.00164645,0.0188288,-0.497113,1.05776,-1.56423,-1.77325
5136,0,3,0.998069,0.00133983,0.000163814,0.000427399,1.36454,-1.48113,-1.36328,-1.59968
5137,2,3,0.00340219,0.00156985,0.992475,0.00255311,-0.971177,-1.04284,0.665463,-1.77531
5138,0,2,0.994344,0.00142092,0.000317669,0.00391753,2.01074,-2.58299,-1.8867,-1.16328
5139,0,2,0.99195,0.00571688,0.000215688,0.00211755,1.00442,-1.58786,-1.1905,-1.31325
5140,0,3,0.9934,0.00409364,0.000416358,0.00208981,3.14189,-3.32806,-1.89079,-2.20964
5141,0,4,0.998032,0.00111397,0.000249778,0.000603886,1.85452,-1.89134,-1.69153,-1.7181
5142,0,2,0.997746,0.00108679,0.000222527,0.000945146,3.54479,-3.32044,-1.6201,-2.34621
5143,0,4,0.997619,0.00152199,0.000185542,0.000673404,1.89314,-1.84807,-1.75829,-1.68195
5144,3,0,0.825292,0.0133526,0.00214387,0.159211,0.73363,-1.74867,-1.25678,-0.383595
5145,0,4,0.996371,0.00250498,0.00020432,0.00092018,0.0287061,0.216891,-1.53953,-1.87118
5146,0,2,0.981302,0.0161741,0.000262966,0.00226062,0.638906,-0.219416,-1.79105,-1.49462
5147,2,0,0.00105593,0.00103652,0.99628,0.00162749,-2.09248,-1.50574,2.23301,-2.1313
5148,0,2,0.996381,0.0019141,0.000286457,0.00141828,2.01137,-1.70878,-1.78049,-1.56569
5149,1,4,0.0022539,0.993793,0.000564888,0.00338846,-1.60965,1.53842,-1.21976,-1.35766
5150,1,1,0.00325666,0.990764,0.000659695,0.00531975,-1.34117,1.31688,-1.48933,-1.1808
5151,0,0,0.998502,0.000949565,0.000215003,0.000333654,1.76525,-1.82453,-1.55132,-2.55576
5152,3,0,0.0369222,0.706606,0.00353813,0.252934,-0.0981569,-0.513524,-1.4917,-0.354196
5153,0,0,0.99857,0.000862118,0.000144921,0.000423458,1.60573,-1.66054,-1.67565,-1.64305
5154,0,2,0.248366,0.737152,0.00120301,0.0132791,0.771494,-1.06649,-1.39285,-0.606643
5155,0,4,0.996561,0.00139654,0.000256324,0.0017862,1.99064,-2.14404,-1.47631,-1.63011
5156,0,1,0.996344,0.00201964,0.00037948,0.00125648,1.77339,-1.49971,-1.50996,-2.44992
5157,1,2,0.989781,0.00666583,0.00034729,0.00320612,1.12898,-1.21922,-1.3367,-1.59339
5158,0,4,0.998424,0.000876422,0.000167105,0.000532096,2.36673,-3.19657,-1.77737,-1.88606
5159,1,2,0.00906553,0.969087,0.0152413,0.00660662,-0.712458,0.415891,-0.924652,-1.41067
5160,0,3,0.997896,0.0012353,0.000198725,0.000669656,2.77511,-2.81832,-1.58484,-2.21713
5161,1,0,0.538008,0.456602,0.000966193,0.00442421,-0.467451,0.483697,-1.44313,-1.88618
5162,0,3,0.986687,0.0127586,0.000151246,0.000403176,0.637214,-0.554586,-1.41984,-2.00622
5163,1,1,0.0358093,0.960325,0.000416084,0.00344997,-0.812398,0.868067,-1.85894,-1.21837
5164,2,3,0.00304094,0.0314906,0.95357,0.0118986,-1.43633,-0.727177,-0.0243921,-1.61124
5165,0,1,0.970585,0.0273592,0.000468219,0.00158706,0.965126,-1.05236,-1.58499,-1.5999
5166,0,1,0.998099,0.00101534,0.000360621,0.0005247,1.16413,-0.794249,-1.7308,-1.77808
5167,0,4,0.998237,0.000694532,0.000268027,0.000800964,1.77427,-1.64006,-1.25251,-1.64463
5168,1,2,0.026627,0.969849,0.000663671,0.00286042,-1.18695,0.958742,-1.21177,-1.55242
5169,0,2,0.991696,0.0053482,0.000359709,0.00259634,0.573093,-0.59512,-1.50968,-1.38809
5170,0,1,0.996347,0.00279307,0.000178555,0.000681803,1.3701,-1.33667,-1.4278,-1.11475
5171,0,2,0.99106,0.00582725,0.000453537,0.00265881,1.8293,-1.73391,-1.8562,-1.37473
5172,3,4,0.0206496,0.0131964,0.0107181,0.955436,-0.155769,-0.685723,-0.565367,-0.698138
5173,0,0,0.985401,0.0133829,0.000429457,0.000786814,-0.193709,0.266728,-1.31869,-1.50517
5174,0,3,0.995154,0.00206709,0.000216385,0.0025625,1.98601,-2.04084,-1.39515,-1.51441
5175,1,1,0.665065,0.251446,0.00101563,0.0824739,-0.133543,-0.41327,-1.39468,-0.364616
5176,0,1,0.433887,0.548485,0.00143318,0.0161949,0.273765,0.0340402,-1.52309,-1.56011
5177,2,0,0.00200214,0.00207784,0.993514,0.00240563,-1.17845,-0.731901,0.206029,-1.16449
5178,0,0,0.998542,0.000876525,0.000144352,0.000436888,2.36247,-2.2432,-1.54643,-1.9372
5179,0,2,0.982844,0.00965902,0.000760627,0.0067365,0.957902,-0.651379,-1.28101,-1.69478
5180,0,3,0.995578,0.00335992,0.00015962,0.000902546,0.975845,-1.40316,-1.54907,-0.720535
5181,0,0,0.998459,0.000966362,0.000210835,0.00036358,2.46289,-2.65348,-1.04233,-1.85741
5182,0,0,0.997809,0.00164036,0.000138449,0.000411722,1.77806,-1.83906,-1.58855,-1.86047
5183,0,0,0.998523,0.000890312,0.000156996,0.000429267,1.82405,-1.70447,-1.50541,-1.84978
5184,0,0,0.983706,0.0103616,0.000958614,0.00497397,1.61906,-2.79374,-1.45526,-0.723421
5185,1,2,0.0270967,0.965274,0.000826886,0.00680279,-0.871587,0.669216,-1.29523,-1.35764
5186,0,2,0.997055,0.00153906,0.000252475,0.00115383,1.59313,-1.59762,-1.58992,-1.55798
5187,1,4,0.00525613,0.989006,0.000500002,0.0052382,-0.683119,0.695655,-1.39363,-1.02179
5188,2,2,0.00444483,0.00795477,0.984497,0.00310299,-1.66519,-0.373387,0.263883,-1.0023
5189,0,4,0.998024,0.000739167,0.000243514,0.000993688,1.78044,-1.96829,-1.68794,-1.64405
5190,0,1,0.350149,0.641512,0.00116338,0.00717544,-0.797593,0.769645,-1.85286,-1.17082
5191,1,0,0.242399,0.753968,0.00134349,0.00228982,0.681407,-0.311219,-1.69603,-1.88916
5192,0,0,0.995692,0.00275334,0.000279082,0.00127543,1.18654,-1.95634,-1.57913,-0.802734
5193,0,2,0.991033,0.00523103,0.000430228,0.00330562,2.38857,-2.211,-1.95037,-1.86481
5194,0,3,0.996996,0.00227667,0.000298052,0.000429448,0.330023,-0.440434,-1.52751,-1.84124
5195,1,3,0.00383923,0.993689,0.000276893,0.00219502,-0.133515,0.420614,-1.51258,-1.78414
5196,0,2,0.991579,0.0048524,0.000557063,0.00301146,1.27576,-2.24099,-0.829912,-1.37959
5197,0,2,0.993292,0.00565102,0.000355396,0.00070129,1.48764,-1.12322,-1.89834,-1.86559
5198,1,4,0.0187301,0.97747,0.000426001,0.00337374,-0.136419,0.349003,-1.82474,-1.36164
5199,3,2,0.0048153,0.0104715,0.00598689,0.978726,-0.70897,-1.21988,-1.03675,0.696474
5200,0,4,0.777927,0.214132,0.0013022,0.00663899,-0.346161,0.150944,-1.09713,-0.95759
5201,1,4,0.0790722,0.91739,0.000909844,0.00262758,0.542087,-0.714393,-1.38635,-1.87478
5202,0,4,0.997894,0.000692939,0.00028355,0.00112915,1.6608,-2.25863,-1.14148,-1.14562
5203,0,0,0.608697,0.258116,0.00317549,0.130011,0.353706,-0.60349,-1.2959,-0.964707
5204,1,1,0.0162075,0.974964,0.00040943,0.00841864,-0.705703,0.30189,-1.57691,-0.593425
5205,0,2,0.994289,0.00257281,0.000295506,0.00284228,1.94925,-1.63954,-1.42372,-1.79044
5206,0,2,0.988341,0.00558591,0.000456732,0.00561599,2.46447,-2.51628,-1.75399,-1.72571
5207,0,2,0.997569,0.00147365,0.000215222,0.000741723,2.46956,-2.70127,-1.3775,-1.67065
5208,0,4,0.998234,0.000942842,0.000169042,0.000654365,3.74279,-3.56869,-1.86014,-2.65875
5209,0,1,0.82103,0.0253314,0.00621986,0.147418,0.0480785,-0.849078,-1.30315,-0.576084
5210,1,0,0.00750188,0.990258,0.000642828,0.00159724,-1.66262,1.37175,-0.803495,-1.35461
5211,0,4,0.998429,0.000759224,0.000235657,0.000576461,1.1423,-1.58375,-1.62776,-0.955212
5212,1,3,0.00504168,0.979724,0.0093458,0.00588857,-1.66376,1.74309,-0.553128,-1.68604
5213,1,2,0.0430051,0.952391,0.000544536,0.00405913,-0.212498,0.323305,-1.69412,-1.43069
5214,1,3,0.0283444,0.921384,0.0125287,0.0377433,-1.25692,0.800761,-1.00108,-1.12624
5215,2,4,0.0170568,0.0190654,0.955682,0.00819592,-0.904743,-1.19709,0.915497,-1.30411
5216,0,1,0.998199,0.000871957,0.000261298,0.000667248,2.60916,-2.51414,-1.94013,-2.33447
5217,0,1,0.998354,0.000978606,0.000210402,0.000456875,2.044,-1.62476,-1.56298,-2.48072
5218,0,1,0.997345,0.00180691,0.000235401,0.000612973,0.941735,-1.35085,-1.24901,-1.00243
5219,0,0,0.994933,0.00175735,0.000284925,0.00302459,0.671748,-1.11621,-1.11373,-0.723333
5220,0,3,0.310352,0.0117434,0.00135542,0.676549,0.206325,-0.90237,-1.74492,-0.0379758
5221,2,3,0.00270244,0.00103377,0.992675,0.0035889,-1.55381,-1.42029,0.551263,-0.410906
5222,0,3,0.998168,0.00105586,0.000229688,0.000546706,0.808804,-2.08457,-0.900832,-0.119551
5223,1,0,0.00874176,0.915507,0.065787,0.00996392,-1.44931,1.03851,-0.727335,-1.20862
5224,0,4,0.998151,0.00109149,0.000154504,0.000602779,2.42896,-1.96346,-1.88534,-2.11076
5225,0,1,0.992717,0.00270255,0.000772783,0.00380749,1.01509,-1.2792,-1.45328,-1.17362
5226,2,2,0.00471532,0.00291925,0.989794,0.0025712,-1.63883,-1.24224,1.511,-1.1296
5227,0,0,0.874918,0.0588237,0.00318641,0.063072,1.00176,-1.19208,-1.97973,-0.779759
5228,0,2,0.99288,0.00436602,0.000238969,0.00251455,1.40046,-1.3583,-1.31186,-1.77047
5229,0,3,0.980525,0.017347,0.000315095,0.00181325,0.158866,-0.664588,-1.27888,-0.61141
5230,1,2,0.0264427,0.945661,0.00204452,0.0258522,-1.20413,1.06793,-1.65771,-1.30297
5231,0,4,0.997978,0.000926176,0.000180956,0.000915386,1.81983,-1.84442,-1.55469,-1.64936
5232,0,3,0.99829,0.000839448,0.000262857,0.000607591,1.12097,-1.72467,-1.67209,-0.441221
5233,1,2,0.0137631,0.982039,0.000791824,0.0034061,-1.30878,1.23819,-1.45097,-1.59189
5234,0,3,0.998412,0.000878982,0.000123455,0.0005861,1.52723,-1.99204,-1.62031,-1.21254
5235,0,3,0.997809,0.00123278,0.000240155,0.000718373,-0.188234,-0.316733,-1.53187,-1.17709
5236,0,3,0.996545,0.00289995,0.000102957,0.000451616,2.20905,-2.34237,-1.84217,-1.65677
5237,1,4,0.0460581,0.950747,0.000568572,0.00262648,-0.228599,-0.0823551,-1.30367,-0.727941
5238,1,2,0.0417627,0.953303,0.000428657,0.00450614,-0.770378,1.30433,-1.43826,-2.0139
5239,2,2,0.030658,0.0275959,0.938268,0.00347773,0.357868,-1.55341,-0.251132,-1.7994
5240,0,1,0.752171,0.0367599,0.00473321,0.206336,0.143933,-0.813401,-0.981893,-0.165227
5241,1,3,0.996698,0.00164736,0.000395508,0.00125938,1.06975,-1.46147,-1.68645,-0.929317
5242,1,2,0.105515,0.87702,0.00102089,0.0164441,0.231882,-0.558785,-1.76322,-0.945802
5243,0,2,0.996397,0.00250382,0.000154534,0.000944791,2.49742,-2.45844,-1.51335,-1.67563
5244,0,3,0.996491,0.00148796,0.00044459,0.00157621,0.0526593,-0.789897,-1.1174,-0.401425
5245,0,3,0.998334,0.00101956,0.000188599,0.000457759,2.31459,-2.23814,-1.99595,-2.29833
5246,3,2,0.175695,0.790494,0.00229529,0.0315158,-0.0686059,-0.503861,-1.05772,-0.684215
5247,0,4,0.99762,0.00108666,0.000211896,0.00108136,1.50613,-1.82997,-1.01181,-1.85243
5248,1,0,0.039826,0.91768,0.00278159,0.0397119,-1.21199,1.1378,-1.40534,-0.743026
5249,0,0,0.99357,0.00410034,0.00046729,0.00186266,1.30209,-1.37475,-1.09377,-1.81964
5250,0,4,0.990459,0.00496187,0.000439317,0.00413973,0.344392,-0.436138,-1.22965,-1.5963
5251,0,0,0.996834,0.00153572,0.000326654,0.00130335,1.03534,-1.16055,-1.3904,-1.13589
5252,0,4,0.997941,0.00113363,0.000187424,0.000737664,1.4163,-1.79127,-2.00145,-1.33828
5253,0,0,0.998023,0.00134632,0.000173353,0.000457616,1.82101,-1.6789,-1.79143,-1.31185
5254,0,0,0.997159,0.00240504,0.0001233,0.000312407,0.449087,-0.903749,-1.38179,-0.814262
5255,0,2,0.997223,0.00159908,0.000287821,0.000890021,2.9839,-2.74852,-1.67059,-2.73632
5256,0,0,0.426221,0.561352,0.0016621,0.0107644,-0.388178,0.487718,-1.28359,-1.95412
5257,0,2,0.997601,0.00122055,0.000233629,0.000945009,3.00152,-2.70444,-1.75912,-2.45097
5258,0,0,0.969877,0.00419465,0.000794333,0.0251338,0.601539,-1.22796,-1.1679,-0.477315
5259,0,1,0.99829,0.000775604,0.000259795,0.000675174,2.91554,-3.08488,-1.87579,-1.90272
5260,0,1,0.0818779,0.910877,0.00181777,0.00542686,-0.0574816,-0.118699,-1.07943,-1.46954
5261,1,1,0.00467879,0.987897,0.000458313,0.00696564,-1.6922,1.46492,-1.20745,-0.883996
5262,0,3,0.997857,0.0015373,0.00027643,0.000328911,1.20275,-1.5916,-1.22663,-1.0849
5263,0,1,0.846938,0.133222,0.00138218,0.0184572,0.621846,-0.679058,-1.79549,-1.06226
5264,0,1,0.998052,0.00110425,0.000297786,0.000545576,1.51605,-2.50915,-0.927263,-2.00293
5265,0,3,0.998306,0.00121309,0.000112395,0.000368529,1.85527,-1.8242,-2.0357,-1.96708
5266,0,4,0.998015,0.00138905,0.000127323,0.000468465,1.5059,-1.53492,-1.7578,-1.25743
5267,0,3,0.99848,0.000887669,0.000188996,0.00044374,2.35844,-2.55756,-1.52996,-2.3667
5268,0,4,0.995934,0.00134351,0.000428154,0.00229433,-0.20222,-1.09911,-0.220889,-1.41374
5269,0,2,0.938048,0.0277245,0.000984547,0.0332427,1.71736,-2.0615,-1.66555,-1.20366
5270,0,1,0.99729,0.00189908,0.000197058,0.000614137,0.813939,-1.08896,-1.37258,-0.779097
5271,0,4,0.993378,0.00534682,0.000246678,0.00102846,1.06838,-1.43582,-1.05774,-1.36147
5272,1,0,0.984502,0.0144466,0.000444418,0.000607448,1.73156,-1.61897,-1.52386,-1.82573
5273,0,0,0.997963,0.00144008,0.000257186,0.000339388,0.688813,-1.15481,-1.49437,-1.24822
5274,0,3,0.997722,0.00178566,0.000205799,0.000286842,1.54438,-1.57605,-1.48463,-1.84865
5275,0,0,0.997426,0.00153513,0.000184783,0.000853595,0.401477,-0.652748,-1.23129,-1.11877
5276,0,2,0.997322,0.00187427,0.000157421,0.000646781,0.705097,-0.356871,-1.58785,-2.25315
5277,0,4,0.996705,0.00189797,0.00031967,0.00107721,1.99678,-1.60302,-1.7174,-2.08569
5278,1,3,0.118464,0.872775,0.00196595,0.00679515,0.775429,-0.843938,-1.25411,-1.60265
5279,0,3,0.998239,0.00103754,0.000231959,0.000491057,2.39176,-2.24029,-2.05551,-2.89262
5280,0,2,0.997496,0.00145212,0.000254071,0.00079725,1.51513,-1.81984,-1.48246,-1.38271
5281,0,2,0.935047,0.0586194,0.00053462,0.00579844,0.894688,-1.15195,-1.78458,-1.09402
5282,1,3,0.0976608,0.897195,0.000380469,0.00476355,0.298171,-0.107006,-1.89006,-1.43912
5283,0,4,0.997423,0.00153363,0.000181563,0.000861969,0.647091,-0.825309,-1.16974,-1.01439
5284,0,4,0.99827,0.000715204,0.000248378,0.000766553,0.499664,-0.744769,-1.46848,-1.38583
5285,1,1,0.917378,0.0555555,0.00918001,0.017886,1.13201,-1.16858,-0.746761,-2.43298
5286,0,2,0.992182,0.00434806,0.000427375,0.00304286,1.74034,-1.96555,-1.48721,-1.59724
5287,0,3,0.992104,0.0057993,0.000283561,0.00181329,0.574197,-0.449861,-1.41232,-1.54523
5288,0,3,0.995072,0.00383614,0.000148998,0.000942614,1.38226,-1.61989,-1.0853,-1.48166
5289,0,0,0.998138,0.00143402,0.00011085,0.000317018,0.410046,-0.377428,-1.14934,-1.94242
5290,2,2,0.0209724,0.0345693,0.922778,0.0216805,-0.934305,-0.109064,0.0358694,-1.23274
5291,0,0,0.975333,0.0202374,0.000714643,0.00371532,0.508669,-0.354585,-1.71718,-1.42378
5292,0,0,0.997895,0.00121259,0.000158128,0.000734037,2.21752,-1.87166,-1.64283,-2.55482
5293,0,2,0.986765,0.00907227,0.000436824,0.00372598,1.05631,-0.981491,-2.00229,-1.68181
5294,0,1,0.985642,0.0037546,0.00112733,0.009476,0.317085,-0.847523,-1.3315,-0.974518
5295,0,0,0.250428,0.744727,0.000536166,0.00430886,1.02662,-1.028,-1.754,-1.7344
5296,1,1,0.989486,0.00651903,0.00109906,0.00289563,2.44553,-2.38291,-1.47493,-1.93065
5297,0,2,0.98958,0.00387788,0.000553773,0.0059886,1.52694,-1.90758,-1.30121,-1.20564
5298,0,0,0.992711,0.00520418,0.00046963,0.00161533,1.37382,-1.14971,-1.58668,-2.09371
5299,0,1,0.997299,0.00107575,0.000427904,0.00119775,3.03747,-3.54393,-2.02404,-1.92085
5300,0,0,0.998547,0.000902589,0.000216276,0.000334322,1.69184,-2.33859,-1.66803,-1.28244
5301,0,3,0.997484,0.00180717,0.000318051,0.000390445,0.857382,-1.17486,-1.62394,-1.38938
5302,1,0,0.0179305,0.973255,0.00223116,0.00658341,-0.485558,0.496152,-1.18331,-1.26342
5303,0,4,0.998384,0.000732249,0.00021082,0.000672606,2.18591,-1.7665,-1.92872,-2.65892
5304,0,0,0.991761,0.00615765,0.00044508,0.001636,1.1527,-1.10733,-0.937517,-1.96314
5305,0,1,0.734883,0.219792,0.00199283,0.0433324,0.607529,-0.725602,-0.947668,-1.14726
5306,0,4,0.998305,0.000913007,0.000204317,0.000577516,0.827369,-1.04033,-1.62739,-1.64794
5307,0,1,0.981269,0.0156702,0.000477085,0.00258414,0.509207,-1.12007,-1.35293,-0.747879
5308,3,1,0.0114708,0.928304,0.00403845,0.0561863,-0.712743,0.59674,-1.04123,-1.2445
5309,0,0,0.99853,0.00083556,0.000172091,0.000462342,3.82157,-3.39784,-2.07094,-2.89496
5310,1,2,0.0399265,0.95094,0.000780346,0.00835273,-1.06749,0.594205,-1.28817,-0.449867
5311,3,0,0.151288,0.36613,0.0122321,0.47035,-0.175661,-0.517342,-1.11448,-0.305248
5312,0,3,0.998153,0.000802462,0.000283623,0.000761241,1.40266,-1.81548,-1.51747,-1.23765
5313,0,4,0.99826,0.000782428,0.00026285,0.000694548,1.19695,-1.28149,-1.16325,-1.4635
5314,0,2,0.996999,0.00225896,0.000197386,0.000545,0.953514,-1.00538,-1.55095,-2.07817
5315,0,3,0.998595,0.000802035,0.000185,0.000417719,2.25105,-2.37452,-1.77623,-1.79014
5316,3,3,0.106869,0.0352933,0.00359489,0.854243,-0.110287,-1.25629,-1.29703,0.469513
5317,0,4,0.997746,0.00107413,0.000259147,0.000920551,2.07744,-1.81165,-1.43041,-1.60442
5318,1,3,0.0106843,0.985663,0.000269345,0.00338379,-1.24421,0.773813,-0.668558,-0.84978
5319,1,4,0.00914159,0.799141,0.0158261,0.175891,-1.2298,0.768405,-1.01172,-0.968126
5320,0,1,0.996016,0.00137817,0.000320699,0.00228557,1.23173,-2.06315,-1.37908,-1.02657
5321,1,3,0.00376553,0.992865,0.000306239,0.00306285,-1.43105,1.44528,-1.66538,-1.29131
5322,0,2,0.981988,0.00424703,0.000696022,0.013069,1.07553,-1.43644,-1.10499,-1.35954
5323,0,2,0.9978,0.00104828,0.000207025,0.000945197,2.39177,-2.7266,-2.07516,-1.73144
5324,0,3,0.998634,0.000749801,0.000172109,0.000443809,2.53454,-2.5385,-1.84206,-2.08023
5325,0,2,0.951064,0.0203255,0.00203622,0.0265743,1.83136,-3.08801,-1.55704,-1.1319
5326,3,1,0.539945,0.0401585,0.0030666,0.41683,-0.732519,-0.0438873,-1.39668,-0.115681
5327,0,0,0.998723,0.000838174,0.000113103,0.000325361,1.49784,-1.66252,-1.96251,-1.61269
5328,0,3,0.998473,0.000943068,0.000173092,0.000411192,2.46898,-1.84716,-2.20285,-3.11891
5329,0,4,0.998271,0.000744422,0.000201536,0.000783201,2.15556,-2.22379,-1.90453,-1.71901
5330,1,3,0.01016,0.973558,0.000805172,0.015477,-1.09016,0.96557,-1.30617,-1.07326
5331,0,0,0.995555,0.00288226,0.000285104,0.00127775,1.51304,-1.83807,-1.64137,-1.43336
5332,0,3,0.998483,0.000939401,0.000195759,0.000381783,0.760353,-1.00855,-1.40318,-1.53497
5333,0,2,0.991957,0.00612587,0.00016186,0.00175552,1.43752,-1.54922,-1.28821,-1.11923
5334,0,3,0.993097,0.00210761,0.00026098,0.00453429,0.878839,-1.49656,-1.29466,-0.740358
5335,0,3,0.998158,0.000978414,0.000299567,0.000564055,0.246833,-0.804625,-1.57116,-0.575223
5336,0,3,0.998468,0.000793364,0.000187889,0.000550622,2.65281,-2.20185,-1.75069,-2.06957
5337,1,1,0.0114875,0.985634,0.000353345,0.00252562,-0.469588,0.427119,-2.10031,-1.29705
5338,0,2,0.993454,0.00378251,0.000333918,0.00242909,1.2621,-1.71068,-1.35872,-1.09194
5339,0,0,0.998472,0.000887662,0.0002422,0.000397763,1.7183,-1.79422,-1.95762,-1.93107
5340,0,3,0.99846,0.000972042,0.000185699,0.00038252,2.61168,-2.29415,-1.47316,-2.40549
5341,0,0,0.28914,0.625402,0.00350372,0.0819548,-0.0444587,-0.00367143,-1.0032,-1.64902
5342,1,4,0.156189,0.776901,0.00985645,0.0570533,0.436237,-0.87697,-1.16059,-0.590036
5343,0,3,0.989727,0.007179,0.000545269,0.00254853,1.30691,-1.24403,-1.6036,-1.61234
5344,0,4,0.998468,0.000673977,0.000245533,0.000612466,2.59146,-2.24482,-1.61426,-2.3909
5345,1,3,0.0101703,0.0398089,0.00453955,0.945481,-0.484787,-0.727172,-1.08529,0.160792
5346,0,2,0.997363,0.00163244,0.000221143,0.000783253,1.78997,-1.85752,-1.80594,-1.63078
5347,0,2,0.997392,0.00170416,0.000224632,0.000679194,2.36909,-2.55572,-1.83523,-1.45059
5348,0,4,0.997821,0.00137797,0.00013498,0.000665694,1.37152,-1.33449,-1.61937,-1.43607
5349,1,4,0.0612905,0.927435,0.00103215,0.0102427,-0.915095,0.321077,-1.82578,-0.163747
5350,1,0,0.00865878,0.985784,0.00237297,0.00318383,-0.81592,0.420913,-0.673705,-1.31744
5351,1,3,0.0347595,0.951949,0.0070446,0.00624727,-0.27375,0.309249,-1.03946,-1.73003
5352,0,0,0.994191,0.00428304,0.000309053,0.00121638,1.16163,-1.00005,-1.80791,-2.04054
5353,0,4,0.983883,0.00447252,0.000391951,0.0112522,0.700031,-1.12112,-1.80581,-1.11871
5354,0,3,0.998241,0.00113729,0.000149472,0.000472246,2.29248,-2.32753,-1.39498,-2.15864
5355,1,3,0.00941515,0.988124,0.000326977,0.00213424,0.023047,-0.352577,-0.75513,-1.27541
5356,0,4,0.998361,0.000647455,0.000220501,0.000771128,3.41959,-3.03833,-2.03212,-2.97245
5357,0,4,0.997283,0.00116656,0.00035474,0.00119539,-0.0539685,-0.422128,-1.82177,-0.64929
5358,0,4,0.483643,0.451686,0.0118968,0.0527738,-0.226128,-0.060491,-1.4169,-0.65855
5359,3,2,0.230786,0.761909,0.000661661,0.0066435,-0.327354,-0.237658,-1.35392,-0.712747
5360,0,1,0.183463,0.786105,0.00155961,0.0288725,0.507856,-0.665048,-1.40155,-1.00062
5361,0,2,0.994229,0.00408108,0.000491959,0.00119756,-0.260951,-0.438696,-1.29725,-0.415164
5362,0,1,0.995442,0.0017125,0.000361068,0.00248438,0.460402,-1.58806,-1.41913,-0.364051
5363,0,3,0.998489,0.00085534,0.000185704,0.000469604,1.7111,-2.27981,-1.70193,-1.2044
5364,3,3,0.035419,0.0182959,0.00190684,0.944378,0.660789,-1.51777,-1.30497,-0.316072
5365,0,3,0.998139,0.00117098,0.000231936,0.000458564,0.441512,-0.73272,-2.21327,-0.976136
5366,0,4,0.993306,0.00131404,0.00038957,0.00499073,0.848136,-1.38691,-0.816462,-1.09136
5367,0,0,0.998586,0.000836423,0.000215863,0.000361502,2.91925,-2.79944,-1.78076,-2.11455
5368,1,0,0.563673,0.433874,0.000662576,0.00179055,-0.0555706,-0.543365,-1.02722,-0.303449
5369,0,4,0.993424,0.00154096,0.00040277,0.00463202,0.594895,-0.486431,-1.28343,-1.34354
5370,3,3,0.0451321,0.624248,0.002627,0.327993,-1.39657,0.589074,-0.985312,-0.43113
5371,1,3,0.133527,0.85972,0.000477359,0.0062757,-0.188803,-0.0881164,-1.29683,-1.23457
5372,0,0,0.998428,0.00112316,0.000165805,0.000282595,2.20763,-2.22094,-1.86833,-1.75678
5373,0,1,0.991458,0.00727721,0.000234469,0.00103049,0.275578,-0.562732,-1.56487,-0.870497
5374,2,2,0.00569636,0.00402751,0.98839,0.00188581,-1.40192,-1.23219,1.29936,-1.41443
5375,0,3,0.998502,0.000880781,0.000167772,0.000448981,2.56204,-2.21924,-2.11099,-2.3167
5376,1,1,0.112063,0.882307,0.000474828,0.00515497,-0.611365,0.54035,-1.44887,-1.35833
5377,0,1,0.998371,0.000958757,0.000253797,0.00041681,1.83447,-1.8694,-1.74235,-1.62542
5378,1,0,0.00559501,0.99213,0.000637785,0.00163661,-1.55616,1.16351,-0.979507,-1.05768
5379,0,1,0.942383,0.0555541,0.00113179,0.000930987,-0.552242,0.86424,-1.75249,-1.91243
5380,0,4,0.998348,0.000851885,0.000168732,0.000631215,1.58864,-1.10278,-1.76665,-2.31523
5381,0,0,0.997926,0.0012921,0.000162199,0.000619954,1.48366,-1.74558,-1.12649,-1.2213
5382,3,4,0.0966841,0.266628,0.00267853,0.63401,-0.399797,-0.26139,-1.12042,-0.277976
5383,0,4,0.998329,0.000854367,0.000152136,0.000664733,2.04778,-2.09408,-1.83435,-1.54086
5384,2,0,0.00245265,0.00105384,0.994312,0.00218143,-1.28177,-1.48761,1.38344,-1.63114
5385,0,4,0.998013,0.000827819,0.000233269,0.000926209,2.89338,-3.20331,-2.01401,-1.37849
5386,1,3,0.0454908,0.951963,0.000257105,0.00228931,-0.200198,0.00199168,-1.44076,-0.937905
5387,0,1,0.998483,0.000803513,0.000217109,0.000495998,3.10553,-3.10704,-2.53181,-2.18918
5388,0,2,0.0895868,0.906564,0.000775078,0.00307449,-0.381216,0.200796,-1.11283,-1.54941
5389,1,1,0.114278,0.880619,0.00102507,0.00407807,-0.132227,0.278645,-1.48548,-1.13417
5390,0,4,0.998394,0.000715992,0.000198436,0.000691258,2.09295,-2.16655,-1.68512,-1.43057
5391,3,4,0.0146715,0.0128343,0.00389707,0.968597,-1.30755,-1.03636,-1.23586,0.669225
5392,0,2,0.826882,0.144183,0.00128263,0.0276524,-0.118767,-0.206108,-1.31137,-0.77122
5393,1,0,0.206972,0.781106,0.0033454,0.00857621,0.0568005,-0.755918,-0.93813,-1.35329
5394,0,1,0.998307,0.000881468,0.000245493,0.000566347,2.42752,-1.899,-1.55738,-2.57008
5395,2,3,0.00405619,0.00569784,0.986718,0.00352752,-2.12362,-0.646071,1.01547,-0.713388
5396,1,0,0.00163874,0.00110667,0.995365,0.00188987,-2.06369,-1.88008,2.5019,-2.0946
5397,0,1,0.0269493,0.968259,0.00086586,0.00392626,-0.490886,0.657579,-1.24488,-1.43613
5398,0,0,0.997406,0.00185259,0.00015805,0.000583797,2.01776,-2.51317,-1.61994,-1.09808
5399,3,0,0.6917,0.16984,0.00222313,0.136237,0.451678,-0.771058,-1.02468,-0.858145
5400,0,3,0.997146,0.00199188,0.000401133,0.0004608,0.671589,-0.979224,-1.33525,-1.10272
5401,0,2,0.991474,0.00516229,0.000247652,0.00311584,1.03945,-1.42873,-1.20133,-1.09974
5402,1,1,0.141846,0.854605,0.000665269,0.00288416,-0.106214,0.478618,-1.27071,-2.08647
5403,0,1,0.998254,0.000902325,0.000294376,0.000548893,3.1338,-3.62032,-1.61811,-1.89623
5404,2,3,0.00460944,0.0011318,0.989547,0.00471184,-1.71628,-0.8773,1.07143,-1.20854
5405,0,1,0.99716,0.00176818,0.000265137,0.000806376,2.30102,-2.23221,-1.69829,-2.38601
5406,1,0,0.00532406,0.986738,0.000819267,0.00711897,-1.11079,1.42321,-1.20146,-1.94715
5407,0,4,0.994897,0.00269793,0.000380412,0.0020246,0.449824,-0.26747,-1.41827,-1.56424
5408,0,4,0.995747,0.00133802,0.000244864,0.00267007,1.13579,-1.5115,-1.32775,-1.02517
5409,0,1,0.997658,0.00123019,0.00032438,0.00078732,1.08409,-1.20087,-2.11313,-1.10717
5410,0,2,0.992508,0.00412003,0.000444546,0.00292725,2.50386,-2.34412,-1.21036,-2.23282
5411,0,2,0.952923,0.0446559,0.000648279,0.00177256,2.51411,-2.30272,-1.61712,-1.9104
5412,3,4,0.0946556,0.872564,0.00178609,0.0309939,-0.0951283,0.0352433,-1.8104,-0.639102
5413,0,0,0.998382,0.000950378,0.000221368,0.000446304,1.65251,-1.59246,-1.1107,-2.03885
5414,0,4,0.932819,0.0389499,0.00212182,0.0261091,0.195102,-0.143276,-1.03292,-1.24202
5415,0,1,0.998261,0.000874569,0.000277625,0.000586585,1.73846,-1.67288,-1.31736,-1.72407
5416,0,1,0.9929,0.00423178,0.000485577,0.0023831,1.15075,-1.79905,-1.59714,-0.604697
5417,0,3,0.998207,0.000827172,0.000240251,0.000725712,2.6505,-2.95938,-1.66859,-1.75561
5418,0,2,0.90518,0.0898001,0.000461212,0.00455907,1.45921,-1.15492,-2.21531,-1.45788
5419,0,2,0.996406,0.00198458,0.000203134,0.0014059,2.10188,-2.35644,-1.50222,-1.85436
5420,0,4,0.994005,0.00247112,0.000460247,0.00306337,0.696621,-0.856484,-1.519,-1.05432
5421,3,1,0.0104817,0.0170968,0.00367585,0.968746,-0.940197,-0.619535,-0.801649,0.389043
5422,0,2,0.997809,0.00130717,0.000150285,0.000733974,1.29869,-1.33535,-1.53896,-1.48437
5423,0,0,0.10259,0.888843,0.00046002,0.00810641,-0.756022,0.257808,-1.55832,-0.908218
5424,2,3,0.0233932,0.675024,0.226436,0.0751463,-0.0495053,-0.576738,-0.267972,-1.05119
5425,0,0,0.845159,0.151825,0.000669583,0.00234622,0.994241,-0.683556,-1.70541,-1.66149
5426,1,1,0.00921744,0.984845,0.00246514,0.00347301,-0.50852,0.323261,-1.36728,-0.876443
5427,0,0,0.969792,0.0286487,0.000378126,0.00118074,0.0252762,-0.154307,-1.14288,-1.42425
5428,0,1,0.993765,0.00489407,0.000376286,0.000964641,1.65017,-1.69256,-1.16244,-1.48841
5429,0,0,0.998287,0.000869482,0.000176474,0.000666655,3.2401,-2.80476,-1.82992,-2.18688
5430,0,0,0.994477,0.001807,0.000249862,0.00346613,1.1982,-1.56513,-1.13901,-0.909043
5431,1,1,0.0132753,0.980256,0.00044947,0.00601971,0.0499213,-0.383617,-1.3121,-1.09831
5432,0,1,0.997485,0.000840411,0.000396595,0.00127772,2.16047,-2.28558,-1.87869,-1.54138
5433,0,4,0.998149,0.000746515,0.00024738,0.00085672,1.8562,-1.82863,-1.3734,-1.90646
5434,0,3,0.0438821,0.953946,0.00034805,0.00182365,-0.633527,1.03189,-1.52688,-2.08449
5435,0,0,0.996525,0.00273152,0.000328472,0.000415227,1.08137,-0.853658,-1.61049,-1.68561
5436,0,3,0.996594,0.00195609,0.000246994,0.00120276,1.06249,-0.955739,-1.69545,-1.63809
5437,0,1,0.0484528,0.945102,0.000392266,0.00605274,-0.718152,0.795816,-1.86814,-0.978577
5438,1,1,0.0114848,0.982756,0.00103551,0.00472313,-1.45287,1.38213,-1.56578,-1.59
5439,0,1,0.995466,0.00238926,0.000391945,0.00175315,0.895039,-1.329,-1.37165,-1.08091
5440,0,2,0.997371,0.00124433,0.000257536,0.00112746,0.0972298,-0.168265,-1.2898,-1.05475
5441,0,2,0.997423,0.00170421,0.000211441,0.00066154,2.18164,-2.50379,-1.54583,-1.48359
5442,1,3,0.0798863,0.917828,0.000672509,0.00161326,-0.606212,0.875004,-1.32146,-1.71778
5443,0,1,0.997546,0.00181081,0.000245306,0.000397394,0.463637,-0.202041,-1.93308,-1.67978
5444,1,0,0.00494841,0.990672,0.000525906,0.00385383,-1.35808,1.17583,-1.45421,-1.11526
5445,0,4,0.998379,0.000685868,0.000202742,0.00073296,3.6047,-3.1432,-2.06543,-2.6908
5446,0,0,0.998558,0.000963631,0.000176522,0.000301448,2.96314,-3.05369,-1.47205,-2.79296
5447,0,0,0.991131,0.00766055,0.000178664,0.00103015,0.320749,-0.356587,-1.0471,-1.22156
5448,0,2,0.997546,0.00132223,0.000229994,0.000901685,1.56531,-1.63904,-0.953654,-2.12013
5449,0,0,0.998469,0.00103778,0.000140448,0.000353086,1.78661,-1.73131,-1.9543,-2.31377
5450,2,3,0.00283519,0.00328888,0.988907,0.00496863,-0.671637,-0.25275,-0.464544,-1.27154
5451,0,4,0.989818,0.00900091,0.000222491,0.000958935,0.891232,-1.18611,-1.44784,-1.15676
5452,0,3,0.994277,0.00518637,0.00015694,0.000379433,0.650951,-0.491388,-1.24729,-1.75923
5453,1,1,0.00820099,0.988976,0.000258379,0.00256406,0.196879,-0.364343,-1.1483,-1.09829
5454,0,4,0.992733,0.00489615,0.000358682,0.00201232,1.43519,-1.31175,-1.47168,-1.52749
5455,1,3,0.508546,0.415469,0.00124223,0.0747433,0.10603,-0.506183,-1.22928,-0.715492
5456,0,1,0.997973,0.000880313,0.000310229,0.000836726,2.65596,-2.60257,-1.40714,-2.31761
5457,2,1,0.0100687,0.00868821,0.950777,0.0304658,0.106629,-1.05897,-0.292083,-0.581094
5458,0,3,0.998132,0.00143541,0.00013371,0.000298392,1.00724,-0.509988,-1.75871,-2.72577
5459,3,3,0.73124,0.0320971,0.00902691,0.227636,-0.275604,-0.755902,-1.20573,-0.150392
5460,1,2,0.0755743,0.916199,0.000845314,0.00738126,-0.523157,0.409519,-1.62362,-1.06591
5461,1,0,0.74851,0.226285,0.00253599,0.0226694,0.437746,-0.313099,-1.33613,-1.70972
5462,0,3,0.998155,0.00136904,0.000163509,0.000312109,1.73047,-1.86492,-1.65157,-1.80777
5463,0,2,0.997139,0.00137434,0.000267733,0.00121879,2.52616,-2.29844,-1.62624,-2.00514
5464,1,3,0.00991017,0.977613,0.000437874,0.0120389,-1.22239,0.776872,-1.29988,-0.691477
5465,0,0,0.238558,0.750035,0.00230023,0.00910649,-0.0077585,-0.434922,-1.20196,-0.898764
5466,0,4,0.72835,0.260972,0.000869631,0.00980767,-0.83934,0.251558,-0.832322,-1.18686
5467,0,3,0.996548,0.00183928,0.000404827,0.00120741,1.50284,-2.14505,-1.33228,-1.03853
5468,0,1,0.998058,0.000813432,0.000296626,0.000831909,2.09688,-2.71645,-1.47953,-0.859432
5469,0,4,0.996779,0.0016491,0.000257383,0.00131478,2.38589,-2.36569,-1.63092,-1.83657
5470,0,4,0.99805,0.00121396,0.000209518,0.000526728,2.15476,-2.07314,-1.93434,-1.70893
5471,0,0,0.998314,0.00105705,0.000264925,0.000363527,0.916467,-1.25518,-1.4561,-1.93368
5472,0,4,0.996819,0.00251591,0.000210901,0.000454394,0.302163,-0.107457,-2.06303,-1.65806
5473,0,2,0.982662,0.00438057,0.000591111,0.0123669,0.464385,-2.10121,-1.74009,0.0355269
5474,0,4,0.996827,0.00182905,0.000230728,0.00111372,1.58157,-1.25273,-1.90605,-2.16678
5475,1,1,0.0065686,0.990703,0.000496962,0.00223158,-1.55841,2.02031,-1.6158,-1.97979
5476,1,3,0.0103083,0.976497,0.000414907,0.0127804,-0.365279,-0.271135,-1.64347,-0.42001
5477,0,0,0.925056,0.0344437,0.00280942,0.0376908,0.383958,-0.494707,-0.878792,-1.28606
5478,0,4,0.988844,0.00541945,0.000526991,0.00520929,0.854729,-1.21668,-1.0715,-0.99769
5479,0,1,0.998132,0.00092361,0.00028196,0.000662011,1.14437,-1.52297,-1.11874,-1.61444
5480,3,3,0.449675,0.379775,0.00128293,0.169267,0.110597,0.0688002,-1.81411,-1.42022
5481,0,4,0.992811,0.00353202,0.000425148,0.00323168,2.10277,-2.26471,-2.00033,-1.87728
5482,0,4,0.97546,0.0111586,0.00101189,0.0123695,0.860278,-0.69441,-1.44052,-1.99517
5483,2,3,0.00466349,0.00848582,0.980827,0.00602323,-0.520792,-0.346132,-0.709112,-1.41539
5484,0,4,0.998183,0.00123686,0.000201125,0.000378698,1.94262,-1.08722,-1.70462,-2.68634
5485,0,1,0.995336,0.00348951,0.000561363,0.000612934,0.521254,-1.09927,-0.72889,-1.0564
5486,0,1,0.998238,0.00103855,0.000269077,0.000454153,2.83189,-3.04916,-1.57454,-1.96514
5487,0,4,0.99854,0.000655205,0.000182478,0.000622156,1.99571,-2.36085,-1.74651,-1.39025
5488,2,4,0.00375051,0.00151091,0.991324,0.00341488,-1.52201,-0.724282,0.901085,-0.78881
5489,0,4,0.993936,0.00496593,0.000310789,0.000787453,1.28732,-1.1492,-0.986253,-1.81399
5490,3,3,0.143872,0.0967802,0.00181995,0.757527,-0.408796,-0.395121,-0.800611,-0.337486
5491,0,2,0.997718,0.00115347,0.000234571,0.000893948,2.60449,-2.76601,-2.36103,-1.7407
5492,1,3,0.103771,0.879104,0.000390688,0.0167346,-0.977401,0.777916,-0.643275,-1.13809
5493,0,2,0.997731,0.00111582,0.000236414,0.000916949,2.96753,-2.72359,-1.93438,-2.20881
5494,0,0,0.998294,0.00111318,0.000253778,0.000338838,1.34964,-1.70939,-1.61231,-1.52293
5495,0,4,0.998323,0.000962463,0.000224841,0.00049014,0.671464,-0.688496,-1.59208,-1.76506
5496,0,3,0.992964,0.00540627,0.000277232,0.00135264,0.596167,-0.635923,-1.44516,-1.41973
5497,0,0,0.998398,0.0010377,0.00017753,0.000387005,2.176,-1.9645,-2.08454,-1.87874
5498,0,1,0.99688,0.00136063,0.000311102,0.00144839,2.15725,-2.34744,-1.55388,-1.46534
5499,0,4,0.857628,0.0448135,0.00351865,0.0940401,1.08618,-1.9849,-1.09701,-1.07297
5500,0,4,0.980366,0.0146088,0.00100317,0.00402221,0.0800349,-0.243784,-0.804925,-1.01534
5501,1,3,0.99794,0.00116391,0.000132385,0.000764058,0.415791,-1.09281,-1.29395,-0.216801
5502,2,3,0.00241449,0.00273865,0.988448,0.00639871,-1.03802,-1.1339,0.0105307,-0.34002
5503,0,1,0.997519,0.00166327,0.000355517,0.000461874,0.65006,-0.343716,-1.16198,-1.66384
5504,0,1,0.998071,0.00109996,0.000311473,0.000517561,1.92734,-2.02402,-1.33783,-2.05554
5505,2,1,0.944088,0.0435879,0.00246207,0.00986207,0.493132,-1.2865,-0.751266,-0.967421
5506,0,1,0.998215,0.000762777,0.000288671,0.000733556,3.26868,-3.6561,-1.96572,-1.87166
5507,0,1,0.998262,0.000697949,0.000285321,0.000754663,2.75157,-3.2175,-2.04118,-2.05528
5508,0,3,0.943936,0.0550511,0.000337078,0.000675617,0.0896071,-0.143512,-1.42245,-1.49823
5509,0,3,0.998265,0.000802553,0.000283655,0.000648659,1.44167,-1.36492,-1.65094,-1.48345
5510,0,2,0.0114566,0.981668,0.000432874,0.0064423,-1.00817,0.914118,-1.34941,-1.07368
5511,0,4,0.998461,0.000843701,0.000189732,0.000505769,3.12475,-2.84951,-1.4098,-2.66543
5512,0,2,0.997734,0.0014202,0.000151157,0.000694182,1.46819,-1.50223,-2.14665,-1.93512
5513,0,0,0.992884,0.00449365,0.000446455,0.00217617,2.03717,-1.97837,-1.62087,-1.60988
5514,2,1,0.0690238,0.0223951,0.854437,0.0541443,-0.659528,-0.881767,-0.497245,0.0323461
5515,0,1,0.997864,0.00127447,0.000205026,0.000656682,1.68756,-2.68974,-1.64045,-1.14382
5516,1,1,0.22837,0.768052,0.000594399,0.00298344,0.757704,-0.952238,-1.08874,-1.19695
5517,0,3,0.998169,0.00126494,0.000121987,0.000443602,1.8073,-1.62514,-1.34944,-2.26493
5518,2,3,0.00734224,0.00273424,0.977265,0.0126584,-1.30919,-0.562907,0.457109,-0.655178
5519,0,2,0.992347,0.00523796,0.000449713,0.00196494,1.68948,-1.37887,-1.50376,-2.10218
5520,0,3,0.982671,0.0148023,0.0010979,0.00142914,0.0964361,-1.09868,-1.35201,-0.695368
5521,1,4,0.809677,0.183508,0.000596751,0.00621829,-0.401341,-0.131241,-1.30696,-0.644755
5522,0,2,0.0795044,0.747351,0.121385,0.0517597,-0.646752,0.271347,-0.803704,-1.03979
5523,0,4,0.998461,0.000884192,0.000217529,0.000436853,0.883778,-0.866876,-1.58258,-2.28444
5524,1,2,0.0178396,0.978538,0.000406143,0.00321647,-1.66452,1.70489,-1.72671,-1.33712
5525,0,2,0.997661,0.00115905,0.000226454,0.000953409,1.94899,-2.46053,-1.71508,-1.15595
5526,0,3,0.997911,0.00130603,0.000185234,0.000597944,1.65857,-1.26196,-1.74241,-2.4741
5527,0,4,0.99831,0.000693227,0.000260308,0.000736497,2.4855,-2.84562,-1.42642,-1.70392
5528,0,2,0.988526,0.00921245,0.000336178,0.00192515,1.71911,-1.98875,-1.55657,-1.63656
5529,0,2,0.997693,0.00127924,0.000246302,0.00078122,1.79528,-2.11241,-1.66479,-1.25084
5530,1,3,0.0412419,0.637771,0.00279083,0.318196,-0.224011,-0.542772,-1.42115,-0.153319
5531,0,4,0.998143,0.00106412,0.000163826,0.000629239,2.1828,-1.81426,-1.96496,-2.05487
5532,0,4,0.991948,0.00398323,0.000423949,0.00364452,1.65617,-1.70212,-2.03974,-1.67949
5533,0,2,0.963469,0.00530363,0.000758856,0.0304682,0.158131,-0.646303,-1.24959,-0.443155
5534,0,1,0.990413,0.004746,0.000628035,0.00421294,1.14075,-2.01289,-1.4923,-1.18028
5535,0,0,0.99847,0.000912267,0.000226196,0.000391596,1.77899,-1.66674,-1.48986,-2.22499
5536,1,0,0.0554962,0.91489,0.00172861,0.0278848,-0.770224,0.382715,-0.905644,-0.780628
5537,0,3,0.99825,0.000922817,0.000225705,0.000601075,2.21791,-2.15094,-2.27828,-2.46769
5538,0,1,0.996687,0.0010149,0.000496073,0.0018022,1.47493,-1.94252,-1.65994,-0.939671
5539,0,2,0.997561,0.00160902,0.000184448,0.000645674,1.62492,-1.26062,-1.9163,-1.58747
5540,0,0,0.39964,0.597592,0.000387171,0.00238099,-0.39248,0.304225,-1.44558,-1.64062
5541,0,1,0.995683,0.00219085,0.000355556,0.00177074,1.68542,-1.26411,-1.54099,-1.75824
5542,0,1,0.986022,0.00903672,0.00070574,0.00423542,1.84725,-2.17402,-1.18354,-0.953935
5543,0,3,0.997401,0.00202772,0.000136247,0.000434687,1.51886,-1.48632,-1.89258,-1.96199
5544,0,2,0.997198,0.00130001,0.000227235,0.00127486,2.66982,-2.56136,-1.66365,-2.00565
5545,0,3,0.996125,0.00181354,0.000214073,0.0018475,1.6693,-1.58939,-1.15795,-1.58373
5546,0,0,0.989636,0.00745336,0.00038511,0.00252599,1.28604,-1.25425,-1.50739,-1.57546
5547,0,4,0.98662,0.0099297,0.000276539,0.00317411,1.06122,-1.1423,-1.27512,-1.5336
5548,0,2,0.981303,0.0064525,0.000597253,0.0116469,0.207691,-0.387004,-1.29158,-1.39276
5549,0,0,0.851552,0.128565,0.00137083,0.0185125,0.949022,-0.824233,-1.37562,-1.22207
5550,0,0,0.991989,0.00525913,0.000488937,0.00226303,1.66836,-1.80805,-1.53891,-1.27822
5551,0,3,0.996376,0.002374,0.000253786,0.00099593,0.710595,-1.21801,-1.80885,-0.900489
5552,0,0,0.998424,0.00100384,0.000146322,0.000425884,1.20742,-1.56677,-1.25716,-1.89947
5553,0,4,0.981175,0.0146694,0.000325949,0.00382995,-0.0894649,0.039759,-1.34931,-1.34805
5554,0,2,0.997147,0.00187302,0.000227224,0.000752349,1.88142,-1.7438,-1.15069,-2.00334
5555,0,1,0.998332,0.000665384,0.000298451,0.00070416,1.89988,-1.86015,-1.88233,-1.96546
5556,0,4,0.901213,0.0854792,0.000981646,0.0123265,-0.0493378,0.379687,-1.56911,-1.47777
5557,1,1,0.00484805,0.972951,0.00139579,0.0208047,-1.30728,0.916047,-1.19953,-0.653981
5558,1,3,0.0052123,0.969332,0.000553141,0.0249029,-1.15538,0.501477,-0.975689,-0.57967
5559,0,3,0.927061,0.0584888,0.000899892,0.0135506,0.152426,-0.321843,-1.22785,-1.50089
5560,0,4,0.997572,0.00156717,0.000252113,0.000608341,1.59371,-1.71497,-1.19134,-1.77181
5561,0,1,0.998365,0.000794833,0.000270164,0.000569708,3.59126,-3.19007,-2.55014,-2.99013
5562,0,2,0.823841,0.0290993,0.00403747,0.143022,0.537671,-1.17675,-1.22712,-0.613164
5563,0,3,0.992845,0.0065989,0.000123971,0.000431858,0.122476,-0.230064,-1.25627,-1.91769
5564,0,3,0.978442,0.0204462,0.000203406,0.000908046,0.00438415,-0.0709344,-1.02841,-1.42434
5565,0,0,0.995036,0.00406053,0.00035256,0.000551415,1.2689,-1.55184,-1.13793,-2.15306
5566,3,2,0.989809,0.00335025,0.000572601,0.00626827,0.531358,-0.600939,-1.33983,-1.21362
5567,1,3,0.687486,0.23402,0.00852,0.0699744,0.627758,-1.89667,-0.923115,-0.18884
5568,0,0,0.998455,0.000903388,0.000156985,0.000484494,3.14848,-3.07826,-1.98399,-1.75452
5569,1,1,0.0253319,0.952664,0.00145483,0.0205495,-0.813556,0.626379,-1.32952,-0.769137
5570,0,4,0.997641,0.000861316,0.000250168,0.0012471,1.57625,-2.07375,-1.61779,-1.10971
5571,3,1,0.140286,0.0982227,0.0823491,0.679142,0.0745662,-1.09448,-1.19436,0.185967
5572,1,4,0.0154989,0.981622,0.000631029,0.00224814,-1.0445,0.767074,-1.51139,-1.08031
5573,0,3,0.998201,0.00113947,0.000223937,0.000435036,1.43648,-1.17755,-1.71886,-2.13536
5574,1,1,0.00330843,0.989943,0.000430595,0.00631829,-0.644044,0.624873,-1.62557,-1.12954
5575,0,1,0.99837,0.000779464,0.000253302,0.000597052,2.87316,-2.76312,-2.05182,-1.99187
5576,0,4,0.994913,0.00201281,0.000309278,0.00276465,2.09322,-2.3068,-2.19679,-1.93478
5577,0,4,0.998163,0.00096891,0.000177142,0.000691098,2.48395,-2.25644,-1.96204,-2.38014
5578,0,2,0.997659,0.00121349,0.000210255,0.000916883,2.24285,-2.31633,-1.65181,-1.95963
5579,0,2,0.967634,0.0294061,0.00031278,0.00264716,1.76433,-1.81007,-1.47405,-1.67258
5580,0,4,0.998222,0.000864346,0.000235608,0.000677771,2.20551,-2.71827,-1.4127,-1.12827
5581,0,4,0.996308,0.00215402,0.000273319,0.00126505,1.58825,-1.1846,-1.63175,-2.27844
5582,0,3,0.997998,0.00147572,0.000110834,0.000415841,1.37746,-1.03052,-1.40232,-2.68285
5583,1,4,0.0359583,0.959154,0.000590653,0.00429671,0.412423,-0.346519,-1.74446,-1.52214
5584,1,3,0.0092951,0.961647,0.00101129,0.0280463,-0.318968,-0.177963,-0.832619,-0.964068
5585,0,3,0.998475,0.000936645,0.000154253,0.000434306,3.72507,-3.31505,-1.94595,-3.01872
5586,0,1,0.998499,0.000803525,0.000231567,0.000465954,1.77635,-1.4254,-1.52546,-2.11701
5587,3,4,0.034412,0.031857,0.00545542,0.928275,-1.05528,-0.739589,-1.2437,0.836773
5588,0,1,0.998198,0.00110333,0.000251288,0.000447094,2.77633,-2.38873,-1.97759,-3.17083
5589,0,0,0.99859,0.000875712,0.00019578,0.000338277,2.02799,-2.06081,-1.63794,-1.95771
5590,0,4,0.99672,0.00240751,0.000353157,0.000518883,1.42897,-1.23419,-1.6383,-1.60277
5591,3,3,0.0050534,0.988254,0.000735514,0.00595726,-0.913149,0.573641,-1.64173,-1.22236
5592,0,4,0.995297,0.00238886,0.000296384,0.00201752,1.41213,-1.25954,-1.36156,-1.90878
5593,1,2,0.308829,0.685168,0.000971485,0.00503091,0.523891,-0.393686,-0.853827,-3.01513
5594,0,0,0.993597,0.00253115,0.00047559,0.00339608,0.348813,-1.20493,-0.967636,-0.547921
5595,0,2,0.997874,0.00109546,0.000188512,0.00084156,2.93521,-2.65875,-2.01345,-2.18975
5596,1,1,0.0118402,0.985058,0.000577697,0.00252415,-1.39659,0.735114,-1.26968,-0.697165
5597,0,2,0.997599,0.00134444,0.000222495,0.000833966,2.2829,-2.03633,-1.6183,-2.23478
5598,0,2,0.987232,0.00861873,0.000447395,0.00370235,0.268978,-0.528734,-1.79508,-1.29247
5599,3,1,0.973398,0.0114548,0.00139098,0.0137566,0.591393,-0.96191,-0.678667,-1.42632
5600,0,4,0.998375,0.00091754,0.000178919,0.000528961,1.92591,-2.05719,-1.36244,-1.47746
5601,0,1,0.997931,0.0014108,0.000299499,0.000359154,1.54826,-1.50485,-1.7308,-1.37543
5602,0,4,0.994263,0.00320339,0.000186369,0.00234708,0.502123,-0.639126,-1.43681,-1.68884
5603,0,4,0.997685,0.000925001,0.000250179,0.00113999,2.10325,-1.71855,-1.48984,-2.08727
5604,0,3,0.997137,0.00216954,0.000333198,0.000360273,0.561327,-0.206466,-1.86769,-1.98371
5605,0,2,0.991876,0.00486572,0.000347346,0.00291114,1.67419,-1.32279,-1.43771,-1.77071
5606,0,3,0.996348,0.00258317,0.000216222,0.000852672,1.7767,-2.28328,-1.44601,-1.07012
5607,3,4,0.990097,0.00312369,0.000478565,0.00630078,0.462871,-0.87832,-1.57186,-0.953397
5608,0,4,0.961042,0.0320606,0.000590661,0.00630694,0.399482,-0.608923,-1.64541,-0.980032
5609,0,4,0.996186,0.00111954,0.000298975,0.00239566,1.83676,-2.42608,-1.64065,-1.52222
5610,0,1,0.996887,0.00106798,0.000322866,0.0017217,1.48243,-2.46249,-1.54661,-1.28705
5611,1,3,0.0189837,0.979401,0.000475248,0.00114006,-0.26759,0.119407,-1.10744,-1.51912
5612,3,4,0.561104,0.0597495,0.0145638,0.364583,-0.684825,0.0313207,-1.31128,-0.52149
5613,0,2,0.996086,0.00256866,0.000182385,0.00116288,1.70984,-1.77554,-1.44448,-1.65279
5614,0,1,0.18298,0.792505,0.00148863,0.023026,-0.31758,0.365121,-1.42558,-1.30233
5615,0,1,0.995597,0.00174825,0.000365381,0.00228907,1.75533,-2.14062,-1.30682,-1.29116
5616,1,2,0.252502,0.720718,0.0013354,0.0254445,-0.146548,-0.0736268,-1.27518,-0.700336
5617,0,0,0.00535385,0.882965,0.00266592,0.109015,-0.0464724,0.0986336,-1.19386,-1.47566
5618,0,4,0.998322,0.000921083,0.000206326,0.000550004,1.50553,-1.66232,-1.30748,-1.95252
5619,0,2,0.997397,0.00174118,0.000214765,0.000647462,2.25485,-2.52022,-1.89091,-2.22543
5620,0,0,0.998282,0.00117574,0.000166755,0.000375055,2.28663,-2.14788,-1.71453,-2.45473
5621,1,4,0.00925719,0.988247,0.00078601,0.00171011,-1.45826,1.66973,-1.4374,-2.03354
5622,0,1,0.998294,0.000927375,0.000257774,0.000520718,2.12752,-2.39508,-1.4954,-1.43386
5623,0,3,0.997888,0.00117183,0.000172991,0.000767009,2.54428,-2.77403,-1.5011,-1.3111
5624,0,1,0.998316,0.00109702,0.000246456,0.000340837,2.1975,-1.98269,-1.42464,-2.16049
5625,0,0,0.998456,0.000837949,0.00015546,0.000550615,2.29847,-3.09304,-1.57595,-1.35393
5626,0,2,0.997818,0.00134868,0.000217813,0.000615664,1.15458,-1.37489,-1.68976,-1.42788
5627,0,3,0.996482,0.00291254,0.000153345,0.000451587,1.288,-1.60911,-1.45587,-1.45301
5628,1,0,0.626147,0.353301,0.00142147,0.0191309,0.057636,-0.194776,-1.6336,-1.18348
5629,1,3,0.00816075,0.988643,0.000462256,0.00273384,-0.575462,0.611535,-1.41565,-1.3351
5630,0,1,0.992001,0.00271382,0.000397507,0.00488777,0.286393,-0.936536,-1.88753,-0.767737
5631,0,3,0.99631,0.0031502,0.000250323,0.000289813,1.75203,-1.4716,-1.57271,-2.49096
5632,1,3,0.00352028,0.981813,0.00112296,0.0135433,-1.22295,1.1542,-1.23396,-1.31516
5633,3,2,0.0152103,0.201435,0.0175583,0.765796,-0.547607,-1.04514,-1.11191,0.177292
5634,1,1,0.991654,0.00427211,0.000607099,0.00346643,0.69541,-1.51592,-1.12042,-0.54289
5635,0,0,0.998187,0.00131664,0.00012391,0.000372828,1.42372,-1.30926,-1.58703,-2.03697
5636,1,3,0.0131978,0.984907,0.000243146,0.00165189,0.337563,-0.0986116,-1.2789,-1.63364
5637,0,0,0.940215,0.0055202,0.00116959,0.0530951,0.745212,-1.04717,-1.11846,-0.906147
5638,3,2,0.0081358,0.00793958,0.00609343,0.977831,-0.3397,-1.13938,-0.987635,0.289979
5639,0,1,0.997836,0.0011324,0.000260184,0.000771476,2.61784,-2.36485,-1.66682,-2.25789
5640,0,0,0.998589,0.000794235,0.000175496,0.000441196,1.73009,-1.4339,-1.74828,-2.17326
5641,0,1,0.998396,0.000933832,0.000221804,0.000448057,2.34263,-2.2524,-1.89796,-2.08335
5642,1,1,0.0536676,0.787869,0.00118683,0.157276,-0.117059,-0.234741,-1.50531,-1.00362
5643,0,4,0.997802,0.00101603,0.000199874,0.000981893,1.31366,-1.68772,-1.9526,-1.13006
5644,0,4,0.9983,0.000663416,0.000205517,0.000831298,1.73411,-1.83168,-1.83226,-1.78831
5645,0,3,0.998572,0.000691381,0.000194632,0.000541612,3.97,-3.82315,-1.84136,-3.15482
5646,0,1,0.998125,0.00089344,0.000261789,0.000719303,1.44244,-1.25344,-2.01214,-2.0501
5647,1,2,0.312291,0.682107,0.000631796,0.00496946,0.15823,-0.110913,-1.90675,-1.78757
5648,0,0,0.975286,0.00442479,0.00108328,0.0192063,0.49659,-2.18959,-0.832888,-0.661688
5649,1,0,0.00954727,0.982684,0.000542447,0.00722603,-1.31912,0.796645,-1.39664,-0.913071
5650,0,2,0.997607,0.00119929,0.000223367,0.000970264,3.02783,-2.69602,-1.77994,-2.4916
5651,0,3,0.989146,0.00733776,0.000573336,0.00294309,0.669147,-1.2271,-1.50393,-0.882326
5652,0,2,0.995927,0.002706,0.000148544,0.0012185,1.37402,-1.57065,-1.07687,-1.16091
5653,1,3,0.987107,0.0108469,0.000346352,0.00169982,1.5278,-1.23253,-1.38149,-2.17186
5654,0,1,0.998416,0.000851111,0.000279845,0.000453348,1.57538,-1.72758,-1.61129,-1.27948
5655,0,0,0.998431,0.000987321,0.000181038,0.000400866,1.03701,-1.082,-1.61984,-1.38161
5656,0,4,0.995809,0.00254175,0.000220798,0.00142858,1.10021,-0.496708,-1.48396,-1.99725
5657,0,1,0.997808,0.00121248,0.000242986,0.000736846,1.52809,-1.53478,-1.49081,-1.34267
5658,0,0,0.994463,0.00345256,0.000426687,0.00165818,0.268348,-1.19347,-1.20296,-0.575053
5659,0,4,0.998078,0.00102229,0.000220008,0.000679661,1.6952,-1.73721,-1.4861,-1.33521
5660,0,0,0.998347,0.000892766,0.00017072,0.000590082,2.56806,-2.31669,-1.43128,-2.09005
5661,0,3,0.998728,0.000739689,0.00012942,0.000403342,2.68772,-2.66563,-2.15021,-2.26214
5662,1,1,0.0198079,0.973669,0.00111582,0.0054071,-0.617654,0.085473,-1.49432,-0.673337
5663,1,2,0.0496489,0.945077,0.000463093,0.00481142,-0.0689725,0.225346,-1.12836,-1.08225
5664,0,3,0.997515,0.00173037,0.000152012,0.000602395,2.27027,-2.1699,-1.58935,-2.16812
5665,0,3,0.998212,0.00109583,0.000244513,0.000447974,1.76947,-1.68339,-1.78886,-1.95544
5666,3,4,0.162605,0.311675,0.00782551,0.517895,-0.348181,-1.06357,-1.28789,0.0434604
5667,0,0,0.992985,0.00651419,0.000142432,0.000358073,0.589553,-0.254341,-1.7483,-2.05793
5668,0,3,0.980729,0.015112,0.000516577,0.00364222,1.06999,-1.93836,-1.35943,-0.857988
5669,1,2,0.0280389,0.962921,0.000770367,0.0082701,-0.378451,0.0715631,-1.12589,-0.739738
5670,0,4,0.997741,0.00101597,0.000211508,0.00103197,1.42627,-1.47903,-1.23091,-1.24846
5671,2,4,0.00717856,0.00231127,0.987736,0.00277435,-1.14486,-1.69694,1.48383,-1.72696
5672,0,4,0.997901,0.00147126,0.00021954,0.000408555,2.15629,-1.45358,-1.56995,-2.69484
5673,0,4,0.5554,0.013049,0.00446143,0.427089,0.627356,-1.12518,-1.13406,-0.670954
5674,0,3,0.876516,0.0123813,0.00117895,0.109923,1.35198,-1.47798,-1.4355,-0.93365
5675,0,1,0.998187,0.000790049,0.000338141,0.000684398,2.5965,-2.6209,-1.53923,-1.98054
5676,0,3,0.997229,0.0022639,0.000218964,0.000288385,0.846631,-0.768734,-1.69006,-1.58379
5677,0,4,0.0183295,0.978767,0.000519587,0.00238385,-0.567704,0.403685,-0.881302,-1.21664
5678,1,4,0.00242995,0.993805,0.00043737,0.00332784,-0.869392,0.0590928,-0.941994,-0.767328
5679,2,3,0.00177961,0.00134595,0.993855,0.00301984,-2.28421,-2.12545,2.30537,-1.77265
5680,0,3,0.997861,0.00157069,0.00013631,0.000432347,1.28035,-1.62892,-1.20108,-1.08096
5681,0,2,0.975652,0.0219051,0.000339669,0.0021032,0.872655,-0.973277,-0.850146,-2.11606
5682,0,0,0.993618,0.00410454,0.000433038,0.00184465,1.71601,-1.9043,-1.27888,-1.55826
5683,1,1,0.00490452,0.99249,0.00106639,0.00153951,-1.52608,0.13585,-0.245347,-1.53408
5684,0,1,0.99773,0.00136179,0.000382241,0.000525532,2.38547,-2.52169,-1.56354,-1.75074
5685,0,4,0.997567,0.00105111,0.000302328,0.0010792,2.33255,-2.15319,-1.20286,-2.37518
5686,0,4,0.998059,0.00114042,0.000182746,0.000618223,1.09811,-1.02471,-1.79564,-2.04847
5687,0,0,0.997405,0.00185259,0.000139207,0.000603506,2.00515,-1.88328,-1.44302,-1.955
5688,1,3,0.137986,0.85774,0.000242775,0.00403074,0.396335,-0.0555373,-2.29683,-1.47438
5689,1,2,0.0091363,0.983351,0.00189461,0.00561773,-0.802874,0.886428,-1.26687,-1.22007
5690,0,4,0.997902,0.00147127,0.000152965,0.000473933,-0.0367275,0.22923,-1.63502,-1.37584
5691,0,2,0.994334,0.00301393,0.000410288,0.00224195,2.46536,-2.38387,-1.36962,-2.04839
5692,0,1,0.998069,0.00131906,0.000239749,0.000372784,1.75597,-1.68801,-1.90968,-1.90685
5693,1,2,0.258877,0.731734,0.000744377,0.00864464,-0.516343,0.503695,-1.65896,-1.15877
5694,0,1,0.724083,0.260968,0.00107803,0.0138714,-0.225383,-0.352518,-0.3732,-0.747592
5695,1,4,0.0105819,0.987115,0.00044213,0.00186144,-0.632836,0.879694,-1.75048,-1.77722
5696,0,0,0.998706,0.000821145,0.000160122,0.000312891,2.32527,-2.27118,-1.88081,-1.93231
5697,0,0,0.988241,0.00621267,0.000787542,0.00475877,0.868119,-1.0477,-1.38761,-1.66269
5698,2,2,0.527147,0.113531,0.307482,0.0518391,-0.474147,-1.12974,0.538355,-1.84411
5699,0,1,0.998453,0.000812959,0.000246009,0.000488293,2.77051,-3.83699,-2.17141,-1.7945
5700,0,4,0.998048,0.00110748,0.000136869,0.000707405,1.32864,-1.36932,-1.46032,-1.46863
5701,0,3,0.998255,0.000884009,0.000252779,0.000608163,2.06336,-2.14108,-1.5352,-1.58968
5702,0,1,0.998079,0.00110428,0.000213656,0.000602736,1.91071,-1.99354,-1.91437,-1.56764
5703,0,2,0.997795,0.00107734,0.000182342,0.000945193,1.60997,-2.59569,-1.63799,-1.0642
5704,3,2,0.647465,0.0124522,0.00450987,0.335573,0.992875,-2.81313,-1.33259,0.078849
5705,1,1,0.0784805,0.90609,0.00138641,0.0140433,0.666404,-0.764482,-1.52685,-1.36151
5706,0,3,0.992229,0.00482958,0.000498701,0.00244273,1.61931,-2.12448,-1.54922,-1.11242
5707,1,1,0.240832,0.746902,0.000947444,0.011319,0.103809,-0.525369,-0.949031,-0.942226
5708,0,1,0.0307926,0.762983,0.00306381,0.20316,-0.720522,-0.203331,-1.00825,-0.12197
5709,0,0,0.983739,0.0137567,0.00039574,0.00210824,0.343649,-0.990445,-1.58739,-0.554689
5710,0,2,0.996746,0.00221039,0.000160433,0.000882673,1.30074,-1.86483,-1.61931,-1.02491
5711,0,2,0.987692,0.00620316,0.000689211,0.00541578,1.63148,-1.50798,-1.3004,-1.38991
5712,0,1,0.998221,0.00115857,0.000201526,0.000418379,1.11029,-1.17296,-2.07298,-1.51084
5713,1,1,0.0118073,0.985023,0.000381076,0.00278843,-0.886127,0.58229,-1.34477,-0.603541
5714,1,2,0.765226,0.197296,0.00145149,0.0360268,-0.292881,-0.482486,-1.25815,-0.359701
5715,0,1,0.79966,0.197888,0.000567898,0.00188402,0.0750849,-0.257857,-1.13389,-1.37666
5716,2,0,0.00251087,0.00277114,0.992394,0.00232444,-1.86989,-0.948179,1.14306,-1.28028
5717,1,1,0.0118298,0.983893,0.000878124,0.00339923,-1.3806,1.60052,-1.46215,-1.83595
5718,0,0,0.998671,0.000846355,0.000161057,0.000321554,1.83796,-1.60285,-1.59595,-1.98759
5719,1,3,0.00314828,0.979548,0.00060086,0.0167025,-1.37807,0.54486,-1.04142,-0.108705
5720,0,4,0.996953,0.0020891,0.000297458,0.000659939,0.931895,-1.22197,-0.804944,-1.35457
5721,1,3,0.964452,0.0324425,0.000353951,0.00275161,-0.389689,-0.179996,-1.55418,-0.745015
5722,0,1,0.99718,0.00154981,0.00046262,0.00080718,0.953438,-0.623539,-1.55659,-2.34312
5723,0,2,0.996299,0.00128999,0.000323306,0.00208773,0.350354,-1.58328,-1.52968,-0.352002
5724,0,4,0.997576,0.000976888,0.000318702,0.00112879,1.80658,-2.40325,-0.927019,-1.1831
5725,0,0,0.998535,0.000826637,0.000171087,0.000466882,3.73204,-3.35275,-1.93095,-2.86555
5726,0,1,0.998437,0.000869612,0.000248419,0.000445458,2.79323,-2.82375,-1.77159,-1.88145
5727,0,2,0.997361,0.00144344,0.000299328,0.00089625,2.20439,-2.65723,-1.66802,-1.52648
5728,0,2,0.997795,0.00112135,0.000203417,0.000880157,1.87476,-3.27252,-2.15299,-0.522103
5729,0,0,0.997897,0.00136069,0.000125579,0.000616314,1.87242,-2.18934,-1.62213,-1.68381
5730,0,4,0.997873,0.00139701,0.000171978,0.000558413,0.72516,-1.03277,-1.41187,-1.31058
5731,0,1,0.998267,0.00106737,0.00029785,0.000367795,1.30649,-1.16428,-1.49951,-1.77795
5732,0,1,0.995556,0.00260391,0.000304679,0.00153525,0.802304,-0.920841,-0.968397,-1.28724
5733,0,3,0.995956,0.00179912,0.000162195,0.00208294,1.44382,-1.31304,-1.56257,-1.39977
5734,0,0,0.997487,0.00197995,0.000244335,0.000289024,0.9509,-0.68261,-1.42526,-2.07457
5735,0,0,0.992643,0.00242948,0.000421768,0.00450574,0.89885,-1.05325,-1.69777,-1.15922
5736,0,4,0.998528,0.000692025,0.000176172,0.000604185,2.36648,-2.01694,-2.17927,-2.87276
5737,3,2,0.128291,0.15547,0.0254104,0.690829,-0.677633,-1.47608,-0.434775,0.325169
5738,0,1,0.998175,0.000887398,0.000270641,0.000667231,3.58484,-3.77511,-1.73079,-2.54064
5739,0,4,0.992304,0.00386584,0.00050069,0.00332931,1.0834,-1.01168,-1.27634,-1.33099
5740,0,3,0.997625,0.00146512,0.000372618,0.000536888,1.69883,-2.21289,-1.43166,-1.84617
5741,0,2,0.997737,0.00112348,0.000198693,0.000940535,2.60389,-2.38827,-2.15026,-2.33989
5742,3,4,0.0413777,0.944976,0.000651722,0.0129947,-1.55127,1.25322,-1.28082,-0.952337
5743,0,2,0.99739,0.00144207,0.000280652,0.000887566,2.58113,-2.90174,-1.78285,-1.87665
5744,1,1,0.291417,0.302065,0.138397,0.268122,0.347202,-0.925074,-1.37299,-0.669767
5745,0,3,0.997087,0.00179064,0.00025199,0.000870135,2.04681,-1.73987,-2.15286,-1.75799
5746,0,3,0.998561,0.000789573,0.000180708,0.000468721,3.55848,-3.87783,-1.98444,-2.67123
5747,1,2,0.0120039,0.983891,0.000543113,0.00356235,-0.637861,1.12161,-1.57337,-1.9488
5748,0,3,0.712754,0.136298,0.00557644,0.145372,0.851172,-0.91678,-1.42409,-1.27037
5749,0,3,0.998556,0.000805928,0.000153065,0.00048549,3.86334,-3.88913,-2.19256,-2.66972
5750,3,1,0.955122,0.00873644,0.00307578,0.0330662,0.140408,-1.82498,-0.952484,0.536964
5751,0,2,0.980687,0.0088528,0.000403868,0.0100561,1.67293,-1.37597,-1.55343,-1.80578
5752,0,0,0.998612,0.000867221,0.000185727,0.000334997,2.55587,-2.73647,-1.89266,-2.29767
5753,0,1,0.996606,0.00180557,0.000342921,0.00124581,-0.00634149,-0.102043,-1.61671,-1.51686
5754,0,3,0.995912,0.00127945,0.000244426,0.00256445,0.788874,-1.2166,-1.65735,-0.760601
5755,0,0,0.998449,0.000998977,0.000215833,0.000336253,1.30899,-1.60786,-2.10087,-1.2962
5756,2,0,0.00215486,0.0105009,0.981241,0.00610276,-1.52434,-1.24937,1.12784,-1.54592
5757,0,1,0.998174,0.000896105,0.0002717,0.000658171,4.18713,-4.29542,-2.17205,-3.20201
5758,2,4,0.00557894,0.00193936,0.988073,0.004409,-0.78389,-1.37203,0.0544171,-1.30702
5759,0,1,0.997617,0.00149547,0.000445962,0.000441628,0.748003,-1.69057,-1.13206,-1.60535
5760,0,1,0.996121,0.00323929,0.00019606,0.000443557,1.22142,-1.18861,-1.26601,-1.61346
5761,1,1,0.812999,0.143643,0.00238381,0.040974,-0.657425,0.330947,-1.21282,-0.488017
5762,0,4,0.998227,0.000721487,0.0002696,0.000781638,2.82112,-3.33228,-1.55089,-1.43272
5763,0,4,0.988208,0.00810653,0.000503517,0.00318232,0.34098,-1.01096,-0.656807,-0.76677
5764,1,4,0.0156428,0.97985,0.0008361,0.00367108,-0.587582,0.164525,-1.2024,-0.431881
5765,0,4,0.996163,0.00198603,0.000313316,0.00153769,0.382273,-1.34018,-1.65079,-0.676142
5766,0,1,0.998089,0.00128727,0.000216177,0.00040704,2.11873,-1.95359,-1.23193,-1.71825
5767,1,4,0.0257589,0.753154,0.00446095,0.216627,-1.2993,0.776324,-0.520752,-0.712407
5768,0,0,0.995794,0.00152218,0.000425593,0.00225844,1.76187,-2.08625,-1.45955,-1.68543
5769,0,3,0.997592,0.0018904,0.00017532,0.000342591,1.6204,-1.31061,-1.22375,-2.40721
5770,1,0,0.0089984,0.985924,0.0012098,0.00386733,-1.20282,0.503078,-0.611544,-0.893196
5771,0,2,0.994011,0.00344762,0.000243009,0.00229886,2.80436,-2.69125,-1.52169,-2.14438
5772,0,4,0.983731,0.00765528,0.00073072,0.00788287,1.69821,-1.56316,-1.66965,-1.83838
5773,0,4,0.995425,0.00389508,0.000158354,0.000521254,1.50971,-1.62714,-1.7259,-1.24141
5774,3,3,0.102762,0.0714355,0.00338739,0.822416,0.298778,-1.05365,-0.922317,-0.530045
5775,0,2,0.993371,0.00411758,0.000355424,0.00215608,1.93399,-1.72249,-1.39453,-1.90847
5776,0,2,0.997421,0.00139775,0.000225958,0.000955043,2.68649,-2.49891,-2.05389,-2.27039
5777,1,0,0.0342653,0.930827,0.00105018,0.0338578,-0.349909,-0.326963,-1.80483,-0.36158
5778,0,0,0.981342,0.0144713,0.000333084,0.00385312,0.843218,-1.23197,-1.66744,-1.47877
5779,0,1,0.929029,0.0676941,0.000992372,0.00228491,0.941409,-0.841043,-1.21606,-1.6062
5780,0,3,0.998271,0.00114737,0.000182785,0.000399239,2.71347,-2.37328,-1.90626,-1.98402
5781,0,4,0.998335,0.00074012,0.000247425,0.000677847,3.14461,-2.76653,-1.64829,-2.89362
5782,0,4,0.998166,0.000720738,0.000256235,0.000857571,2.40394,-2.70093,-1.5515,-1.69107
5783,0,1,0.99802,0.00125368,0.000232816,0.000493834,2.45163,-2.15389,-2.0509,-2.17979
5784,1,4,0.0182129,0.969328,0.000586517,0.0118729,0.271007,-0.346675,-1.55296,-1.19652
5785,1,2,0.0198817,0.962528,0.00150769,0.016083,-2.1343,1.92358,-1.286,-1.41505
5786,3,3,0.129367,0.725471,0.0295949,0.115567,-0.583748,0.913403,-1.4965,-2.24587
5787,0,0,0.0670076,0.569605,0.00344033,0.359947,-0.470511,0.240974,-1.8637,-0.713492
5788,0,4,0.998294,0.00091657,0.000174078,0.000615356,1.93051,-1.86747,-1.73536,-2.03367
5789,0,1,0.997943,0.00131375,0.000261231,0.000482357,2.1856,-2.2615,-1.07239,-1.77149
5790,0,1,0.994526,0.00327222,0.000452464,0.00174978,1.88141,-2.00149,-1.82769,-1.85842
5791,3,1,0.0192188,0.0100488,0.00500375,0.965729,-0.651489,-1.10422,-1.61708,0.664152
5792,0,1,0.98903,0.00232336,0.000733222,0.00791373,1.31454,-2.18113,-1.58294,-1.23845
5793,1,0,0.0479668,0.949429,0.000945304,0.00165906,0.777611,-0.270912,-1.57677,-2.2027
5794,0,1,0.997036,0.00232167,0.000215107,0.000426957,0.97337,-0.542118,-2.0251,-1.82341
5795,0,1,0.998253,0.000983296,0.00019648,0.000567423,1.07197,-1.48734,-1.94961,-1.06966
5796,1,4,0.903716,0.0854658,0.00104991,0.00976858,0.789251,-0.607948,-1.62206,-1.53263
5797,0,0,0.880694,0.0184937,0.00355726,0.0972554,-0.270701,-0.660861,-0.965972,-0.237305
5798,0,4,0.998268,0.000793205,0.000218338,0.000720109,3.03974,-2.90505,-1.72643,-2.07663
5799,0,2,0.997741,0.00110498,0.000208229,0.000946065,2.29595,-2.33451,-1.86006,-1.58283
5800,0,2,0.495079,0.422638,0.000630465,0.0816525,-0.400931,-0.36677,-1.51107,-0.435687
5801,3,0,0.0368278,0.501244,0.00330557,0.458622,0.59897,-1.26229,-1.0209,-0.66963
5802,0,4,0.932464,0.057495,0.00130927,0.00873146,0.634478,-0.923734,-0.925818,-1.27022
5803,0,0,0.991009,0.00634365,0.000436993,0.00221058,1.95078,-1.76024,-1.47717,-1.59254
5804,0,3,0.997896,0.001103,0.000155373,0.000845698,1.30978,-1.59619,-1.14413,-1.43368
5805,0,0,0.772987,0.124595,0.000999871,0.101419,0.119352,-0.0721742,-1.30033,-1.72871
5806,0,4,0.972434,0.00359382,0.000906002,0.0230664,0.627475,-0.487142,-1.65063,-1.37319
5807,0,0,0.994312,0.00434678,0.00018784,0.00115291,0.674813,-0.755522,-1.42723,-1.42164
5808,0,4,0.998161,0.000719329,0.000265922,0.00085339,1.74748,-1.45532,-1.7453,-2.26915
5809,0,1,0.675948,0.283433,0.00240945,0.038209,0.430738,-0.939595,-1.5123,-0.319535
5810,0,2,0.181402,0.803517,0.00136355,0.0137177,0.437751,-0.856517,-1.18241,-1.19924
5811,0,1,0.99844,0.000914023,0.000186058,0.0004596,1.68333,-1.64971,-1.41578,-1.42295
5812,0,2,0.997424,0.00157768,0.000252568,0.000745972,1.93514,-1.99175,-1.92111,-2.3195
5813,0,2,0.997599,0.00129799,0.000195204,0.000907917,1.21493,-1.15108,-1.78475,-1.80854
5814,0,0,0.864776,0.12075,0.00118842,0.0132857,1.90303,-1.62706,-2.04922,-2.00801
5815,1,4,0.140221,0.842342,0.00133238,0.0161054,-0.346527,-0.0479811,-1.35166,-0.557449
5816,1,2,0.972705,0.0198494,0.000577177,0.00686857,-0.0763099,-0.182679,-1.2888,-1.11751
5817,0,3,0.997672,0.00113332,0.00030953,0.00088522,1.37948,-1.60382,-1.28524,-1.54124
5818,0,4,0.998153,0.00103644,0.000211596,0.000598674,0.494629,-0.884271,-1.25102,-0.799964
5819,0,4,0.998182,0.000737122,0.000296663,0.000783897,1.14503,-1.67122,-1.53283,-1.35311
5820,0,2,0.997689,0.00122543,0.000226019,0.000859677,1.75807,-1.93182,-1.26864,-1.66773
5821,1,2,0.964449,0.0336854,0.000219344,0.00164627,0.610261,-0.59949,-1.50831,-1.80337
5822,1,4,0.020417,0.973354,0.000990171,0.00523904,-0.420759,0.342552,-1.51224,-1.29535
5823,0,1,0.797945,0.198624,0.000988744,0.00244239,0.613702,-0.465771,-1.00874,-1.92668
5824,0,2,0.997352,0.00124918,0.000256026,0.00114296,3.59341,-3.05754,-2.08591,-3.18238
5825,0,3,0.992447,0.00552215,0.000407913,0.00162281,1.03968,-1.275,-1.52957,-1.53302
5826,0,3,0.92422,0.0726738,0.000396549,0.00270992,0.0254444,-0.342362,-1.50871,-1.14543
5827,0,0,0.998373,0.000961572,0.000177526,0.000488254,2.59692,-2.20169,-2.4601,-2.46029
5828,1,0,0.00746538,0.984478,0.000594522,0.00746173,-1.10764,0.618684,-1.20512,-1.10805
5829,0,3,0.997793,0.00142306,0.000222104,0.00056165,1.60346,-1.48123,-1.72213,-1.59877
5830,0,0,0.717822,0.0145813,0.00352477,0.264072,0.490082,-1.70161,-0.36076,-0.647845
5831,0,0,0.987852,0.00769862,0.000708432,0.00374103,1.95015,-1.77693,-1.49712,-1.58892
5832,1,3,0.716539,0.281699,0.000378898,0.00138325,0.798153,-0.549215,-1.76494,-1.97967
5833,0,1,0.282947,0.602813,0.00852342,0.105717,0.449375,-0.263145,-1.58319,-1.49847
5834,2,0,0.00167777,0.00235911,0.99352,0.00244352,-1.92559,-1.52292,1.61037,-1.71707
5835,0,2,0.995109,0.00404697,0.000174202,0.000670399,1.83477,-1.39378,-1.88438,-2.4064
5836,0,3,0.993528,0.00528403,0.000145604,0.00104278,0.351717,-0.376079,-1.51792,-1.59077
5837,1,1,0.134548,0.566781,0.00606107,0.29261,-0.203733,0.214764,-1.21895,-0.868881
5838,0,0,0.997904,0.00131498,0.000163468,0.000617523,0.632496,-1.07021,-1.04177,-1.09636
5839,0,0,0.996834,0.00144127,0.000269224,0.00145541,1.16349,-1.47545,-1.39618,-1.02612
5840,1,3,0.123844,0.871482,0.0004484,0.00422532,0.92916,-1.34443,-1.26606,-1.76284
5841,1,4,0.323586,0.500691,0.00789001,0.167833,-0.975747,-0.556185,0.0804525,-1.15524
5842,0,2,0.996938,0.0018454,0.000195456,0.00102112,1.81423,-2.0109,-1.73122,-1.43634
5843,0,0,0.99796,0.00144008,0.000127067,0.000473036,1.84518,-1.98353,-1.72378,-1.46284
5844,0,1,0.997081,0.00152563,0.000316065,0.00107762,1.35164,-1.31552,-1.40202,-1.7932
5845,1,4,0.00393843,0.98463,0.000516609,0.0109149,-1.13267,0.707333,-1.34755,-0.856331
5846,0,4,0.808173,0.18281,0.000591007,0.00842581,-0.449724,0.22251,-1.12959,-0.936136
5847,0,2,0.994343,0.00304651,0.000355772,0.00225515,2.45533,-2.22872,-1.77933,-1.82928
5848,0,0,0.998611,0.000838079,0.000187549,0.000363635,3.13923,-3.26317,-1.72763,-1.93234
5849,1,0,0.00164591,0.994845,0.00048748,0.00302138,-1.92999,2.32897,-1.81365,-1.46741
5850,1,0,0.00893029,0.988576,0.000296692,0.00219656,-0.285301,0.234341,-0.985404,-1.5483
5851,3,0,0.0661852,0.0839524,0.107063,0.7428,-0.404233,-1.63379,-1.19332,1.17342
5852,1,4,0.0082279,0.988418,0.000378673,0.00297559,-0.874525,0.29213,-0.729523,-1.12742
5853,0,2,0.990901,0.0068567,0.000231607,0.00201057,1.07685,-0.989374,-1.48248,-1.3758
5854,0,0,0.997671,0.00173741,0.000240122,0.000351429,0.906715,-1.04406,-1.2925,-1.45401
5855,1,4,0.0344255,0.96046,0.000516887,0.00459797,-1.12021,0.984419,-1.20076,-0.948019
5856,0,4,0.990697,0.00771137,0.000227524,0.00136413,0.994734,-1.1453,-1.25688,-1.57871
5857,0,4,0.997751,0.00128056,0.000195998,0.000772918,1.4671,-2.36071,-1.7219,-1.17706
5858,0,4,0.334857,0.612299,0.00140368,0.0514399,-0.518791,0.502091,-1.23907,-1.14251
5859,0,3,0.998362,0.000931068,0.000180672,0.000525864,1.19814,-1.48044,-1.50763,-1.32164
5860,0,1,0.998212,0.000863494,0.000269596,0.00065499,4.13147,-4.52737,-2.19602,-2.55147
5861,0,4,0.996728,0.00146954,0.000219282,0.00158275,0.715955,-0.725017,-1.57794,-1.41255
5862,1,3,0.0598756,0.921192,0.000778409,0.0181544,-0.59655,0.490183,-1.33434,-1.14862
5863,0,2,0.994211,0.00454936,0.000209938,0.00102932,1.0948,-1.00519,-1.61639,-1.84682
5864,1,1,0.739342,0.246442,0.00450054,0.00971556,-0.355015,-0.418907,-1.30777,-1.16276
5865,0,3,0.956115,0.0200873,0.00121283,0.0225847,0.770024,-1.1284,-1.33941,-0.805302
5866,3,0,0.0458878,0.122832,0.0091156,0.822165,0.398627,-0.611838,-1.30649,-0.588036
5867,0,3,0.994201,0.00470405,0.000174383,0.00092087,0.900469,-1.02468,-1.32094,-1.43264
5868,0,0,0.998491,0.00103073,0.00017964,0.000298499,1.43439,-1.768,-1.37187,-2.18866
5869,0,0,0.993952,0.00371846,0.000507434,0.00182199,2.60555,-2.15693,-1.67538,-2.48938
5870,0,3,0.998214,0.00117222,0.000207922,0.000405504,1.79579,-1.8392,-1.18325,-1.67169
5871,0,0,0.932861,0.0524905,0.00758184,0.00706705,0.595472,-1.22699,-1.05408,-1.38567
5872,0,2,0.997596,0.00129926,0.000233628,0.000870579,3.26326,-4.31484,-1.89914,-1.75866
5873,0,3,0.99745,0.00204872,0.000117918,0.000383629,1.74572,-1.42042,-1.37627,-2.49069
5874,0,2,0.994163,0.00330797,0.000350193,0.00217897,3.59148,-3.05936,-1.61644,-2.60958
5875,0,1,0.998084,0.000773931,0.000278118,0.000864226,2.02043,-2.18798,-2.11525,-1.73301
5876,0,1,0.992557,0.00404449,0.000536251,0.00286237,1.21226,-1.95843,-1.30789,-1.08741
5877,0,3,0.998196,0.00114728,0.00019418,0.000462188,2.21943,-2.42039,-1.80787,-2.14453
5878,1,3,0.543246,0.0242681,0.00190268,0.430583,0.0743826,-0.664318,-1.18808,-0.638618
5879,0,2,0.997477,0.00125913,0.000252581,0.00101174,2.39026,-2.05616,-1.8159,-2.32104
5880,1,3,0.444328,0.547601,0.000536769,0.00753391,0.946773,-0.40082,-1.34014,-2.31479
5881,0,4,0.995459,0.00287776,0.000195166,0.00146767,0.433305,-1.0233,-1.38554,-0.570692
5882,1,2,0.0203857,0.97032,0.000907571,0.00838672,-0.906826,0.630393,-1.27053,-0.840169
5883,0,0,0.9982,0.00118255,0.000268018,0.000349561,1.8854,-1.53596,-2.25394,-1.76462
5884,0,2,0.997168,0.00155434,0.000294056,0.000983187,2.8954,-3.42191,-1.8245,-2.31118
5885,1,0,0.0043348,0.5722,0.00401687,0.419449,-1.15468,0.232061,-1.22277,-0.291926
5886,0,0,0.998438,0.000787166,0.000200392,0.000574219,2.12135,-2.29539,-1.87911,-1.57949
5887,3,0,0.134288,0.771076,0.00536039,0.0892762,-0.32839,0.0236163,-1.04965,-1.13879
5888,0,2,0.997395,0.00149222,0.000179092,0.000933807,1.03128,-1.18035,-1.62032,-1.55529
5889,1,1,0.00545819,0.971419,0.0105983,0.0125245,-0.467466,0.0768536,-0.579573,-1.42226
5890,0,2,0.997732,0.00104413,0.000255126,0.000968492,1.01529,-1.4838,-1.13205,-1.22932
5891,2,4,0.00678199,0.0104683,0.97843,0.00431932,-2.40612,0.515524,0.367359,-1.49014
5892,0,1,0.965489,0.0302871,0.000620658,0.00360317,0.0590191,0.000636587,-1.63738,-1.92356
5893,0,4,0.99811,0.00106097,0.000220015,0.000609264,2.25043,-2.34631,-1.38763,-1.86265
5894,0,0,0.996402,0.00204756,0.000387743,0.00116325,1.30437,-1.46102,-1.48533,-1.73846
5895,1,0,0.0151064,0.978139,0.00225553,0.00449882,-1.29126,1.0197,-0.691298,-1.46834
5896,3,2,0.00644565,0.0104521,0.0114179,0.971684,-1.69565,-0.976844,-0.989184,1.53412
5897,0,4,0.982021,0.0157186,0.000360399,0.00189945,0.636615,-0.817976,-1.18803,-0.945588
5898,2,4,0.00781275,0.00747686,0.952861,0.0318498,-1.73182,-0.0327131,-0.652736,-0.110722
5899,1,3,0.0252037,0.968662,0.000326859,0.00580788,-0.922913,0.347107,-1.50573,-0.441019
5900,1,4,0.872768,0.121509,0.00145811,0.00426474,-1.15102,0.97673,-1.10834,-1.24474
5901,0,0,0.998432,0.000846979,0.000196131,0.000524875,3.17395,-2.92746,-1.82858,-2.75006
5902,0,3,0.997921,0.00133441,0.000245398,0.000499606,0.896171,-0.751509,-1.45467,-2.10344
5903,0,3,0.996477,0.0013067,0.00017823,0.00203774,1.1806,-1.47092,-1.32759,-1.25601
5904,0,3,0.998554,0.000895571,0.000170756,0.000379579,1.73457,-2.26362,-2.00278,-1.42673
5905,0,0,0.997709,0.00161241,0.000250674,0.00042808,0.452376,-0.73292,-1.48544,-1.0671
5906,3,1,0.0318583,0.936737,0.00519185,0.0262124,0.630258,-0.741347,-0.613302,-1.12813
5907,0,2,0.996912,0.00234416,0.000198917,0.000544953,1.56401,-1.51073,-1.59588,-1.49861
5908,3,2,0.0650355,0.00936239,0.00360248,0.922,-0.410135,-0.612259,-0.895961,-0.00509483
5909,1,0,0.358158,0.635997,0.000506834,0.00533837,-0.187045,0.131207,-1.56312,-0.901995
5910,3,3,0.0113078,0.847164,0.00187501,0.139653,-1.46911,0.31819,-0.904973,-0.0920729
5911,0,3,0.995314,0.00272288,0.000306994,0.00165636,1.75267,-1.47608,-1.7597,-2.04575
5912,0,2,0.886933,0.0336427,0.00347903,0.0759448,0.909674,-1.81337,-1.28446,-0.82667
5913,3,1,0.0858581,0.0366755,0.868831,0.00863498,-0.668049,-1.25379,0.607955,-1.15221
5914,0,2,0.997649,0.00130824,0.000213564,0.000829135,0.980997,-1.23749,-1.65462,-1.64664
5915,3,3,0.652751,0.131166,0.00437251,0.211711,1.36454,-1.80222,-1.35783,-1.62536
5916,0,4,0.99772,0.00149271,0.000304746,0.00048225,0.633017,-0.437376,-1.80739,-1.75145
5917,0,0,0.997932,0.00134226,0.000237387,0.000488038,1.76135,-1.78588,-1.31992,-1.59484
5918,0,3,0.99076,0.00708026,0.000497962,0.00166171,-0.0182306,0.203705,-1.6519,-1.74304
5919,0,3,0.99842,0.000909553,0.000188248,0.000481647,2.89124,-3.16816,-1.62731,-2.12071
5920,0,2,0.997167,0.00166431,0.000262049,0.000906639,2.38045,-1.79616,-1.66985,-2.78172
5921,0,1,0.998436,0.000960695,0.000219658,0.000383259,1.55996,-1.51521,-1.21445,-1.85388
5922,2,4,0.00935817,0.0106509,0.974337,0.00565389,-1.25397,-0.634085,0.152091,-1.19233
5923,1,1,0.00561524,0.992077,0.000546563,0.00176089,-1.88546,2.06561,-1.47556,-1.37302
5924,0,0,0.998116,0.0014396,0.000111717,0.000332874,1.79591,-2.00721,-1.10493,-1.68072
5925,0,3,0.998216,0.00111527,0.000177152,0.000491046,3.23924,-3.32396,-2.18216,-2.20565
5926,0,0,0.0409448,0.922955,0.000812551,0.035288,-0.719565,0.365753,-1.7831,-0.75842
5927,0,1,0.993097,0.00521511,0.000292283,0.00139577,1.68876,-1.52468,-1.54889,-1.54992
5928,0,3,0.998504,0.000798834,0.000162293,0.000535266,3.55613,-3.44927,-2.3381,-2.44526
5929,0,4,0.992154,0.00191718,0.000470284,0.00545887,-0.0703395,-0.98886,-1.84988,-0.151802
5930,0,0,0.989847,0.00723971,0.00058164,0.0023321,2.45078,-2.58368,-1.83064,-2.22936
5931,0,4,0.998105,0.000805565,0.000267992,0.000821453,2.12149,-1.91708,-1.74413,-1.4943
5932,0,0,0.998336,0.000892757,0.000177866,0.000592965,1.65078,-2.58723,-0.895937,-1.37987
5933,0,0,0.998533,0.000812231,0.000169755,0.000485479,3.48302,-3.05506,-1.81191,-2.39114
5934,0,4,0.997437,0.0012432,0.000276854,0.0010428,0.464632,-0.374022,-1.42454,-1.59939
5935,0,1,0.995759,0.00246342,0.000263217,0.00151471,2.48216,-2.24361,-1.45044,-1.84224
5936,0,3,0.998181,0.000814327,0.000218746,0.000785428,2.74086,-2.95797,-1.71407,-1.95862
5937,0,1,0.998313,0.000940158,0.000231523,0.000515668,1.43668,-2.02746,-2.02819,-1.792
5938,0,1,0.162406,0.826379,0.00325419,0.00796037,-0.232029,-0.105104,-1.36407,-0.628395
5939,0,4,0.998516,0.00067401,0.0002366,0.000573143,3.04262,-2.46383,-1.89825,-2.405
5940,1,4,0.0159128,0.976707,0.00188181,0.00549863,-0.518852,0.36837,-1.48542,-0.417856
5941,0,1,0.99715,0.00178551,0.000250534,0.00081428,1.03188,-0.88986,-1.77096,-2.2415
5942,0,1,0.997548,0.00151743,0.000228205,0.000706361,1.38863,-1.77733,-1.65423,-1.36456
5943,0,0,0.998507,0.000786452,0.000177203,0.000529548,1.84046,-1.872,-1.91517,-1.53448
5944,1,0,0.00484232,0.982297,0.00864502,0.00421531,-0.774037,0.407966,-0.80053,-2.00329
5945,1,3,0.0237315,0.973279,0.000641756,0.00234744,-0.368747,0.175826,-1.66353,-1.15583
5946,1,0,0.0161821,0.906233,0.00195164,0.0756334,-0.743241,-0.314468,-1.33475,0.221231
5947,1,4,0.0273226,0.844604,0.00154974,0.126524,-0.964514,0.362183,-1.4208,-0.387302
5948,0,2,0.991554,0.00297339,0.000382107,0.00509012,2.09439,-1.76899,-1.37026,-2.18064
5949,0,3,0.998354,0.000966261,0.000177523,0.000501779,2.41045,-2.01384,-1.86842,-2.6021
5950,0,0,0.997953,0.00149305,0.00024113,0.000313267,0.60301,-0.356846,-2.05919,-1.7257
5951,1,1,0.0172247,0.976706,0.000516471,0.00555259,-0.462929,0.0891133,-1.21071,-0.696552
5952,0,1,0.991303,0.00399232,0.000400343,0.0043041,1.0383,-1.44871,-1.51604,-1.08636
5953,0,2,0.978984,0.0184098,0.00046043,0.00214571,1.65364,-1.70488,-1.42178,-1.97425
5954,0,3,0.99566,0.00283787,0.000310721,0.00119112,2.5866,-2.81222,-1.93803,-1.63792
5955,1,1,0.116197,0.162907,0.00386692,0.717028,-0.295441,-0.169002,-1.86692,-0.374899
5956,0,4,0.998082,0.000871854,0.000188184,0.0008575,2.36484,-2.85358,-1.31964,-2.00047
5957,0,0,0.998251,0.00102847,0.000316436,0.000403938,1.26008,-1.73035,-0.967159,-1.88492
5958,0,1,0.909574,0.0879738,0.0010383,0.00141366,0.7528,-0.389889,-1.5089,-2.25413
5959,1,4,0.726985,0.26849,0.000732359,0.00379258,-0.187684,0.199826,-1.37683,-1.55052
5960,1,1,0.00902312,0.982138,0.000333354,0.00850546,0.989944,-1.11905,-1.51927,-1.46376
5961,0,2,0.976192,0.00460533,0.000773395,0.0184291,0.989344,-1.15817,-1.14946,-1.22118
5962,1,1,0.0124256,0.983842,0.000379135,0.0033529,-1.10601,1.11598,-1.88774,-1.22628
5963,0,0,0.980256,0.0170318,0.000354866,0.00235736,0.815073,-1.10594,-1.29669,-0.871258
5964,0,1,0.996546,0.00239419,0.00023752,0.000822576,1.37766,-1.29545,-1.63836,-1.51611
5965,0,4,0.998366,0.000791735,0.000190085,0.0006519,2.24071,-2.39315,-1.42117,-1.96533
5966,1,3,0.0231923,0.881403,0.00665119,0.0887533,-1.25057,1.41387,-1.4335,-1.61382
5967,0,3,0.997524,0.00195218,0.000228199,0.000295312,0.543199,-0.791223,-1.17233,-1.23775
5968,0,4,0.997697,0.00172731,0.0001609,0.000414905,0.334987,-0.489931,-1.3118,-1.21782
5969,0,2,0.990835,0.00803731,0.000171768,0.000956178,1.27255,-1.05114,-1.43649,-1.54301
5970,0,3,0.979192,0.0106259,0.000735922,0.00944622,1.09578,-1.41616,-1.64626,-1.25125
5971,0,2,0.863934,0.133397,0.000601676,0.0020675,1.22454,-1.33717,-1.63564,-1.8913
5972,3,2,0.0711294,0.238784,0.00418341,0.685903,-0.28185,-0.277404,-1.57764,-0.170787
5973,2,2,0.00478625,0.00297185,0.990072,0.00217001,-0.845892,-1.46473,1.43265,-1.83359
5974,1,1,0.00573767,0.99095,0.000381129,0.00293123,-0.449865,0.490997,-1.4235,-1.50336
5975,0,2,0.996391,0.00130914,0.00028646,0.00201383,0.73963,-1.24582,-1.3754,-0.871717
5976,0,3,0.998432,0.000934778,0.000171403,0.000461395,2.54034,-2.88202,-1.37564,-1.79647
5977,1,1,0.0678096,0.923823,0.000932471,0.00743541,-0.419442,0.559252,-1.24879,-1.50408
5978,1,4,0.0116107,0.985564,0.000422044,0.00240275,-0.401848,0.837041,-1.93217,-1.24368
5979,1,1,0.450999,0.472643,0.0386079,0.0377504,0.638994,-0.651558,-0.791402,-1.56406
5980,0,0,0.998248,0.00113508,0.000168715,0.000447991,2.3007,-2.08332,-1.17473,-2.07543
5981,1,2,0.254527,0.737938,0.00107531,0.00645967,-0.0930193,-0.27338,-1.30598,-0.93952
5982,0,2,0.987703,0.00942248,0.000227725,0.00264721,-0.0343022,-0.487073,-1.61816,-1.22023
5983,0,2,0.840535,0.148653,0.000773991,0.0100373,0.672231,-0.671502,-1.51067,-1.54683
5984,0,3,0.998133,0.000874456,0.000238364,0.000754565,1.86363,-1.81239,-1.57615,-1.70919
5985,2,2,0.0040053,0.00268247,0.991134,0.00217871,-1.85986,-1.31469,1.17211,-1.67292
5986,1,3,0.00609278,0.452029,0.00508078,0.536798,-0.678216,0.533066,-1.23163,-1.29891
5987,1,3,0.0127357,0.985398,0.000345078,0.00152107,-0.354088,0.406425,-1.49435,-1.99378
5988,1,4,0.0318497,0.948912,0.000885816,0.0183524,-0.51969,0.284541,-1.09941,-1.28752
5989,0,2,0.817053,0.178434,0.00083117,0.00368165,-0.647612,0.475846,-1.2834,-1.64205
5990,0,3,0.998068,0.00125742,0.000223035,0.000451423,2.53784,-2.65776,-1.42332,-1.75207
5991,3,4,0.64131,0.180141,0.00433379,0.174215,-0.815053,0.493783,-1.28956,-0.876495
5992,0,0,0.922027,0.0666936,0.00109658,0.010183,1.61869,-1.72929,-1.22979,-1.59484
5993,0,3,0.994909,0.00266913,0.000312922,0.00210939,1.1821,-1.24476,-1.01162,-1.24158
5994,0,3,0.141494,0.533994,0.00220588,0.322306,0.0216342,-0.0308182,-1.38193,-1.68116
5995,1,3,0.0772192,0.919828,0.00035655,0.00259625,-0.524779,0.425747,-1.60983,-1.53959
5996,0,0,0.998224,0.00116994,0.000147728,0.000458603,1.44299,-1.54289,-1.20934,-1.53717
5997,0,3,0.994316,0.00188603,0.000346166,0.00345205,1.45737,-1.80249,-1.75986,-1.4622
5998,0,4,0.998577,0.00072174,0.00016294,0.000537925,3.7465,-3.44572,-2.32952,-2.82115
5999,0,3,0.997799,0.00170652,0.000102685,0.000392097,1.59484,-1.70439,-1.24099,-1.58602
6000,0,3,0.997969,0.00141362,0.000120071,0.000497682,1.57741,-2.11388,-1.35555,-1.19439
6001,1,3,0.0524346,0.938546,0.00161147,0.00740781,0.235899,-0.124379,-0.962987,-1.5814
6002,0,3,0.998067,0.00125619,0.000209931,0.000466663,2.24087,-1.88863,-1.6066,-2.03362
6003,0,0,0.966067,0.0301355,0.000446438,0.00335071,0.117076,-0.245124,-1.69218,-1.1631
6004,0,3,0.998192,0.00118254,0.000200343,0.000424955,1.72976,-1.54278,-1.90411,-2.30298
6005,0,1,0.998186,0.00114057,0.000203496,0.000470379,1.4033,-1.24356,-1.8106,-1.64987
6006,3,2,0.0986826,0.0268863,0.00342991,0.871001,0.0140327,-0.584005,-1.16338,-0.582931
6007,0,3,0.997816,0.00120541,0.000174335,0.00080376,0.871264,-1.55276,-2.1794,-1.07239
6008,0,1,0.997671,0.00120406,0.000373364,0.000751276,1.30621,-1.73651,-1.31377,-1.34472
6009,0,4,0.995771,0.00198525,0.000247273,0.00199691,0.648846,-1.10207,-1.3845,-1.1294
6010,0,0,0.998559,0.000821024,0.000144919,0.000475172,2.33091,-2.44227,-2.04229,-1.76788
6011,0,2,0.985364,0.00901087,0.000461624,0.00516315,0.985651,-1.07121,-1.96512,-0.930321
6012,1,1,0.594397,0.396728,0.00114075,0.00773496,-0.0728321,-0.656896,-1.19941,-1.00618
6013,3,3,0.0429039,0.00380794,0.00313845,0.95015,-0.883368,-1.04611,-1.13943,0.831042
6014,1,3,0.0205013,0.977253,0.000514745,0.00173119,-1.62003,0.828362,-1.34367,-0.618798
6015,0,4,0.998273,0.00113733,0.00015604,0.000433371,1.33701,-1.39596,-1.73078,-1.93118
6016,1,3,0.00392408,0.993092,0.000623614,0.0023604,-1.87436,1.30392,-0.722686,-1.19789
6017,0,3,0.794495,0.0282691,0.0025386,0.174698,0.753428,-1.91616,-1.75595,0.33499
6018,0,3,0.942468,0.0185193,0.00112969,0.0378834,1.86286,-2.33294,-1.73723,-1.32577
6019,1,1,0.259393,0.674129,0.00288723,0.0635903,0.134525,-0.323412,-1.58759,-0.6417
6020,0,4,0.998025,0.00102523,0.00015509,0.000794562,1.64528,-2.37196,-1.72362,-1.12774
6021,0,2,0.480988,0.505056,0.000666184,0.0132895,-0.0108751,-0.518842,-1.10893,-0.589193
6022,0,4,0.998307,0.000810463,0.000184946,0.000697299,1.51671,-1.46693,-1.66811,-1.99724
6023,0,1,0.998136,0.00126861,0.00023651,0.000358527,1.49868,-1.51646,-1.53022,-1.87186
6024,0,1,0.998273,0.000687807,0.00029727,0.000742246,2.248,-2.37027,-1.53482,-1.55263
6025,0,3,0.998273,0.000929168,0.000255763,0.000542508,1.20002,-0.977948,-0.958331,-2.61209
6026,1,0,0.111872,0.885111,0.000334491,0.00268286,0.679308,-0.746084,-1.44334,-1.24106
6027,1,2,0.19492,0.798508,0.00182342,0.00474811,-1.51711,1.34394,-1.04088,-1.67804
6028,1,2,0.0878168,0.902646,0.000446642,0.0090901,-0.24146,0.205557,-1.24717,-1.16946
6029,0,4,0.994267,0.00316453,0.000423284,0.00214542,1.79203,-1.51543,-1.29824,-2.29551
6030,0,3,0.997645,0.00116812,0.000230017,0.000957125,1.34826,-1.63087,-1.55444,-0.946742
6031,3,2,0.685652,0.0342367,0.0025414,0.27757,-0.455717,-0.77537,-0.783712,-0.132953
6032,0,1,0.9979,0.00114694,0.000199893,0.000753652,1.22432,-1.34793,-1.60887,-1.57808
6033,0,1,0.908124,0.0868951,0.000517202,0.00446358,0.338399,-0.0932616,-1.07122,-2.16071
6034,0,4,0.995183,0.00202518,0.000339767,0.0024524,1.92426,-2.12264,-1.65222,-1.75423
6035,1,1,0.0128887,0.369377,0.00932881,0.608405,-0.373051,-0.0672355,-1.26004,-0.367272
6036,0,4,0.987281,0.0109189,0.000292279,0.00150769,1.03848,-1.61044,-1.96603,-0.332329
6037,0,1,0.874247,0.116255,0.000533135,0.00896461,0.310504,-0.585614,-1.20131,-1.18872
6038,0,1,0.99597,0.0014358,0.00035083,0.00224345,1.69581,-2.6269,-1.61267,-1.18393
6039,0,0,0.993928,0.0041219,0.000365482,0.00158448,0.231579,-0.807972,-1.32611,-0.938258
6040,0,3,0.998126,0.00122119,0.000225677,0.000427423,2.09753,-1.74926,-1.74415,-2.0242
6041,0,4,0.997945,0.0013768,0.000209087,0.000469348,1.09998,-1.09673,-1.15069,-1.61847
6042,1,1,0.0243842,0.968807,0.000766046,0.0060431,-0.404224,-0.287587,-0.831297,-0.719235
6043,0,1,0.99831,0.00079868,0.000258787,0.000632425,3.39994,-3.21697,-1.97112,-2.38265
6044,0,0,0.995802,0.00251212,0.000298277,0.00138732,0.684971,-0.922862,-1.41034,-0.889229
6045,3,3,0.0538092,0.930333,0.000516566,0.0153415,-0.5811,0.690749,-2.32983,-0.85982
6046,0,0,0.998454,0.00092481,0.00019499,0.000425897,2.65256,-2.47831,-1.82085,-2.06728
6047,0,3,0.997061,0.00123066,0.000252476,0.00145574,1.29884,-1.65558,-1.01504,-1.61617
6048,0,2,0.997954,0.00121029,0.000177798,0.000657384,1.70315,-1.64849,-1.76711,-1.52751
6049,0,3,0.779036,0.21381,0.00153355,0.00562048,-0.903874,-0.131508,-0.373814,-1.26125
6050,0,2,0.971066,0.0156882,0.000750046,0.0124955,0.777629,-0.983173,-1.71168,-1.43006
6051,0,3,0.998446,0.000725177,0.000168419,0.000660282,3.16597,-3.73601,-1.86279,-1.96766
6052,0,4,0.998541,0.000663577,0.000234306,0.000560975,3.02656,-3.2957,-1.90033,-2.04232
6053,0,1,0.569838,0.347656,0.00504698,0.0774589,0.930558,-0.837046,-1.47286,-1.6669
6054,0,3,0.998295,0.00112191,0.000191188,0.000392292,1.29146,-1.35509,-2.01449,-1.86022
6055,0,4,0.99762,0.00131076,0.000248216,0.000821054,1.28607,-2.02514,-1.69653,-0.532924
6056,0,3,0.978898,0.00448476,0.000386175,0.0162315,0.900697,-1.16327,-1.22882,-1.11577
6057,1,0,0.0255754,0.969364,0.00141807,0.00364245,-0.609349,0.971369,-1.44538,-1.86299
6058,0,4,0.994798,0.00416802,0.000179676,0.000854678,0.821614,-0.739549,-1.29848,-1.99381
6059,0,2,0.993869,0.00492695,0.000141449,0.00106267,1.61097,-1.69558,-1.42083,-1.25112
6060,0,0,0.993189,0.00453249,0.000394886,0.0018839,1.33951,-1.86039,-1.02076,-0.764801
6061,1,0,0.00865964,0.987689,0.000366752,0.00328482,-0.636107,0.737794,-1.42911,-1.2735
6062,1,0,0.0159846,0.980996,0.000461376,0.00255832,0.423855,-0.138693,-1.76641,-1.73114
6063,0,4,0.996052,0.00305473,0.000166708,0.000726979,0.828037,-0.824385,-1.45678,-1.7597
6064,0,0,0.987954,0.00234589,0.000769075,0.00893147,2.51014,-2.45163,-1.83161,-2.23542
6065,0,4,0.997028,0.002341,0.000197007,0.000433677,1.29502,-0.913279,-1.87828,-2.27189
6066,0,3,0.998352,0.00106019,0.000168403,0.000419251,2.07599,-1.74386,-1.78839,-2.17989
6067,0,1,0.995356,0.00200781,0.000416363,0.00222028,0.626338,-0.938838,-1.41592,-0.964926
6068,0,3,0.966964,0.0307359,0.000291911,0.00200853,1.04423,-1.0963,-1.40744,-1.57267
6069,0,0,0.998251,0.00087115,0.000234238,0.000643602,1.46729,-2.11154,-1.57128,-1.01181
6070,0,1,0.996088,0.00316569,0.00022921,0.000517542,1.0579,-0.563528,-1.75713,-1.90132
6071,0,3,0.914783,0.0841789,0.000345704,0.000692906,1.31244,-0.982238,-1.26479,-2.0365
6072,0,3,0.993713,0.00402948,0.000355547,0.00190153,1.33484,-1.39078,-1.3176,-1.73685
6073,0,3,0.998385,0.000929272,0.000198822,0.000487307,2.0427,-1.58715,-1.59258,-2.30494
6074,1,0,0.0526061,0.945302,0.000354457,0.0017379,-1.02622,0.744113,-1.30889,-0.894261
6075,0,4,0.99812,0.000730626,0.000245447,0.000903967,2.35155,-2.88974,-1.80984,-1.92666
6076,1,2,0.970212,0.0263266,0.000370973,0.00309099,1.13613,-1.84041,-0.578792,-1.33666
6077,0,3,0.984733,0.00946957,0.000125383,0.00567251,-0.27895,0.148804,-1.62375,-1.01717
6078,0,1,0.998091,0.000760451,0.000350891,0.000797725,3.19167,-3.54574,-1.82091,-2.1956
6079,0,2,0.979837,0.0131186,0.000436306,0.00660854,1.75292,-1.67987,-1.35036,-1.63533
6080,0,4,0.99757,0.00085039,0.000252112,0.00132744,1.7749,-3.46319,-1.58316,-1.09762
6081,0,0,0.997891,0.00133176,0.000177787,0.000599101,1.75917,-1.72138,-1.37898,-1.14337
6082,0,1,0.997255,0.00204932,0.000283922,0.000412298,0.658279,-0.423906,-1.42252,-1.38827
6083,0,3,0.998152,0.00104661,0.000253742,0.000547766,1.70075,-1.33444,-1.58016,-2.25492
6084,0,1,0.998085,0.000779241,0.000301895,0.000833558,2.51819,-2.64241,-1.84684,-1.93666
6085,0,1,0.996666,0.00256514,0.000158551,0.000610168,1.20174,-1.72361,-1.24663,-0.94545
6086,0,4,0.995965,0.00253843,0.000336072,0.00116047,1.30158,-1.48969,-1.24768,-1.77385
6087,1,4,0.0864606,0.909781,0.000376133,0.00338204,-0.40392,0.445774,-1.72993,-1.35344
6088,1,2,0.0103608,0.975735,0.000387947,0.0135163,-0.901037,0.0521019,-1.2537,-0.253014
6089,0,1,0.736085,0.242261,0.00180684,0.0198472,0.433872,-0.86963,-1.2717,-0.54216
6090,2,0,0.00166989,0.00107082,0.995638,0.00162168,-1.13718,-1.42512,1.03862,-1.51604
6091,0,0,0.961274,0.030953,0.00088517,0.00688801,-0.0370879,-0.507928,-1.73426,-0.435194
6092,0,0,0.944094,0.0520284,0.000528319,0.00334888,-0.0585211,-0.267835,-1.28234,-1.03725
6093,0,0,0.99673,0.00136309,0.000245105,0.00166196,1.2862,-1.65783,-1.28955,-1.08967
6094,0,1,0.993732,0.00495643,0.000279077,0.00103285,0.373431,-0.559609,-1.59088,-0.872614
6095,1,4,0.00512319,0.990231,0.000599165,0.00404685,-2.30428,1.27488,-0.780914,-1.27007
6096,0,3,0.989367,0.00828825,0.000360269,0.00198407,2.48046,-2.4458,-1.32732,-1.59268
6097,0,1,0.149383,0.843839,0.00126125,0.0055162,-0.882924,0.111944,-1.47553,-0.235911
6098,0,4,0.997335,0.00186516,0.000145025,0.000655053,0.884006,-1.24715,-1.14131,-1.1949
6099,2,1,0.00437886,0.00211644,0.991433,0.00207146,-1.30671,-1.59474,1.27822,-1.57377
6100,0,4,0.995586,0.0011623,0.00030828,0.0029435,1.29811,-2.78248,-1.5556,-0.853755
6101,2,1,0.00534823,0.00236055,0.99025,0.00204089,-1.94144,-0.819663,1.68038,-2.14711
6102,2,4,0.0758108,0.202188,0.678339,0.0436622,-1.086,0.32624,-1.05575,-0.618172
6103,0,2,0.993637,0.00463867,0.000186251,0.00153829,1.09995,-1.11597,-1.44392,-1.12538
6104,0,1,0.998355,0.000982437,0.000245985,0.000416803,1.42895,-1.45472,-1.95025,-1.37687
6105,0,1,0.998177,0.000906671,0.00024787,0.000668537,3.98097,-4.06161,-2.16408,-2.65871
6106,0,4,0.998479,0.000852829,0.000162606,0.000505778,2.11016,-1.78264,-2.06143,-2.43241
6107,0,0,0.960709,0.0364056,0.000368057,0.00251767,0.609176,-0.573383,-1.05847,-2.18328
6108,0,1,0.898571,0.0157349,0.00215459,0.0835393,0.764953,-1.67349,-1.19569,-0.175476
6109,0,0,0.996579,0.00283287,0.000100184,0.000488329,0.623064,-0.597355,-1.65916,-1.56974
6110,0,3,0.9936,0.0029105,0.000198256,0.0032916,0.714854,-1.0297,-1.34711,-0.927305
6111,0,0,0.982278,0.0141667,0.000516383,0.00303908,0.942144,-0.772201,-1.02839,-2.07926
6112,0,1,0.998409,0.000740898,0.000309759,0.000540467,1.40188,-2.43634,-1.45773,-0.770445
6113,1,4,0.0126996,0.985247,0.000447368,0.00160632,-0.507301,1.32782,-1.65738,-2.61309
6114,1,2,0.746902,0.247508,0.000945594,0.0046453,0.772475,-0.754948,-1.23813,-1.32502
6115,0,1,0.99828,0.000923747,0.000270141,0.000525821,2.24075,-2.89294,-1.53156,-1.55408
6116,1,3,0.00393578,0.98109,0.00147789,0.0134962,-1.28095,0.786564,-1.32525,-0.693612
6117,0,0,0.995664,0.00381227,0.000136809,0.0003867,2.05024,-1.78797,-1.66115,-1.84462
6118,1,0,0.00829825,0.990319,0.000305454,0.00107765,-1.51739,1.56675,-1.59132,-1.15277
6119,0,3,0.997128,0.00131653,0.000198184,0.00135699,1.67147,-2.22575,-1.02415,-1.34031
6120,1,3,0.110071,0.887172,0.000670681,0.00208612,0.0702121,0.237454,-1.85794,-1.84563
6121,0,3,0.997488,0.00163584,0.000349994,0.000526431,1.85737,-2.09182,-0.980082,-1.79483
6122,0,3,0.998553,0.000695431,0.000157001,0.000594253,1.96102,-2.32075,-2.29132,-1.17905
6123,0,0,0.984929,0.0106257,0.000723086,0.00372268,1.62968,-1.60865,-1.23348,-1.50114
6124,1,2,0.00843898,0.988358,0.000665851,0.00253755,-1.8962,1.77408,-1.2061,-1.41418
6125,0,2,0.988908,0.00706529,0.000418542,0.0036086,1.22981,-1.66201,-1.0585,-1.34346
6126,0,3,0.923217,0.0570361,0.000378718,0.0193677,0.336857,-0.516435,-1.23135,-0.809321
6127,0,4,0.985106,0.00522009,0.000884374,0.00878909,0.787189,-1.99501,-1.35999,-0.485701
6128,1,3,0.0571778,0.811001,0.00192572,0.129895,-0.449386,0.371228,-1.43116,-0.49663
6129,0,4,0.99522,0.00229268,0.000333208,0.00215377,2.70026,-2.19098,-1.75564,-2.60654
6130,0,0,0.998717,0.000787386,0.000157026,0.000338981,1.18707,-1.32274,-2.26271,-1.45578
6131,1,4,0.686678,0.30234,0.00188774,0.00909429,-0.015449,0.0379564,-1.13154,-1.72112
6132,2,1,0.0051024,0.00309476,0.989589,0.00221389,-1.98487,-0.859231,1.27989,-1.69051
6133,0,3,0.989764,0.0027316,0.000776527,0.00672785,0.80319,-2.47655,-1.54083,-0.372912
6134,0,2,0.987447,0.00956547,0.000275154,0.00271193,2.07079,-1.91739,-1.58304,-1.88877
6135,1,2,0.011273,0.976838,0.00537723,0.00651156,-0.682198,0.730819,-1.06868,-1.24711
6136,1,4,0.0196622,0.970054,0.000638381,0.00964569,-0.512428,0.319055,-1.23878,-0.83178
6137,1,2,0.135294,0.332331,0.00338124,0.528993,0.00892678,-0.2589,-1.3971,-0.86765
6138,0,3,0.995038,0.00390117,0.000141615,0.00091895,1.64626,-1.69103,-1.98227,-1.2316
6139,0,0,0.99862,0.000837269,0.000164546,0.000378124,1.33532,-2.15005,-1.29632,-1.39102
6140,0,1,0.997331,0.00136925,0.000314911,0.00098527,3.00987,-3.2127,-1.80036,-1.77721
6141,0,1,0.998464,0.000820946,0.000268088,0.000447213,2.35584,-2.71472,-1.7714,-1.43446
6142,0,1,0.998348,0.00105502,0.000241225,0.000355812,2.28993,-2.41977,-1.6067,-2.25931
6143,3,1,0.0612568,0.864832,0.00134412,0.0725668,-0.531216,0.637454,-1.43004,-1.23731
6144,1,0,0.00484638,0.977378,0.00730376,0.0104724,-1.37051,0.284511,-0.969738,-0.427786
6145,0,2,0.997048,0.00164151,0.000269281,0.00104137,2.07662,-2.27738,-1.3563,-2.42582
6146,0,1,0.997917,0.0012438,0.000249749,0.000589828,1.79206,-1.70412,-1.91384,-2.05338
6147,2,0,0.00272954,0.0012279,0.993858,0.0021847,-1.46138,-1.41778,0.601388,-0.685082
6148,0,1,0.95201,0.0168837,0.0037416,0.0273648,-0.0451638,-1.55075,-1.26209,0.00943635
6149,3,3,0.506837,0.0312206,0.00226162,0.459681,-0.244232,-0.67754,-1.22963,0.0409722
6150,1,4,0.0118939,0.98369,0.000780859,0.00363542,-0.768757,1.04502,-1.55646,-1.91696
6151,0,3,0.99752,0.00200923,0.00015776,0.000313131,1.35218,-1.09623,-1.54077,-1.92206
6152,0,3,0.998581,0.000766043,0.000155479,0.000497987,2.50465,-3.15341,-2.03824,-1.50048
6153,1,4,0.807835,0.16557,0.00135226,0.0252427,-1.56857,0.266512,-1.21379,0.48712
6154,0,0,0.707316,0.282176,0.00118632,0.00932198,0.541394,-0.610416,-1.60146,-1.07702
6155,0,1,0.998308,0.00107474,0.00020713,0.000410322,1.46002,-1.32752,-1.69845,-2.53375
6156,1,0,0.00237709,0.992333,0.00241689,0.00287293,-0.661529,0.489391,-1.07308,-1.38728
6157,0,3,0.998587,0.000743931,0.000175495,0.000493151,1.93661,-2.00363,-1.88623,-1.8841
6158,0,2,0.991298,0.00548353,0.000277308,0.00294086,2.30996,-2.28131,-1.3461,-1.7977
6159,0,2,0.9937,0.0053024,0.000170591,0.000826661,0.455662,-0.626357,-1.3529,-1.30953
6160,0,2,0.978573,0.00837586,0.000544414,0.0125063,0.621617,-1.16515,-1.01231,-0.8968
6161,0,2,0.997631,0.00126179,0.000267342,0.000839713,3.29584,-3.49453,-1.57668,-2.21632
6162,0,1,0.905435,0.0837675,0.00158528,0.00921217,-0.23464,0.100219,-1.04322,-1.57208
6163,1,4,0.00692866,0.990602,0.00063556,0.00183367,-0.455109,0.439007,-1.22458,-1.40038
6164,0,1,0.998139,0.0012117,0.000201903,0.000447068,3.37501,-2.9815,-1.73658,-3.0467
6165,0,0,0.991336,0.00726389,0.00025498,0.00114497,1.22074,-1.725,-1.43996,-1.05764
6166,2,3,0.0032153,0.00197509,0.992615,0.00219479,-1.61707,-0.836121,1.02865,-1.74281
6167,0,1,0.997879,0.000932436,0.000391364,0.000797555,1.20266,-1.17869,-1.32511,-1.57034
6168,2,0,0.00191813,0.00523186,0.988774,0.00407656,-1.42814,-0.897793,0.888552,-1.56349
6169,0,1,0.998342,0.000790944,0.000260825,0.000605845,3.62874,-2.51105,-2.33936,-3.21883
6170,1,1,0.368753,0.603829,0.00432252,0.0230951,0.707781,-0.859519,-1.55783,-1.11668
6171,0,1,0.980362,0.010251,0.00215293,0.00723364,0.991395,-0.975106,-1.27632,-1.13417
6172,1,0,0.226063,0.769256,0.000324942,0.00435618,-0.444981,-0.198564,-1.64473,-0.489617
6173,0,1,0.99436,0.00431737,0.000357171,0.000965219,2.21184,-2.07504,-1.58246,-1.92231
6174,0,1,0.996418,0.0014128,0.000326518,0.00184264,1.41491,-1.42153,-1.53402,-1.65081
6175,0,3,0.998508,0.000849529,0.000161346,0.000480749,3.62548,-3.51886,-2.20349,-3.0416
6176,0,0,0.998383,0.0011242,0.000180323,0.00031279,1.67991,-2.248,-1.9469,-1.8994
6177,0,1,0.997001,0.0023284,0.000326709,0.000343728,1.19495,-1.09331,-1.6094,-1.9984
6178,0,1,0.583587,0.165252,0.0023595,0.248801,0.142751,-0.660088,-1.22454,-0.636439
6179,0,3,0.998247,0.00103048,0.000171372,0.000551038,2.42106,-2.60497,-1.95988,-2.20062
6180,1,1,0.0440978,0.913175,0.00242368,0.0403037,-0.822561,0.721882,-0.937372,-1.61634
6181,3,3,0.985047,0.0115027,0.000249922,0.00320015,0.387104,-0.650529,-1.11603,-0.929271
6182,0,1,0.995425,0.0020237,0.00039888,0.00215212,2.07341,-1.62085,-2.00958,-2.07944
6183,0,0,0.998028,0.00136087,0.000137671,0.000473993,1.49008,-1.7594,-1.58308,-1.96663
6184,0,2,0.581401,0.238141,0.00909945,0.171359,0.0194426,-0.557204,-1.40838,-0.632952
6185,1,2,0.0131762,0.971841,0.0026047,0.0123779,-0.759297,0.60576,-1.40086,-1.23319
6186,0,2,0.996845,0.00190194,0.000195056,0.00105756,1.48021,-1.87894,-1.45576,-1.14345
6187,0,0,0.903377,0.0744076,0.00182405,0.0203916,0.15476,-0.377329,-1.06083,-1.10632
6188,0,2,0.991617,0.00486921,0.00047557,0.00303816,0.377617,-0.297683,-1.45125,-1.58887
6189,1,3,0.262545,0.732025,0.00058336,0.0048464,0.0501685,-0.0529538,-1.07881,-1.03827
6190,1,0,0.97897,0.0143549,0.000490119,0.00618451,0.546186,-0.958337,-1.30738,-1.07305
6191,0,1,0.993728,0.00369049,0.000628908,0.00195237,1.87489,-1.70191,-1.26434,-1.90305
6192,1,0,0.0184858,0.841649,0.0034062,0.136459,-0.740823,0.432469,-1.07872,-0.581765
6193,1,0,0.0878023,0.908688,0.000557394,0.00295208,0.556953,-0.343939,-1.05289,-2.24183
6194,0,2,0.997315,0.000880593,0.000176646,0.00162759,2.36011,-2.46711,-1.92984,-1.68278
6195,0,3,0.982151,0.0127746,0.000508311,0.00456606,0.953121,-1.54445,-1.75721,-0.474633
6196,0,4,0.163908,0.825914,0.00085843,0.00931957,-0.559237,0.424232,-1.32511,-1.2637
6197,3,1,0.0617188,0.0271819,0.00478386,0.906315,-0.332783,-1.20235,-1.00207,0.0762835
6198,1,3,0.00914455,0.988635,0.000300794,0.00191973,-0.169036,0.352701,-1.31916,-2.13559
6199,0,1,0.997948,0.00137412,0.000265346,0.000412584,1.97217,-1.78806,-1.49106,-2.05162
6200,0,2,0.831953,0.0943968,0.00261708,0.071033,1.00901,-0.753949,-1.75549,-1.6807
6201,0,2,0.997578,0.00152044,0.000228658,0.000673376,1.84241,-2.00714,-1.44377,-1.71341
6202,3,0,0.826301,0.0867678,0.0057331,0.081198,0.96814,-1.53327,-0.539604,-1.49061
6203,1,1,0.00390302,0.972923,0.000948106,0.0222258,-0.749302,0.691587,-0.96716,-1.68463
6204,0,3,0.997542,0.00175167,0.000308886,0.000397393,1.28758,-1.00542,-1.69098,-1.98887
6205,0,1,0.982091,0.0162267,0.000530596,0.00115216,0.86225,-1.07867,-1.17089,-1.6491
6206,0,4,0.998475,0.000712562,0.000170077,0.00064249,3.2106,-3.37536,-2.31558,-2.15582
6207,0,3,0.751004,0.237471,0.00148126,0.0100438,0.461027,-1.03121,-1.34947,-0.4533
6208,0,1,0.990629,0.00816932,0.000274965,0.000926567,1.41389,-1.3654,-1.24297,-1.81014
6209,0,3,0.985987,0.00839001,0.000583916,0.00503934,2.00323,-1.7801,-1.31922,-1.77871
6210,3,4,0.72294,0.252786,0.00146258,0.0228116,0.444751,-1.15528,-1.14508,-0.467573
6211,1,2,0.0430427,0.926606,0.0191561,0.0111955,-0.437366,-0.267069,-1.51347,0.380177
6212,2,0,0.00534655,0.0039771,0.984636,0.00604071,-0.20436,-0.501232,-0.770905,-0.45421
6213,0,2,0.996922,0.00216062,0.000272954,0.000644631,0.330213,-0.0591188,-1.48605,-1.57585
6214,0,2,0.997888,0.00109227,0.000175715,0.000844041,1.88485,-1.76363,-1.9672,-1.86742
6215,1,4,0.842138,0.134948,0.00343491,0.0194791,0.055476,-0.0242003,-1.42215,-1.18037
6216,2,1,0.0202852,0.648548,0.0449169,0.28625,-1.19601,-0.484532,-0.251516,-0.729258
6217,1,4,0.0118135,0.985198,0.000810039,0.00217839,-0.2968,0.319358,-1.39587,-1.53539
6218,1,4,0.890226,0.105186,0.000437068,0.00415084,-0.232596,0.282404,-1.75861,-1.43274
6219,0,3,0.988774,0.00943098,0.000387793,0.00140745,1.16119,-0.829184,-1.55062,-1.69667
6220,0,1,0.998271,0.000825611,0.000265951,0.00063736,3.87871,-3.74826,-2.11928,-2.66391
6221,0,0,0.998291,0.0009795,0.000182432,0.000546774,3.55672,-3.17781,-1.74967,-3.34734
6222,0,3,0.998319,0.000928304,0.000218349,0.000534123,1.19487,-1.36871,-1.36294,-1.69759
6223,0,0,0.995004,0.00151208,0.000253436,0.00323092,1.35088,-1.7044,-1.45881,-1.35721
6224,0,1,0.99104,0.00175561,0.000853948,0.00635005,1.79746,-2.70747,-1.44461,-1.08834
6225,0,1,0.997979,0.00121982,0.000229645,0.000571717,1.43151,-1.32108,-1.61299,-1.81139
6226,3,4,0.0587264,0.922682,0.00063759,0.0179543,-0.570966,0.625561,-1.64169,-1.01511
6227,0,1,0.997761,0.00143558,0.000199475,0.000603721,1.4388,-1.3788,-1.54104,-1.77756
6228,0,3,0.982323,0.0143654,0.00037414,0.00293709,-0.133998,-0.427379,-1.65439,-0.828737
6229,0,4,0.998427,0.000653214,0.000196514,0.000723042,3.77264,-4.03335,-2.27791,-2.56973
6230,0,1,0.998121,0.00116072,0.000295489,0.000422442,2.25796,-2.13789,-1.42833,-2.15135
6231,0,3,0.99828,0.000992972,0.000234245,0.000492999,2.31956,-2.43992,-1.55339,-1.73566
6232,0,0,0.994965,0.00237179,0.000230297,0.00243278,1.83694,-1.88936,-1.56413,-2.05017
6233,0,1,0.998277,0.000873729,0.000238864,0.000609962,3.03114,-2.21278,-2.01014,-2.89595
6234,3,3,0.0297921,0.929907,0.000758628,0.0395423,-1.30267,0.310036,-1.31466,-0.634291
6235,0,0,0.982716,0.00743747,0.00103143,0.00881499,0.567684,-1.23824,-1.71708,-0.357368
6236,1,4,0.0979054,0.72008,0.0039062,0.178108,0.458638,-0.42311,-1.39343,-0.957821
6237,0,1,0.996573,0.00134568,0.000296764,0.00178448,1.93777,-2.02171,-1.52599,-1.57866
6238,0,2,0.986597,0.00814883,0.000613515,0.0046408,2.98462,-2.95005,-1.2632,-2.34379
6239,1,0,0.00753576,0.982182,0.00431476,0.0059671,-1.32513,0.364904,-0.335036,-1.34311
6240,1,3,0.0445482,0.945532,0.000336989,0.00958262,-0.511597,0.266755,-1.78383,-0.624762
6241,1,1,0.110942,0.878609,0.00227792,0.00817112,-0.684952,0.846619,-1.16968,-1.60306
6242,1,1,0.00620998,0.972498,0.00189579,0.0193961,-0.794591,0.81926,-1.57022,-1.09066
6243,0,0,0.990135,0.00284426,0.00113026,0.00589043,1.03135,-1.08513,-1.22825,-1.02228
6244,1,2,0.255789,0.715979,0.00157233,0.0266589,0.359908,-0.450606,-0.967104,-1.33214
6245,0,1,0.988376,0.00816154,0.000578512,0.00288392,1.61025,-1.73055,-1.54747,-1.38721
6246,0,0,0.918585,0.0706609,0.00136228,0.0093917,0.791167,-0.579763,-1.0472,-1.80344
6247,0,2,0.934224,0.0158173,0.00104786,0.0489113,0.354644,-1.77431,-1.39096,-0.0450307
6248,2,1,0.00578543,0.00255477,0.989248,0.00241173,-0.976557,-2.39028,1.5705,-1.77457
6249,0,1,0.997984,0.000849912,0.000352226,0.000814166,3.3981,-2.80873,-1.76259,-2.85477
6250,1,0,0.0250938,0.96987,0.00245148,0.00258423,1.16826,-0.752018,-1.69543,-2.33965
6251,0,3,0.996241,0.00214758,0.000168376,0.00144322,1.09444,-1.52437,-1.58396,-1.14967
6252,1,4,0.00817376,0.986479,0.000866783,0.00447995,-0.846996,1.02743,-1.03121,-1.69869
6253,0,4,0.99752,0.00152929,0.000205356,0.000745316,1.44813,-1.99212,-1.31612,-1.3528
6254,1,2,0.0106141,0.985421,0.000507024,0.00345812,-0.973234,0.9942,-1.49513,-1.13751
6255,1,0,0.0504201,0.943033,0.000501595,0.00604539,-0.702013,0.108241,-1.78507,-0.307098
6256,0,1,0.996059,0.00202895,0.000354997,0.00155717,2.57737,-2.88753,-1.74608,-2.12333
6257,0,0,0.992435,0.00474178,0.000621986,0.00220083,0.733058,-1.42805,-0.971708,-0.664878
6258,1,2,0.0140676,0.976869,0.00181356,0.00725022,-0.394678,-0.199019,-1.23475,-0.485706
6259,0,0,0.979061,0.0147524,0.000432568,0.00575389,0.784318,-0.865373,-1.26366,-1.76199
6260,0,4,0.998193,0.00103244,0.00019532,0.000579145,1.69173,-1.48872,-1.58595,-1.78359
6261,0,1,0.998147,0.00106724,0.000252258,0.00053403,2.07145,-1.8511,-2.08765,-2.32526
6262,0,2,0.997568,0.00142831,0.000264727,0.00073883,2.43173,-2.26474,-1.53983,-2.39097
6263,0,1,0.99776,0.00135918,0.000402951,0.000477583,1.85645,-2.09388,-1.04875,-2.03449
6264,0,0,0.976496,0.0216475,0.000430593,0.00142572,0.337754,-0.701122,-1.42601,-0.862712
6265,0,3,0.996647,0.00204607,0.000125177,0.00118186,0.36265,-0.838883,-1.41215,-0.693359
6266,0,2,0.994428,0.00392361,0.000290965,0.00135729,1.20412,-0.623623,-1.58498,-2.74885
6267,0,2,0.823501,0.128653,0.00175967,0.046086,-1.13825,0.584968,-1.0971,-0.269541
6268,0,2,0.963667,0.0310983,0.000529876,0.00470432,0.813984,-0.800137,-1.74172,-1.58537
6269,1,2,0.0339379,0.960826,0.000495336,0.0047411,-0.427798,0.627737,-1.82607,-1.43424
6270,0,3,0.998428,0.000774198,0.00023155,0.000566415,2.13949,-2.50211,-1.57835,-1.53892
6271,1,4,0.0433858,0.951484,0.000749416,0.0043805,-0.631886,0.00504745,-0.716888,-1.21834
6272,0,0,0.965682,0.0140533,0.00195367,0.018311,0.378223,-1.13992,-1.41848,-0.27166
6273,0,2,0.925988,0.0641944,0.000801017,0.00901623,0.847394,-0.452259,-1.81112,-1.67106
6274,0,1,0.996127,0.00272378,0.000362731,0.000786112,1.55053,-1.24423,-1.36592,-2.1291
6275,2,2,0.00369489,0.00210323,0.991032,0.00316968,-1.56135,-1.39162,1.04922,-1.36993
6276,0,1,0.942867,0.052908,0.00074408,0.00348115,0.613132,-0.125829,-1.41306,-1.78463
6277,0,3,0.978938,0.0195866,0.000178546,0.0012963,0.0473491,-0.00141938,-1.18817,-1.2964
6278,0,1,0.997849,0.00144697,0.000206228,0.000497623,1.19618,-1.36973,-1.70687,-1.85155
6279,2,3,0.164185,0.823283,0.003242,0.00928987,-1.3316,0.971151,-1.25685,-1.16584
6280,2,1,0.0104546,0.00175784,0.985539,0.00224831,0.534,-2.93958,0.757774,-2.00504
6281,0,3,0.998347,0.000991102,0.000179965,0.000481611,2.90933,-2.87922,-2.17996,-2.34442
6282,3,4,0.0591743,0.926998,0.000898075,0.0129292,-0.676016,0.719129,-2.02969,-1.15412
6283,0,3,0.99562,0.00188482,0.000210647,0.00228466,1.58521,-2.03327,-1.11507,-1.26604
6284,0,4,0.994804,0.00391361,0.000212125,0.00106992,1.23122,-1.90909,-0.972397,-1.32969
6285,1,0,0.00929115,0.988518,0.000542479,0.00164826,-0.849214,0.903164,-0.996369,-1.9166
6286,0,3,0.971106,0.0268444,0.000433264,0.00161607,0.941782,-1.21034,-1.07355,-1.43337
6287,0,0,0.998312,0.00116776,0.000205921,0.000314606,0.516096,-0.534793,-1.67307,-2.18797
6288,0,1,0.994321,0.00388885,0.000897892,0.000892646,3.00375,-2.61333,-1.6884,-2.23705
6289,1,0,0.857379,0.133293,0.00063811,0.00868922,-0.338581,0.15795,-1.31478,-1.0702
6290,0,4,0.99599,0.00168688,0.000256177,0.0020668,0.0912226,-0.0697982,-1.29351,-1.43372
6291,0,4,0.991741,0.00660122,0.000347299,0.00131069,3.067,-2.84139,-1.14205,-2.05974
6292,3,0,0.0063262,0.00795035,0.00273418,0.982989,-1.14291,-0.737025,-1.20816,0.781184
6293,1,2,0.964512,0.0203306,0.000590483,0.0145669,0.522003,-0.983388,-0.836628,-1.16617
6294,0,4,0.997724,0.00103195,0.00024631,0.000997278,1.76749,-1.81772,-1.23448,-1.67724
6295,0,3,0.996181,0.00256765,0.000359225,0.000892571,1.12131,-0.926661,-1.51452,-1.82372
6296,0,2,0.994052,0.00333029,0.000341375,0.00227661,1.37066,-1.74824,-1.59961,-1.16139
6297,1,3,0.187614,0.807039,0.000443753,0.00490304,0.35211,-0.224045,-0.998998,-1.94992
6298,0,0,0.990177,0.00804179,0.000246364,0.00153443,-0.090376,-0.186594,-1.50972,-0.98366
6299,0,1,0.121063,0.874676,0.000992631,0.00326745,0.146942,0.136014,-1.61376,-1.59214
6300,0,4,0.998401,0.000716697,0.000209591,0.000672617,2.64972,-2.39739,-1.68936,-2.44101
6301,3,1,0.00540789,0.0114262,0.00554155,0.977624,-0.818223,-1.08724,-1.21033,0.753048
6302,0,4,0.998009,0.00112598,0.000163485,0.000701872,1.56547,-1.41496,-1.40089,-1.39417
6303,0,3,0.470386,0.527837,0.000429775,0.00134728,1.70834,-1.56505,-1.76243,-1.69361
6304,0,2,0.997695,0.0011889,0.000218639,0.000897426,2.77311,-2.91541,-2.30335,-2.44307
6305,1,0,0.00450725,0.991523,0.000374705,0.00359525,-1.04793,0.797272,-1.54254,-1.45265
6306,1,2,0.0341774,0.930313,0.0042998,0.0312102,-0.391048,0.160248,-0.726276,-1.06549
6307,2,4,0.00701821,0.0332417,0.953956,0.00578431,-1.90369,-1.12552,1.20464,-1.19137
6308,1,1,0.0164037,0.979084,0.000675245,0.00383675,-0.583721,0.547862,-1.63864,-1.39397
6309,0,4,0.998248,0.000828014,0.000216634,0.000707547,0.851827,-1.13262,-1.70751,-1.21925
6310,2,3,0.00334278,0.00111315,0.992434,0.00310973,-1.42513,-1.87557,0.906472,-0.746311
6311,1,4,0.0261965,0.96683,0.000590747,0.00638222,0.318967,0.139562,-1.57854,-2.3816
6312,1,2,0.0639359,0.920909,0.000564891,0.0145901,-0.889437,0.324093,-1.71342,-0.276607
6313,0,2,0.997859,0.00124009,0.000198717,0.000701767,2.60114,-2.42356,-1.89736,-2.28589
6314,0,1,0.997479,0.00164704,0.000350676,0.000523351,2.41837,-2.26149,-1.69988,-2.26116
6315,0,1,0.988715,0.00522389,0.000543648,0.00551752,0.70394,-1.02579,-1.00615,-1.01446
6316,0,1,0.997357,0.0018525,0.000173915,0.000616583,2.00612,-1.79962,-1.06212,-2.46922
6317,0,1,0.989295,0.00515346,0.000670399,0.00488158,0.402886,-1.2539,-1.34426,-0.707937
6318,1,3,0.992158,0.00458116,0.00027378,0.00298685,2.55304,-2.02024,-1.91456,-2.28242
6319,1,0,0.0992102,0.898176,0.000330272,0.00228361,0.304872,-0.230357,-1.59624,-1.67128
6320,0,4,0.995837,0.00147253,0.000407711,0.00228293,1.38329,-1.88707,-1.22325,-1.28688
6321,0,0,0.99709,0.00239082,0.000160175,0.000358852,1.45893,-1.52233,-1.37109,-1.36625
6322,0,3,0.998497,0.000804309,0.000212083,0.000486411,1.61148,-1.28708,-2.06685,-1.89054
6323,0,1,0.99738,0.00192446,0.000277922,0.00041721,0.90031,-0.841426,-1.54267,-2.58488
6324,3,4,0.39002,0.0202903,0.00819002,0.5815,-0.725162,-0.198192,-1.12865,-0.141451
6325,0,4,0.99797,0.00139306,0.000143988,0.000492846,1.32741,-1.66285,-1.5279,-1.05805
6326,3,4,0.921426,0.016143,0.0023936,0.0600373,-0.497882,-1.0782,-1.49812,0.0655446
6327,0,4,0.9983,0.000802581,0.000158501,0.00073865,2.0646,-1.7144,-1.99134,-2.10311
6328,1,1,0.0156399,0.978357,0.000551786,0.00545173,0.487601,-0.511206,-2.02271,-1.84908
6329,1,3,0.0465299,0.930254,0.00121037,0.022006,-0.871244,0.363101,-0.793103,-1.26068
6330,0,4,0.995302,0.00357563,0.000209349,0.000912932,0.852285,-0.633561,-1.26756,-1.59756
6331,1,0,0.284673,0.708714,0.000693339,0.00591976,-1.35603,0.82869,-1.5071,-0.667447
6332,0,3,0.997562,0.00192481,0.000216909,0.0002959,1.0119,-0.794156,-1.66381,-2.07421
6333,0,2,0.997061,0.00172874,0.000224119,0.000985966,1.64517,-1.41949,-1.97571,-1.81673
6334,0,0,0.998161,0.00127734,0.00018348,0.000377951,2.18815,-2.19156,-1.57528,-1.98841
6335,0,3,0.980128,0.0186668,0.000200206,0.00100488,0.443067,-0.275181,-1.59822,-1.40913
6336,3,1,0.911601,0.0311628,0.00305854,0.0541775,1.24638,-1.18378,-1.50957,-1.16694
6337,0,2,0.997585,0.0011233,0.000230003,0.00106145,3.1843,-2.96434,-1.91086,-2.45719
6338,0,4,0.998174,0.00116874,0.000207102,0.00045059,0.484971,-0.305071,-1.44484,-1.83329
6339,0,1,0.998178,0.000757553,0.000302513,0.000762004,2.51362,-2.72643,-1.29824,-2.01144
6340,0,3,0.997577,0.00179415,0.000238697,0.00038972,1.0494,-0.773416,-1.80672,-2.26279
6341,3,3,0.954061,0.0100444,0.000630313,0.0352645,1.06349,-1.40063,-1.12953,-1.31063
6342,0,4,0.996442,0.00255706,0.000313404,0.000687217,0.250206,-0.528322,-0.924069,-2.14341
6343,0,4,0.946288,0.0469293,0.00051728,0.00626494,0.547214,-0.48529,-1.51963,-1.63384
6344,1,4,0.00778485,0.984872,0.000732997,0.00661014,0.360851,-0.816295,-0.852762,-0.620793
6345,0,0,0.998577,0.000873991,0.00015099,0.000398582,1.32536,-1.78291,-1.32682,-1.3514
6346,0,3,0.997257,0.00174094,0.000126483,0.000875397,0.943018,-0.328729,-1.70534,-2.10251
6347,0,1,0.997705,0.0011512,0.000228687,0.000915136,2.43399,-2.94488,-1.49734,-1.678
6348,1,2,0.147222,0.834882,0.0007041,0.0171926,0.0427335,-0.493689,-2.10488,-0.479289
6349,3,2,0.155071,0.79992,0.0225154,0.0224934,0.749216,-1.54221,-1.20831,-0.573292
6350,0,4,0.996433,0.00087382,0.000318336,0.00237529,1.0737,-0.931923,-1.43692,-1.68647
6351,0,1,0.883924,0.0527157,0.00242525,0.0609352,0.337647,-0.114692,-1.63887,-1.6212
6352,0,1,0.998447,0.000816136,0.000265479,0.000471422,2.20303,-1.62399,-1.82777,-2.59934
6353,0,4,0.0152152,0.981341,0.000498069,0.00294564,-0.367379,0.367051,-1.3393,-1.55743
6354,0,4,0.99791,0.000987769,0.000176407,0.000926113,1.68313,-1.6824,-1.88766,-1.87097
6355,0,4,0.998209,0.000738583,0.000217473,0.000835291,3.40472,-3.81527,-2.20095,-1.8451
6356,1,4,0.00733234,0.986006,0.000844646,0.00581738,-0.957038,1.13218,-1.26965,-1.16704
6357,0,0,0.998497,0.000831462,0.000167771,0.000503815,1.34309,-1.38855,-1.67554,-1.4714
6358,0,1,0.99738,0.00130661,0.000543083,0.00077037,1.08926,-1.19111,-1.26467,-1.73794
6359,0,3,0.998167,0.00100653,0.00024642,0.000579696,2.54009,-2.63656,-1.49927,-2.11573
6360,0,0,0.997998,0.0014109,0.000218279,0.000372758,1.69199,-1.80043,-1.51209,-1.1779
6361,0,4,0.998385,0.000728682,0.000269643,0.000616616,2.68616,-2.42181,-1.73877,-2.13274
6362,0,1,0.921783,0.0695355,0.00116018,0.00752113,0.364174,-0.715445,-1.3047,-0.834924
6363,1,4,0.0145046,0.980644,0.0012935,0.00355754,-1.38974,0.828636,-0.0544788,-2.25926
6364,1,1,0.00649208,0.913124,0.0012947,0.0790897,-1.54767,0.770405,-0.879602,-0.322828
6365,0,2,0.990759,0.00301485,0.000400906,0.00582548,2.42121,-2.66728,-1.41201,-1.31325
6366,0,2,0.993077,0.00377369,0.000467058,0.00268249,1.61203,-2.12443,-1.02393,-1.62021
6367,0,2,0.997161,0.00119291,0.000282788,0.00136368,1.89947,-2.19966,-1.70897,-1.48372
6368,1,3,0.00439014,0.993018,0.00044304,0.00214901,-0.986317,1.80058,-1.63991,-2.203
6369,0,3,0.995612,0.00392253,0.000120257,0.000345266,0.619401,-0.533168,-1.75329,-1.62687
6370,0,2,0.996825,0.0023832,0.000236199,0.000555652,0.826061,-0.532774,-1.50065,-2.09061
6371,1,0,0.989667,0.00603905,0.000693292,0.00360081,0.780497,-0.933565,-1.56215,-0.948497
6372,0,1,0.998165,0.00086261,0.000292059,0.000680385,3.47996,-3.26616,-1.70377,-2.36776
6373,1,0,0.00792557,0.816363,0.00358632,0.172125,-2.14307,0.627175,-0.945062,0.189005
6374,0,0,0.957811,0.0199273,0.00128578,0.0209756,0.25255,-0.420336,-0.710037,-1.30496
6375,0,0,0.99487,0.00308406,0.000300335,0.00174527,1.72686,-2.29704,-1.23036,-1.62467
6376,0,3,0.989283,0.009385,0.000267184,0.00106502,1.0452,-0.875242,-1.9167,-1.98524
6377,1,0,0.112305,0.883348,0.000335131,0.00401159,-0.646458,0.376451,-1.37566,-0.849509
6378,0,3,0.997575,0.00114769,0.000324987,0.000952396,1.99118,-1.78305,-1.82673,-2.07618
6379,0,4,0.99069,0.00432671,0.000518775,0.00446406,1.80287,-2.02162,-1.54058,-1.41665
6380,0,3,0.998426,0.000847802,0.000183888,0.000542062,2.42728,-2.05658,-1.43616,-2.26442
6381,1,2,0.898193,0.0484999,0.000889066,0.0524185,-0.31601,-0.152611,-1.36335,-0.762696
6382,0,4,0.945784,0.00502643,0.00191716,0.0472721,0.906319,-1.04999,-1.33364,-1.37125
6383,0,3,0.995743,0.00247061,0.000172282,0.00161395,0.78075,-1.57943,-1.80868,-0.729694
6384,0,4,0.998471,0.000664178,0.00025234,0.000612468,1.93986,-1.59246,-1.48136,-2.00805
6385,0,3,0.998096,0.000949179,0.00028639,0.000668483,0.989028,-1.07841,-1.82001,-1.04096
6386,0,3,0.996978,0.00144712,0.000187609,0.00138761,2.36745,-2.65709,-1.41597,-1.55543
6387,0,3,0.992814,0.00454852,0.000523965,0.00211319,1.89159,-1.67648,-1.91404,-2.30186
6388,0,3,0.993922,0.00556354,0.000128546,0.000386023,0.590739,-0.564972,-1.18903,-1.53113
6389,1,2,0.0351006,0.959884,0.000724234,0.00429158,0.281344,-0.299537,-1.51086,-1.71968
6390,0,3,0.998375,0.000870409,0.000217085,0.000537292,3.03237,-3.30423,-1.64773,-2.11102
6391,0,4,0.124682,0.869701,0.00172883,0.00388838,0.0276184,0.0630123,-1.3919,-1.75682
6392,0,3,0.946227,0.00600106,0.00102867,0.0467433,0.465949,-0.674862,-1.31884,-0.836067
6393,1,0,0.992426,0.00705159,0.000216214,0.000306104,1.19488,-0.896985,-1.64374,-2.39798
6394,0,0,0.979178,0.0151409,0.000557669,0.00512322,0.891289,-0.5355,-1.68204,-1.66864
6395,0,3,0.994498,0.00404054,0.000238891,0.00122271,1.0489,-0.674064,-1.99504,-1.46886
6396,2,4,0.00688932,0.00496704,0.985218,0.00292568,-1.21799,-0.931516,0.452146,-1.51915
6397,0,1,0.998275,0.000845193,0.000286441,0.000593507,2.98838,-2.76039,-1.57781,-2.51704
6398,0,1,0.998055,0.00125128,0.000265893,0.000428229,1.39653,-0.958635,-1.92986,-2.09848
6399,2,2,0.00600616,0.00191033,0.988611,0.0034727,-1.72851,-0.99217,1.20075,-0.917595
6400,0,0,0.996053,0.00336481,0.00013713,0.000445263,1.92785,-1.42243,-1.88151,-2.12169
6401,0,2,0.855625,0.0580132,0.00583311,0.0805286,0.946414,-0.969639,-0.855654,-1.4825
6402,0,1,0.998552,0.000772784,0.000221406,0.00045341,2.67975,-2.86365,-1.76453,-1.80904
6403,1,3,0.0128329,0.977043,0.000334879,0.009789,-0.467518,0.849771,-1.51116,-1.93513
6404,1,0,0.334625,0.627608,0.00560771,0.03216,-0.41992,0.32738,-1.13146,-1.4602
6405,2,4,0.00436782,0.00172472,0.991835,0.0020723,-0.871823,-2.02222,1.6675,-2.15287
6406,0,1,0.997534,0.0016961,0.000352756,0.000417275,0.882719,-0.828025,-1.76345,-1.11451
6407,0,3,0.99752,0.00198874,0.000126269,0.00036466,1.01109,-1.16194,-1.05933,-1.24176
6408,0,1,0.997406,0.00148497,0.00028452,0.000824091,2.61551,-1.98952,-1.90133,-3.08275
6409,0,4,0.985704,0.0124781,0.000196297,0.00162125,0.675524,-0.783004,-1.26354,-1.33075
6410,0,2,0.997524,0.00140336,0.000191414,0.000880778,1.62762,-1.37709,-1.75263,-1.87613
6411,0,0,0.997976,0.00126223,0.000186335,0.000575075,2.00788,-2.52765,-1.622,-1.46191
6412,1,4,0.270968,0.717399,0.00332222,0.00831137,-0.475016,0.30982,-1.02393,-1.47773
6413,0,4,0.0596204,0.924458,0.0010369,0.0148842,-0.349793,0.267417,-1.42024,-1.11429
6414,0,0,0.998322,0.0011385,0.000225281,0.000313995,0.810478,-0.784507,-1.78455,-1.38031
6415,0,4,0.99105,0.00306322,0.000573319,0.00531349,0.228965,-0.92317,-1.4429,-0.51838
6416,0,0,0.988007,0.010216,0.000311967,0.00146524,0.991635,-0.970065,-1.49491,-1.3489
6417,1,0,0.0283817,0.951561,0.000911132,0.0191461,-0.389659,0.504577,-1.21965,-1.50898
6418,0,4,0.998155,0.000777016,0.000179229,0.000889115,2.07712,-2.26831,-1.93502,-1.85499
6419,0,3,0.998316,0.00109487,0.00019842,0.000390771,1.31151,-1.33241,-1.22363,-1.79994
6420,0,4,0.998137,0.000711626,0.000268525,0.000883041,2.56023,-2.09929,-1.60753,-2.46792
6421,0,3,0.99568,0.00299599,0.000147064,0.00117726,0.579861,-0.889265,-1.12746,-1.0355
6422,0,1,0.981932,0.00750447,0.00156842,0.00899484,1.57327,-1.89928,-1.34701,-1.01674
6423,0,3,0.998448,0.000940286,0.000168091,0.000443726,1.59926,-1.42739,-1.49749,-2.55557
6424,2,2,0.00883707,0.0160959,0.96518,0.00988738,-1.23598,-0.462038,-0.607216,-0.452702
6425,0,1,0.998356,0.000756948,0.000300799,0.00058664,3.12459,-3.06788,-1.89453,-2.17771
6426,1,3,0.0272958,0.957493,0.00133135,0.0138798,-1.66437,1.57548,-1.44104,-1.37591
6427,0,1,0.996893,0.00161739,0.00031973,0.00116952,0.990296,-1.00208,-1.43748,-1.52505
6428,0,4,0.998155,0.000667218,0.000257738,0.00092003,1.75175,-2.52442,-1.78485,-1.54313
6429,0,0,0.996762,0.0025679,0.000300319,0.000369399,0.431516,0.176636,-1.65948,-2.2785
6430,0,1,0.997347,0.00191595,0.000223746,0.00051316,0.518315,-1.04467,-1.4903,-1.1671
6431,0,3,0.998294,0.000934648,0.000238402,0.000533067,2.09898,-2.91298,-1.63146,-1.40379
6432,0,2,0.0492182,0.939167,0.00142306,0.0101915,-0.684729,0.683902,-1.45334,-1.371
6433,0,4,0.990236,0.00896741,0.000187069,0.000609793,0.940944,-1.28848,-1.34359,-1.52438
6434,1,0,0.0471283,0.95123,0.000313542,0.00132782,-0.418886,-0.00987513,-1.55224,-0.646333
6435,0,1,0.903369,0.0698647,0.00142612,0.0253404,0.239668,-0.182304,-1.11087,-1.2679
6436,2,1,0.00342949,0.0133048,0.979173,0.00409255,-1.27098,-0.125716,0.234026,-1.34338
6437,1,4,0.0109707,0.986224,0.000402987,0.00240201,-0.837725,0.816978,-1.41786,-1.6651
6438,1,3,0.803596,0.177218,0.00110004,0.0180862,0.495284,-0.446333,-1.66859,-1.53476
6439,0,0,0.950653,0.0313828,0.000577469,0.0173863,0.569186,-0.90424,-1.21468,-1.07382
6440,0,4,0.998391,0.000704202,0.00024218,0.000662183,2.45723,-2.59392,-1.33971,-2.65495
6441,0,1,0.907351,0.0226044,0.00198095,0.0680635,0.403262,-1.69406,-1.2643,-0.173367
6442,0,3,0.998024,0.00140818,0.000170665,0.000396809,1.78941,-1.50975,-1.43793,-1.819
6443,0,0,0.99836,0.00110567,0.000146312,0.000388505,2.5159,-2.3913,-1.95256,-1.89639
6444,0,4,0.997751,0.00140368,0.000177762,0.0006676,0.910705,-1.19257,-1.50817,-1.1663
6445,1,0,0.00651516,0.991075,0.000224521,0.00218497,-1.18254,0.933513,-1.46963,-1.41895
6446,0,1,0.984134,0.01442,0.000512331,0.000933163,-0.427479,-0.722748,-0.182402,-1.16263
6447,1,1,0.0611825,0.934886,0.000592824,0.00333896,-0.644077,0.255807,-0.966587,-0.827094
6448,0,1,0.998452,0.000873882,0.000238906,0.000435145,2.54333,-2.77834,-2.24763,-2.19282
6449,0,3,0.989317,0.00733545,0.000474467,0.0028726,1.29188,-1.09693,-1.82545,-1.60981
6450,0,2,0.973489,0.0185279,0.000952371,0.00703025,1.03197,-1.42817,-0.624991,-1.15835
6451,1,4,0.348797,0.64279,0.00159332,0.00682041,-0.124415,-0.238878,-1.42987,-0.779691
6452,0,0,0.998509,0.00101378,0.000161661,0.000315283,2.08325,-1.88701,-1.99175,-1.82465
6453,0,0,0.985915,0.00458804,0.000722397,0.00877486,0.582804,-1.24438,-0.998896,-0.728143
6454,2,3,0.00289242,0.00299299,0.989357,0.00475717,-1.44662,-0.691231,0.965403,-1.80595
6455,0,3,0.998206,0.00133023,0.00015331,0.000310301,3.04264,-2.4911,-2.67055,-2.48319
6456,0,0,0.992209,0.00278419,0.000715738,0.00429123,1.97214,-2.37511,-1.46829,-1.2272
6457,0,1,0.998189,0.000760526,0.000241659,0.000808786,3.88012,-3.20156,-2.2549,-2.82439
6458,0,0,0.858969,0.139132,0.000505722,0.00139362,1.41276,-1.14205,-1.52416,-1.73927
6459,3,2,0.00989016,0.0279757,0.00793146,0.954203,0.0329319,-0.683583,-1.21061,-0.361453
6460,0,0,0.1448,0.741122,0.00213102,0.111947,-0.872335,0.618516,-1.42914,-0.829765
6461,0,1,0.997421,0.00154264,0.000357571,0.000678551,0.147985,0.0230729,-1.32156,-1.22005
6462,0,1,0.9981,0.000886465,0.00033222,0.000681005,1.90907,-2.8262,-1.48474,-1.13625
6463,0,3,0.995791,0.00347071,0.000300613,0.00043739,0.903967,-0.180128,-1.38894,-2.06708
6464,0,3,0.998304,0.000981428,0.000198418,0.000515663,1.09059,-0.980586,-2.16244,-1.4812
6465,3,2,0.18979,0.568271,0.00248913,0.239449,0.0842676,-0.331921,-1.97122,-0.750233
6466,0,3,0.139437,0.855825,0.000355211,0.00438264,-0.311055,0.237581,-1.59758,-1.25117
6467,0,1,0.997144,0.00219085,0.000202096,0.000463507,0.673349,-0.764087,-1.85104,-1.35991
6468,1,2,0.0109164,0.968377,0.00190256,0.0188044,-1.1484,0.569396,-0.956014,-0.15183
6469,0,3,0.996723,0.00158275,0.000256867,0.00143689,1.67896,-2.44105,-1.43657,-1.33921
6470,0,3,0.761475,0.236817,0.000433681,0.00127466,0.628151,-0.576301,-1.3093,-1.66736
6471,2,3,0.00221515,0.00401895,0.988219,0.00554716,-1.85945,-0.546779,-0.129435,-0.69469
6472,1,3,0.0208864,0.958754,0.000753668,0.0196065,-0.758991,0.2334,-1.02335,-1.31399
6473,1,3,0.869843,0.126666,0.00125275,0.00223764,0.179479,-0.552872,-1.1313,-1.12037
6474,0,0,0.998667,0.000835674,0.000165521,0.00033176,3.38746,-3.29649,-1.69867,-2.26324
6475,3,2,0.207134,0.605836,0.00499172,0.182038,-0.198797,0.000152338,-1.79578,-1.07329
6476,0,0,0.997253,0.00139478,0.000246675,0.00110552,1.64164,-1.6744,-1.46756,-1.41315
6477,0,0,0.998317,0.00124551,0.000101541,0.000335553,0.853537,-0.955369,-1.1441,-1.7146
6478,2,1,0.00858522,0.0029224,0.984114,0.00437848,-0.461359,-0.198203,-0.984688,-0.532251
6479,0,4,0.998442,0.000799565,0.000180334,0.000578159,2.96181,-2.81982,-2.18544,-2.05083
6480,0,3,0.860645,0.0660491,0.00327205,0.0700342,1.05521,-1.57763,-1.33899,-1.10958
6481,0,0,0.998537,0.000893808,0.000215852,0.000353801,2.08883,-2.30482,-1.4586,-1.78294
6482,0,3,0.992756,0.00672024,0.000187545,0.000336301,0.96057,-0.772055,-1.5556,-1.64338
6483,0,4,0.991845,0.00159201,0.000533777,0.00602875,1.08588,-0.996773,-1.31206,-1.7558
6484,0,2,0.995019,0.00382004,0.000145823,0.00101518,0.615391,-0.7939,-1.93376,-1.65362
6485,1,2,0.293977,0.699725,0.000459582,0.00583897,0.405169,-0.465443,-1.46665,-2.07368
6486,0,0,0.998315,0.00118153,0.000223526,0.000279817,1.5656,-1.84465,-0.951089,-2.18094
6487,0,2,0.956368,0.0410265,0.000412754,0.00219245,1.06498,-1.09811,-1.21402,-1.35049
6488,0,1,0.99828,0.000735756,0.000271729,0.000712423,2.3161,-1.91113,-1.72348,-2.09023
6489,1,3,0.0328963,0.96372,0.000268542,0.00311561,-0.103911,-0.336274,-0.701,-1.03053
6490,0,3,0.234673,0.139379,0.00251324,0.623435,0.264588,-0.713153,-1.74248,-0.536152
6491,1,0,0.153204,0.842077,0.000256704,0.00446218,-0.174351,0.175872,-0.995615,-1.79383
6492,0,0,0.998607,0.00079658,0.000145778,0.000450785,2.36324,-2.38092,-1.94282,-1.79135
6493,0,4,0.998508,0.000731624,0.000186071,0.00057482,4.02524,-3.67379,-1.63367,-2.86883
6494,0,1,0.9983,0.000973786,0.000241214,0.000485366,1.82308,-1.52812,-2.2018,-2.57983
6495,0,3,0.93008,0.0432489,0.0014885,0.0251823,1.14142,-1.29734,-1.23655,-0.963507
6496,2,4,0.0180087,0.00757528,0.971077,0.00333861,-0.113028,-2.46058,1.32371,-1.78165
6497,0,0,0.997051,0.00171192,0.000145835,0.00109135,0.926566,-1.12853,-1.50996,-1.19299
6498,0,2,0.990779,0.00500973,0.000517809,0.00369394,2.61857,-2.61549,-1.58391,-1.90995
6499,0,3,0.998123,0.000847544,0.000327716,0.000701268,1.31071,-1.21202,-1.62408,-1.82209
6500,0,1,0.384086,0.514327,0.00460452,0.0969819,-0.222337,-0.811082,-1.12559,-0.336427
6501,0,0,0.996771,0.00277658,0.000120397,0.000331777,-0.117697,0.387943,-1.67936,-1.5937
6502,0,1,0.994106,0.00170686,0.000433251,0.0037537,0.75041,-1.17613,-1.01739,-0.866428
6503,0,4,0.998283,0.000813615,0.000208342,0.000695242,1.57994,-1.94283,-1.49723,-0.976446
6504,0,4,0.997964,0.000965883,0.000185969,0.000884614,1.7087,-2.06155,-1.15032,-1.25046
6505,1,0,0.0025514,0.993752,0.00109735,0.00259919,-1.01268,1.03022,-1.33691,-0.9674
6506,0,3,0.997424,0.00197982,0.000225078,0.000371091,1.50133,-1.39392,-1.41281,-2.59795
6507,0,4,0.0106968,0.949358,0.000818031,0.0391273,-1.24232,0.284785,-1.0776,-0.320182
6508,1,0,0.0047161,0.553691,0.00358782,0.438005,-0.927636,-0.242227,-1.04811,0.0375786
6509,0,3,0.955854,0.0413462,0.000573864,0.00222578,1.01596,-0.871253,-1.45169,-1.55051
6510,0,4,0.997556,0.000778068,0.000241505,0.00142412,2.03609,-3.71426,-1.62618,-1.19066
6511,3,1,0.00730688,0.0127428,0.00310907,0.976841,-0.77472,-1.3183,-1.09064,0.712143
6512,0,4,0.9982,0.0008361,0.00026028,0.00070338,2.39819,-2.52928,-1.43063,-1.88292
6513,0,3,0.0742816,0.0260482,0.0226311,0.877039,-0.0374569,-1.06148,-1.77552,-0.424892
6514,0,1,0.982026,0.0135095,0.00033593,0.0041286,0.789311,-0.934919,-1.4252,-0.727964
6515,2,0,0.00205042,0.000848919,0.994873,0.00222788,-1.28311,-1.50218,0.643602,-1.07201
6516,0,2,0.997829,0.00131617,0.000162818,0.000691542,2.03984,-2.03402,-1.70219,-1.75942
6517,0,1,0.994976,0.00213649,0.000504004,0.00238343,1.56192,-1.18945,-1.41929,-1.43896
6518,0,2,0.994834,0.00309904,0.000214632,0.00185233,0.841178,-1.03959,-1.58412,-1.3241
6519,0,3,0.998511,0.000904322,0.00016485,0.000419318,1.71795,-1.33653,-1.85938,-2.6403
6520,1,0,0.257858,0.72814,0.00120231,0.0128004,0.414139,-0.812321,-1.29376,-1.14037
6521,0,3,0.176169,0.0232555,0.00523482,0.79534,0.561589,-1.30242,-0.747374,-0.390832
6522,0,2,0.996923,0.0022621,0.000256918,0.000557882,0.84928,-0.673128,-1.4121,-1.77488
6523,0,0,0.99875,0.000736102,0.000163926,0.000349753,2.45609,-2.69968,-1.55816,-2.07611
6524,0,4,0.998143,0.000770207,0.000279223,0.000807959,1.98038,-2.29516,-1.31248,-1.29208
6525,0,4,0.997568,0.00162562,0.000137339,0.000668782,0.900183,-1.17847,-1.14243,-0.923053
6526,1,0,0.0131978,0.984668,0.000528881,0.00160538,-0.874395,0.679214,-1.07002,-1.60869
6527,0,2,0.944553,0.0258251,0.000938614,0.0286836,0.760849,-1.44956,-1.69918,-0.59239
6528,0,1,0.00532872,0.990016,0.000839839,0.00381571,-1.2191,1.11677,-0.83301,-1.55944
6529,0,3,0.998399,0.00104177,0.000143488,0.000415197,2.26049,-2.07109,-2.37472,-2.42146
6530,1,3,0.0027996,0.99381,0.000284048,0.00310645,-0.492869,0.669208,-1.74122,-1.20808
6531,0,2,0.727434,0.115463,0.00297867,0.154125,-0.0786209,-0.530475,-0.70809,-0.436422
6532,1,1,0.0495002,0.941785,0.000716152,0.00799825,-0.507811,0.167469,-1.25319,-0.691922
6533,1,2,0.0398566,0.954854,0.000591461,0.00469785,-0.802655,0.693148,-1.45556,-0.998378
6534,1,2,0.0086903,0.98708,0.000450835,0.00377848,-1.95797,1.8286,-1.45011,-1.37869
6535,0,3,0.998432,0.000791014,0.000216251,0.000560913,3.04898,-3.1383,-2.22722,-2.50953
6536,0,2,0.995911,0.00323386,0.000242524,0.000612092,0.0292591,0.106232,-1.43252,-1.72626
6537,0,2,0.993684,0.00423719,0.000277976,0.00180028,0.66459,-0.528512,-1.74897,-1.63368
6538,0,1,0.059113,0.938328,0.000368008,0.00219137,-0.405632,0.207669,-1.32208,-1.04184
6539,0,2,0.975119,0.00786362,0.000941012,0.0160761,0.0337235,-0.302756,-0.857354,-1.30212
6540,0,2,0.997189,0.00153477,0.000275168,0.00100064,2.99918,-2.39081,-1.75459,-2.68266
6541,1,0,0.11877,0.878456,0.000492548,0.00228197,-0.305777,0.42046,-1.21486,-1.49944
6542,2,1,0.00338218,0.00267292,0.988567,0.00537839,-1.09613,-1.54024,-0.363248,-0.164868
6543,2,4,0.0047414,0.00181463,0.990905,0.00253913,-1.42125,-1.67195,1.99809,-2.09046
6544,0,3,0.998489,0.00086289,0.000201187,0.000447225,1.93658,-2.29385,-1.23151,-1.78103
6545,0,4,0.997977,0.00121506,0.000169992,0.000638418,1.82436,-1.83396,-1.69091,-1.71083
6546,2,3,0.00158939,0.00117883,0.993119,0.00411251,-1.85972,-1.39602,1.74449,-1.25353
6547,0,0,0.977751,0.0201592,0.000322284,0.00176796,0.741085,-1.21679,-1.10255,-1.16687
6548,1,4,0.994073,0.00428672,0.000129574,0.00151067,2.15497,-1.69027,-1.5402,-2.63331
6549,3,2,0.0210468,0.816836,0.00252475,0.159593,-0.641726,0.353189,-0.809196,-1.22245
6550,1,0,0.0268484,0.905305,0.0032207,0.0646264,-0.856178,0.412545,-1.02957,-0.540511
6551,0,4,0.993005,0.00234411,0.000328593,0.00432203,1.48272,-1.16217,-1.37541,-1.92954
6552,0,4,0.997684,0.00106363,0.000230926,0.00102089,2.09132,-1.73857,-1.90545,-2.12014
6553,0,2,0.956476,0.0390185,0.000352398,0.00415288,1.1954,-0.875181,-1.60426,-2.0316
6554,0,4,0.997767,0.0012731,0.000250689,0.000709281,1.04224,-1.2289,-1.41339,-1.24346
6555,2,1,0.00901541,0.00326676,0.982258,0.00546012,-1.03007,-0.591278,-0.188627,-0.330095
6556,1,3,0.00516628,0.990304,0.000719967,0.00380938,-0.840005,0.703346,-1.1105,-1.11738
6557,1,3,0.00969738,0.986085,0.000420621,0.00379685,-0.839469,0.954662,-1.41177,-1.58352
6558,0,3,0.998547,0.000757833,0.000204367,0.00049025,2.47357,-2.51251,-1.65043,-1.85039
6559,3,3,0.158962,0.00862447,0.00518523,0.827228,-0.792163,-1.20171,-1.43185,0.89139
6560,1,1,0.0114006,0.985734,0.00044324,0.00242201,-0.73311,0.33395,-0.898526,-2.46265
6561,0,0,0.996028,0.00172526,0.000234173,0.0020131,2.65194,-2.56811,-1.60368,-1.65343
6562,1,0,0.015961,0.980268,0.000371175,0.00339996,-1.34779,1.12642,-1.09028,-1.33071
6563,0,0,0.998085,0.00129356,0.00019993,0.000421602,2.32658,-2.13925,-1.40418,-2.20125
6564,0,0,0.998128,0.00119991,0.00017439,0.000497762,2.42422,-2.54828,-1.56235,-1.97281
6565,0,2,0.959131,0.0321299,0.0008444,0.00789494,-0.1247,-0.161467,-1.14447,-1.16135
6566,0,4,0.99751,0.0010562,0.000240083,0.00119333,0.73246,-1.80011,-1.50589,-0.938112
6567,0,1,0.935931,0.0607743,0.000910278,0.00238425,0.572339,-0.673027,-1.2591,-1.22582
6568,3,0,0.0228971,0.0161416,0.0066472,0.954314,0.212018,-0.988648,-1.03175,-0.228579
6569,0,1,0.997483,0.00197608,0.000210629,0.000330075,1.45137,-1.20652,-1.5736,-1.82428
6570,3,1,0.00990843,0.405969,0.0104961,0.573627,-1.16003,0.290314,-1.48615,-0.2772
6571,0,0,0.93415,0.061674,0.000264402,0.00391201,1.3419,-1.71543,-1.42973,-1.69362
6572,1,2,0.47424,0.495062,0.00175436,0.028943,-1.11381,0.345261,-0.920389,-0.308894
6573,2,4,0.0754163,0.0136275,0.898353,0.0126033,-0.250578,-1.89421,0.964122,-1.42159
6574,2,1,0.00509798,0.00200421,0.990664,0.00223368,-1.60689,-1.06427,1.08065,-1.09272
6575,1,4,0.00604212,0.937016,0.00108012,0.0558615,-1.53608,0.448265,-1.22735,0.141106
6576,2,1,0.00500991,0.00157567,0.991298,0.00211616,-2.0471,-2.73718,2.71554,-1.72212
6577,0,0,0.998461,0.000920312,0.00021838,0.000400096,2.15586,-2.28003,-1.54579,-1.86812
6578,0,3,0.997271,0.00123212,0.000106511,0.00139073,1.30064,-2.32911,-2.05951,-0.566373
6579,0,0,0.998767,0.000766186,0.000153696,0.000313522,1.91311,-2.18005,-1.6984,-1.55567
6580,0,3,0.916047,0.049244,0.00201169,0.0326977,0.929558,-1.6575,-1.55767,-0.875159
6581,0,0,0.998367,0.00107061,0.000176143,0.000386238,2.06158,-1.85805,-1.31894,-2.13753
6582,0,2,0.997754,0.00111366,0.000221229,0.000911612,2.80206,-2.65582,-1.39204,-2.45291
6583,0,4,0.996202,0.00198223,0.000283622,0.00153175,1.34551,-1.43417,-1.52598,-1.49327
6584,0,3,0.998375,0.000950371,0.000199988,0.000475085,1.5609,-1.25073,-1.29789,-2.28219
6585,2,1,0.00474943,0.961574,0.0187294,0.014947,-1.14513,0.377819,-0.00434758,-1.8073
6586,2,4,0.00889045,0.00564284,0.981977,0.00349006,-0.736659,-0.971527,0.667283,-2.23492
6587,0,2,0.997521,0.0013562,0.000194808,0.000928468,1.48714,-0.784918,-1.89801,-2.60913
6588,0,3,0.981423,0.0154146,0.000238996,0.00292296,0.739405,-0.744208,-0.735323,-1.53861
6589,0,2,0.997613,0.0013484,0.000177738,0.000860451,0.969826,-0.69776,-2.08922,-1.86471
6590,2,4,0.00622249,0.00195131,0.988354,0.0034718,-0.66873,-2.20027,1.36759,-1.70537
6591,0,4,0.998471,0.000675957,0.000215417,0.000637488,2.57188,-2.86177,-1.6097,-2.43684
6592,0,0,0.849821,0.0792945,0.0045652,0.0663198,0.413217,-0.964445,-1.66749,-0.485859
6593,0,1,0.994554,0.00359394,0.000306161,0.00154573,1.61496,-1.80138,-1.44345,-1.62768
6594,2,3,0.0019082,0.00122005,0.994279,0.00259296,-1.45564,-0.595061,1.24213,-1.50332
6595,0,0,0.418713,0.576802,0.000419344,0.00406503,0.090907,-0.222743,-1.57117,-1.01967
6596,0,3,0.998371,0.000822474,0.000216238,0.000590673,2.36665,-2.89575,-1.86896,-1.62497
6597,0,2,0.997259,0.00195071,0.000167563,0.000622572,0.709546,-0.724115,-1.77815,-1.65172
6598,1,1,0.0678159,0.435041,0.00513954,0.492004,-0.443783,-0.303231,-0.928867,-0.119433
6599,0,3,0.997385,0.00164047,0.000355469,0.000619013,2.64972,-3.14244,-1.3465,-1.65664
6600,1,2,0.0267749,0.94333,0.000626886,0.0292686,-0.925221,0.180589,-1.06626,-0.562203
6601,1,4,0.133155,0.165472,0.00232714,0.699046,-0.156013,-0.455204,-1.41455,-0.191779
6602,3,3,0.919881,0.0448357,0.000427593,0.0348553,0.440602,-0.423631,-1.81583,-1.73342
6603,1,1,0.0165641,0.908351,0.00246323,0.0726217,-0.135216,-0.0521732,-1.22429,-0.794098
6604,2,2,0.00397337,0.00512688,0.988527,0.00237261,-2.00576,-1.91927,2.00181,-1.63815
6605,2,1,0.00741009,0.00458309,0.981012,0.0069952,-0.970924,-1.16783,0.997901,-1.53829
6606,0,2,0.972258,0.00907745,0.00101251,0.0176517,0.45969,-1.70251,-1.16526,-0.543155
6607,0,3,0.998104,0.00136497,0.000174386,0.000356421,1.74872,-1.4466,-1.29582,-2.23158
6608,0,1,0.974607,0.00802234,0.000853013,0.0165171,0.776266,-1.28349,-1.544,-1.06827
6609,0,1,0.981444,0.0143569,0.000360187,0.00383849,0.989911,-1.2409,-1.34141,-1.44092
6610,1,1,0.0274092,0.968806,0.00111895,0.00266594,-1.35609,0.855776,-0.578575,-2.04259
6611,0,0,0.984215,0.0113083,0.000796685,0.00368024,1.60614,-1.70947,-1.38586,-1.36731
6612,1,3,0.254113,0.6921,0.00155897,0.0522283,0.563373,-0.98656,-1.35901,-0.850091
6613,0,1,0.98684,0.00277725,0.000641861,0.009741,0.248061,-1.04915,-1.4961,-0.259355
6614,0,3,0.114478,0.876154,0.00183956,0.00752857,-0.509356,0.321248,-1.00486,-1.54017
6615,0,3,0.996753,0.00236679,0.000121102,0.000759432,1.77051,-2.20449,-1.88692,-1.20133
6616,0,3,0.997645,0.00187671,0.000186273,0.000291907,1.32166,-1.46922,-1.52013,-1.72881
6617,2,4,0.00282696,0.00157652,0.992802,0.00279403,-1.83218,-1.62379,1.53581,-1.19989
6618,0,3,0.996247,0.00147746,0.000214099,0.00206129,0.892514,-1.3354,-1.68197,-0.870187
6619,0,4,0.76036,0.162961,0.00950631,0.0671734,-0.528359,0.108965,-0.723273,-1.198
6620,0,1,0.998106,0.00122834,0.000281953,0.000383132,1.37691,-2.2797,-0.856999,-1.68257
6621,0,2,0.994962,0.00221074,0.000248039,0.00257958,1.33369,-1.34184,-1.57264,-1.72547
6622,1,2,0.324654,0.648178,0.001187,0.0259811,-0.765535,0.802512,-0.916287,-1.57837
6623,1,1,0.00457373,0.992969,0.000416991,0.00204051,-0.653936,0.390462,-1.04236,-1.23254
6624,1,3,0.00322561,0.99434,0.000328392,0.00210613,-1.96315,1.94018,-1.27902,-1.40588
6625,1,2,0.877318,0.1185,0.000364844,0.00381664,0.928534,-0.637246,-1.84049,-2.08896
6626,3,2,0.165479,0.804239,0.00103827,0.0292444,0.685893,-1.34319,-1.3431,-0.328286
6627,1,3,0.0416999,0.948158,0.00108871,0.00905352,0.252843,-0.14512,-0.896111,-2.00376
6628,1,1,0.202643,0.521271,0.00353294,0.272553,-0.143782,-0.131629,-1.52011,-0.985785
6629,0,4,0.995149,0.00174235,0.000417906,0.00269071,0.56977,-1.47286,-1.65422,-1.40458
6630,0,3,0.998449,0.000771196,0.000214572,0.000564771,3.59296,-3.7645,-1.86339,-2.43275
6631,1,2,0.00655648,0.989841,0.000452095,0.00315045,-0.663616,0.417195,-1.19528,-0.718301
6632,1,3,0.00621921,0.987833,0.00071817,0.00522943,-0.631217,0.945582,-1.32371,-0.846612
6633,0,0,0.997417,0.00136004,0.000179797,0.00104278,1.21391,-1.37199,-1.82451,-1.53114
6634,0,4,0.998295,0.000756902,0.00027333,0.000674519,2.35663,-2.09921,-1.45764,-1.99172
6635,1,0,0.430646,0.558386,0.00220316,0.00876489,0.28988,0.218547,-1.89382,-1.60964
6636,0,2,0.988803,0.00611386,0.000463235,0.00461949,0.588113,-0.285549,-1.63438,-1.70407
6637,1,2,0.00528657,0.978356,0.000631391,0.0157261,-0.908168,1.10474,-1.56487,-1.2711
6638,0,3,0.99469,0.00311528,0.000371522,0.00182335,1.47539,-1.43552,-1.63915,-1.42388
6639,0,2,0.997495,0.00117481,0.000231334,0.00109933,2.83031,-2.78381,-1.69582,-2.08365
6640,0,1,0.996806,0.00189445,0.000340321,0.000959126,2.11832,-1.78653,-1.29126,-2.66717
6641,0,1,0.998339,0.000805754,0.000235635,0.000619605,2.55665,-3.05355,-1.91913,-1.81823
6642,1,4,0.998067,0.00114601,0.000158155,0.000628577,0.585023,-0.311367,-1.50716,-1.32
6643,0,0,0.998505,0.0010049,0.000153656,0.000336929,1.4351,-0.960038,-1.66613,-1.98656
6644,0,3,0.998184,0.00104358,0.000223933,0.000548854,2.87745,-2.80635,-1.60568,-2.59647
6645,0,0,0.997786,0.00164273,0.000146228,0.000424782,0.0937782,-0.391183,-1.3563,-1.23147
6646,1,3,0.00481155,0.988526,0.000465827,0.00619628,-0.38258,-0.3396,-1.29574,-0.144919
6647,0,0,0.962066,0.0257983,0.00249917,0.00963659,0.829611,-2.05094,-0.606668,-0.414135
6648,0,2,0.997606,0.00127414,0.000192931,0.000926736,1.75131,-2.06119,-1.63583,-1.70351
6649,0,3,0.97881,0.0101353,0.0012936,0.00976132,0.946117,-1.46022,-1.41425,-0.860693
6650,1,4,0.0804841,0.720683,0.00142424,0.197409,-0.0694009,-0.352387,-1.14295,-0.53075
6651,1,1,0.381701,0.611149,0.000607307,0.00654193,1.24845,-1.21791,-1.58638,-1.49765
6652,0,0,0.998614,0.000869767,0.000134298,0.000381833,3.06049,-2.78437,-1.93733,-2.75412
6653,0,0,0.892884,0.0521628,0.00332896,0.0516243,0.181826,-0.291849,-1.07395,-1.39242
6654,3,4,0.061691,0.010426,0.9061,0.0217828,-0.328794,-0.311317,-0.27136,-1.29597
6655,0,2,0.978964,0.0107539,0.00101156,0.00927041,1.6579,-1.50218,-1.17717,-2.02477
6656,0,1,0.998272,0.00100369,0.000316442,0.00040791,2.42121,-2.41853,-1.65309,-2.094
6657,1,1,0.0117528,0.983592,0.000969802,0.0036851,-1.0065,0.998268,-1.57012,-1.83885
6658,0,1,0.998395,0.000896303,0.00026807,0.00044111,1.59415,-1.71691,-1.27223,-1.68869
6659,0,0,0.998668,0.000763124,0.00013326,0.00043524,3.41926,-2.78492,-2.01713,-2.82652
6660,0,2,0.997135,0.00197057,0.00020249,0.000691736,0.588256,-0.374799,-1.66504,-1.71444
6661,1,1,0.00209377,0.992373,0.00156969,0.00396359,-1.40112,0.962592,-0.779902,-0.74345
6662,0,4,0.998014,0.000813396,0.000273787,0.000898591,2.47925,-2.51497,-1.64743,-1.86063
6663,0,4,0.994197,0.00136361,0.000407835,0.00403144,1.58135,-1.64439,-2.05354,-1.1893
6664,0,4,0.998253,0.000871152,0.000186387,0.000689811,2.05981,-1.96731,-1.46217,-1.64639
6665,0,1,0.909367,0.00900261,0.00119481,0.0804355,0.363124,-0.907918,-1.92605,-0.219609
6666,2,1,0.00546898,0.00193958,0.989151,0.00344083,-1.09821,-2.00417,1.57137,-1.71546
6667,1,3,0.0133903,0.984027,0.000211886,0.00237105,-1.01027,1.1794,-1.63924,-1.21892
6668,0,0,0.0820446,0.0600691,0.0322943,0.825592,-0.480213,-0.56334,-0.48661,-0.32598
6669,0,3,0.998169,0.00111958,0.000274901,0.000436725,2.25603,-2.05273,-1.8369,-2.17417
6670,0,1,0.998509,0.000779572,0.000234757,0.000477008,2.51747,-2.62358,-1.66353,-1.84445
6671,0,2,0.994735,0.00398273,0.000172444,0.00111029,0.561094,-0.551644,-1.58535,-1.35195
6672,0,3,0.997992,0.00142892,0.000199132,0.000380107,0.911027,-0.745003,-1.31227,-1.71091
6673,0,3,0.99823,0.00119419,0.000220042,0.00035577,1.26265,-1.40254,-1.51876,-1.3197
6674,0,3,0.143363,0.82661,0.00306386,0.0269634,0.185477,-0.265127,-1.69664,-1.34881
6675,2,2,0.00619439,0.00370969,0.982451,0.00764531,-1.14601,-2.56603,1.58124,-0.929314
6676,0,2,0.0581595,0.931342,0.0010969,0.00940201,0.44473,-0.340943,-1.62301,-2.04968
6677,0,2,0.99658,0.00241659,0.000151573,0.000852038,1.10444,-1.5441,-1.43337,-1.31738
6678,0,3,0.140903,0.85558,0.000590068,0.0029272,0.140346,-0.106017,-1.53925,-1.74339
6679,0,0,0.994374,0.00191398,0.000269611,0.00344216,1.21877,-1.5878,-1.3813,-1.18305
6680,0,1,0.989693,0.00424704,0.000536796,0.00552298,0.6387,-1.17241,-1.37529,-0.829522
6681,1,4,0.133297,0.859915,0.00104492,0.00574336,-0.908807,0.978561,-1.26237,-1.05817
6682,0,4,0.983508,0.0122542,0.000549301,0.00368838,0.79667,-0.56128,-1.65578,-1.57884
6683,0,4,0.112219,0.874093,0.00125642,0.0124318,-0.08286,-0.133091,-1.24649,-0.75314
6684,0,2,0.962613,0.0104971,0.0125144,0.0143758,0.050893,-0.419156,-1.4868,-1.20878
6685,0,3,0.993213,0.00442545,0.000432862,0.00192862,2.24846,-1.90641,-1.61979,-2.50258
6686,0,4,0.989693,0.00528295,0.000512214,0.00451213,2.06681,-2.06544,-1.6527,-2.54293
6687,0,2,0.997597,0.0015611,0.000192929,0.000649492,2.17391,-1.95794,-1.79242,-1.76355
6688,1,1,0.0925575,0.904269,0.000768599,0.00240473,0.0702856,-0.0454019,-1.65559,-1.15989
6689,0,2,0.99744,0.00150693,0.00028453,0.000768163,1.96348,-2.21309,-1.49804,-2.01618
6690,0,3,0.998225,0.000968024,0.000243087,0.000564092,3.03114,-3.92769,-1.49324,-1.71375
6691,0,3,0.998405,0.000932018,0.000208368,0.000454229,1.52084,-1.54328,-1.82472,-2.65133
6692,0,0,0.998555,0.000794208,0.000174805,0.000476099,3.06513,-2.95807,-1.9586,-2.40058
6693,0,0,0.998713,0.000779731,0.000169454,0.000337659,2.72369,-2.74777,-1.73671,-2.35633
6694,0,1,0.166732,0.130582,0.0107556,0.69193,0.36503,-0.881969,-1.32404,-0.427129
6695,0,4,0.996135,0.00182065,0.000274341,0.00176982,2.11555,-2.21838,-2.08685,-1.66162
6696,0,0,0.863177,0.13472,0.000262623,0.00184085,0.566068,-0.102678,-1.73492,-2.37847
6697,2,0,0.00527947,0.00347252,0.98663,0.00461835,0.0769192,-1.011,0.126731,-1.50831
6698,0,2,0.997515,0.00116911,0.000240085,0.00107598,3.97844,-3.9664,-2.17357,-2.76762
6699,0,4,0.987783,0.00582217,0.000504284,0.0058908,2.01016,-2.40897,-1.68461,-1.38258
6700,0,0,0.998695,0.000692141,0.000126913,0.000486032,2.34162,-1.93525,-1.92879,-1.95259
6701,2,3,0.00263523,0.00146386,0.99288,0.0030213,-1.6693,-2.6958,1.80823,-1.0734
6702,0,1,0.994651,0.00199078,0.000418514,0.00293931,1.28219,-1.64351,-1.41591,-0.95742
6703,0,2,0.997813,0.00102802,0.000216963,0.000942444,2.37842,-2.23029,-1.72027,-1.80733
6704,0,0,0.997359,0.00174964,0.000327465,0.000563603,1.14118,-1.37359,-1.41545,-1.4107
6705,3,2,0.0863188,0.834308,0.00384104,0.0755325,-0.856591,0.739374,-1.16517,-0.903427
6706,0,2,0.99729,0.00172071,0.000192118,0.000797085,0.749048,-0.459807,-1.86749,-1.89699
6707,0,2,0.898585,0.0963897,0.000459644,0.0045658,0.427725,-0.681546,-1.14607,-1.06841
6708,0,4,0.99814,0.000826309,0.000298977,0.000734218,2.81377,-2.38853,-1.57021,-2.38374
6709,0,2,0.962092,0.00632618,0.00101176,0.0305698,1.36665,-1.92844,-1.45343,-1.45739
6710,0,0,0.994194,0.00361551,0.000362735,0.00182778,2.04328,-2.11051,-1.75411,-2.20634
6711,0,4,0.995259,0.00274677,0.000285019,0.00170884,1.36192,-1.01569,-1.42157,-2.00091
6712,0,1,0.998072,0.000952871,0.000256211,0.000718563,2.98551,-3.12679,-1.88939,-2.05462
6713,3,0,0.0600101,0.803906,0.00574354,0.13034,-0.932848,0.940075,-0.999286,-1.07046
6714,2,4,0.0061315,0.00186271,0.989721,0.00228447,-2.16838,-2.61068,2.94084,-2.11746
6715,1,1,0.0280215,0.833429,0.0853743,0.0531754,-0.720031,0.366158,-0.492687,-1.21667
6716,1,2,0.0799803,0.91622,0.000584402,0.00321527,-0.222138,0.424465,-1.3694,-1.57818
6717,0,1,0.998097,0.00105785,0.00032643,0.000518586,2.15403,-1.91444,-1.65749,-2.77218
6718,0,3,0.99787,0.0014555,0.000218677,0.000455763,0.767337,-0.930895,-1.19264,-1.62909
6719,0,3,0.993423,0.00439408,0.000414744,0.00176845,1.25294,-1.06562,-1.61577,-1.66324
6720,0,3,0.950269,0.0254478,0.00452261,0.0197608,-0.410487,-0.986734,-1.35233,-0.259041
6721,0,4,0.316564,0.679391,0.000555338,0.00348934,0.766968,-0.558114,-1.6457,-1.56689
6722,0,1,0.959664,0.0126725,0.0014799,0.0261838,-0.190455,-0.236353,-1.34478,-0.505672
6723,2,2,0.241018,0.0837011,0.586703,0.0885788,-0.445524,-0.988437,-0.363351,-0.950505
6724,0,3,0.997847,0.00158763,0.000163458,0.000401415,1.38034,-1.06567,-1.49892,-1.69626
6725,0,4,0.998456,0.000728734,0.000248424,0.000566985,3.29933,-3.18549,-1.60809,-2.48663
6726,3,3,0.838298,0.0751884,0.0139936,0.0725201,-0.266697,-0.635801,-0.652083,-0.851622
6727,0,0,0.998178,0.00104766,0.000210365,0.000564066,0.823835,-1.497,-0.904931,-1.89524
6728,0,2,0.997488,0.00152477,0.000184074,0.000802712,1.02099,-0.871733,-1.90126,-1.67848
6729,0,2,0.987002,0.0118729,0.000210873,0.000914203,1.14789,-0.911341,-1.52595,-1.62759
6730,0,4,0.994511,0.00152468,0.000354445,0.00360961,1.32321,-1.30617,-1.52861,-1.30756
6731,0,4,0.972921,0.0100449,0.00102916,0.0160047,0.108228,-0.815035,-1.51779,-0.570401
6732,0,2,0.996949,0.00192644,0.00022896,0.00089588,0.434563,-0.382734,-1.99992,-1.58935
6733,0,3,0.99728,0.00142929,0.000165614,0.00112516,1.19045,-1.28471,-1.18571,-1.69774
6734,0,0,0.995563,0.00360725,0.000180871,0.000648801,1.54048,-1.93796,-1.62874,-1.31159
6735,0,2,0.969914,0.0214346,0.000659838,0.00799151,0.410622,-0.80999,-0.92024,-0.814795
6736,0,4,0.994467,0.0014922,0.000401621,0.00363953,1.15375,-0.937047,-1.43743,-1.32868
6737,0,1,0.00841118,0.00346799,0.986306,0.00181505,-1.95317,-1.37663,1.53448,-1.82838
6738,0,3,0.998373,0.000931987,0.000180674,0.000514692,3.46839,-3.60882,-1.87102,-2.50044
6739,0,4,0.99834,0.000676529,0.000202734,0.000780202,3.06661,-3.11426,-1.87272,-2.42371
6740,1,4,0.043583,0.951153,0.000378912,0.0048851,0.197562,-0.295054,-1.8725,-1.73251
6741,0,2,0.997082,0.00175943,0.000297496,0.000860834,2.12777,-1.74183,-1.66424,-2.55777
6742,0,1,0.990335,0.00315818,0.000606292,0.00590026,0.670709,-0.641383,-1.10513,-1.12695
6743,0,2,0.989076,0.0032416,0.000504944,0.00717778,1.11904,-1.20655,-1.4308,-1.13172
6744,0,2,0.995398,0.00304082,0.000219418,0.00134147,1.8304,-2.00877,-1.16142,-1.80846
6745,0,2,0.966201,0.0150556,0.00131234,0.0174307,1.22583,-1.39817,-1.48759,-1.33618
6746,1,4,0.00501838,0.991521,0.000907689,0.00255314,-0.124395,0.635745,-1.40435,-2.55906
6747,0,2,0.993476,0.00558622,0.000174597,0.000762872,0.209453,-0.360713,-1.85491,-1.12139
6748,0,3,0.998452,0.000957899,0.000172751,0.000417659,2.92967,-3.12061,-1.73337,-1.94803
6749,0,3,0.981436,0.00250506,0.000602018,0.0154565,0.399261,-1.2119,-1.54212,-0.228014
6750,0,0,0.0456064,0.949733,0.000573539,0.00408752,0.297718,-0.60075,-1.84752,-0.415117
6751,0,4,0.998546,0.000628879,0.000245073,0.000579916,3.15403,-3.24285,-1.56863,-1.96797
6752,0,1,0.161976,0.687125,0.00384951,0.147049,0.248538,-0.466575,-1.19325,-0.810681
6753,1,4,0.0152555,0.829675,0.0015954,0.153474,0.24265,-0.610948,-1.13674,-0.483513
6754,0,0,0.997714,0.00165549,0.000140616,0.000489841,1.4497,-1.10087,-2.22224,-2.45353
6755,0,4,0.998177,0.000819909,0.000272232,0.000730668,2.13716,-1.87207,-1.32507,-2.34711
6756,0,0,0.99839,0.00102461,0.000123452,0.000462277,1.21489,-0.831504,-2.02941,-2.14156
6757,0,0,0.998254,0.000906741,0.000275462,0.000564109,2.35252,-1.98659,-1.48526,-2.35304
6758,1,1,0.0193244,0.978651,0.000334123,0.0016902,-0.456574,0.554741,-1.40716,-1.60798
6759,0,0,0.998092,0.00111513,0.000198764,0.000594558,2.00506,-2.30045,-1.56814,-1.63096
6760,0,4,0.9813,0.0147681,0.00119475,0.00273749,0.3158,-0.74451,-0.953869,-1.71058
6761,0,4,0.998434,0.000830599,0.000167433,0.000567527,0.818332,-0.57949,-1.68374,-1.99794
6762,0,3,0.997478,0.000857818,0.000436422,0.00122757,1.91744,-2.45706,-1.47078,-1.47474
6763,1,0,0.024254,0.967347,0.00119865,0.00720061,0.776835,-0.360357,-1.50789,-1.84905
6764,0,1,0.995902,0.00309178,0.000348756,0.000657956,1.53365,-0.989742,-1.63276,-2.44786
6765,0,2,0.997407,0.00155623,0.000267282,0.000768889,2.19753,-2.01771,-1.44722,-2.45903
6766,0,2,0.948185,0.023982,0.00178803,0.0260449,0.588516,-0.547097,-1.33347,-1.13046
6767,0,2,0.99663,0.00217587,0.000275014,0.000918625,1.55902,-1.52994,-1.43237,-1.33884
6768,0,1,0.997281,0.00146033,0.000421263,0.000837781,2.17301,-2.34888,-1.60591,-2.05577
6769,0,0,0.998494,0.000819369,0.000155162,0.000531095,2.41795,-2.4089,-1.63261,-2.4717
6770,0,0,0.998475,0.000861195,0.000158529,0.000504789,4.36127,-3.99683,-2.11743,-2.96505
6771,0,2,0.997989,0.00127214,0.000185974,0.000553051,2.8072,-3.41156,-1.08129,-1.42339
6772,0,1,0.998437,0.000901609,0.000238903,0.000422576,1.03722,-1.05352,-1.95666,-1.87435
6773,1,4,0.785809,0.209034,0.000750953,0.00440667,0.0938038,-0.163026,-1.62652,-1.36193
6774,0,0,0.998406,0.00112423,0.000176495,0.000293273,1.80991,-1.87222,-1.79554,-1.991
6775,0,1,0.998213,0.00108412,0.000182062,0.000520676,2.01614,-2.00722,-1.87363,-2.09638
6776,1,0,0.358437,0.600269,0.00227768,0.0390163,-0.0536918,0.525814,-1.15718,-1.64158
6777,0,3,0.99684,0.00147114,0.00042604,0.00126325,0.718374,-1.26125,-1.39959,-0.796146
6778,0,4,0.998247,0.000833693,0.000246439,0.00067317,2.04707,-1.83597,-1.53452,-1.93681
6779,1,0,0.95272,0.0321078,0.000797227,0.0143748,1.67785,-1.39877,-1.57186,-1.32647
6780,0,2,0.992468,0.00597537,0.000192689,0.0013639,1.80107,-1.44902,-1.53829,-2.00495
6781,0,3,0.998514,0.000838817,0.000176514,0.000470534,1.90286,-1.98856,-1.46185,-1.56713
6782,0,0,0.0149858,0.96643,0.000837636,0.0177462,-0.781774,-0.018676,-1.42518,-0.0336424
6783,1,0,0.363504,0.628079,0.000745529,0.00767059,-0.320211,0.5341,-1.67633,-1.64352
6784,2,4,0.0091526,0.0410843,0.942752,0.00701069,-2.39113,1.12519,-0.254521,-1.60534
6785,0,2,0.986538,0.00879757,0.000359942,0.00430437,0.311469,-0.853651,-1.25009,-0.406676
6786,1,2,0.88236,0.103446,0.000822082,0.0133718,0.137272,-0.0341313,-1.00216,-1.42863
6787,0,4,0.989615,0.00915669,0.000251081,0.000977647,1.67311,-1.70332,-1.26191,-1.92457
6788,0,3,0.998359,0.000832973,0.000221796,0.00058607,2.81053,-3.03296,-2.1116,-2.23787
6789,0,2,0.992548,0.0026576,0.000358615,0.00443546,1.63043,-2.05627,-1.24126,-1.3185
6790,0,3,0.998175,0.000912888,0.000277059,0.000635434,2.94312,-2.68238,-1.61688,-2.8996
6791,3,1,0.112216,0.050088,0.105959,0.731738,0.123155,-0.944479,-0.944562,-0.384015
6792,0,3,0.945246,0.0363637,0.000830552,0.0175597,0.298236,-0.59004,-1.2442,-0.635635
6793,0,4,0.998417,0.000668045,0.000215405,0.000699422,3.50483,-3.21203,-1.86611,-2.68868
6794,1,1,0.631161,0.304614,0.00148703,0.062738,-0.378491,0.263648,-1.59088,-0.846825
6795,0,2,0.99733,0.00152155,0.000295254,0.000853512,2.38063,-3.09629,-1.14176,-1.88272
6796,0,2,0.99284,0.00451324,0.000379625,0.00226718,1.18764,-1.53013,-1.31862,-1.01811
6797,2,2,0.0240363,0.773747,0.135346,0.0668705,-0.231936,-0.710785,-1.1227,-0.392485
6798,0,0,0.991467,0.00656886,0.000406715,0.00155758,1.36471,-1.13028,-1.73759,-1.60773
6799,3,1,0.0541869,0.862131,0.00266475,0.0810172,-0.252902,-0.0805144,-1.51058,-0.398643
6800,0,0,0.785998,0.0877463,0.0060129,0.120243,0.709385,-1.47242,-0.962402,-0.852928
6801,0,4,0.998064,0.000733445,0.000183462,0.00101928,2.49435,-2.70437,-1.85218,-1.95511
6802,1,3,0.849372,0.146022,0.000500072,0.00410607,0.0803155,-0.551947,-1.16014,-1.37028
6803,1,4,0.00389423,0.989878,0.000670794,0.00555648,-0.0266853,-0.386468,-1.17913,-0.942453
6804,0,2,0.994395,0.00365887,0.000216643,0.00172917,0.438672,-0.661489,-0.764668,-1.08109
6805,0,3,0.99856,0.000916815,0.000146628,0.000376628,2.98824,-2.60237,-2.11063,-3.00954
6806,0,0,0.663165,0.0917659,0.00276636,0.242303,0.230426,-0.72157,-1.2947,-0.491628
6807,0,2,0.996913,0.00131753,0.000273485,0.00149587,2.23964,-2.84,-1.35007,-1.42632
6808,0,0,0.990154,0.00539229,0.000387576,0.00406634,0.88776,-0.964031,-1.52551,-0.941454
6809,3,2,0.747801,0.0408501,0.0502956,0.161053,0.796938,-2.46937,-0.388869,-0.0105907
6810,1,3,0.130675,0.861312,0.000347167,0.00766586,-0.764097,0.895014,-1.73537,-1.22546
6811,0,1,0.988643,0.0104161,0.000255282,0.000685844,1.10989,-1.28138,-1.32695,-1.49148
6812,3,0,0.0363786,0.0109188,0.00377345,0.948929,-0.426248,-0.778076,-1.65126,0.537862
6813,0,2,0.996234,0.00194395,0.000172031,0.00164981,1.72067,-1.92296,-1.44844,-1.71207
6814,0,1,0.998448,0.00083061,0.000257814,0.000464113,2.99796,-3.15185,-1.73357,-2.8476
6815,0,2,0.997338,0.00125528,0.000242871,0.00116435,1.79633,-1.94432,-1.73049,-1.33846
6816,0,4,0.99749,0.00179136,0.000199421,0.000519284,0.851449,-0.982811,-1.24013,-1.44433
6817,1,4,0.0114635,0.0334962,0.94786,0.00718068,-0.536868,-0.901385,0.122877,-1.55465
6818,0,0,0.997747,0.0014653,0.000225591,0.000561624,0.860533,-0.91255,-1.55285,-1.7659
6819,0,1,0.998456,0.000794906,0.000237976,0.00051073,3.49273,-3.13069,-2.17392,-2.45913
6820,3,4,0.981969,0.00507797,0.00111222,0.0118413,0.310816,-1.9936,-1.29522,0.0915337
6821,0,2,0.889189,0.102831,0.000581746,0.00739828,-0.264223,0.00167211,-1.46439,-1.29318
6822,0,2,0.991435,0.00395791,0.000394189,0.00421317,0.709085,-0.617826,-1.22621,-1.83259
6823,0,4,0.903538,0.0282608,0.00217924,0.0660218,0.871699,-0.727922,-1.57244,-1.49089
6824,0,0,0.99405,0.00386886,0.000347428,0.00173364,1.2864,-1.56911,-1.83887,-1.44825
6825,1,0,0.00956979,0.986989,0.000387849,0.00305365,-0.395967,0.513329,-1.80701,-1.71274
6826,3,4,0.00904013,0.967316,0.00502668,0.0186172,-1.50808,0.507558,-0.39589,-1.68034
6827,2,2,0.00397903,0.003925,0.989935,0.00216125,-1.82492,-1.78457,1.9477,-1.69589
6828,0,4,0.995573,0.00373819,0.000163724,0.00052542,0.948383,-0.819323,-1.13338,-1.27314
6829,1,2,0.126017,0.86201,0.000755938,0.0112174,-0.283885,0.300459,-0.873908,-1.24858
6830,0,0,0.998585,0.000944095,0.00015427,0.00031716,1.1477,-0.814673,-1.85939,-2.56343
6831,0,0,0.99793,0.00124381,0.000307801,0.000518499,2.2545,-2.42312,-1.59875,-1.93624
6832,3,1,0.16064,0.0799387,0.00271846,0.756703,-0.173032,-0.794108,-1.15185,-0.0610853
6833,0,2,0.993774,0.00320964,0.000386721,0.00262988,2.77606,-3.21074,-1.58707,-2.31574
6834,0,3,0.995264,0.00428296,0.000147003,0.00030638,0.983444,-0.751727,-1.53869,-2.21662
6835,0,0,0.960848,0.0341881,0.000300443,0.00466315,0.497208,-0.882978,-1.49284,-1.06104
6836,0,3,0.997609,0.00173561,0.000130799,0.000524442,1.92921,-2.02175,-1.38788,-1.82295
6837,0,2,0.997297,0.00132967,0.000248136,0.00112518,2.68671,-2.58671,-2.10344,-2.0139
6838,0,0,0.942733,0.0173343,0.00136571,0.0385668,0.0363013,-0.0158796,-1.38105,-1.19735
6839,0,2,0.986942,0.00729287,0.000852079,0.00491296,0.719798,-0.351901,-1.82819,-1.74042
6840,0,2,0.984451,0.00506106,0.000817368,0.00967009,1.46214,-1.6236,-1.35125,-1.24307
6841,0,3,0.998143,0.00137371,0.000130869,0.000352282,1.4323,-1.20207,-1.49869,-2.12846
6842,3,0,0.021993,0.00795952,0.00307167,0.966976,-0.568775,-0.965726,-1.05058,0.655578
6843,0,3,0.900477,0.0957474,0.000271309,0.00350467,0.724623,-0.944714,-1.76942,-1.19557
6844,0,3,0.856893,0.0442535,0.00336777,0.0954858,0.4772,-1.98085,-1.26283,-0.14135
6845,0,0,0.998416,0.000886745,0.000206345,0.000491144,1.76148,-1.64421,-1.46371,-1.6522
6846,3,1,0.00879741,0.0117232,0.00349937,0.97598,-1.04608,-1.16151,-1.2789,1.05699
6847,1,1,0.00307243,0.986292,0.000680216,0.00995552,-1.58027,1.35278,-1.87342,-0.78208
6848,0,1,0.997592,0.00135497,0.00027528,0.000777337,1.08569,-1.81006,-1.65185,-0.984909
6849,0,2,0.991728,0.00598113,0.00043306,0.0018574,0.726088,-0.473185,-1.37826,-1.82575
6850,3,3,0.0253294,0.437291,0.00368846,0.533691,0.254903,-0.932145,-1.30581,-0.233239
6851,1,2,0.328802,0.665498,0.000808677,0.00489126,0.333543,0.184533,-1.71435,-1.93858
6852,3,3,0.673829,0.216211,0.00108262,0.108877,-0.24263,-0.475383,-1.03362,-0.12479
6853,0,3,0.997624,0.00117496,0.000159325,0.00104198,1.24107,-1.41036,-1.63152,-1.12463
6854,0,2,0.448337,0.0679536,0.012018,0.471692,-0.492029,-0.0203635,-1.03761,-0.595339
6855,2,4,0.00566395,0.00335578,0.988542,0.00243841,-1.9684,-1.16695,1.40225,-1.2313
6856,0,1,0.99791,0.000963005,0.000270569,0.000856515,3.5316,-3.28727,-1.76854,-2.61134
6857,0,4,0.996284,0.00125886,0.000305498,0.00215187,1.17243,-1.53028,-1.37531,-1.2296
6858,0,0,0.99674,0.00266362,0.000214624,0.000381861,0.151328,-0.606176,-1.26488,-1.50139
6859,0,2,0.985868,0.0110083,0.000463668,0.00266042,0.767077,-0.776462,-1.45405,-0.907888
6860,1,4,0.0294316,0.952239,0.00148286,0.0168466,-0.0697856,0.109518,-0.886815,-1.34742
6861,0,2,0.996064,0.00279228,0.000214478,0.000928925,1.78323,-1.38354,-1.1924,-2.49353
6862,0,4,0.998038,0.000763387,0.00022086,0.000978295,1.31903,-2.12591,-1.26426,-0.654939
6863,0,2,0.98957,0.00775828,0.000254029,0.00241723,0.443218,-0.56347,-1.31432,-1.2856
6864,0,2,0.997041,0.00187466,0.00025947,0.000824594,2.34042,-2.04334,-1.89099,-2.18537
6865,0,0,0.998313,0.00121903,0.000125877,0.00034217,2.31068,-2.47926,-1.09759,-1.99985
6866,0,0,0.998394,0.00101366,0.000241708,0.000350997,2.04922,-1.96978,-1.65629,-1.82279
6867,0,0,0.998618,0.000778896,0.000174135,0.00042847,1.42088,-1.46978,-1.42009,-1.29066
6868,0,1,0.995275,0.00390591,0.000420415,0.000398819,0.827513,-0.212433,-2.05628,-2.62828
6869,0,0,0.994682,0.00331941,0.000372245,0.00162646,2.01815,-2.30087,-1.8081,-1.54175
6870,0,0,0.995307,0.00242176,0.000279519,0.00199209,1.67415,-1.78241,-1.02446,-1.55254
6871,0,0,0.0547965,0.904238,0.00102218,0.0399434,-0.219957,-0.688794,-0.970445,-0.76745
6872,0,3,0.0178559,0.974355,0.00089897,0.00689031,-0.467749,0.374969,-1.28182,-1.41585
6873,0,2,0.979486,0.0102169,0.000958237,0.00933897,1.54627,-1.88921,-1.51574,-1.57028
6874,0,0,0.998434,0.000915805,0.000189356,0.000460495,0.694923,-0.94774,-1.214,-1.75373
6875,2,2,0.0298247,0.0430149,0.91388,0.0132799,0.540401,-0.887621,-0.744144,-1.14042
6876,0,4,0.996949,0.00079759,0.000296876,0.00195678,1.54338,-2.33933,-1.79726,-0.627116
6877,1,2,0.456111,0.027046,0.00602301,0.51082,1.35424,-1.52947,-1.09376,-1.23927
6878,1,0,0.0108562,0.986391,0.000554149,0.00219813,-0.288316,0.470877,-0.986159,-1.85861
6879,1,3,0.00686155,0.990513,0.000356485,0.00226851,-1.4387,1.32143,-1.01724,-1.56453
6880,0,4,0.99758,0.00101879,0.000304703,0.00109621,1.35248,-1.77416,-1.30987,-1.11954
6881,0,2,0.997818,0.00111156,0.000199097,0.000871623,2.88444,-3.18858,-1.94706,-1.99675
6882,0,2,0.997715,0.00132763,0.000217791,0.000739661,2.6283,-3.14664,-1.93945,-2.11388
6883,0,2,0.997184,0.00142081,0.000248108,0.00114724,1.22222,-1.15713,-1.6656,-1.38218
6884,0,0,0.996515,0.00137617,0.000295013,0.00181425,1.36157,-1.76568,-1.43463,-0.716886
6885,2,0,0.0430138,0.0358692,0.854723,0.0663937,-0.661406,-1.14166,0.193629,-0.676756
6886,3,3,0.988986,0.00835106,0.000265544,0.002397,1.68548,-2.10375,-1.31761,-1.19387
6887,1,2,0.0198312,0.948547,0.00431611,0.0273053,-0.927623,0.314308,-0.676961,-1.49735
6888,3,4,0.022848,0.0118187,0.0107401,0.954593,-0.0935778,-0.905877,-0.628324,-0.224106
6889,0,4,0.865795,0.13046,0.000560936,0.00318413,1.03641,-0.680285,-1.43753,-2.57671
6890,0,2,0.997755,0.0011301,0.000242499,0.00087242,2.32273,-2.39013,-1.48104,-1.98443
6891,1,1,0.0155851,0.979134,0.000996051,0.0042846,-0.866825,-0.359726,-1.12934,-0.587875
6892,0,3,0.998329,0.00116209,0.000125879,0.000383218,1.18787,-1.51909,-1.47342,-1.92755
6893,0,3,0.793046,0.203671,0.000428461,0.00285459,-0.456847,0.390683,-1.62612,-1.60986
6894,1,3,0.182087,0.810498,0.000776062,0.006639,-0.172178,-0.096996,-1.40289,-1.2648
6895,0,3,0.998369,0.00102258,0.000160381,0.000448045,1.23676,-1.36544,-1.65673,-1.86969
6896,2,3,0.00227502,0.00190829,0.992388,0.00342858,-1.41539,-1.73768,1.43823,-1.30516
6897,0,3,0.969005,0.0288218,0.000684142,0.00148848,0.861613,-0.959457,-1.23036,-1.79039
6898,0,2,0.997682,0.00116475,0.00024343,0.000909768,2.05516,-1.78534,-1.92125,-2.05827
6899,0,1,0.998071,0.00107764,0.000193021,0.000658103,1.97122,-2.01986,-1.73488,-2.06908
6900,0,2,0.552499,0.431971,0.00718974,0.00834024,2.20229,-2.17293,-1.35831,-1.9317
6901,0,1,0.701782,0.291121,0.00196348,0.00513282,0.468173,-0.832025,-1.30872,-1.37126
6902,0,3,0.998107,0.00124404,0.000129846,0.000518591,0.912509,-1.32325,-1.13532,-1.53923
6903,0,3,0.997176,0.00228823,0.000130233,0.000405874,1.34101,-1.42499,-2.18973,-1.6453
6904,0,2,0.991814,0.00724028,0.000223375,0.000722474,-0.138963,-0.186254,-0.661551,-1.98063
6905,3,4,0.988432,0.00221562,0.00132689,0.00802565,0.545629,-1.47842,-1.26553,-0.340334
6906,3,3,0.981868,0.0122308,0.00088319,0.00501829,1.50442,-1.81229,-1.0838,-1.52214
6907,0,3,0.997663,0.0018585,0.000151146,0.000327565,0.875133,-0.998056,-1.18235,-2.32014
6908,0,1,0.998423,0.000718114,0.000260338,0.000598251,2.65823,-3.15701,-1.64175,-1.71656
6909,0,1,0.991482,0.00311282,0.000416366,0.00498887,1.35795,-1.45553,-1.38208,-1.50802
6910,0,0,0.992457,0.00479309,0.00046404,0.00228631,2.02987,-2.15603,-1.49737,-2.46809
6911,1,1,0.0101652,0.986317,0.000498643,0.00301897,-0.977629,0.896046,-0.971476,-1.61388
6912,2,3,0.864435,0.0398131,0.00234414,0.0934081,-0.118509,-1.01105,-1.62488,-0.158421
6913,1,4,0.00693636,0.989768,0.000879924,0.00241535,-1.01659,0.803566,-0.971092,-1.77619
6914,0,4,0.993565,0.00328827,0.000361798,0.00278527,2.46843,-2.51909,-1.47366,-1.69549
6915,0,0,0.993429,0.00277946,0.000520209,0.0032718,1.98899,-1.86108,-1.25261,-1.43693
6916,2,4,0.0100068,0.00284747,0.982578,0.00456805,-0.926914,-1.62936,0.952588,-1.25991
6917,0,0,0.992521,0.00663834,0.000167093,0.0006739,0.100808,-0.139274,-1.27929,-1.63633
6918,0,4,0.998339,0.000683167,0.000190451,0.000787089,3.00591,-3.23291,-1.58033,-2.27689
6919,0,1,0.925391,0.0202261,0.00739008,0.0469927,2.20992,-2.05574,-1.66153,-1.74632
6920,0,4,0.220645,0.77314,0.00081464,0.00540104,1.42942,-1.494,-1.22058,-1.36723
6921,0,1,0.997998,0.00142335,0.000177459,0.000401476,2.3994,-1.90066,-2.13473,-2.46205
6922,0,2,0.974503,0.0122194,0.00107609,0.0122015,1.4798,-1.33975,-1.17244,-1.40447
6923,1,2,0.0112689,0.983545,0.000523144,0.00466273,-1.19248,0.910002,-1.70148,-1.26066
6924,1,1,0.00775988,0.989654,0.000470935,0.00211471,-1.3531,1.0477,-1.77671,-1.56861
6925,0,0,0.998585,0.000814657,0.000167132,0.000432661,2.1058,-1.74389,-1.52325,-2.32989
6926,0,1,0.998211,0.000856773,0.000260791,0.000671832,4.07294,-3.79701,-2.08069,-2.85126
6927,1,2,0.0248564,0.971783,0.000446456,0.0029141,-1.71843,0.987072,-0.941193,-1.001
6928,0,1,0.998483,0.000852832,0.000270196,0.000393902,1.21039,-1.39505,-1.78657,-1.29985
6929,0,1,0.996697,0.00262862,0.000178967,0.00049511,1.8101,-1.62402,-1.83962,-2.13836
6930,0,3,0.990978,0.0085423,0.000140762,0.000338993,0.887203,-1.11061,-0.842949,-1.69038
6931,0,4,0.998428,0.000692633,0.000179278,0.000700113,3.27087,-3.14065,-1.5775,-2.30528
6932,0,1,0.998388,0.000763655,0.000255293,0.000593574,2.27824,-1.76189,-2.17897,-2.22913
6933,0,3,0.996778,0.00271626,0.000140484,0.000365101,0.848552,-0.662928,-1.54777,-1.9078
6934,0,4,0.98852,0.00503014,0.000244515,0.00620533,0.96075,-1.03747,-1.86282,-1.55178
6935,0,1,0.998301,0.000792457,0.000244535,0.000662123,0.46068,-1.11352,-1.4498,-0.90953
6936,0,4,0.825136,0.129919,0.000844325,0.0441005,-0.293357,-0.239893,-0.954633,-0.415926
6937,2,0,0.00249593,0.00132947,0.993257,0.00291804,-1.05644,-0.892078,0.265215,-0.583839
6938,0,0,0.998468,0.000883335,0.00015791,0.000490212,2.69928,-2.35582,-1.64567,-2.37856
6939,0,4,0.998395,0.00074889,0.000228845,0.000626944,2.63696,-2.75129,-2.02732,-2.53902
6940,0,0,0.99843,0.000836293,0.000235657,0.000497912,1.84287,-2.70729,-1.45448,-1.03514
6941,0,0,0.99854,0.000923085,0.00022011,0.000317146,1.15796,-1.54965,-1.29658,-1.26612
6942,0,2,0.995516,0.00340263,0.000162441,0.000919391,1.38833,-1.59566,-2.01761,-1.13449
6943,0,4,0.998181,0.000735683,0.000216197,0.000866847,2.8254,-2.8163,-1.43483,-1.70024
6944,0,0,0.994085,0.00527282,0.000296602,0.000346086,0.627486,-0.497693,-2.15506,-1.48259
6945,0,2,0.992756,0.00436121,0.00032405,0.00255882,0.991998,-0.819007,-1.12258,-1.76714
6946,0,2,0.997478,0.00128774,0.00029072,0.000943049,2.61571,-2.87353,-1.46057,-1.58272
6947,0,3,0.981724,0.0135264,0.000826325,0.00392297,0.77061,-0.484302,-1.49385,-1.34616
6948,2,3,0.00196532,0.00194432,0.993504,0.00258588,-1.4099,-1.67119,1.13896,-1.4923
6949,2,3,0.00434333,0.0016959,0.991585,0.0023753,-1.10952,-2.11979,1.50224,-1.80503
6950,0,1,0.992162,0.0047243,0.000573962,0.00253987,0.908669,-1.13144,-1.58018,-1.20642
6951,0,1,0.998514,0.000754116,0.000230217,0.00050186,2.55994,-2.46221,-1.81035,-1.95732
6952,1,3,0.00496363,0.961736,0.000552031,0.0327485,-0.882658,0.565221,-1.23232,-0.742369
6953,0,3,0.137251,0.646055,0.130615,0.0860785,-0.302967,0.322855,-1.58562,-0.967153
6954,0,1,0.997876,0.000883673,0.000294264,0.000946193,1.70786,-2.62856,-1.83738,-1.26264
6955,0,3,0.989432,0.00862109,0.000309986,0.00163695,1.08823,-1.20189,-1.46193,-1.49577
6956,0,0,0.838594,0.155124,0.000735403,0.00554653,0.090321,-0.194032,-1.52913,-1.24602
6957,0,4,0.998327,0.000797914,0.00025132,0.000623239,2.64708,-2.89813,-1.68316,-1.99523
6958,3,3,0.00817518,0.987614,0.000291238,0.00391962,-0.92772,0.655233,-1.01595,-1.01771
6959,0,3,0.0143293,0.979612,0.000290009,0.00576838,-0.527946,0.312824,-1.42897,-0.863795
6960,0,3,0.998178,0.00125266,0.00020469,0.0003649,0.818882,-1.17734,-1.62403,-1.22609
6961,0,3,0.998127,0.000993791,0.000291478,0.000587653,2.13439,-1.96719,-1.51763,-1.70595
6962,0,4,0.990179,0.00477509,0.000306007,0.00474024,1.78584,-1.39815,-1.47628,-1.9326
6963,0,4,0.99855,0.000805137,0.00014379,0.000501388,2.18636,-1.96236,-1.61968,-2.11546
6964,0,1,0.99829,0.00105085,0.000194577,0.000464947,2.02217,-1.60373,-2.07483,-2.26349
6965,1,1,0.994164,0.00146862,0.000407822,0.00395913,0.541883,-1.47997,-1.30895,-0.538653
6966,0,0,0.989521,0.00488508,0.000236769,0.00535736,0.29251,-0.684519,-1.11752,-0.725733
6967,0,3,0.998597,0.000814666,0.000173114,0.000415279,2.97822,-2.65057,-1.74689,-2.21765
6968,0,0,0.927651,0.0519336,0.00121883,0.0191965,0.813863,-1.05952,-1.06541,-0.807092
6969,0,0,0.997161,0.0023666,0.000122819,0.000349197,1.57635,-1.70194,-1.39633,-1.48238
6970,0,4,0.969324,0.00620181,0.000700597,0.0237732,1.15662,-1.0821,-1.31148,-1.6242
6971,0,3,0.975987,0.021934,0.000254487,0.00182435,0.509903,-1.00374,-1.70045,-0.954119
6972,0,1,0.998409,0.000734415,0.000254303,0.000602346,2.71882,-2.47801,-1.83682,-2.59825
6973,0,2,0.693987,0.123005,0.00364171,0.179366,0.474825,-0.472929,-1.74041,-1.21159
6974,1,1,0.990283,0.00757753,0.000246872,0.00189312,1.19747,-1.83354,-0.733042,-1.94559
6975,0,3,0.00749704,0.989016,0.000326634,0.00316014,-0.76041,0.954109,-1.46444,-1.74948
6976,1,4,0.0138762,0.961935,0.00105807,0.0231308,-1.49517,0.561025,-0.971705,-0.724971
6977,0,2,0.994107,0.00404487,0.000199133,0.00164951,2.30618,-2.12455,-1.77165,-1.74057
6978,0,1,0.998221,0.000890912,0.000332909,0.000555345,2.61623,-3.11058,-1.57905,-1.78383
6979,0,2,0.992581,0.00340921,0.000387768,0.003622,0.998992,-0.90469,-1.71046,-1.65418
6980,0,1,0.996968,0.000909117,0.000512965,0.00160964,1.66436,-2.10002,-1.52788,-1.1091
6981,1,2,0.560916,0.422163,0.00325806,0.0136635,-0.486603,0.211179,-1.51426,-0.750485
6982,0,4,0.99783,0.0012292,0.000141183,0.000799076,1.0526,-1.97441,-1.48345,-1.11659
6983,0,0,0.994211,0.00379279,0.000400734,0.00159581,3.01711,-2.6928,-2.0987,-2.55787
6984,0,2,0.993151,0.00379801,0.00038422,0.00266702,2.47138,-2.44163,-1.90134,-2.05295
6985,0,4,0.990917,0.00388312,0.000609022,0.0045911,0.0145648,-0.533566,-1.0611,-0.547458
6986,1,3,0.0136057,0.983871,0.000261093,0.00226211,-1.01705,0.99464,-1.20194,-1.2771
6987,0,3,0.997962,0.00154347,0.000156296,0.000338725,1.58091,-1.26084,-1.80382,-2.32951
6988,0,3,0.993178,0.00254744,0.000219356,0.00405493,0.784649,-1.10101,-1.17072,-0.902057
6989,0,2,0.996428,0.00261256,0.000261344,0.000698029,0.560646,-0.604932,-1.66942,-1.28822
6990,0,1,0.994849,0.00266636,0.00046425,0.00202055,2.43389,-2.39786,-1.56529,-2.49569
6991,0,0,0.988999,0.00822671,0.000852189,0.00192231,0.915606,-1.59385,-1.12229,-0.862553
6992,1,0,0.0461996,0.948095,0.00128022,0.00442499,0.111137,-0.498828,-1.63931,-0.437534
6993,3,0,0.00289769,0.989224,0.000506007,0.00737246,-1.74896,1.1097,-1.91975,-0.495297
6994,0,1,0.992242,0.00366345,0.00061944,0.00347526,1.42891,-1.78474,-1.21307,-1.37707
6995,0,3,0.998131,0.00117326,0.000174731,0.000521651,1.87118,-1.6023,-1.7021,-2.19285
6996,1,1,0.0234286,0.965205,0.0019413,0.00942564,-0.850996,0.48704,-1.3013,-1.09299
6997,0,3,0.998493,0.000872213,0.000169417,0.000465042,3.41375,-3.56008,-2.15722,-2.42219
6998,0,0,0.931833,0.0657452,0.000438254,0.00198339,1.26706,-1.82241,-1.34166,-1.19123
6999,1,2,0.0129056,0.983458,0.000870906,0.00276503,-0.935537,0.983559,-1.42788,-0.971908
7000,1,0,0.0442206,0.944095,0.000682362,0.011002,-0.408942,-0.0712258,-1.20826,-0.784183
7001,0,4,0.998342,0.00078709,0.000243591,0.000627523,1.71566,-1.70282,-1.3531,-1.8134
7002,3,0,0.00350176,0.803368,0.00782229,0.185307,-0.865462,0.735906,-1.34167,-1.07912
7003,0,1,0.997435,0.00180091,0.000185146,0.000579271,1.74336,-1.50547,-1.11603,-1.9737
7004,0,4,0.998512,0.000692691,0.000225323,0.000570349,2.77874,-2.81228,-1.92506,-2.62261
7005,0,2,0.973686,0.0235797,0.000362967,0.00237147,0.798212,-1.01862,-1.56333,-1.98929
7006,0,3,0.99809,0.00129737,0.000177129,0.000435838,0.832604,-1.16762,-1.99198,-1.51432
7007,0,2,0.997606,0.00144379,0.000224241,0.000725984,2.55058,-2.4929,-1.57623,-1.86701
7008,0,1,0.997863,0.000894951,0.000346723,0.000895826,3.0549,-3.35478,-1.75913,-1.99833
7009,0,1,0.997914,0.000783686,0.000361965,0.000940701,1.87862,-2.49327,-1.28969,-1.07719
7010,0,2,0.721711,0.0762537,0.116301,0.0857343,0.0419384,-1.25708,-0.0193616,-1.50409
7011,0,2,0.988953,0.00220599,0.000495116,0.00834568,1.65529,-1.90641,-1.36473,-1.69661
7012,1,1,0.0342208,0.749025,0.00194575,0.214809,-1.50792,0.681887,-1.04638,-0.684718
7013,0,4,0.9969,0.00229319,0.000284932,0.000522026,0.367134,0.021082,-1.4407,-1.58633
7014,0,1,0.997017,0.000945378,0.000502087,0.001536,0.932531,-1.50072,-1.17621,-1.09735
7015,0,1,0.997501,0.00140196,0.000268354,0.000828204,0.362203,-1.27624,-1.334,-0.267046
7016,0,3,0.988306,0.0108036,0.000239266,0.000651664,0.910365,-0.971812,-2.09606,-1.40988
7017,1,0,0.00804667,0.981869,0.00441999,0.00566431,-0.272722,-0.358068,-0.761011,-0.95873
7018,0,1,0.997676,0.00131596,0.000212322,0.000795837,1.21362,-1.65771,-1.88275,-2.10449
7019,0,1,0.950234,0.0404362,0.000987644,0.00834245,0.32207,-0.728012,-0.971706,-1.24112
7020,1,2,0.0423869,0.950692,0.000873719,0.00604707,-0.899668,1.23199,-1.934,-1.36261
7021,0,3,0.978823,0.0202752,0.000267476,0.000634165,1.72666,-1.55655,-1.10928,-1.81037
7022,0,4,0.996667,0.000988468,0.000390126,0.00195432,1.85869,-2.56255,-1.93941,-1.40265
7023,2,2,0.0189809,0.0534806,0.916337,0.0112019,-1.5986,-0.443268,0.607612,-1.40283
7024,0,4,0.998189,0.00116762,0.000175083,0.000468546,0.722183,-0.604823,-1.6365,-1.93025
7025,2,4,0.00661532,0.00196026,0.989018,0.00240646,-1.30453,-0.955199,1.21991,-1.45355
7026,0,4,0.997984,0.000667755,0.000249766,0.00109879,1.69313,-2.6386,-1.17457,-1.69769
7027,0,4,0.99613,0.00258766,0.000151505,0.00113046,1.06908,-0.742197,-1.8867,-2.09315
7028,1,2,0.794913,0.199227,0.00109241,0.00476845,0.618845,-0.854312,-1.51351,-1.33894
7029,0,4,0.998236,0.000769527,0.000228362,0.000766527,2.52307,-2.78519,-1.49024,-1.64172
7030,1,0,0.0167795,0.950303,0.00148274,0.0314345,-0.809301,0.608764,-1.36281,-1.10989
7031,1,3,0.402592,0.594993,0.000472309,0.00194243,0.470153,-0.867851,-1.28178,-1.28658
7032,0,1,0.0239283,0.973237,0.000575241,0.00225962,-0.357755,0.665497,-1.5725,-1.72558
7033,1,1,0.00587111,0.989783,0.000421375,0.0039244,-0.99644,0.299643,-1.38153,-0.857815
7034,3,1,0.0203603,0.442178,0.0144095,0.523052,0.192971,-0.972524,-1.62568,-0.103468
7035,1,1,0.0054497,0.9823,0.00109321,0.0111575,-0.661123,0.991713,-1.62998,-2.27168
7036,0,0,0.102695,0.468579,0.00581277,0.422913,0.083683,-0.922638,-1.25931,-0.203106
7037,0,3,0.994075,0.00325958,0.000281913,0.00238359,0.92566,-1.14426,-1.06802,-0.948325
7038,0,3,0.997181,0.00236318,0.000146425,0.000309378,1.16512,-1.33477,-1.75563,-1.75379
7039,1,0,0.224733,0.769975,0.000771135,0.00452068,0.650864,-0.557921,-1.38841,-1.4227
7040,0,0,0.99516,0.00178718,0.000247121,0.00280614,1.43379,-1.71666,-1.07087,-1.17771
7041,0,1,0.997543,0.00116459,0.000333985,0.000958898,1.95213,-2.67338,-1.70653,-1.40713
7042,0,4,0.981342,0.00602639,0.000998298,0.0116332,1.43175,-1.70615,-1.20633,-0.764301
7043,3,0,0.851385,0.0696985,0.00669366,0.0722232,-0.120319,-0.121874,-1.12428,-0.81928
7044,0,1,0.967917,0.0132518,0.00137776,0.0174532,1.94429,-2.66727,-1.38231,-1.68963
7045,0,3,0.992418,0.00521791,0.00041839,0.00194599,-0.258144,0.189549,-1.57371,-1.22539
7046,0,3,0.987291,0.00594565,0.000325428,0.0064382,0.721491,-0.663324,-1.31738,-1.32025
7047,0,4,0.99839,0.00066089,0.000185323,0.000763657,3.06083,-3.38859,-2.22117,-2.06731
7048,0,0,0.998499,0.000798831,0.000186433,0.000515764,2.64896,-2.62945,-1.66942,-2.41007
7049,0,4,0.873458,0.0144953,0.000836347,0.11121,0.835458,-1.51569,-1.13081,-0.659597
7050,0,2,0.997848,0.00122682,0.00018814,0.000736875,2.63898,-2.19251,-1.70656,-2.68805
7051,0,4,0.998141,0.000781571,0.000205484,0.000871905,2.81823,-3.09392,-1.85274,-2.38817
7052,2,3,0.00152771,0.00129024,0.994545,0.00263707,-1.74831,-1.71077,1.44022,-0.947814
7053,0,0,0.99809,0.00133203,0.000198763,0.000378663,1.57899,-1.13579,-1.68156,-2.58773
7054,0,4,0.998199,0.000738575,0.00021078,0.000851757,2.39906,-2.74539,-1.53496,-1.70179
7055,0,3,0.99593,0.00276882,0.000189991,0.00111163,0.518001,-0.674532,-1.48342,-1.48823
7056,0,0,0.99383,0.00396166,0.000442537,0.00176572,1.97817,-2.04284,-1.66478,-1.80784
7057,1,0,0.576955,0.421286,0.00038642,0.00137266,0.455701,-0.176674,-1.74789,-2.20509
7058,0,1,0.942429,0.0526772,0.00060112,0.00429246,0.149478,0.025654,-1.3295,-1.72517
7059,0,3,0.985836,0.00949639,0.000739469,0.00392788,2.0049,-2.10968,-1.86786,-1.64979
7060,0,2,0.997463,0.00114309,0.000255057,0.00113863,1.64692,-2.09756,-1.94435,-1.29488
7061,0,2,0.997764,0.0011524,0.000223402,0.000860581,2.64434,-2.23671,-2.20023,-2.18359
7062,2,0,0.114165,0.0377672,0.834759,0.0133094,-0.793785,0.000302974,-0.76138,-1.42922
7063,0,4,0.866591,0.126934,0.00152917,0.00494586,1.61689,-1.06462,-1.59837,-2.10776
7064,0,4,0.982364,0.00963546,0.000981924,0.00701854,0.741291,-0.961603,-1.10379,-1.0617
7065,0,0,0.99238,0.0051093,0.000398437,0.00211227,2.0753,-2.35911,-1.72042,-1.63379
7066,0,0,0.998622,0.000809136,0.000157626,0.000411253,0.850317,-0.878911,-1.2716,-2.33307
7067,0,4,0.998117,0.000583073,0.000274887,0.00102533,2.16842,-2.46391,-1.52592,-1.71006
7068,0,1,0.996768,0.0025767,0.000176895,0.000478041,0.399686,-0.54681,-1.47926,-1.33866
7069,0,1,0.345536,0.642403,0.00127451,0.0107866,0.409183,-0.495214,-0.899767,-1.10881
7070,0,2,0.997381,0.00169419,0.000208969,0.000715964,1.46688,-1.85235,-1.59322,-0.965155
7071,0,1,0.998284,0.000978537,0.000229715,0.000507658,1.9423,-1.91266,-1.95672,-1.93681
7072,0,4,0.998241,0.00080175,0.000168384,0.00078932,1.86332,-2.42915,-1.6052,-1.39442
7073,0,2,0.536119,0.458567,0.000764619,0.00454863,0.619695,-1.02752,-1.31275,-1.15731
7074,0,2,0.997812,0.00113237,0.000191096,0.000863991,2.04947,-1.81501,-1.57916,-1.72431
7075,0,2,0.995765,0.00305087,0.000200246,0.000983723,0.905847,-0.814913,-1.14248,-1.63029
7076,1,0,0.00726757,0.984961,0.000775783,0.00699598,-1.81207,1.62056,-1.10798,-0.740816
7077,1,3,0.0305642,0.965325,0.000894125,0.00321672,-0.503975,0.00577032,-1.19753,-1.23633
7078,0,2,0.995758,0.00208253,0.000268408,0.00189062,2.34383,-2.07876,-1.45735,-1.819
7079,0,4,0.997871,0.000785184,0.00025616,0.00108799,1.66578,-2.26979,-1.42933,-1.82877
7080,0,1,0.997208,0.00100164,0.000499249,0.00129117,1.55279,-2.04704,-1.24547,-0.903103
7081,0,1,0.997342,0.00143078,0.00030642,0.000921077,2.61775,-2.60875,-1.73476,-2.54553
7082,1,1,0.0680746,0.905507,0.00333669,0.0230822,-0.293263,-0.000961154,-1.35213,-0.975103
7083,0,4,0.984403,0.0118884,0.000264313,0.00344444,-0.071733,-0.15364,-1.1288,-1.39382
7084,0,0,0.998493,0.00102772,0.00017894,0.00030084,1.64778,-1.40792,-1.86183,-2.24448
7085,1,2,0.736651,0.238223,0.00129481,0.0238304,0.773919,-0.428251,-1.58663,-1.7334
7086,0,1,0.997195,0.00141667,0.000319827,0.00106831,1.57653,-1.44943,-1.70365,-2.29192
7087,0,2,0.997514,0.00133126,0.000273116,0.000881629,2.66782,-3.25411,-1.8308,-1.73402
7088,0,3,0.664307,0.323757,0.000770265,0.0111653,0.0673346,-0.559005,-1.38494,-0.681717
7089,0,1,0.943412,0.0505143,0.00094115,0.00513272,0.0422304,-0.13202,-1.74833,-0.947758
7090,0,1,0.962849,0.0339761,0.000829656,0.00234508,2.21832,-2.14655,-1.2081,-1.64485
7091,2,0,0.00171547,0.00115284,0.995225,0.00190629,-1.47404,-1.07228,0.897555,-1.50536
7092,0,1,0.991451,0.0060146,0.000316127,0.00221806,0.0146157,-0.852609,-1.38802,-0.576623
7093,1,0,0.0126974,0.984832,0.000339533,0.00213129,-0.439889,0.449848,-1.69386,-0.93265
7094,1,2,0.14038,0.717275,0.0057505,0.136594,-0.565893,0.0834724,-0.859564,-0.693268
7095,0,1,0.998348,0.00079871,0.000277107,0.000576414,3.07287,-3.28552,-1.86823,-2.07902
7096,0,2,0.996311,0.00265598,0.000149475,0.00088315,1.71902,-1.71298,-1.52078,-1.68727
7097,0,0,0.98868,0.00351732,0.000693955,0.00710865,0.93392,-1.294,-1.5415,-0.798736
7098,3,2,0.109493,0.0217668,0.00939842,0.859342,0.461069,-0.891238,-1.02174,-0.760376
7099,0,2,0.904107,0.0574319,0.00129449,0.0371669,0.400175,-0.499377,-1.1574,-1.30827
7100,0,2,0.997057,0.00139723,0.000264075,0.00128217,3.42374,-3.45694,-1.88313,-2.49419
7101,2,3,0.00231004,0.00129455,0.993979,0.00241617,-1.85977,-1.898,1.9622,-1.41599
7102,0,0,0.997912,0.00149445,0.00022607,0.000366947,1.01392,-0.968077,-1.85496,-1.57196
7103,0,4,0.998069,0.000755992,0.000272735,0.000902157,3.85327,-3.89329,-2.17323,-2.51024
7104,0,1,0.979475,0.00812961,0.00118557,0.0112099,1.53243,-1.58853,-1.52437,-1.19671
7105,3,0,0.989718,0.00704352,0.00061186,0.00262683,1.44658,-1.55933,-1.38986,-1.83426
7106,0,1,0.957447,0.0213187,0.00169942,0.0195345,0.906043,-0.926178,-1.1434,-1.262
7107,2,3,0.00240137,0.00164079,0.993695,0.0022625,-1.42255,-1.38863,0.503519,-1.23161
7108,0,2,0.750696,0.0242729,0.00247479,0.222556,0.282386,-0.605779,-1.65585,-0.72228
7109,0,1,0.977903,0.0208991,0.000267224,0.000930884,0.363111,-0.816174,-1.61601,-1.24933
7110,0,0,0.989779,0.00243908,0.000591914,0.0071899,2.1113,-2.59068,-1.33994,-1.37569
7111,0,2,0.994989,0.00374604,0.000163309,0.00110193,1.56632,-1.54689,-1.44944,-1.8869
7112,0,4,0.997912,0.00137005,0.000184512,0.000533904,0.260363,-0.675871,-1.26595,-1.15909
7113,0,0,0.998597,0.000822661,0.000223589,0.000356597,1.31205,-1.62353,-1.53359,-1.30885
7114,0,0,0.998547,0.000834759,0.000173444,0.000444638,1.83761,-2.13046,-1.3168,-1.36173
7115,0,3,0.990285,0.00663999,0.000529824,0.00254499,1.51591,-1.67311,-1.42576,-1.84328
7116,0,2,0.997534,0.00151149,0.000224664,0.000730197,1.95166,-1.47516,-1.94712,-2.24127
7117,1,0,0.00283444,0.97427,0.00440725,0.0184885,-1.29104,0.945739,-0.934329,-1.4224
7118,1,2,0.861225,0.117583,0.00107553,0.0201161,0.312279,-0.687854,-1.7743,-0.539081
7119,0,4,0.991254,0.00685244,0.000502118,0.00139182,0.550374,-0.473424,-1.2751,-2.00922
7120,0,1,0.913022,0.0302216,0.00292303,0.0538331,0.482316,-1.18869,-1.15638,-0.401737
7121,1,2,0.0198356,0.858389,0.0507139,0.0710612,-1.05411,0.675224,-0.597311,-1.46038
7122,0,3,0.99823,0.000869432,0.000264903,0.00063609,2.24544,-2.12742,-1.4095,-2.3905
7123,3,1,0.022776,0.0172175,0.00702475,0.952982,-0.504073,-1.07056,-1.40758,0.545205
7124,0,3,0.969376,0.0233795,0.000963281,0.00628138,0.0619538,-0.285538,-1.63912,-1.5574
7125,1,3,0.748114,0.243114,0.000573342,0.00819795,0.26892,-0.333365,-1.53579,-1.34042
7126,0,4,0.980441,0.00322588,0.000995435,0.0153373,0.173536,-0.620763,-1.28474,-0.624463
7127,0,0,0.998515,0.000897288,0.000218819,0.000368606,2.26687,-2.68028,-1.40173,-1.65674
7128,1,4,0.00633414,0.983262,0.000607869,0.00979614,-0.0933539,0.227877,-1.7603,-1.04878
7129,0,2,0.956899,0.0114603,0.00158313,0.0300574,-0.0141539,-1.09398,-1.29732,0.026137
7130,1,4,0.038262,0.923165,0.00543599,0.0331373,-0.661463,0.437668,-1.13772,-0.873212
7131,1,2,0.0229659,0.946953,0.000775558,0.0293058,-0.555105,0.594871,-1.55123,-1.33839
7132,0,2,0.997334,0.00129385,0.000280636,0.00109166,1.45459,-1.55705,-2.06514,-1.24986
7133,0,2,0.993636,0.00548106,0.000264716,0.000617892,0.312945,0.126463,-1.70449,-1.80429
7134,3,2,0.00801468,0.0289537,0.00725481,0.955777,-0.699955,-0.90087,-1.35452,0.676133
7135,0,2,0.997429,0.00121321,0.000243369,0.00111439,1.99493,-1.83587,-1.99849,-1.52791
7136,0,0,0.986283,0.00883403,0.000744153,0.00413841,0.349382,-0.386021,-1.14354,-0.997652
7137,0,0,0.990153,0.00873093,0.000346743,0.000769283,2.33409,-1.8991,-1.93764,-2.85815
7138,0,1,0.998516,0.000772001,0.000266536,0.000445493,3.07241,-3.2943,-2.34201,-1.89628
7139,0,0,0.99679,0.00244559,0.000333733,0.00043104,0.603725,-0.485784,-1.66855,-1.5817
7140,0,0,0.376165,0.621403,0.000638343,0.00179378,0.355764,-0.169205,-2.07194,-1.63457
7141,1,3,0.028234,0.948374,0.000858076,0.0225335,-0.367436,-0.202325,-1.10125,-0.477817
7142,0,4,0.563914,0.392908,0.00344948,0.0397286,-0.419372,0.230887,-1.2792,-0.743195
7143,0,1,0.992693,0.00315028,0.000480758,0.00367587,0.983568,-1.87373,-1.18256,-1.02504
7144,0,2,0.981888,0.0160226,0.000229052,0.00186064,0.599196,0.0255777,-1.79774,-2.40155
7145,0,1,0.998092,0.000853331,0.000271148,0.000783061,2.27582,-3.53817,-1.63415,-1.43015
7146,0,1,0.998358,0.000861094,0.000247915,0.000533101,2.51118,-2.25788,-1.82707,-2.53087
7147,3,4,0.0900612,0.884187,0.00203889,0.0237128,-1.20365,1.01595,-1.413,-0.821885
7148,0,4,0.998451,0.000859493,0.000178932,0.000510727,1.91685,-1.74136,-1.90203,-1.92648
7149,1,1,0.833642,0.156179,0.000972289,0.00920682,0.309419,-0.123001,-1.42977,-1.32307
7150,1,4,0.0538446,0.931855,0.00126569,0.0130351,-0.463942,0.225208,-1.72011,-0.533847
7151,0,1,0.998351,0.000836226,0.000244547,0.000568588,4.07685,-3.86826,-2.24311,-2.57122
7152,1,3,0.00320356,0.991407,0.000291786,0.00509807,-1.83916,1.70888,-1.15452,-1.01635
7153,0,4,0.996582,0.00141718,0.000387057,0.00161373,1.34196,-1.03947,-1.99776,-1.92082
7154,0,0,0.998512,0.000973993,0.000196915,0.000317137,1.57396,-1.72281,-1.60363,-2.00397
7155,0,2,0.997785,0.00110503,0.000210693,0.000899262,3.11786,-3.1185,-1.91534,-2.28271
7156,1,0,0.069849,0.928202,0.000323781,0.00162514,0.232336,-0.248998,-1.75928,-1.10963
7157,0,2,0.993961,0.00337088,0.00037125,0.0022965,2.28824,-1.927,-1.39054,-1.94303
7158,1,1,0.138622,0.374292,0.00507464,0.482011,-1.30976,0.634239,-1.16462,-0.278434
7159,1,2,0.0286072,0.966497,0.00073638,0.00415967,0.212975,-0.0486474,-1.38723,-1.56461
7160,0,3,0.998267,0.00106425,0.000193436,0.000475034,0.741716,-0.726368,-1.38663,-1.46536
7161,0,0,0.99851,0.000852023,0.00016843,0.000469614,3.52596,-3.40112,-2.29455,-2.48505
7162,1,3,0.306127,0.688523,0.00077378,0.00457623,-0.226715,0.00127261,-0.991633,-1.12955
7163,0,0,0.996088,0.00163673,0.000275402,0.0019995,1.08479,-1.94672,-1.55333,-0.704253
7164,0,0,0.992975,0.00280545,0.000440433,0.00377884,1.19334,-1.29753,-1.53541,-1.03168
7165,0,0,0.994433,0.00333319,0.000417606,0.00181577,2.70814,-2.5285,-2.13639,-2.07359
7166,0,4,0.998482,0.000819359,0.000177892,0.000520816,1.89193,-1.47554,-1.79511,-2.85302
7167,0,3,0.997309,0.00113845,0.000291239,0.00126138,3.46353,-4.07281,-1.84784,-2.07638
7168,1,0,0.188033,0.80884,0.000424377,0.00270318,-1.01791,0.59647,-1.61249,-0.75759
7169,0,2,0.981937,0.0116034,0.000591831,0.00586739,1.08317,-1.21066,-1.53373,-0.935633
7170,3,1,0.0114995,0.0195996,0.0087313,0.96017,-0.964833,-0.859093,-1.0621,0.750719
7171,1,3,0.00308912,0.99165,0.00137884,0.0038822,-0.0250586,-0.663452,-1.07435,-1.07693
7172,0,4,0.997627,0.0011027,0.000275828,0.000994263,2.43871,-3.1491,-1.47184,-1.46386
7173,3,3,0.997146,0.00176643,0.000147569,0.000939977,1.37902,-1.245,-1.74914,-1.96303
7174,1,1,0.00567641,0.992169,0.000360585,0.00179403,-0.112311,0.296405,-1.55204,-1.55923
7175,0,3,0.998408,0.000924767,0.00017342,0.000494026,1.01147,-0.692297,-1.0667,-1.9887
7176,0,2,0.994557,0.00217134,0.000277135,0.00299407,1.73497,-1.89735,-1.35958,-1.60635
7177,0,4,0.998239,0.000745853,0.000191177,0.000823974,2.41861,-2.51219,-1.74717,-1.8005
7178,0,2,0.997622,0.0012829,0.000231816,0.000862984,2.23466,-2.31869,-1.38696,-1.81897
7179,0,0,0.600111,0.04483,0.0026158,0.352443,-0.209322,-0.0450222,-1.55704,-0.554427
7180,0,3,0.996497,0.00284164,0.000101952,0.000559826,0.707882,-0.761795,-1.21751,-1.47486
7181,0,1,0.998372,0.000829736,0.000287029,0.000511685,1.76075,-1.90752,-1.33517,-1.73176
7182,3,1,0.0208679,0.062209,0.0138604,0.903063,-0.0983344,-0.824356,-1.15513,0.0828171
7183,0,4,0.997855,0.00115138,0.000175709,0.000818045,2.26022,-2.19061,-1.53936,-1.86184
7184,0,3,0.998273,0.00122615,0.000146014,0.000355092,0.653501,-0.60995,-1.4411,-2.04491
7185,0,3,0.997991,0.00139854,0.000197582,0.000412602,0.908984,-0.792703,-1.43343,-1.99149
7186,1,2,0.028103,0.89674,0.00258353,0.0725739,-1.09123,0.423817,-1.51537,0.316973
7187,0,4,0.994992,0.00130221,0.000376015,0.00333018,0.633626,-1.09926,-1.26014,-0.92143
7188,0,0,0.997691,0.00161474,0.000138975,0.00055505,1.75567,-1.69061,-1.25488,-1.54784
7189,0,2,0.99736,0.0018643,0.000192131,0.00058377,1.27952,-0.876933,-1.95595,-2.07553
7190,1,4,0.00386092,0.993464,0.00049158,0.00218383,-0.870685,0.631345,-0.945045,-1.11212
7191,1,0,0.0125643,0.984147,0.00080602,0.00248272,-0.0723343,-0.219919,-1.13545,-1.04565
7192,2,4,0.0112132,0.0606623,0.910118,0.0180063,-1.21832,-0.200234,0.513439,-1.33377
7193,0,4,0.998415,0.000998943,0.000154847,0.000430901,0.936403,-0.625782,-1.86552,-2.15465
7194,0,3,0.99786,0.00137534,0.000196019,0.000568309,3.80351,-3.7253,-1.87708,-2.90588
7195,0,2,0.955092,0.0396724,0.000485694,0.00474977,-0.27791,-0.002628,-1.58883,-0.825789
7196,0,3,0.981123,0.0174681,0.00020758,0.00120156,0.63751,-1.03319,-1.61862,-0.896046
7197,0,0,0.998534,0.000856214,0.000163571,0.000446372,1.57356,-2.30638,-0.717002,-1.68521
7198,0,4,0.997428,0.00161826,0.000405184,0.000548439,0.329302,-0.0440695,-1.64762,-1.75349
7199,0,2,0.849791,0.145524,0.000929258,0.0037551,-0.031199,-0.182844,-1.10127,-1.53797
7200,0,1,0.998081,0.0013464,0.000220009,0.000352949,0.966161,-1.42136,-1.56918,-1.32221
7201,1,0,0.00680807,0.991106,0.000309904,0.00177642,-0.928466,0.767025,-1.16011,-1.658
7202,2,3,0.00266855,0.000968373,0.993721,0.00264261,-0.182994,-2.72857,1.4481,-1.6441
7203,0,4,0.993844,0.00172316,0.000561617,0.00387183,0.677456,-1.61009,-1.44466,-0.755168
7204,0,4,0.957292,0.0379799,0.000498357,0.00423013,0.602193,-0.464816,-1.47132,-1.91142
7205,1,2,0.332944,0.644908,0.00167856,0.020469,-0.128667,-0.655861,-1.32876,-0.191919
7206,0,0,0.99765,0.0016562,0.00011058,0.000582801,1.3988,-1.79495,-1.69349,-1.3127
7207,0,1,0.996855,0.00160474,0.000253412,0.00128693,1.73097,-2.24985,-1.36096,-1.23753
7208,0,0,0.774458,0.21802,0.000649326,0.00687268,-0.866667,0.669409,-1.28381,-0.843726
7209,0,2,0.992651,0.00442943,0.000383278,0.00253616,1.1285,-0.784434,-1.95583,-2.0522
7210,0,0,0.998475,0.000916736,0.000177544,0.000430926,3.02663,-2.70409,-1.84627,-2.98986
7211,0,3,0.995941,0.00335377,0.000192986,0.000512437,1.25161,-1.27505,-1.48783,-1.44414
7212,3,0,0.00690022,0.975281,0.00103772,0.0167811,-0.294138,0.386357,-1.62269,-1.17957
7213,1,4,0.0844162,0.909334,0.000510858,0.00573899,0.227307,-0.139363,-1.47565,-1.43797
7214,0,0,0.998109,0.00137837,0.000212414,0.000300725,1.81604,-1.59475,-1.73809,-2.19166
7215,0,2,0.98151,0.00509049,0.000554647,0.0128444,0.957571,-1.34257,-1.23382,-0.710659
7216,0,4,0.998334,0.00102155,0.000162901,0.000481605,1.33294,-1.14204,-1.71463,-1.82378
7217,0,3,0.492096,0.503765,0.000532884,0.00360621,1.05771,-0.856227,-1.55759,-2.01218
7218,1,3,0.029776,0.967919,0.000324067,0.00198128,-0.284343,-0.184584,-1.7659,-0.826568
7219,2,1,0.00717245,0.0052526,0.985451,0.00212432,-1.35406,-1.15298,1.31138,-2.02133
7220,2,4,0.0077094,0.00715794,0.978666,0.00646666,-0.779826,-1.75952,1.00076,-0.903474
7221,1,0,0.00326775,0.993166,0.000321033,0.00324548,-1.47697,1.28043,-1.60897,-1.03655
7222,0,3,0.987369,0.00820314,0.000305139,0.00412278,-0.00201616,-0.339687,-1.31308,-1.05167
7223,0,3,0.985204,0.012819,0.000395556,0.00158135,0.351429,-0.971718,-1.31981,-0.723003
7224,0,0,0.840751,0.146529,0.00120849,0.0115107,0.342251,-0.427675,-1.52451,-1.40044
7225,3,1,0.161892,0.754452,0.00505376,0.0786019,-0.582246,0.03458,-1.22024,-0.284993
7226,2,1,0.5195,0.388328,0.0074903,0.0846819,0.309349,-0.822532,-1.12504,-0.74606
7227,0,4,0.998488,0.000699472,0.000247464,0.000564793,2.73627,-3.03992,-1.73951,-1.84049
7228,0,0,0.998374,0.000872961,0.000235184,0.000517718,2.15678,-1.9251,-1.48741,-1.76888
7229,1,2,0.0106061,0.986434,0.000583041,0.00237685,-1.2141,1.22102,-1.33861,-1.50007
7230,0,4,0.771043,0.12854,0.000748447,0.0996681,0.562911,-1.19325,-1.11661,-0.464342
7231,0,1,0.99812,0.00120108,0.000209532,0.00046943,0.812757,-0.616452,-1.44981,-1.68307
7232,3,4,0.0206355,0.960748,0.00148157,0.0171346,-0.340494,0.308981,-1.92433,-0.824248
7233,0,2,0.990974,0.00780993,0.000231624,0.000984743,1.08705,-1.18346,-2.17105,-1.58088
7234,0,3,0.998402,0.000855265,0.000192332,0.000550585,3.35985,-3.48341,-2.03587,-2.18534
7235,1,1,0.0329439,0.961352,0.000574914,0.00512916,-0.0180389,0.132184,-1.78501,-1.8616
7236,0,2,0.995034,0.00257725,0.00020807,0.00218088,0.500671,-0.916953,-1.24593,-1.22375
7237,0,4,0.997997,0.000764848,0.000225207,0.00101326,3.24189,-3.43989,-1.86896,-1.86102
7238,0,0,0.0310916,0.965344,0.00100925,0.00255465,-0.00936317,-0.48282,-1.38414,-1.08808
7239,0,2,0.986262,0.0114423,0.000220396,0.00207479,0.906379,-1.09086,-1.41679,-1.13401
7240,1,2,0.114737,0.873,0.00096967,0.0112941,-0.440756,0.173453,-1.62231,-0.816016
7241,0,0,0.991954,0.00601765,0.000446909,0.00158134,0.62877,-0.835873,-1.56083,-1.08568
7242,0,0,0.994605,0.00375009,0.000236595,0.00140885,1.75177,-1.43802,-1.60541,-2.1768
7243,0,3,0.590088,0.0598122,0.0740026,0.276097,0.216947,-0.959259,-0.808746,-0.257624
7244,0,2,0.997608,0.00135367,0.000248213,0.000790362,2.87308,-2.77342,-2.09206,-2.52308
7245,0,0,0.998703,0.000838157,0.000158875,0.000299731,1.86126,-1.80623,-1.43423,-1.82067
7246,3,0,0.252519,0.622553,0.00192049,0.123008,-0.66594,0.439581,-0.908346,-0.850288
7247,0,3,0.992197,0.00636833,0.000405428,0.00102925,1.62105,-1.58414,-1.27491,-1.41204
7248,0,2,0.996146,0.00241908,0.000323256,0.00111187,0.657315,-0.861934,-1.29113,-1.54975
7249,0,2,0.997456,0.000913122,0.000188802,0.00144216,0.765291,-2.34535,-0.98149,0.015306
7250,0,3,0.99847,0.000720958,0.000203157,0.000605923,1.65769,-2.5222,-1.63515,-1.00407
7251,1,0,0.00674515,0.991401,0.000322976,0.00153034,-0.940152,0.698939,-0.921813,-1.68902
7252,0,4,0.998295,0.000727905,0.000221349,0.000756163,2.56871,-2.46289,-1.46681,-2.18013
7253,0,4,0.997941,0.00125603,0.000275376,0.0005277,0.7117,-0.762535,-1.68847,-1.76842
7254,3,2,0.00705791,0.010002,0.0075278,0.975412,-2.12814,-0.644441,-0.957836,1.42363
7255,0,4,0.997219,0.00150219,0.000224154,0.00105486,1.47877,-1.24822,-1.84576,-2.07301
7256,0,1,0.994512,0.00442691,0.000248411,0.00081292,0.58015,-1.22863,-1.64423,-1.40526
7257,0,4,0.998324,0.000768844,0.000195728,0.000711064,1.45465,-2.64147,-1.45608,-0.948573
7258,0,3,0.997852,0.0010774,0.000290829,0.00077982,1.05608,-0.943891,-1.16163,-1.77171
7259,0,4,0.997828,0.000846467,0.000182704,0.00114239,2.81879,-2.48204,-1.82032,-2.60326
7260,0,3,0.998311,0.000918378,0.000174422,0.000596434,1.58914,-1.35266,-2.03878,-2.20293
7261,0,4,0.997212,0.00202338,0.000188756,0.000575758,1.64176,-1.97398,-1.70596,-1.33319
7262,0,2,0.991969,0.00525903,0.000348738,0.00242309,2.2927,-2.07336,-1.47248,-1.74814
7263,0,0,0.992263,0.00242144,0.000383128,0.00493222,0.874461,-0.929094,-1.10522,-0.883667
7264,0,1,0.998249,0.000946547,0.000249345,0.00055536,2.39313,-1.86965,-1.87084,-2.28732
7265,0,1,0.352469,0.639487,0.000671186,0.00737264,0.94162,-1.23587,-1.70832,-0.88107
7266,0,1,0.997806,0.00136723,0.000267912,0.000559468,1.83702,-1.9384,-1.27099,-2.01668
7267,1,2,0.0132685,0.982747,0.000822353,0.00316165,-1.11973,0.603285,-0.863566,-1.26398
7268,0,4,0.998521,0.000672041,0.000183188,0.00062336,4.0903,-4.33234,-2.32231,-2.69984
7269,0,0,0.993011,0.00469384,0.00040576,0.00188909,2.39514,-1.96129,-1.89417,-2.19725
7270,0,4,0.998322,0.000683155,0.000242637,0.0007525,2.88705,-3.24148,-1.78144,-2.28427
7271,0,1,0.997772,0.00131224,0.000274256,0.000641411,0.563279,-0.361705,-1.29038,-1.60435
7272,0,1,0.907471,0.0138196,0.00250938,0.0762004,0.908896,-2.80794,-1.40612,-0.760962
7273,0,0,0.00918284,0.988602,0.000359991,0.00185516,-0.250625,-0.0209378,-1.67511,-1.22655
7274,1,4,0.465713,0.497204,0.00177924,0.0353034,-0.400283,0.0205401,-1.01036,-1.03155
7275,0,1,0.997096,0.00131007,0.000292888,0.00130115,0.336403,-0.740364,-1.32784,-1.22117
7276,0,4,0.997937,0.000736941,0.000250242,0.00107539,2.46942,-2.24426,-1.72605,-2.04815
7277,0,2,0.997563,0.00152042,0.000234077,0.000682636,1.60544,-1.54502,-1.33944,-1.59712
7278,3,4,0.494396,0.300159,0.00105334,0.204391,-0.229942,-0.570942,-0.890102,-0.221433
7279,1,4,0.0112257,0.985353,0.000351868,0.0030695,-0.148817,-0.0846309,-1.90044,-0.997507
7280,0,0,0.998552,0.000852058,0.000132725,0.000463256,1.98178,-2.07287,-1.61905,-2.23619
7281,0,4,0.996396,0.00291158,0.000172732,0.000519728,1.98669,-1.17075,-1.37678,-2.76359
7282,1,0,0.0541836,0.877902,0.0213642,0.0465498,-0.450861,0.224311,-0.913511,-1.52844
7283,0,1,0.992052,0.00371679,0.000618113,0.00361301,1.932,-2.70379,-1.37431,-1.09511
7284,0,4,0.998549,0.000704313,0.000244118,0.000502858,2.7364,-2.68732,-1.61927,-1.94555
7285,0,1,0.997026,0.0015196,0.000351202,0.00110311,2.19551,-2.19045,-1.47609,-1.80888
7286,0,1,0.996184,0.0030611,0.000185638,0.000569575,0.0412507,-0.02258,-1.65334,-1.1481
7287,0,4,0.00904793,0.973364,0.000753291,0.0168348,-0.630404,-0.19821,-1.30533,-0.210165
7288,0,0,0.998615,0.000801268,0.000150113,0.00043352,2.38887,-2.07978,-1.65524,-2.22409
7289,0,1,0.99563,0.00266846,0.000173275,0.00152788,1.18613,-1.77721,-1.43468,-0.877506
7290,2,4,0.00433831,0.00139817,0.991892,0.0023714,-1.39785,-1.74715,1.42641,-0.962417
7291,3,4,0.908299,0.00424754,0.00176373,0.0856898,0.45892,-1.15717,-1.16618,-0.665247
7292,1,2,0.0107642,0.983622,0.000505111,0.00510892,-1.3065,1.0716,-1.28211,-1.01491
7293,0,3,0.998321,0.000887528,0.00021246,0.000578654,3.27234,-3.19788,-1.74419,-2.09434
7294,0,1,0.989533,0.00207761,0.000492513,0.00789653,0.715061,-2.11519,-1.86923,-0.42994
7295,0,2,0.991413,0.00650625,0.000157715,0.00192325,0.706937,-0.812829,-1.32332,-1.35537
7296,0,4,0.993787,0.00197936,0.000371185,0.00386217,1.57932,-1.60502,-1.19072,-1.55051
7297,0,4,0.998162,0.00093179,0.000156327,0.000750178,1.60569,-1.61352,-1.72949,-1.89345
7298,0,0,0.991556,0.0064755,0.000286185,0.00168265,0.948887,-0.919183,-1.64778,-1.12939
7299,0,2,0.806974,0.176923,0.00108966,0.015013,0.398395,-0.848101,-1.36436,-0.764151
7300,0,3,0.993409,0.00393877,0.000438051,0.00221377,1.70674,-1.87492,-1.63211,-1.61577
7301,1,1,0.00807577,0.988914,0.000650792,0.00235967,-1.36888,1.60949,-1.20672,-1.67195
7302,0,2,0.997669,0.00114556,0.000212736,0.000972221,3.15365,-3.072,-2.09589,-2.30525
7303,0,2,0.953563,0.0370369,0.00088842,0.00851182,0.865779,-1.09749,-1.2571,-0.849129
7304,0,4,0.998104,0.000965076,0.000292041,0.000639123,1.83338,-1.93915,-1.16252,-2.34045
7305,1,0,0.00706066,0.990614,0.000228842,0.00209619,-0.393277,-0.281364,-0.797754,-1.67715
7306,2,3,0.00277601,0.00227903,0.992196,0.00274903,-1.92809,-1.09918,1.24124,-1.75608
7307,0,2,0.985404,0.00468067,0.000510992,0.00940457,0.649358,-0.701704,-1.45878,-1.29303
7308,1,4,0.0600655,0.926372,0.000767645,0.0127949,-0.656812,0.744696,-1.40742,-1.49945
7309,1,3,0.00654195,0.991634,0.000340545,0.0014836,-2.02273,1.63276,-0.814184,-1.38771
7310,2,0,0.00493996,0.0020999,0.986567,0.00639278,-0.775882,-2.29429,1.44508,-1.42706
7311,0,1,0.998435,0.000888496,0.000252824,0.000423401,2.65054,-3.06667,-1.72368,-1.96005
7312,1,0,0.986487,0.00907858,0.000469428,0.00396517,0.0772237,-0.208689,-1.06394,-1.46922
7313,0,2,0.410859,0.583949,0.000987085,0.00420477,0.884536,-1.00669,-1.48091,-1.1901
7314,0,1,0.998405,0.000926572,0.0002573,0.000411164,2.31008,-2.54528,-1.67017,-2.11701
7315,0,2,0.597098,0.0553492,0.00800111,0.339552,0.336071,-0.777978,-1.76867,-0.270096
7316,1,0,0.0394391,0.958326,0.000298486,0.00193689,-0.311529,0.652486,-1.49285,-1.70581
7317,2,0,0.00138377,0.00600787,0.989375,0.0032331,-2.09906,-0.39136,0.764846,-1.51254
7318,0,3,0.995802,0.00368693,0.000113213,0.000397475,1.66905,-1.58912,-1.73702,-2.06885
7319,0,1,0.997888,0.000850661,0.000304202,0.000957358,3.19692,-3.63712,-1.92311,-1.98828
7320,0,1,0.998164,0.00115286,0.00028087,0.000402328,2.43325,-2.66802,-1.40916,-2.07169
7321,0,1,0.990895,0.00513916,0.000511836,0.00345364,0.368431,-1.17495,-1.42466,-0.223936
7322,0,4,0.986998,0.00210903,0.000638214,0.0102551,0.492032,-0.981186,-0.860617,-0.836031
7323,0,1,0.997937,0.00137142,0.000175039,0.000516481,1.72673,-1.95117,-1.38158,-1.97766
7324,0,2,0.997283,0.00159918,0.000233554,0.000884011,1.24877,-2.04218,-1.36886,-0.977193
7325,2,3,0.00211829,0.00119174,0.993267,0.00342325,-1.77325,-1.58475,1.56054,-0.982354
7326,0,2,0.983575,0.00884426,0.000776206,0.00680434,0.728891,-0.747648,-1.08204,-1.46457
7327,1,3,0.732286,0.263667,0.000534467,0.0035125,-0.616753,0.557253,-1.50548,-1.82303
7328,3,0,0.0655844,0.0624133,0.00598523,0.866017,0.609745,-0.811927,-1.09306,-0.963271
7329,0,4,0.998386,0.000673922,0.000214559,0.000725134,3.60144,-4.37779,-2.06254,-2.34979
7330,0,3,0.0462848,0.9517,0.000244785,0.00177029,0.865369,-0.64422,-1.77115,-1.67102
7331,0,3,0.998241,0.00109052,0.00023979,0.000429146,1.62081,-1.23865,-1.3295,-1.8041
7332,1,2,0.307748,0.685442,0.000601097,0.00620877,-0.927666,0.866259,-1.43011,-1.25452
7333,0,0,0.984567,0.0123924,0.000542426,0.00249837,1.02707,-0.244538,-2.0126,-2.3696
7334,0,0,0.998149,0.00107877,0.000247863,0.000524726,2.024,-1.6157,-2.34228,-2.22986
7335,0,1,0.944053,0.0124178,0.00267767,0.0408519,0.0866777,-1.11241,-1.24327,-0.0919388
7336,0,1,0.998331,0.000800258,0.000282568,0.000586626,2.67436,-2.82895,-2.06427,-1.93049
7337,0,0,0.988016,0.0058807,0.000494647,0.00560866,1.06731,-1.13068,-1.37468,-1.15365
7338,0,2,0.995742,0.0025816,0.000199851,0.00147671,1.27884,-1.53655,-1.61906,-1.35015
7339,0,0,0.978555,0.0121331,0.00104937,0.00826197,1.05915,-1.78287,-1.0095,-0.726945
7340,0,2,0.978571,0.0176496,0.000438303,0.00334145,1.20673,-1.36513,-1.51541,-1.57575
7341,0,3,0.998482,0.000999986,0.00015884,0.000359353,2.57859,-2.3202,-1.56337,-2.18211
7342,1,4,0.992733,0.00319066,0.000499929,0.00357686,0.68596,-1.0927,-1.46864,-1.2858
7343,0,3,0.998102,0.000905718,0.000216603,0.000775459,2.50396,-3.76645,-2.00235,-1.586
7344,0,4,0.998065,0.000973557,0.000179563,0.000781512,2.35632,-1.56255,-2.06446,-2.64225
7345,0,0,0.995238,0.0028912,0.000214719,0.00165623,1.3385,-1.61655,-2.03279,-1.65305
7346,0,0,0.998698,0.00080447,0.000205599,0.000292215,2.25305,-2.1183,-1.41641,-1.91974
7347,0,3,0.990251,0.00868052,0.0002572,0.00081102,1.46443,-0.729794,-1.49261,-2.0149
7348,1,1,0.0168942,0.972337,0.00147044,0.00929801,-0.381111,-0.133605,-0.982918,-0.945705
7349,0,3,0.995973,0.00302185,0.000296007,0.000708698,0.866926,-1.03428,-1.08098,-1.47994
7350,0,4,0.995678,0.00302538,0.000194448,0.0011027,1.77158,-1.35767,-1.48003,-2.70279
7351,0,2,0.747605,0.232958,0.000748731,0.0186885,0.205781,-0.361663,-1.26126,-1.18942
7352,1,4,0.138145,0.849554,0.00226365,0.0100366,-0.371932,0.770958,-1.96311,-1.2856
7353,0,1,0.996629,0.00269998,0.000182485,0.000488354,1.3234,-1.67184,-1.84488,-1.26527
7354,0,3,0.998489,0.000730183,0.00018498,0.000595958,2.94587,-2.69546,-1.74903,-2.65827
7355,0,4,0.998023,0.00116742,0.000226979,0.000583018,1.0343,-0.82139,-1.73989,-1.79974
7356,0,2,0.995799,0.00139139,0.000321884,0.0024877,1.99104,-2.07875,-1.7761,-1.35106
7357,0,4,0.0190374,0.977623,0.000839103,0.00250021,-0.64259,0.45783,-1.68167,-1.14861
7358,0,1,0.997711,0.00139952,0.000200638,0.000688764,2.26234,-1.73041,-1.77292,-1.93107
7359,0,2,0.984026,0.00994842,0.000379206,0.00564634,1.08409,-1.60639,-1.66494,-0.859072
7360,0,1,0.995868,0.00157676,0.00051844,0.0020365,1.27614,-1.89516,-1.2343,-0.444941
7361,0,4,0.278173,0.714513,0.00140929,0.00590443,0.479409,-0.456585,-1.5131,-1.1567
7362,0,1,0.980574,0.0148956,0.000375668,0.00415483,0.315391,-0.49871,-1.33389,-1.2207
7363,1,3,0.601092,0.374321,0.00146114,0.0231255,-0.0903695,-0.982231,-0.328545,-1.77847
7364,0,4,0.974439,0.0211427,0.000357616,0.00406085,0.312005,-0.169813,-1.24525,-1.8785
7365,0,4,0.998255,0.000755395,0.000207524,0.000781661,3.3419,-2.6852,-2.07078,-2.66742
7366,3,3,0.00918301,0.0134594,0.00620141,0.971156,-0.980175,0.162235,-0.820915,-0.333034
7367,0,3,0.987505,0.00863797,0.000540866,0.00331644,0.386169,-0.926165,-1.50615,-0.844359
7368,0,3,0.992518,0.00159153,0.000421714,0.00546888,1.04872,-1.61914,-1.19374,-0.946954
7369,1,1,0.00204464,0.988202,0.00132399,0.00842941,-0.913594,0.65793,-0.725665,-1.21232
7370,1,3,0.0430172,0.955454,0.000228618,0.00130028,-0.0113562,0.181475,-1.70792,-1.74757
7371,0,2,0.99,0.00526655,0.000514379,0.00421942,2.82135,-3.43636,-1.63143,-1.94814
7372,0,3,0.998224,0.00106109,0.000212439,0.000502695,0.901896,-0.89499,-1.59958,-1.48064
7373,1,1,0.0141003,0.94647,0.00703147,0.0323983,-0.115979,-0.122121,-0.816303,-0.981708
7374,1,4,0.041703,0.831921,0.109244,0.0171316,-1.94449,-0.129757,0.0738908,-1.0147
7375,0,0,0.997536,0.0018438,0.000278509,0.000341903,0.509747,-0.805038,-1.3386,-1.24841
7376,3,1,0.463983,0.0573697,0.0200699,0.458577,0.0729351,-1.34912,-0.676882,-0.298652
7377,0,1,0.997612,0.00108665,0.000293612,0.00100793,3.23419,-3.30135,-1.73667,-2.11707
7378,0,2,0.992713,0.0059681,0.00015854,0.00116008,0.802828,-0.879021,-1.44027,-1.54673
7379,0,3,0.968984,0.0201082,0.000844785,0.010063,0.737542,-1.25488,-1.22557,-0.797865
7380,1,0,0.0175817,0.977665,0.000454453,0.00429911,-0.625623,0.745801,-1.67565,-1.47871
7381,0,3,0.99288,0.00162828,0.000213792,0.00527801,0.694234,-0.851161,-1.756,-0.987195
7382,1,4,0.123415,0.871862,0.00114553,0.00357705,-0.0256007,-0.238571,-1.58251,-1.33737
7383,0,2,0.959936,0.00586622,0.00106832,0.0331291,0.945328,-2.01832,-1.60846,-0.455376
7384,0,0,0.603146,0.393242,0.000502739,0.00310987,0.0531683,0.407917,-1.47526,-2.43005
7385,0,1,0.0911263,0.881204,0.00359425,0.0240754,0.744638,-0.51378,-1.24283,-1.76771
7386,0,1,0.940927,0.0126701,0.00235521,0.044048,1.05638,-1.74592,-1.71192,-0.983218
7387,0,4,0.621302,0.367391,0.000781988,0.0105244,1.5082,-1.21621,-1.89985,-1.82947
7388,0,3,0.99833,0.000753241,0.000192694,0.000724385,1.39226,-1.79026,-1.59199,-0.987882
7389,0,2,0.971331,0.023141,0.000396127,0.00513204,0.253774,-0.527998,-1.79246,-0.705148
7390,0,4,0.990564,0.00744943,0.000371429,0.00161499,0.899629,-1.25543,-1.13969,-1.14666
7391,1,1,0.00699236,0.986375,0.00225242,0.00437998,-0.521149,0.236873,-1.1927,-1.13443
7392,0,2,0.997054,0.00136753,0.000292304,0.00128593,1.30278,-1.19661,-1.88233,-2.04437
7393,0,2,0.997465,0.00115656,0.000220303,0.00115769,2.33521,-2.72271,-2.23489,-2.08226
7394,0,1,0.998369,0.000743769,0.000279286,0.000607639,3.19141,-3.54219,-1.55083,-1.96024
7395,0,3,0.998587,0.000845458,0.000146346,0.000420991,1.57968,-1.66146,-1.97268,-1.61491
7396,0,3,0.00575907,0.00200785,0.975169,0.0170638,-0.522314,-0.929686,0.0208061,-1.15311
7397,0,1,0.998188,0.000811158,0.000313953,0.000687077,3.4358,-3.16869,-1.90544,-2.5549
7398,1,0,0.0100521,0.98847,0.000287532,0.00119063,-1.09014,0.97914,-1.77634,-1.18423
7399,0,1,0.9982,0.000851758,0.000246909,0.000701322,3.0745,-2.93636,-2.1791,-2.15937
7400,1,2,0.0322921,0.963267,0.000587422,0.00385298,-1.10334,1.08806,-1.41787,-1.56539
7401,0,4,0.992762,0.00653343,0.00022711,0.00047705,0.504483,0.0391074,-1.8602,-1.91606
7402,0,2,0.997932,0.00127331,0.000164754,0.000630336,1.72665,-1.43958,-1.73862,-1.93065
7403,0,2,0.997548,0.00133782,0.000257079,0.000857041,2.00181,-2.67865,-1.5045,-1.2767
7404,0,1,0.998451,0.000778766,0.000258824,0.000511725,3.73315,-3.14396,-2.09016,-2.77868
7405,1,1,0.0269944,0.872799,0.00910847,0.0910983,-0.102909,0.0736778,-1.45157,-0.756448
7406,0,4,0.992565,0.00500652,0.000396957,0.00203173,0.581847,-0.605848,-1.30409,-1.45291
7407,0,4,0.998498,0.000699479,0.000202766,0.000599466,3.33957,-2.98075,-1.83086,-2.41843
7408,0,0,0.998224,0.000797831,0.000210374,0.000768016,1.53778,-2.33284,-1.32572,-0.891882
7409,0,1,0.9985,0.000811411,0.0002624,0.000425917,2.33331,-2.27532,-1.66632,-1.97077
7410,0,3,0.998411,0.000762927,0.000215404,0.000610639,2.4656,-2.80421,-1.5272,-1.7246
7411,0,0,0.783702,0.213,0.000972993,0.00232499,0.977655,-0.761045,-1.32333,-1.85168
7412,0,3,0.998491,0.000833083,0.000155465,0.000520313,1.89287,-2.05724,-1.50469,-1.57662
7413,0,1,0.998301,0.00115302,0.000217069,0.000328415,2.11755,-2.20294,-1.66023,-1.97711
7414,0,0,0.994762,0.00369253,0.000338961,0.00120642,1.16115,-0.926535,-1.44134,-1.94467
7415,0,4,0.997322,0.000972832,0.000334564,0.00137057,1.59425,-1.92486,-1.9901,-1.51317
7416,2,2,0.00398523,0.00365348,0.99051,0.00185149,-1.04055,-1.26838,1.47248,-1.90615
7417,2,2,0.00425578,0.00439087,0.988827,0.00252639,-2.028,-1.99484,1.9927,-1.49371
7418,1,1,0.00916703,0.988709,0.000325896,0.00179828,-0.854365,0.930072,-1.58921,-1.23626
7419,0,1,0.975732,0.0138875,0.00077303,0.00960787,0.805852,-1.11633,-0.758605,-1.31474
7420,0,4,0.996573,0.00252884,0.000211261,0.000687307,0.798222,-0.945708,-1.51427,-1.91369
7421,0,4,0.998423,0.000634972,0.000272299,0.000670009,2.83923,-3.2158,-1.68328,-1.96234
7422,1,0,0.00920544,0.986448,0.000318861,0.00402745,-1.43896,1.2642,-1.03888,-1.36742
7423,0,3,0.998559,0.000805931,0.000159163,0.000476101,3.7002,-3.45376,-2.18202,-3.2619
7424,2,0,0.383326,0.0273109,0.543222,0.0461408,-0.263617,-1.4856,0.371472,-1.68354
7425,0,1,0.997436,0.00187174,0.000200191,0.000491622,1.34899,-1.24225,-1.66312,-2.05498
7426,0,0,0.99667,0.00227927,0.000126903,0.000924059,1.41156,-1.68028,-1.46447,-1.07987
7427,0,4,0.998314,0.000735063,0.000260818,0.000689854,2.8882,-3.08511,-1.82108,-2.14413
7428,1,1,0.0166397,0.772161,0.00154094,0.209659,-1.20637,-0.0624508,-0.97056,-0.0928063
7429,0,3,0.98833,0.0104536,0.000211157,0.00100541,0.798025,-1.03041,-1.27355,-1.38086
7430,0,2,0.997253,0.00157741,0.000277887,0.000891788,2.80124,-2.71019,-1.78104,-2.12127
7431,0,0,0.99839,0.00109282,0.000148042,0.00036928,2.21839,-2.1318,-2.11836,-2.03523
7432,0,1,0.991141,0.00610442,0.000295146,0.00245919,0.692043,-1.16549,-1.58601,-1.0374
7433,0,4,0.998393,0.000695319,0.000261349,0.000650645,1.95059,-2.13037,-1.43615,-1.3883
7434,0,1,0.990137,0.0087896,0.000554085,0.000519499,1.15181,-0.473618,-1.636,-2.48241
7435,1,1,0.0108942,0.965465,0.00320778,0.0204328,-0.200554,0.13628,-1.42172,-0.975667
7436,1,3,0.00608109,0.876456,0.018549,0.0989135,-0.272808,-0.201939,-0.68518,-0.691864
7437,0,0,0.789946,0.208092,0.000315924,0.00164565,1.16971,-0.993197,-1.4309,-2.01161
7438,1,4,0.00443387,0.993162,0.000424468,0.00198005,-1.36243,1.9809,-1.83729,-2.12341
7439,0,4,0.997961,0.00135812,0.000219125,0.000462078,0.949516,-0.736441,-1.64534,-1.76229
7440,3,1,0.985749,0.0102271,0.000611791,0.0034123,1.5807,-1.81649,-1.25278,-1.27852
7441,1,0,0.101356,0.896343,0.000594499,0.00170685,0.202174,-0.14844,-1.02031,-2.31128
7442,1,1,0.0340504,0.956744,0.00130713,0.00789841,-0.766708,0.819955,-0.810854,-1.64006
7443,0,4,0.673091,0.131348,0.00603175,0.18953,-0.188604,-0.265589,-1.42631,-0.726164
7444,0,4,0.904343,0.0843226,0.000888187,0.0104465,0.260669,-0.588272,-1.43293,-0.687209
7445,0,1,0.99523,0.00386589,0.000274092,0.000629858,0.879864,-0.955641,-1.42372,-1.14469
7446,0,0,0.997845,0.00144273,0.000125818,0.00058634,1.44085,-1.71072,-1.51264,-1.36865
7447,0,0,0.995092,0.00383153,0.000163007,0.00091363,0.754865,-1.46275,-1.28855,-0.370687
7448,0,3,0.596569,0.392771,0.000998618,0.00966149,2.20009,-2.0327,-1.82913,-2.2531
7449,0,3,0.998108,0.000955701,0.00028864,0.000647292,2.38816,-2.29868,-1.46976,-1.91054
7450,1,0,0.803428,0.192892,0.000714263,0.00296633,-0.692445,0.349142,-1.9235,-0.887849
7451,1,2,0.0149852,0.978167,0.000767428,0.00608066,-0.907342,1.0576,-0.693953,-1.99374
7452,0,0,0.99705,0.00230476,0.000137536,0.000508022,1.29391,-1.3383,-1.09335,-1.50251
7453,1,1,0.0229409,0.974521,0.00042141,0.00211723,-0.439326,0.469042,-1.41991,-1.65644
7454,0,2,0.918323,0.0715783,0.000917912,0.00918049,0.853584,-1.36964,-1.78553,-0.778359
7455,0,3,0.998313,0.000989134,0.000182436,0.000515668,0.717122,-0.732561,-1.01319,-1.32643
7456,1,1,0.0101785,0.982023,0.000678596,0.00711964,-1.15907,0.610557,-0.935973,-0.931778
7457,0,2,0.997295,0.00151557,0.000255014,0.000934625,2.15653,-2.0657,-1.61934,-1.91204
7458,2,1,0.00401028,0.00170554,0.992365,0.00191946,-0.841141,-1.21604,1.10017,-1.39019
7459,0,1,0.998243,0.000903196,0.000251299,0.000602834,1.07734,-0.992483,-1.87541,-1.27835
7460,0,0,0.127581,0.856669,0.00106775,0.0146823,0.12008,-0.0313697,-1.46754,-1.19138
7461,0,2,0.926512,0.0701315,0.000410151,0.00294601,1.00955,-1.34268,-1.621,-1.59649
7462,0,0,0.998641,0.000837286,0.000150999,0.000370819,2.02716,-1.82179,-1.39997,-2.43669
7463,1,2,0.0443175,0.945701,0.000564451,0.00941733,-1.12838,0.921826,-1.20912,-0.772029
7464,0,4,0.997864,0.00102507,0.00030479,0.000806157,2.6474,-2.49542,-1.53645,-1.90711
7465,1,4,0.00564948,0.99181,0.000435641,0.00210488,-1.09923,1.35152,-1.12392,-1.94821
7466,2,4,0.111771,0.00832519,0.836026,0.0438772,-1.29181,-0.544077,0.385776,-1.01114
7467,1,4,0.00677946,0.989836,0.000560446,0.00282403,-1.31629,1.07117,-1.21018,-1.27562
7468,0,2,0.920681,0.0586277,0.000793321,0.0198984,0.278745,-0.630521,-1.30741,-1.06963
7469,1,4,0.0549051,0.941433,0.00109373,0.00256795,-1.14751,1.6347,-1.67076,-1.69157
7470,0,1,0.996232,0.00182261,0.000434178,0.001511,1.53673,-1.84763,-1.65566,-1.12276
7471,0,4,0.998092,0.000792291,0.000226995,0.000889058,2.01658,-2.81194,-1.63365,-1.28622
7472,0,3,0.998566,0.000692728,0.000203972,0.000537394,2.83885,-3.15079,-1.53042,-1.81465
7473,0,0,0.998404,0.000877261,0.000201563,0.000516723,2.56795,-2.46543,-1.78404,-1.98657
7474,0,4,0.995147,0.00245231,0.00021554,0.00218539,1.58927,-2.03017,-1.7904,-1.70118
7475,0,0,0.998528,0.000841289,0.000215009,0.000416062,2.00905,-1.73007,-1.27123,-2.06898
7476,0,1,0.748303,0.23091,0.00140286,0.0193848,0.493161,-0.60863,-1.10295,-0.853476
7477,0,2,0.998044,0.00107236,0.000156921,0.000727012,0.41384,-0.456845,-1.89842,-1.82061
7478,0,1,0.997789,0.000790505,0.000446911,0.000973288,2.29882,-2.29171,-1.40407,-2.03126
7479,0,4,0.998281,0.00101553,0.000183861,0.000519696,2.09382,-1.61958,-1.62872,-2.51586
7480,0,4,0.998276,0.000709643,0.000199578,0.000814405,1.06327,-0.974189,-1.81663,-1.32699
7481,0,4,0.993992,0.00134089,0.000374905,0.00429265,0.214029,-1.17692,-1.13681,-0.235198
7482,0,1,0.993293,0.00555662,0.000174565,0.000975549,0.38542,-1.26411,-1.62742,-0.394149
7483,0,0,0.539433,0.452477,0.000454932,0.00763472,0.743625,-0.407102,-1.44811,-1.71784
7484,0,0,0.997214,0.00171053,0.000271439,0.00080406,0.748848,-1.00279,-1.41763,-1.09185
7485,0,1,0.993964,0.00526639,0.000230065,0.000539113,0.774501,-0.697145,-2.01385,-1.35053
7486,1,0,0.0425171,0.803807,0.14195,0.0117261,-1.10475,-1.45037,0.421377,-1.0062
7487,0,0,0.0692444,0.0284977,0.003954,0.898304,-0.995876,0.932267,-1.16606,-1.11221
7488,1,2,0.0745725,0.900969,0.00109054,0.0233681,-0.431878,-0.326117,-0.813519,-0.2887
7489,0,3,0.996867,0.00250745,0.000189429,0.000436155,1.26306,-1.37381,-1.59132,-1.33387
7490,0,4,0.998281,0.000824008,0.000154524,0.000740803,1.92254,-1.88623,-1.82729,-1.92666
7491,0,3,0.996785,0.00229853,0.000206008,0.000710662,0.735933,-1.17896,-0.991297,-1.15426
7492,0,4,0.896797,0.10003,0.000533175,0.0026398,0.173282,-0.823296,-1.09593,-0.894249
7493,0,3,0.998223,0.000883981,0.000220901,0.000671841,2.03411,-2.3287,-1.78631,-1.37684
7494,0,1,0.998362,0.000818461,0.000304347,0.000515693,1.15423,-1.2497,-1.52784,-1.59989
7495,0,4,0.997504,0.00119916,0.000214369,0.0010823,1.50973,-1.66904,-1.31271,-1.58728
7496,0,3,0.247567,0.570853,0.00794639,0.173633,-0.475596,-0.324595,-0.81775,-0.0331124
7497,0,0,0.984559,0.00294953,0.000961321,0.0115297,1.55799,-1.68182,-1.26111,-1.56453
7498,0,0,0.987116,0.00999429,0.000606686,0.00228291,2.6175,-1.97969,-1.83196,-2.20851
7499,0,2,0.993291,0.00391721,0.000178356,0.00261325,1.47663,-1.56035,-1.42613,-1.53318
7500,0,4,0.997858,0.000943408,0.000206633,0.000991584,1.44714,-1.81748,-1.97887,-1.69447
7501,0,1,0.995648,0.00292792,0.000263702,0.00116011,2.14454,-1.63955,-1.36292,-1.64728
7502,0,2,0.994611,0.00312722,0.000356564,0.00190511,0.782325,-1.63434,-1.33699,-0.795948
7503,0,3,0.998273,0.00079865,0.0001988,0.000730025,4.44071,-4.39049,-2.39813,-2.85351
7504,0,3,0.998143,0.000852542,0.000261794,0.000742874,1.98189,-1.87407,-1.35234,-1.572
7505,1,4,0.195085,0.800746,0.000578754,0.00359059,1.50837,-1.36253,-1.46276,-1.82899
7506,0,2,0.997461,0.0012168,0.000242427,0.00108014,3.8926,-4.18424,-2.48977,-2.69824
7507,0,2,0.997164,0.00188959,0.000211799,0.000734216,0.982491,-1.31304,-0.879611,-1.52888
7508,2,0,0.0117189,0.280614,0.658208,0.0494589,-1.37299,0.0143652,0.26445,-2.17042
7509,0,4,0.286615,0.698382,0.00126651,0.0137365,-0.55182,0.382777,-1.67449,-0.877118
7510,0,1,0.0427435,0.95309,0.000785172,0.00338079,0.64105,-0.392368,-1.65717,-1.96235
7511,0,1,0.998333,0.000774125,0.000274947,0.000617789,2.72421,-2.65452,-1.5208,-1.85435
7512,0,1,0.998157,0.000881336,0.000272759,0.000689072,3.25528,-3.04696,-1.95937,-2.21017
7513,1,0,0.948288,0.0500126,0.000309535,0.00138995,0.509846,-0.56272,-1.49799,-1.30144
7514,0,4,0.996459,0.00110572,0.000343541,0.00209215,0.970599,-1.0943,-1.51941,-1.65563
7515,1,3,0.662243,0.165733,0.0044188,0.167605,0.112199,-0.31611,-1.67573,-0.824113
7516,0,2,0.994044,0.00268773,0.000350836,0.0029175,2.42361,-2.54323,-1.35381,-1.93674
7517,1,0,0.965718,0.0131701,0.00238444,0.0187276,1.31639,-1.57012,-1.73244,-1.08996
7518,1,3,0.00870653,0.989286,0.00017973,0.00182766,-0.840596,0.77423,-1.46019,-1.23597
7519,0,0,0.998591,0.000809112,0.000172775,0.000426788,1.18313,-1.12802,-1.18332,-1.90835
7520,0,0,0.99851,0.00085703,0.000158844,0.000474222,3.47012,-3.23485,-1.87872,-3.02142
7521,0,1,0.997157,0.00200948,0.000238131,0.000595163,0.318419,-0.964286,-1.31282,-0.71342
7522,0,4,0.998237,0.000928228,0.000238855,0.000595808,0.913672,-1.3898,-1.48552,-0.711886
7523,1,3,0.669158,0.328038,0.000640727,0.00216332,0.0433612,0.0507064,-1.38741,-1.67138
7524,0,0,0.931489,0.0545511,0.00152611,0.0124333,0.834312,-0.329098,-1.40731,-2.09183
7525,0,1,0.991885,0.00528948,0.000610809,0.0022147,0.875618,-1.34384,-1.43125,-0.723371
7526,1,4,0.955467,0.0420829,0.000727976,0.00172261,0.555666,-0.642057,-1.8659,-1.08626
7527,1,3,0.00623358,0.991689,0.000361821,0.00171607,-1.06235,1.35836,-1.177,-1.93009
7528,0,4,0.997861,0.00081965,0.000148833,0.00117066,1.41066,-2.33101,-1.5824,-0.747011
7529,0,4,0.0153034,0.97851,0.00153872,0.00464793,-1.02505,1.03225,-1.68932,-1.25137
7530,1,0,0.0159415,0.98074,0.00040865,0.00290954,-0.420866,0.43741,-1.70798,-1.02009
7531,0,3,0.99829,0.00113624,0.000153923,0.000420045,2.04434,-2.05384,-1.86708,-1.79044
7532,0,2,0.842208,0.152779,0.00139883,0.00361414,0.250673,-0.0603554,-1.3568,-1.87264
7533,0,2,0.997621,0.00145088,0.000216498,0.000711952,1.56996,-1.79287,-1.33552,-1.20492
7534,0,2,0.703652,0.283193,0.00178206,0.0113735,0.852067,-0.396572,-1.44689,-1.82446
7535,0,2,0.997735,0.00140366,0.000215258,0.000646418,3.36554,-3.00316,-1.71188,-2.67191
7536,1,4,0.155013,0.837994,0.00106924,0.00592312,0.300826,-0.14063,-1.46414,-1.52902
7537,0,1,0.998236,0.00109907,0.000223072,0.000441902,2.05532,-2.19421,-1.72155,-2.33309
7538,0,4,0.997664,0.001481,0.000335989,0.000519374,1.06048,-1.13445,-1.53395,-1.37704
7539,1,4,0.984564,0.00767299,0.000790765,0.00697271,0.473837,-0.622826,-1.41683,-0.607151
7540,3,0,0.0492053,0.0219416,0.00854225,0.920311,-0.52845,-0.633645,-1.27888,0.408529
7541,0,3,0.96738,0.0243379,0.00113048,0.0071518,0.714985,-1.18993,-1.1546,-0.687314
7542,0,1,0.00578217,0.98869,0.00090864,0.00461896,0.128191,0.141528,-1.1257,-1.68496
7543,0,0,0.992017,0.00348467,0.000424807,0.00407399,0.235883,-0.869386,-1.1865,-0.333268
7544,0,2,0.823731,0.124304,0.00314396,0.048821,0.218206,-0.356069,-1.19955,-1.24028
7545,0,4,0.984924,0.012699,0.00037076,0.00200627,0.323698,-0.847898,-1.20135,-0.747147
7546,1,1,0.0224698,0.953866,0.000947868,0.0227166,-0.624278,0.639349,-1.20938,-1.46099
7547,1,4,0.00965518,0.986179,0.000595549,0.00357064,-1.28805,0.250132,-1.02621,-0.00900725
7548,0,0,0.124413,0.0137558,0.0091276,0.852704,-0.062863,-0.506322,-0.850934,-0.652861
7549,1,0,0.0124334,0.9793,0.000884327,0.00738272,0.130324,-0.330767,-1.15938,-0.867547
7550,0,1,0.99843,0.000792559,0.000248418,0.000528991,3.70107,-3.02922,-2.36595,-2.76421
7551,0,0,0.997752,0.00153713,0.000146796,0.000563825,1.29352,-1.73381,-1.21839,-2.0168
7552,0,3,0.325064,0.656647,0.000462705,0.0178268,0.542607,-0.804416,-1.38257,-1.54787
7553,0,1,0.998285,0.000975675,0.000237007,0.000502725,1.99205,-1.912,-1.7711,-1.82299
7554,0,3,0.992909,0.00143699,0.000242266,0.00541126,1.38875,-2.15598,-1.43987,-1.09692
7555,0,1,0.99824,0.000842691,0.000263873,0.00065373,2.7722,-2.73518,-1.3255,-2.20737
7556,0,0,0.982677,0.0165809,0.000134236,0.000607507,0.771138,-0.78995,-1.91678,-1.19151
7557,0,1,0.997823,0.0012645,0.000216542,0.000695601,2.70863,-2.95612,-1.89649,-1.86102
7558,0,3,0.998384,0.000851084,0.000221802,0.000542569,3.40519,-3.68167,-2.19614,-2.28705
7559,1,4,0.00653377,0.988823,0.000898175,0.00374471,-1.09078,1.06531,-1.2682,-1.53098
7560,3,3,0.0664477,0.661662,0.00245727,0.269433,-0.605247,0.0148147,-1.35678,-0.821162
7561,0,2,0.997361,0.00129263,0.000250098,0.00109597,1.6946,-2.72914,-1.36356,-0.541922
7562,0,4,0.261806,0.72925,0.00129691,0.00764766,-0.740379,0.822066,-1.41984,-1.54832
7563,0,4,0.964437,0.0184669,0.00331254,0.0137838,0.888044,-1.30065,-0.547651,-2.0633
7564,0,1,0.997486,0.0016681,0.000363226,0.000483079,0.206931,-0.229583,-1.0599,-1.92007
7565,0,2,0.997615,0.00131588,0.00024389,0.000825069,1.91875,-2.11283,-1.51693,-1.94988
7566,1,1,0.0360439,0.959093,0.000715207,0.00414801,-0.872383,1.11861,-1.85925,-1.66748
7567,1,3,0.145399,0.839987,0.00272622,0.0118885,-0.876752,0.713884,-1.46101,-1.25455
7568,0,2,0.997468,0.00140465,0.000261107,0.000866227,2.1236,-2.22002,-1.17477,-1.7342
7569,0,0,0.997378,0.00201386,0.000149635,0.000458215,0.725539,-0.954492,-1.27933,-1.7235
7570,3,1,0.803036,0.0170951,0.00653945,0.17333,-0.0206984,-0.905569,-1.10462,-0.0644719
7571,0,0,0.992941,0.0050551,0.000428538,0.0015752,1.10044,-0.736771,-1.95867,-1.79282
7572,1,0,0.0142944,0.982974,0.000252335,0.00247976,-1.09144,1.07783,-1.0712,-1.40457
7573,1,1,0.00315185,0.990283,0.000530859,0.00603397,-0.816572,0.902324,-1.49033,-0.798832
7574,1,4,0.444242,0.400948,0.00939262,0.145418,-0.655071,0.12796,-0.942971,-0.367418
7575,0,2,0.968224,0.024914,0.000684927,0.00617665,0.699331,-0.68065,-1.45083,-1.41022
7576,0,4,0.997463,0.00122755,0.000265217,0.00104384,1.27029,-0.627302,-1.673,-1.87955
7577,0,1,0.991023,0.00476285,0.000688839,0.00352565,0.559163,-0.72811,-0.972522,-1.49467
7578,0,4,0.985119,0.00299769,0.000728898,0.0111541,0.926608,-1.52296,-1.38964,-0.78178
7579,0,3,0.998162,0.00130891,0.000196846,0.00033224,2.64555,-2.49345,-1.56762,-2.08107
7580,0,0,0.993236,0.00461534,0.00028333,0.00186568,0.797948,-1.38627,-1.81159,-0.784127
7581,1,3,0.0887562,0.140385,0.00149687,0.769362,-0.566868,-0.327856,-0.862423,-0.30405
7582,0,0,0.998334,0.000874633,0.000214967,0.000576406,1.65397,-2.18134,-1.52329,-1.12915
7583,0,0,0.982584,0.0122756,0.000944519,0.004196,1.89499,-2.59564,-1.66833,-1.40069
7584,0,4,0.998443,0.000666108,0.000166132,0.000725175,2.14799,-2.86809,-2.02264,-1.37062
7585,0,3,0.993898,0.0044177,0.000320643,0.0013632,0.674393,-0.693072,-2.01932,-1.49476
7586,0,0,0.99237,0.00418637,0.000325191,0.00311865,0.20116,-0.778708,-0.682256,-0.497844
7587,0,3,0.992194,0.00695676,0.000239271,0.000609807,0.453982,-0.952313,-1.81927,-0.697344
7588,1,3,0.0144366,0.983824,0.000294689,0.00144486,-1.19074,1.39206,-1.61227,-1.76247
7589,0,3,0.998091,0.00132037,0.000175751,0.000412644,1.71175,-1.7348,-1.55321,-1.97481
7590,1,1,0.382136,0.610652,0.0023444,0.00486709,0.0372252,0.480178,-1.2103,-2.47873
7591,0,3,0.998125,0.0012773,0.000166079,0.000431618,1.48641,-1.19746,-2.14521,-2.23584
7592,0,0,0.675593,0.320377,0.00032911,0.00370084,0.240716,-0.569401,-0.830013,-1.77674
7593,0,4,0.986105,0.0105504,0.000252152,0.00309291,1.13973,-1.17052,-1.72036,-1.50561
7594,0,4,0.934675,0.0111942,0.000934257,0.0531963,1.30516,-2.1392,-1.72738,-0.727358
7595,1,2,0.0127234,0.98164,0.000439678,0.00519665,-0.00393448,-0.567441,-1.2706,-0.872742
7596,0,2,0.99695,0.00169511,0.00026873,0.00108593,0.732633,-0.896775,-0.932185,-1.29967
7597,0,4,0.0602385,0.920012,0.00125204,0.0184977,-0.0937716,-0.707886,-1.88294,-0.516382
7598,1,1,0.00340037,0.990974,0.000577771,0.00504755,-0.920161,0.747757,-1.46718,-1.15818
7599,1,2,0.211691,0.701604,0.00145592,0.0852494,-0.0414091,-0.0487849,-1.25304,-1.2
7600,2,0,0.00461383,0.0725611,0.915158,0.00766658,-1.3852,-0.320904,0.217613,-1.01253
7601,0,0,0.998243,0.00128935,0.000118937,0.000348894,1.45521,-1.70268,-1.63908,-1.27496
7602,0,1,0.997442,0.00152024,0.000305257,0.000732273,1.2321,-1.10824,-1.70535,-1.16526
7603,1,2,0.0644893,0.930241,0.000584147,0.00468529,0.300009,0.120324,-1.55556,-2.07981
7604,0,1,0.997611,0.001107,0.000350038,0.000932186,1.34233,-1.68366,-1.11986,-1.25677
7605,0,4,0.987918,0.00482741,0.000519348,0.00673501,0.866144,-1.24424,-1.50424,-0.594101
7606,1,3,0.00865155,0.979207,0.000608919,0.011533,-1.91203,1.44304,-0.861985,-1.0162
7607,0,4,0.989221,0.00282779,0.000387211,0.00756387,0.818378,-1.23337,-1.46798,-0.927617
7608,1,2,0.0754237,0.919746,0.000673914,0.00415654,-1.44393,1.43958,-1.65834,-1.90661
7609,0,4,0.993661,0.00316724,0.000199044,0.00297244,1.12255,-1.32658,-1.28043,-1.65302
7610,0,3,0.382692,0.61154,0.00139103,0.00437771,0.816575,-0.910141,-1.22148,-1.88084
7611,0,2,0.997068,0.00208425,0.000205664,0.000642212,1.45419,-1.22282,-1.38307,-1.77385
7612,0,0,0.977639,0.00419532,0.00107534,0.0170903,0.653077,-1.29363,-0.847615,-0.707223
7613,0,0,0.998396,0.000884998,0.000218793,0.000499844,3.44062,-3.33541,-1.32524,-2.26818
7614,3,3,0.787742,0.00949914,0.00397533,0.198784,0.0268231,-2.37502,-1.10655,-0.284813
7615,0,3,0.997643,0.001763,0.000219912,0.000374083,1.21784,-1.13913,-1.49392,-2.26228
7616,0,1,0.997886,0.00129837,0.00019374,0.000621748,1.61682,-2.06331,-1.60056,-1.65606
7617,1,0,0.993232,0.00593235,0.000173196,0.000662632,-0.13951,0.539778,-1.89535,-2.20623
7618,0,4,0.997254,0.00174774,0.000177674,0.000820752,0.478719,-0.317016,-1.59603,-1.5067
7619,0,1,0.98843,0.00595542,0.000751621,0.00486304,1.02611,-2.1594,-1.45938,-0.971982
7620,0,3,0.99725,0.00230297,0.000126729,0.000319845,1.08918,-0.975075,-1.65864,-1.5816
7621,0,4,0.977386,0.0107943,0.0007317,0.0110882,1.07821,-0.985542,-1.68677,-1.67561
7622,0,0,0.992037,0.00536574,0.000502515,0.00209511,0.920012,-1.13311,-1.51137,-1.95602
7623,0,2,0.952383,0.0160697,0.00163522,0.0299124,0.448776,-1.12828,-1.31784,-0.29837
7624,0,1,0.0144083,0.949825,0.012966,0.0228006,-0.640711,0.501127,-1.37667,-0.988596
7625,0,2,0.997505,0.00157627,0.000242438,0.000675963,1.53522,-1.35092,-1.33737,-1.64113
7626,1,4,0.802416,0.0907125,0.0017969,0.105074,-0.169314,-0.481541,-0.83431,-0.462801
7627,0,4,0.997875,0.00082609,0.000194497,0.00110405,2.43824,-2.65652,-1.70747,-1.33055
7628,0,1,0.998489,0.000689974,0.000238915,0.000582153,2.14758,-2.6,-1.52432,-1.45109
7629,0,0,0.992575,0.00500657,0.000240769,0.00217762,0.434817,-0.738973,-1.40003,-1.03956
7630,0,0,0.998592,0.0008571,0.000177565,0.00037298,2.24815,-2.21667,-1.59246,-1.93905
7631,1,2,0.20224,0.786705,0.000625712,0.0104292,-0.37889,0.432975,-2.20467,-1.28292
7632,1,4,0.0107003,0.982688,0.00222219,0.00438925,-1.84938,1.53906,-1.47752,-0.834311
7633,0,1,0.989088,0.00706314,0.000414551,0.0034339,0.754081,-0.750341,-2.03892,-1.16834
7634,0,3,0.998715,0.000738957,0.000157026,0.000389403,2.98394,-2.61951,-1.89839,-2.2357
7635,1,1,0.00553933,0.987787,0.00111227,0.00556101,-1.26821,0.506062,-0.422619,-1.44201
7636,2,3,0.00635097,0.00182938,0.983471,0.0083482,-1.18205,-1.39473,0.473849,-0.491693
7637,2,0,0.00480393,0.00487006,0.986959,0.00336681,-0.0714931,-0.712243,-0.760996,-2.00756
7638,0,4,0.993972,0.00252224,0.000342015,0.0031636,0.852789,-1.31027,-1.54761,-0.760955
7639,1,4,0.0477378,0.758134,0.16308,0.0310484,-1.18541,0.193536,-0.259508,-1.57672
7640,1,0,0.0220565,0.976182,0.000258042,0.0015039,-0.799137,1.38282,-1.61467,-2.17693
7641,0,0,0.99814,0.00108616,0.000174052,0.000599836,1.57627,-1.49716,-1.48419,-1.68195
7642,3,0,0.08117,0.7645,0.00261048,0.15172,-1.29761,0.567657,-1.26303,-0.722356
7643,1,0,0.0644513,0.429927,0.00347722,0.502145,-0.841619,0.00385414,-0.949654,-0.500535
7644,1,0,0.0175001,0.980525,0.000338708,0.00163653,0.0499645,-0.416232,-1.53201,-0.775354
7645,1,4,0.0586354,0.938963,0.000349341,0.00205197,0.609541,-0.804531,-1.55585,-1.01446
7646,1,0,0.923998,0.056323,0.00098315,0.0186962,0.191862,-0.153123,-1.25871,-1.52527
7647,0,4,0.601829,0.2655,0.00168712,0.130984,-0.0713075,-0.320718,-1.34628,-0.38466
7648,1,2,0.189476,0.6757,0.000923159,0.1339,-0.79449,-0.0781538,-0.724619,-0.0803525
7649,1,4,0.00455091,0.990431,0.000747282,0.00427101,-0.932533,0.791857,-1.16657,-1.22519
7650,0,3,0.00932316,0.974016,0.00129736,0.0153638,-0.586717,0.180932,-1.16559,-0.781164
7651,0,0,0.993144,0.00608325,0.000183273,0.000589305,0.876251,-0.520521,-1.07966,-2.8823
7652,3,0,0.203532,0.0289941,0.0057037,0.761771,1.09728,-1.56284,-1.19521,-0.705991
7653,2,2,0.00536801,0.00204345,0.990521,0.00206753,-1.36024,-1.0957,1.09265,-1.85676
7654,0,3,0.925639,0.065692,0.00126958,0.00739928,0.656165,-1.06004,-1.49212,-0.794713
7655,2,2,0.00284467,0.00329022,0.991244,0.00262063,-1.72578,-1.44628,1.29082,-1.039
7656,1,4,0.177042,0.805942,0.000804009,0.0162122,-0.310091,-0.0756359,-1.05179,-1.0666
7657,1,3,0.531013,0.463158,0.00121733,0.00461214,0.108363,0.383636,-1.57447,-1.66088
7658,0,2,0.993177,0.00375569,0.000390281,0.00267752,2.04319,-1.83906,-1.36892,-1.66113
7659,0,0,0.656982,0.339509,0.000717017,0.00279189,0.304764,-0.203839,-1.39434,-2.15997
7660,0,0,0.98149,0.0158005,0.00028606,0.00242339,0.572042,-1.05932,-1.84107,-0.996894
7661,0,1,0.997763,0.00139822,0.000264779,0.00057383,1.35296,-1.45884,-1.65629,-1.30071
7662,0,2,0.990674,0.00331411,0.000475118,0.00553656,1.09582,-1.75211,-1.42849,-0.699675
7663,1,2,0.00756142,0.987936,0.000512305,0.00399043,-0.877128,0.144715,-1.28294,-0.760513
7664,3,0,0.0525531,0.868277,0.00121677,0.0779533,-0.57533,0.596357,-1.79399,-1.11911
7665,0,1,0.998454,0.000707002,0.00023844,0.000600611,3.6531,-3.22281,-2.17296,-2.9314
7666,1,3,0.0383786,0.960281,0.000282074,0.00105832,0.794585,-0.464298,-1.38725,-1.94196
7667,0,3,0.984861,0.0145652,0.000149791,0.000424221,0.374874,-0.322035,-1.81075,-1.73804
7668,1,2,0.234268,0.759186,0.000571689,0.00597462,-0.212354,0.497549,-1.2462,-1.78492
7669,0,0,0.998385,0.000913081,0.000164508,0.000537297,3.61102,-3.52019,-1.75659,-2.8767
7670,0,1,0.998232,0.000854285,0.000276534,0.000636713,2.66455,-2.60202,-1.64279,-1.80101
7671,0,3,0.998531,0.000963605,0.000155472,0.000349677,1.28441,-1.68905,-1.93924,-1.21818
7672,1,4,0.0029504,0.992572,0.00050574,0.00397213,-1.82202,1.06529,-0.825913,-0.591099
7673,0,1,0.998362,0.000956878,0.00024455,0.000436809,1.42394,-1.63378,-2.2377,-1.43663
7674,3,4,0.988946,0.00241099,0.000400172,0.00824236,0.842264,-1.35724,-1.46527,-0.553207
7675,2,1,0.00276282,0.00229943,0.991348,0.00358935,-1.40645,-1.05326,1.50911,-1.81142
7676,0,2,0.997437,0.00123232,0.000242422,0.00108858,2.425,-2.47622,-1.87865,-1.98555
7677,0,1,0.998499,0.000780326,0.000236134,0.000484515,3.65945,-3.35141,-2.36702,-2.39808
7678,0,3,0.998578,0.00065459,0.000153068,0.00061433,3.06516,-3.3105,-1.55787,-2.31306
7679,0,1,0.998466,0.000837957,0.000291577,0.000404814,2.38248,-2.03058,-1.82175,-2.11338
7680,0,2,0.997883,0.00111926,0.000160303,0.000837468,0.593994,-1.35072,-1.15367,-0.997368
7681,0,3,0.996219,0.00147742,0.00150803,0.000795452,0.935833,-2.06901,-0.459814,-1.53628
7682,0,1,0.994425,0.00253574,0.000531001,0.00250864,1.3995,-1.49977,-1.39702,-1.3296
7683,0,1,0.997969,0.00144432,0.00023463,0.000352221,1.18299,-1.63308,-1.731,-1.19152
7684,0,4,0.998327,0.000812063,0.000205522,0.000655705,2.59757,-2.56347,-1.50241,-1.75252
7685,0,1,0.996679,0.0022804,0.00028879,0.000751996,0.92185,-0.996343,-1.7211,-1.77847
7686,1,2,0.0352543,0.956585,0.00117151,0.0069896,0.210701,-0.357771,-1.35666,-0.762815
7687,1,3,0.0464546,0.93855,0.00138376,0.0136118,-1.04801,0.619737,-1.75494,-0.647725
7688,1,4,0.447548,0.0867611,0.00752946,0.458161,0.644316,-1.17979,-1.63986,-0.55115
7689,0,4,0.997319,0.0016102,0.000134386,0.000936475,2.72379,-2.67893,-1.69167,-2.14498
7690,1,0,0.0476168,0.94619,0.00169923,0.00449441,0.229535,-0.0529629,-1.89337,-1.92455
7691,0,0,0.824656,0.171847,0.000680694,0.00281589,0.586797,-0.519377,-1.61796,-1.48572
7692,0,4,0.956073,0.00317657,0.000901259,0.0398491,0.264937,-1.35537,-1.65482,-0.412679
7693,0,2,0.97658,0.0209014,0.000348735,0.0021699,1.25268,-1.16511,-1.5924,-2.16639
7694,0,1,0.997466,0.00109074,0.000388157,0.00105512,1.26371,-2.45267,-1.31409,-0.257698
7695,0,2,0.996993,0.00192465,0.000221926,0.000860756,0.57337,-0.391395,-1.37697,-1.67515
7696,0,1,0.991339,0.00389617,0.000511066,0.0042541,1.71927,-1.6685,-1.58941,-1.88641
7697,0,2,0.139805,0.834123,0.00133493,0.0247374,-0.481279,0.299069,-1.4982,-1.2208
7698,0,0,0.958499,0.00323478,0.000919569,0.0373469,0.889034,-1.56711,-1.63877,-0.834153
7699,1,1,0.330107,0.564279,0.0028393,0.102775,-0.555869,-0.334297,-1.4015,-0.13593
7700,0,2,0.996009,0.00307105,0.000151783,0.000767811,1.05315,-0.740828,-2.08566,-2.13002
7701,1,3,0.983704,0.015172,0.000322982,0.000800951,1.3405,-1.15073,-1.42018,-1.62881
7702,0,4,0.556728,0.43358,0.00192719,0.00776492,-0.263434,0.103624,-1.40393,-1.17115
7703,0,4,0.998323,0.000786307,0.000225281,0.000665378,1.57917,-1.55546,-1.17914,-2.00761
7704,1,1,0.0913004,0.906034,0.000683604,0.00198194,-0.256163,0.451226,-1.49107,-1.71403
7705,1,3,0.0164668,0.979256,0.000668801,0.00360845,-0.156353,0.147536,-0.928064,-1.37565
7706,1,3,0.00507865,0.993436,0.000220702,0.0012651,-0.649315,0.983957,-1.54772,-1.93084
7707,0,4,0.399472,0.0505891,0.0102878,0.539652,-0.171236,-0.76767,-0.721347,-1.23012
7708,0,2,0.88204,0.1104,0.00089728,0.0066625,0.180682,-0.224207,-1.51833,-1.03436
7709,0,3,0.998349,0.000830528,0.000203927,0.000616593,2.54852,-2.56382,-1.29509,-2.04342
7710,0,0,0.955786,0.0264467,0.00124116,0.0165257,-0.144125,-0.422333,-0.885243,-0.566313
7711,3,2,0.0916487,0.0144373,0.00332042,0.890594,-0.472761,-0.620783,-1.0787,0.169008
7712,0,3,0.997772,0.00175464,0.000143678,0.00033017,0.920108,-0.820668,-1.22322,-1.94654
7713,1,2,0.0165443,0.940878,0.000995263,0.0415822,-1.3153,0.36398,-0.904479,-0.469835
7714,0,0,0.998757,0.000753564,0.000155811,0.000333739,2.33397,-2.44824,-1.80815,-1.98895
7715,0,0,0.998021,0.00130873,0.000186708,0.000483339,3.25246,-3.25678,-1.79165,-2.36457
7716,2,0,0.0141073,0.200535,0.730668,0.0546896,-1.38883,0.428137,-0.244549,-1.50115
7717,0,1,0.998235,0.000745123,0.000334871,0.000684431,2.10419,-2.72563,-1.54349,-1.45176
7718,1,4,0.160393,0.833858,0.000781458,0.00496799,-0.250759,-0.15571,-1.51101,-0.817966
7719,1,2,0.0140496,0.832659,0.00559946,0.147692,-1.48374,-0.417261,-0.597597,0.239291
7720,0,3,0.975365,0.0194604,0.000342901,0.00483168,0.591233,-0.817655,-1.22419,-1.18877
7721,1,2,0.0220575,0.973011,0.00163833,0.00329339,-0.829895,0.328823,-1.12245,-0.942485
7722,0,3,0.989501,0.00967707,0.000181888,0.000639832,-0.186677,-0.433319,-0.815168,-1.52675
7723,0,1,0.996846,0.00148124,0.00022146,0.00145117,0.777202,-1.24042,-1.24764,-1.03889
7724,0,4,0.99815,0.00084015,0.000170354,0.00083933,0.950269,-1.25582,-1.71715,-1.08986
7725,3,3,0.0118499,0.00419847,0.00270809,0.981244,-0.937603,-1.06034,-1.2312,0.921262
7726,0,0,0.998383,0.000967233,0.000165474,0.000484459,2.57184,-2.21447,-1.84144,-2.09755
7727,0,1,0.998185,0.00104154,0.000277604,0.000495849,1.30453,-1.18167,-1.85164,-1.56703
7728,0,0,0.995585,0.00351604,0.000216479,0.000682614,3.02003,-2.86892,-1.49882,-2.26461
7729,3,3,0.0779205,0.0170543,0.00342108,0.901604,-0.948304,0.0908675,-1.2549,0.275359
7730,0,4,0.997931,0.00102714,0.000389097,0.00065289,0.854667,-1.66252,-1.05885,-1.73698
7731,0,3,0.989975,0.00706947,0.000470169,0.00248525,0.396196,-0.604159,-1.27613,-1.23595
7732,0,4,0.942964,0.0373225,0.00128328,0.0184298,0.0844176,0.513929,-1.66088,-2.01175
7733,0,2,0.997354,0.00179287,0.000209372,0.000643652,0.273689,-0.534139,-1.75388,-1.07353
7734,0,4,0.998449,0.000662221,0.000196518,0.000692647,3.52155,-3.44512,-2.05097,-2.59891
7735,0,2,0.881907,0.012666,0.00408404,0.101343,0.595021,-0.499359,-1.23189,-1.08295
7736,0,4,0.998381,0.000617216,0.000211644,0.000790202,2.92585,-2.59981,-1.87381,-2.18805
7737,0,2,0.997731,0.00123389,0.000208634,0.000826777,2.03871,-1.67944,-1.91747,-1.85876
7738,0,0,0.997841,0.00155691,0.000213605,0.000388303,0.525452,-0.537521,-1.85352,-1.57528
7739,0,0,0.998523,0.000899049,0.000215428,0.000362186,2.26277,-2.56866,-1.65287,-1.46151
7740,1,4,0.017186,0.964804,0.00666797,0.0113426,-1.3567,0.901013,-0.440781,-1.78189
7741,1,0,0.0239561,0.964009,0.00122046,0.0108143,-0.323284,-0.167591,-0.907219,-0.610798
7742,0,0,0.998363,0.000828919,0.000227501,0.000580377,1.5195,-1.28455,-1.23086,-2.37355
7743,0,0,0.9857,0.0124993,0.000170212,0.00163077,0.16777,-0.623709,-1.21315,-1.21128
7744,0,2,0.995273,0.00388878,0.000275176,0.000563524,0.827494,-0.17758,-2.2881,-2.10572
7745,0,0,0.996468,0.00198083,0.000307951,0.00124321,0.98457,-1.20285,-1.56498,-1.14019
7746,0,0,0.998512,0.000800403,0.000207578,0.000479813,0.753942,-1.61149,-1.93348,-0.0755738
7747,0,4,0.998049,0.00124639,0.000127576,0.000577368,0.837127,-0.800865,-1.28998,-1.76861
7748,0,2,0.924914,0.0447192,0.00124648,0.0291207,0.375269,-1.54842,-0.674131,-1.02943
7749,0,1,0.0684076,0.906611,0.00798282,0.0169989,0.143571,-0.274644,-1.14388,-1.26576
7750,0,3,0.910667,0.0880795,0.000284197,0.000968966,0.955454,-0.781549,-1.73662,-1.51761
7751,0,3,0.965851,0.0256168,0.00083387,0.00769814,-0.0685518,-0.922438,-1.18257,-0.650079
7752,1,1,0.00936942,0.985923,0.00043475,0.00427239,-0.684412,0.743657,-1.52987,-1.56148
7753,0,3,0.995892,0.00147693,0.000233685,0.0023973,1.80252,-2.11454,-1.30551,-1.15263
7754,0,1,0.998434,0.000860318,0.000210008,0.000495973,2.12895,-2.74727,-2.17076,-2.34119
7755,3,3,0.0162073,0.307607,0.00365539,0.672531,-1.39655,-0.562536,-1.33395,1.01562
7756,1,3,0.00701109,0.988535,0.00164508,0.00280932,-0.394597,0.805919,-1.07625,-1.94476
7757,0,3,0.998147,0.00130379,0.000124877,0.000424106,2.01367,-1.68155,-1.81371,-2.07079
7758,0,1,0.996884,0.002201,0.000240402,0.000674224,1.07192,-1.26921,-2.20913,-1.10172
7759,1,0,0.0081943,0.98318,0.000360824,0.00826462,-0.207304,-0.0595317,-1.09677,-1.31524
7760,0,0,0.961202,0.0370883,0.000250143,0.00145929,1.15007,-1.0211,-1.93082,-1.85721
7761,2,3,0.00116813,0.00269221,0.992789,0.00335051,-1.50575,-1.71709,1.69615,-1.64169
7762,0,0,0.998288,0.0011896,0.000198028,0.000324585,1.43576,-1.09609,-1.85805,-1.89998
7763,1,4,0.00473295,0.986726,0.000566375,0.00797472,-2.31779,2.07869,-1.19938,-1.01481
7764,0,3,0.980587,0.010641,0.000660616,0.00811107,0.905868,-0.768742,-1.24568,-1.60977
7765,0,0,0.985688,0.00911785,0.00194795,0.00324631,0.169889,-0.440934,-0.674324,-1.18026
7766,0,2,0.992471,0.00427146,0.000378743,0.00287895,2.17533,-2.02383,-1.53328,-1.87326
7767,0,2,0.997696,0.00128928,0.00023138,0.000783515,2.19292,-2.39246,-1.58883,-1.67517
7768,0,2,0.985305,0.0116987,0.000239006,0.00275673,0.30349,-0.813687,-1.64075,-0.570573
7769,0,1,0.989722,0.00342605,0.000897237,0.00595448,1.27052,-1.71793,-1.49258,-0.89616
7770,0,1,0.997573,0.00147366,0.000206171,0.000746813,2.03881,-2.015,-1.25025,-2.04212
7771,0,3,0.996435,0.00243044,0.000331018,0.000803432,0.888652,-1.45922,-1.28835,-0.985427
7772,0,0,0.998495,0.000859531,0.000149802,0.000496003,3.59872,-3.31788,-1.73907,-2.62957
7773,1,3,0.0180414,0.976168,0.000335234,0.00545549,0.059841,-0.357139,-1.43543,-1.33064
7774,3,0,0.0311376,0.0126392,0.00374345,0.95248,-0.139217,-0.658378,-1.31479,0.0116666
7775,0,0,0.986299,0.0100374,0.00068824,0.00297501,0.779373,-0.714165,-1.81262,-1.54551
7776,1,2,0.038867,0.289726,0.006921,0.664486,-0.54317,-0.404708,-0.816931,-1.12042
7777,0,4,0.990748,0.00250181,0.000472377,0.00627728,0.325327,-1.24886,-0.808052,-0.413831
7778,1,1,0.0216577,0.949213,0.00306272,0.0260668,-0.0980053,0.259202,-1.72982,-1.31704
7779,0,0,0.998343,0.000856886,0.000204724,0.000595871,1.57482,-1.53501,-1.43256,-1.55538
7780,1,4,0.99828,0.000792441,0.000174076,0.000753204,1.79125,-2.29601,-1.40203,-1.36999
7781,0,0,0.996529,0.00290061,0.00015068,0.000420123,0.733911,-0.781705,-1.66898,-1.33454
7782,0,1,0.998217,0.000898773,0.000320155,0.000564088,2.67512,-2.9623,-1.57301,-1.89027
7783,3,2,0.0156298,0.746495,0.231479,0.00639569,-1.61347,0.107188,0.530185,-2.05359
7784,0,4,0.997156,0.00211209,0.00015435,0.000577979,1.21137,-1.35288,-1.23917,-1.80959
7785,0,0,0.991989,0.00262004,0.000355624,0.00503548,1.37946,-1.96087,-0.968476,-1.22037
7786,0,4,0.998096,0.000767168,0.000241165,0.000896035,2.62923,-2.85765,-1.41731,-1.88094
7787,1,2,0.991764,0.00597405,0.000245317,0.00201626,1.17826,-1.51258,-1.56872,-1.40094
7788,0,1,0.98338,0.0156408,0.000326044,0.000653501,0.262637,-0.142541,-1.47573,-1.428
7789,1,4,0.0117853,0.973992,0.00371022,0.0105128,0.000805352,-0.0290375,-0.723016,-1.58641
7790,0,2,0.876069,0.115365,0.00131198,0.00725362,-0.541829,0.331555,-1.0711,-1.2887
7791,2,4,0.00721017,0.00133505,0.984845,0.00660996,0.177611,-1.80412,-0.217253,-0.936011
7792,0,0,0.998545,0.000742448,0.000186078,0.000526475,2.74998,-2.90519,-1.87138,-1.52881
7793,1,2,0.0637712,0.914509,0.000986448,0.0207338,0.537011,-0.728099,-1.14287,-0.970352
7794,0,4,0.998319,0.000941083,0.00020512,0.000535166,2.70738,-2.93084,-2.03208,-2.04983
7795,0,1,0.997252,0.00176145,0.000290654,0.000695882,1.46372,-1.61065,-1.45999,-1.67248
7796,0,0,0.966249,0.0224894,0.000750711,0.010511,-0.169598,-0.144123,-1.40751,-1.13327
7797,0,3,0.998125,0.00136233,0.000207092,0.000305466,1.35079,-1.32073,-1.70117,-2.35632
7798,2,4,0.00747997,0.00181169,0.988332,0.00237678,-0.726595,-1.39203,0.725835,-1.42598
7799,3,4,0.666743,0.081639,0.00247373,0.249144,0.0963409,-0.0620965,-1.7234,-1.3784
7800,0,3,0.993918,0.00340714,0.000336037,0.0023394,2.02539,-1.9341,-1.6201,-1.94359
7801,0,2,0.997656,0.00110705,0.000212318,0.00102485,2.8242,-3.21113,-1.78357,-1.9113
7802,3,3,0.0110765,0.00895254,0.00313344,0.976838,-1.41141,-0.920135,-1.11115,1.13101
7803,1,3,0.776659,0.220785,0.000466281,0.00208973,-0.513303,0.378524,-1.24206,-1.15165
7804,0,2,0.983694,0.0118853,0.000610516,0.00380991,1.22284,-0.766322,-1.58608,-1.92207
7805,0,3,0.952827,0.0373077,0.000514786,0.00935032,1.99797,-1.98166,-1.81967,-2.42711
7806,3,1,0.656437,0.299075,0.00103226,0.0434556,0.277547,-1.02852,-1.26834,-0.369049
7807,0,2,0.995095,0.00401738,0.000140247,0.000747873,0.17951,-0.375051,-1.17854,-1.42511
7808,0,2,0.996692,0.00237127,0.000259886,0.000676732,1.71583,-1.68822,-1.57592,-2.13311
7809,1,3,0.0242551,0.967686,0.000447186,0.00761175,0.0737127,-0.0763752,-1.0845,-1.8083
7810,0,4,0.990954,0.00470015,0.000511866,0.00383427,2.78989,-2.47759,-1.34734,-1.94983
7811,0,3,0.978736,0.0205726,0.000143437,0.000547705,0.665316,-0.661977,-1.34565,-1.92145
7812,1,4,0.00931897,0.982652,0.00345177,0.00457732,-0.47115,0.162625,-0.717422,-1.35685
7813,0,3,0.998271,0.00102049,0.00024741,0.00046132,0.568955,-0.970773,-1.39317,-1.37602
7814,0,2,0.997095,0.00129481,0.00027568,0.0013346,2.48111,-2.23947,-1.42423,-2.07331
7815,0,0,0.998703,0.000845555,0.000130687,0.000320937,2.63458,-2.42175,-2.12104,-2.4024
7816,3,2,0.825667,0.0901276,0.00585311,0.078352,-0.0658947,-0.673784,-0.651289,-0.902812
7817,2,4,0.00474325,0.00262331,0.990323,0.00231055,-1.70574,-0.688472,1.05494,-1.23192
7818,3,2,0.0661262,0.019008,0.00435883,0.910507,0.231084,-0.692284,-1.36715,-0.611048
7819,0,4,0.978546,0.0195501,0.000380052,0.00152383,0.92527,-1.19735,-1.25996,-1.36635
7820,0,0,0.9965,0.00228222,0.000223119,0.000995081,0.28996,-0.518206,-1.04899,-0.97024
7821,0,4,0.971576,0.0243824,0.000658392,0.003383,0.648264,-0.587139,-1.60035,-0.995103
7822,0,3,0.873003,0.117802,0.000416238,0.00877871,-0.268948,0.347312,-1.63089,-1.48453
7823,0,1,0.833845,0.14747,0.000742754,0.0179426,0.0662075,-0.371689,-1.32247,-0.952378
7824,1,2,0.0501627,0.944654,0.000411699,0.00477184,-0.459496,0.664908,-1.55614,-1.61144
7825,0,1,0.99782,0.0015075,0.000211525,0.000461112,1.43941,-1.51338,-1.38888,-1.60239
7826,0,1,0.977571,0.0213457,0.000195439,0.000887954,0.594045,-0.375851,-1.82892,-1.47423
7827,0,0,0.976564,0.0213029,0.000273187,0.00185961,0.417286,-0.236824,-1.60817,-1.29671
7828,3,2,0.0108987,0.0120579,0.00408251,0.972961,-1.27412,-1.0152,-1.28951,1.12573
7829,1,0,0.00830888,0.987963,0.00048034,0.00324746,-0.535971,0.211058,-1.6208,-0.804591
7830,1,1,0.0126952,0.96987,0.00108572,0.0163488,-1.28801,0.526426,-1.45069,-0.0193187
7831,0,1,0.99809,0.000796168,0.00041345,0.000699876,2.26046,-2.6734,-1.56643,-1.63738
7832,0,2,0.993936,0.00338895,0.000366916,0.00230768,0.968552,-1.16625,-1.8279,-1.51151
7833,0,4,0.976859,0.010007,0.000939015,0.0121952,1.52684,-1.5887,-1.18104,-1.43312
7834,0,3,0.916666,0.0797072,0.000619969,0.00300722,-0.808141,0.370407,-1.34951,-1.05251
7835,0,1,0.96496,0.0334083,0.000844569,0.000787225,-0.383078,0.467083,-1.54193,-2.53572
7836,0,0,0.997717,0.00181024,0.000191077,0.000281843,0.885769,-0.603375,-1.78446,-1.99213
7837,0,3,0.612406,0.0557791,0.00433708,0.327478,0.247631,-0.881096,-1.69346,-0.371746
7838,0,3,0.993871,0.00439821,0.000272651,0.00145819,1.00683,-1.34242,-1.54555,-0.979565
7839,2,1,0.00355559,0.00214607,0.991661,0.00263714,-1.75663,-1.52701,1.49735,-1.60653
7840,0,2,0.996279,0.00195738,0.000336836,0.00142647,3.42673,-3.28696,-2.16849,-2.51054
7841,0,2,0.992672,0.0024486,0.00029102,0.00458802,2.16361,-1.86465,-1.72162,-2.03091
7842,0,2,0.95845,0.0160541,0.000604216,0.0248923,0.54955,-1.32624,-1.58793,-0.857018
7843,0,3,0.950832,0.0447105,0.000792545,0.00366469,0.111773,-0.164738,-1.0229,-2.26912
7844,0,3,0.998171,0.00128236,0.000195316,0.000350919,1.45953,-1.01254,-1.48589,-2.36689
7845,0,2,0.9927,0.00465812,0.000379572,0.00226244,1.68514,-1.63996,-1.99329,-2.13073
7846,2,3,0.00128972,0.00219602,0.993174,0.00334037,-2.01609,-1.88915,1.75559,-1.13975
7847,2,1,0.00485802,0.00626835,0.985482,0.00339144,-1.97466,-0.865027,1.45327,-1.40852
7848,1,1,0.00454004,0.988066,0.000592045,0.00680212,-1.32434,0.855265,-1.31429,-1.06633
7849,0,0,0.998295,0.000921957,0.000248384,0.000535153,1.18038,-1.51878,-1.29442,-1.61848
7850,0,4,0.998299,0.000700023,0.0001942,0.000806509,2.91409,-3.62457,-2.09728,-1.79328
7851,0,3,0.977392,0.0182233,0.000754932,0.00362983,-0.144282,-0.776321,-0.901372,-0.678704
7852,0,1,0.997904,0.00141491,0.000293698,0.00038757,0.943046,-1.09145,-1.37892,-1.85638
7853,0,4,0.998236,0.000852621,0.0001923,0.000719382,2.22873,-2.28543,-1.79165,-1.70678
7854,1,1,0.00361401,0.993296,0.000456339,0.00263376,-1.32127,1.54225,-1.38189,-1.88348
7855,1,0,0.994227,0.00521523,0.000113255,0.000444447,0.485957,-0.413844,-1.60937,-2.51874
7856,0,2,0.985713,0.00535501,0.000478311,0.00845346,1.48824,-1.55678,-1.30603,-1.43316
7857,1,0,0.990455,0.00827738,0.000186746,0.00108096,0.796123,-0.901123,-1.47594,-1.48963
7858,1,1,0.00767318,0.989044,0.000379654,0.00290283,-0.519322,0.374707,-1.44693,-1.18221
7859,0,1,0.9975,0.00184014,0.000234519,0.00042549,1.17537,-1.36975,-1.26001,-1.41867
7860,0,4,0.246717,0.746701,0.00170512,0.00487644,-0.956688,0.985039,-1.43892,-1.64627
7861,0,2,0.975367,0.0223961,0.000337586,0.00189952,0.583589,-0.224813,-1.14631,-2.04312
7862,0,2,0.943024,0.0544103,0.000341388,0.00222396,0.641996,-0.922495,-1.21722,-1.46583
7863,0,2,0.988411,0.00379097,0.000465773,0.00733231,0.629519,-1.43086,-1.77096,-1.08614
7864,1,3,0.0617318,0.666195,0.00158807,0.270485,-0.716533,0.324348,-1.18268,-0.691554
7865,0,2,0.980505,0.0178275,0.000338041,0.00132917,0.945881,-0.30038,-1.28276,-2.37201
7866,0,4,0.99818,0.000780839,0.000227015,0.000811944,0.804392,-0.842958,-1.6956,-1.68244
7867,0,2,0.997789,0.00108155,0.000195623,0.000934175,3.15554,-2.75639,-2.09723,-2.60171
7868,0,4,0.998153,0.00115962,0.000240238,0.000447074,1.42977,-1.23641,-1.66944,-1.52487
7869,1,2,0.0152393,0.868566,0.001033,0.115162,-0.978123,0.143683,-1.13583,-0.277888
7870,0,0,0.998467,0.000885061,0.000151564,0.00049599,1.69471,-1.45559,-1.33804,-2.17406
7871,0,4,0.694306,0.293414,0.000903374,0.0113769,0.166553,-0.131562,-1.51124,-1.1572
7872,0,2,0.990899,0.00768006,0.000236636,0.00118426,0.239934,-0.443549,-1.84488,-0.876463
7873,0,3,0.886818,0.0425281,0.0015316,0.0691226,0.0946399,-0.181393,-1.28536,-0.799895
7874,0,3,0.995702,0.00230052,0.000526516,0.00147089,2.42507,-1.96666,-1.66069,-2.5654
7875,0,4,0.998033,0.00103733,0.000232819,0.000696428,2.05783,-1.62489,-1.72655,-1.69574
7876,3,4,0.0292269,0.0258242,0.00342231,0.941527,-0.372054,-0.675244,-1.11954,0.131284
7877,3,4,0.959386,0.0149057,0.00190711,0.0238018,-0.333778,0.207915,-1.5162,-0.721568
7878,0,3,0.990695,0.00707634,0.000198838,0.00202988,0.383494,-0.683159,-1.50045,-0.9978
7879,0,0,0.989088,0.00579864,0.000763966,0.00434935,2.18902,-2.26195,-1.61975,-1.70799
7880,0,3,0.996117,0.00336174,0.000213653,0.000307242,2.07524,-2.03879,-1.72103,-2.2785
7881,1,0,0.0246576,0.970621,0.000282892,0.00443817,-1.49161,1.40455,-1.62228,-1.39498
7882,3,3,0.011615,0.783843,0.00205217,0.20249,0.136492,-0.108486,-1.80111,-1.16621
7883,0,2,0.997284,0.00115748,0.000283376,0.00127497,2.35048,-2.29822,-1.81504,-2.18573
7884,0,4,0.997942,0.0011414,0.000184879,0.000731924,0.888943,-1.20073,-1.93658,-1.04227
7885,0,0,0.998572,0.000901731,0.000177215,0.000349009,2.23139,-2.30439,-2.13738,-1.9489
7886,1,1,0.0368931,0.913025,0.00384977,0.0462319,-1.07538,-0.536793,-0.871161,0.466873
7887,3,0,0.942408,0.0199546,0.00155307,0.0360845,0.586802,-0.857177,-1.6812,-0.632789
7888,0,2,0.978156,0.0153212,0.000453794,0.00606873,0.966828,-1.37855,-1.16744,-1.23201
7889,0,3,0.998118,0.000950127,0.000285838,0.000646035,2.38082,-2.36824,-1.59128,-2.35792
7890,0,4,0.988978,0.00871552,0.000319056,0.00198717,0.641974,-1.26206,-1.02902,-0.997602
7891,0,1,0.998491,0.000791062,0.000231113,0.000486408,2.51262,-1.94607,-1.5513,-2.5789
7892,0,2,0.997083,0.0012223,0.00032356,0.00137158,1.87602,-1.98533,-1.74188,-1.44073
7893,0,1,0.995981,0.00124503,0.000338714,0.00243527,0.936583,-1.50317,-1.46654,-0.964022
7894,1,2,0.0262448,0.970035,0.000401044,0.00331878,-0.918646,0.381105,-1.73923,-0.455364
7895,1,2,0.648634,0.340141,0.00148988,0.00973425,-0.302283,0.140875,-1.18675,-1.63029
7896,0,2,0.264831,0.721293,0.00175332,0.012123,-0.305602,-0.128217,-1.344,-0.487378
7897,0,1,0.240624,0.755791,0.00092741,0.00265747,-0.888306,1.08877,-1.61896,-1.7806
7898,0,4,0.998408,0.000744524,0.000198051,0.000649386,1.7665,-2.41485,-1.2521,-1.05026
7899,1,0,0.0260093,0.969818,0.00030503,0.00386783,-0.2489,0.173454,-1.40675,-1.2055
7900,0,0,0.997769,0.0016379,0.000267902,0.000325686,1.2595,-0.813983,-1.78804,-2.48389
7901,0,1,0.997813,0.0014697,0.000209878,0.000507419,1.30885,-2.0958,-1.32298,-1.26199
7902,1,1,0.0472494,0.938431,0.000762597,0.013557,-0.513406,0.686989,-1.61286,-1.59542
7903,0,1,0.645104,0.350737,0.00118368,0.00297578,0.42919,-0.400054,-1.56862,-1.31954
7904,0,3,0.997943,0.00121621,0.000286346,0.000554107,2.23622,-2.35331,-1.3884,-1.83601
7905,0,1,0.997919,0.00109658,0.000265338,0.000719154,2.66492,-3.0982,-1.95953,-2.16825
7906,0,2,0.99786,0.00120076,0.000185225,0.000754359,2.21017,-1.93947,-1.56845,-2.41998
7907,3,1,0.978742,0.00860953,0.00147436,0.0111742,0.220952,-0.85336,-1.19064,-0.412256
7908,0,1,0.979241,0.0174922,0.000582191,0.00268415,2.03346,-1.9358,-1.8006,-2.57061
7909,0,1,0.998124,0.00083522,0.000290341,0.00075015,1.52447,-2.2362,-1.71076,-0.898561
7910,0,1,0.99801,0.0012151,0.00031884,0.000455827,2.05047,-1.9712,-1.2026,-1.82943
7911,1,3,0.0237121,0.97391,0.000259968,0.00211797,1.22597,-1.38852,-1.69351,-1.65958
7912,0,3,0.985084,0.00378929,0.000384839,0.0107421,0.535297,-0.553408,-1.14505,-1.40435
7913,0,2,0.394596,0.600513,0.000836618,0.00405414,-0.0923005,0.428246,-1.56039,-1.65348
7914,0,0,0.998254,0.000901443,0.000237,0.000607569,2.1732,-2.29705,-1.77454,-2.18816
7915,0,1,0.986523,0.0106169,0.000798553,0.0020612,-0.0856175,0.107696,-1.23028,-1.44062
7916,1,4,0.739426,0.254046,0.000652249,0.00587622,-0.291059,0.155106,-1.43484,-1.63297
7917,0,3,0.987705,0.00779962,0.000490643,0.00400511,1.48561,-1.61697,-0.937318,-1.63385
7918,1,4,0.0514801,0.516389,0.00694669,0.425185,0.00267851,0.118968,-1.37517,-1.44643
7919,1,1,0.708869,0.277597,0.00418229,0.00935159,-0.41707,-0.307166,-1.14672,-0.638793
7920,0,4,0.998566,0.000750483,0.000155174,0.00052803,2.4402,-1.86782,-2.02401,-2.81079
7921,0,0,0.994238,0.00129615,0.000307863,0.00415755,1.74524,-2.38459,-1.35771,-1.10446
7922,0,2,0.993881,0.0049126,0.000154144,0.00105236,1.16634,-0.949567,-1.429,-1.83403
7923,2,2,0.00513538,0.00225556,0.989682,0.00292748,-2.00943,-1.70552,1.59969,-0.922802
7924,0,4,0.981458,0.0138231,0.000527157,0.00419119,1.01129,-0.738935,-1.7536,-1.29278
7925,0,1,0.997926,0.00106077,0.000266899,0.000746348,1.56282,-1.43145,-1.58864,-1.80164
7926,0,2,0.982866,0.0151258,0.000245023,0.00176338,0.598372,-0.739044,-1.33309,-1.54024
7927,0,3,0.998379,0.000977675,0.000203536,0.000439384,0.971032,-0.909885,-1.541,-1.78492
7928,1,0,0.00868752,0.983758,0.000812021,0.00674276,-1.32194,1.35723,-1.0842,-1.66219
7929,2,3,0.00368256,0.00684308,0.984837,0.00463705,-0.632576,-1.55909,0.505274,-1.70691
7930,0,0,0.991775,0.00648484,0.000376267,0.00136428,1.09804,-0.914649,-1.18826,-1.58295
7931,0,2,0.976661,0.0144386,0.000417416,0.00848285,1.44765,-1.55178,-1.11791,-1.49764
7932,3,3,0.940167,0.0248961,0.000813283,0.0341235,0.393268,-1.98726,-1.01543,-0.067001
7933,1,4,0.00767217,0.990184,0.000465697,0.00167868,-0.263689,0.359353,-1.07596,-1.38149
7934,0,1,0.983222,0.00338036,0.000884407,0.0125137,0.416931,-1.44089,-1.07108,-0.403511
7935,1,0,0.994015,0.00482529,0.000260711,0.00089937,1.91889,-1.34863,-1.7197,-2.37603
7936,0,4,0.997464,0.00155936,0.000205345,0.000771188,2.17757,-2.16073,-1.43284,-1.96458
7937,0,2,0.99625,0.00198814,0.000383168,0.00137849,2.4267,-2.65665,-1.64697,-1.9374
7938,0,2,0.995096,0.00217889,0.000421985,0.00230361,2.68621,-3.52463,-1.74958,-1.84685
7939,0,4,0.998401,0.000734409,0.00020796,0.000656395,2.86113,-2.20989,-1.58751,-3.01567
7940,0,3,0.42674,0.188811,0.00192102,0.382528,0.224689,-0.863811,-0.941805,-0.617084
7941,0,3,0.981632,0.0052991,0.000720666,0.0123479,0.305008,-0.646051,-1.07074,-0.667431
7942,0,0,0.995106,0.00246181,0.000174884,0.00225688,1.68432,-1.85797,-1.27866,-1.41989
7943,0,3,0.0499623,0.945946,0.000709548,0.00338176,0.8548,-0.332223,-1.32409,-2.37954
7944,1,0,0.0413341,0.950455,0.000504557,0.007706,-1.10782,0.922831,-1.69511,-0.661703
7945,1,4,0.229572,0.766087,0.000622546,0.00371794,0.803665,-0.685786,-1.59236,-1.85652
7946,1,3,0.00371476,0.993932,0.000276421,0.00207668,-1.41832,1.66,-1.06973,-1.74559
7947,1,2,0.0612918,0.928813,0.00127394,0.00862116,-0.762662,0.456193,-1.43011,-0.872174
7948,0,3,0.974401,0.0197544,0.000864572,0.00498013,-0.283445,-0.648223,-0.955453,-1.1418
7949,0,4,0.996913,0.00171838,0.000315395,0.00105351,1.58457,-1.36604,-1.69423,-1.80408
7950,0,0,0.996263,0.00290267,0.000145436,0.000688436,1.34635,-1.38998,-1.19466,-1.94575
7951,0,0,0.996963,0.00249791,0.000143002,0.000395614,1.28905,-0.780361,-1.85166,-2.00699
7952,0,3,0.998139,0.000787699,0.00021118,0.000862587,3.07269,-3.13738,-1.73965,-1.74961
7953,0,4,0.99772,0.00161085,0.000183041,0.000486032,0.792419,-0.98783,-1.54347,-0.831418
7954,0,1,0.997568,0.00175428,0.000322456,0.000355534,0.838055,-0.647124,-1.53753,-2.35572
7955,2,3,0.00316282,0.00168634,0.991791,0.00336024,-2.31358,-2.12531,1.55239,-0.871258
7956,1,3,0.00809152,0.422788,0.00462394,0.564496,-0.432414,-0.980153,-0.653149,-0.241642
7957,0,1,0.996576,0.00192197,0.000355181,0.00114654,1.23934,-1.85127,-1.5342,-0.815556
7958,0,4,0.998193,0.000777805,0.000212018,0.000816726,2.30573,-2.77704,-1.41079,-1.52711
7959,0,1,0.997184,0.00182079,0.000274094,0.000720733,1.60707,-1.15067,-1.51592,-1.72249
7960,0,3,0.987715,0.00999182,0.000376929,0.00191607,0.70593,-0.990005,-1.62951,-1.07262
7961,0,0,0.996541,0.00160738,0.000290447,0.00156097,1.4387,-1.09817,-1.27106,-1.84516
7962,0,1,0.998329,0.000863595,0.000277102,0.000529971,2.24217,-2.56329,-1.69064,-1.43037
7963,1,1,0.41121,0.560961,0.00351622,0.0243122,-1.16423,1.0603,-1.47413,-1.46374
7964,0,4,0.975265,0.0133654,0.00104176,0.010328,0.0954342,-0.506503,-1.2531,-0.689948
7965,1,2,0.141854,0.762374,0.00458668,0.091186,-0.0136065,-0.699663,-0.391663,-1.00364
7966,2,0,0.00119206,0.00250639,0.994503,0.00179825,-1.23476,-1.47999,0.907831,-1.75942
7967,0,4,0.771752,0.219819,0.000630834,0.00779854,0.101846,-1.0909,-1.73901,-0.0978893
7968,0,2,0.978799,0.00621977,0.000789212,0.0141921,1.24172,-1.47953,-1.28119,-1.32985
7969,1,3,0.072996,0.917054,0.00249657,0.00745337,-0.0978271,-0.0569173,-1.33667,-1.53661
7970,0,0,0.998511,0.000944948,0.000215847,0.000327844,1.30462,-1.57164,-1.26833,-1.5004
7971,1,0,0.0235152,0.973873,0.000534442,0.00207693,-0.110419,-0.0669808,-1.14876,-0.974695
7972,1,4,0.063501,0.828131,0.0853978,0.0229705,-0.158421,0.486846,-1.04382,-1.85448
7973,1,1,0.00610076,0.98958,0.000475521,0.00384394,-1.78352,1.99175,-1.15323,-1.89719
7974,0,3,0.998285,0.000935553,0.000163211,0.000615952,1.71052,-2.09426,-1.57568,-1.30089
7975,1,1,0.256033,0.553251,0.164381,0.0263348,-0.552067,0.148589,-1.09108,-0.898485
7976,0,1,0.996333,0.0016532,0.000279808,0.00173423,1.46113,-1.97461,-1.34863,-1.02345
7977,0,4,0.99741,0.00136669,0.000216452,0.00100675,0.541173,-0.44051,-1.75541,-1.41559
7978,2,3,0.00232045,0.00169767,0.992625,0.0033565,-0.939446,-1.95145,0.702903,-1.05525
7979,0,1,0.500328,0.439387,0.0532517,0.00703301,1.31121,-1.4234,-1.17358,-1.86813
7980,3,1,0.0558274,0.936444,0.00141893,0.00630971,0.0553476,0.0833054,-1.42347,-1.47007
7981,1,1,0.479058,0.40976,0.00432241,0.10686,0.419632,-0.610337,-0.876572,-1.41582
7982,0,4,0.994146,0.00462183,0.000181675,0.00105058,0.397856,-0.38897,-1.31424,-1.47415
7983,0,2,0.99453,0.00203774,0.00049307,0.00293895,3.89193,-4.40733,-2.13556,-2.81118
7984,0,1,0.268457,0.573621,0.00577947,0.152143,0.545009,-0.758304,-1.17254,-0.701464
7985,1,1,0.00227437,0.991136,0.000452687,0.00613726,-1.38507,1.48749,-1.50373,-1.59405
7986,1,1,0.0421056,0.62359,0.00247006,0.331834,-0.949135,0.426655,-0.713609,-0.907425
7987,0,4,0.997594,0.00130817,0.00026165,0.000836409,2.42258,-2.40839,-1.96114,-1.77028
7988,1,0,0.0354031,0.957344,0.000422973,0.00682978,-0.699669,-0.268466,-1.14255,-0.460111
7989,0,1,0.998219,0.000899653,0.000262326,0.000618926,2.82171,-2.74286,-1.89402,-2.23399
7990,0,1,0.997815,0.00147834,0.000181989,0.000524551,1.64554,-1.15001,-1.61091,-1.87769
7991,1,0,0.0186307,0.978235,0.000532658,0.00260143,-0.427013,0.867924,-1.71675,-1.82711
7992,0,4,0.996512,0.00114088,0.000281502,0.00206587,1.63093,-1.53919,-1.35101,-1.52721
7993,0,3,0.0187799,0.313325,0.00328906,0.664606,-0.443127,0.410009,-1.80611,-0.469426
7994,1,3,0.933697,0.0241284,0.00123157,0.0409428,0.911359,-1.30667,-2.16486,-0.634028
7995,0,0,0.954873,0.0240159,0.00208063,0.0190307,2.10386,-2.25766,-1.33179,-1.42404
7996,0,3,0.891589,0.0581571,0.00142412,0.0488295,0.29164,-0.550264,-1.12388,-0.627092
7997,1,3,0.539621,0.451751,0.0012037,0.00742412,-0.344457,-0.611695,-1.10776,0.0527766
7998,0,3,0.997659,0.00183147,0.000206996,0.000302356,1.56888,-1.39773,-1.4128,-1.68396
7999,0,1,0.996116,0.00124763,0.0004249,0.00221115,1.39385,-1.4154,-1.35149,-1.56674
8000,3,0,0.00853319,0.0260477,0.00478202,0.960637,-0.386278,-0.629731,-1.01041,-0.0174055
8001,0,3,0.994155,0.00480951,0.000157535,0.000877803,1.41524,-1.40053,-1.90998,-1.52471
8002,0,4,0.9977,0.00116477,0.000244865,0.000890447,1.04391,-1.12402,-1.56823,-1.23034
8003,2,3,0.00160271,0.00225577,0.988808,0.00733346,-1.53822,-0.115319,-0.0299938,-0.526104
8004,0,1,0.761215,0.229901,0.000971273,0.00791302,0.276568,-0.565931,-1.13864,-1.04454
8005,0,2,0.991998,0.00444818,0.000399842,0.00315423,1.66391,-1.75734,-1.16781,-1.28862
8006,1,4,0.00428212,0.990102,0.000657969,0.00495766,-1.56443,1.37331,-1.07786,-1.14047
8007,0,4,0.645779,0.317506,0.000995857,0.035719,0.00979037,-0.221308,-1.12921,-1.25923
8008,0,1,0.996776,0.0017831,0.000321571,0.00111911,1.78998,-1.62829,-1.57769,-1.85957
8009,2,1,0.00539365,0.00394415,0.987988,0.00267396,-2.41002,-2.23517,1.70556,-0.842735
8010,0,0,0.997976,0.00142471,0.000128567,0.00047028,1.80276,-1.7681,-1.548,-1.53731
8011,0,2,0.997798,0.00119718,0.000240622,0.000763949,3.27035,-3.79794,-1.75901,-1.90161
8012,0,1,0.996868,0.00193572,0.00019852,0.000997395,0.875435,-1.37085,-1.62628,-1.21591
8013,1,3,0.849883,0.147543,0.000666782,0.00190692,0.0205608,0.24937,-1.1893,-1.58648
8014,0,0,0.0188712,0.930373,0.00375792,0.0469983,-1.00007,0.652142,-1.68689,-0.378405
8015,1,4,0.527127,0.0187192,0.00635026,0.447804,-0.220293,-0.0080596,-1.92579,-0.560037
8016,1,4,0.00456507,0.984818,0.000556516,0.0100603,-0.642608,0.477531,-1.43153,-0.817646
8017,1,3,0.863572,0.13038,0.000452209,0.00559579,-0.0912249,-0.309116,-0.95895,-1.17673
8018,0,4,0.897885,0.0896,0.00127807,0.0112367,0.985372,-1.2294,-1.59689,-0.788317
8019,1,0,0.0284399,0.921333,0.00262859,0.0475988,-1.29363,1.13655,-1.34111,-0.792152
8020,1,3,0.00270284,0.992824,0.000737474,0.00373607,-0.713347,0.96033,-1.90142,-1.62378
8021,0,0,0.997806,0.00172665,0.000209876,0.000257648,1.39272,-0.855023,-1.17334,-2.47693
8022,0,2,0.796421,0.1998,0.00053133,0.00324844,-0.332126,0.30245,-1.78806,-1.46942
8023,1,3,0.939957,0.0580136,0.000374452,0.00165539,-0.476277,1.02771,-1.73441,-1.8556
8024,0,1,0.996881,0.00218707,0.000218888,0.000713512,0.914699,-1.57844,-1.07426,-1.06734
8025,0,3,0.998524,0.000813812,0.000182832,0.000478883,2.20519,-2.2622,-1.70666,-1.57644
8026,0,1,0.998319,0.000845231,0.000256776,0.000578653,2.80637,-2.89653,-1.92039,-1.86621
8027,1,1,0.197067,0.687161,0.00359534,0.112176,-0.123414,-0.47889,-1.02487,-0.196077
8028,1,1,0.560807,0.136462,0.00225856,0.300472,-0.50995,-0.0166043,-1.37614,-0.153155
8029,0,4,0.995851,0.00313571,0.000287425,0.000725415,1.09009,-0.680942,-1.6651,-1.46829
8030,0,0,0.995995,0.00318089,0.000239719,0.000584111,1.19129,-1.58173,-1.26134,-1.12341
8031,1,0,0.00390563,0.993745,0.000289067,0.00206013,-2.10743,1.78071,-1.36222,-1.42255
8032,0,1,0.969753,0.0214475,0.000714731,0.00808437,1.88141,-1.42446,-2.17048,-2.55885
8033,0,3,0.997413,0.00194625,0.000295856,0.000345216,2.16443,-1.97291,-1.71008,-1.83588
8034,0,1,0.995989,0.00136874,0.000316336,0.00232604,1.10845,-1.65828,-1.40235,-0.949416
8035,0,2,0.118345,0.743142,0.00572964,0.132783,0.129187,-0.793213,-1.22576,-0.38372
8036,0,4,0.99706,0.00167064,0.000217648,0.00105161,1.26505,-0.718579,-1.55676,-2.97275
8037,0,4,0.998213,0.00109583,0.000197241,0.00049393,1.94068,-1.5446,-1.93267,-2.48825
8038,0,4,0.998256,0.00101352,0.000158804,0.000571875,1.89195,-2.28238,-1.89453,-1.70666
8039,1,1,0.619269,0.340993,0.00151713,0.038221,-1.25852,0.594888,-1.01137,-0.776338
8040,0,3,0.98633,0.011912,0.000418268,0.00133968,0.115786,-0.146995,-1.86779,-1.81038
8041,0,2,0.997907,0.00113913,0.000184872,0.000769273,2.56084,-2.32423,-1.80252,-2.18084
8042,1,1,0.0438033,0.94252,0.00698846,0.006688,-1.36973,1.1302,-1.14301,-1.06342
8043,0,1,0.998121,0.0011767,0.000224357,0.000477755,2.79393,-2.91455,-1.99151,-2.38892
8044,0,0,0.998747,0.00076917,0.000156419,0.000327281,3.40006,-3.302,-2.14246,-2.64053
8045,0,4,0.99832,0.000849368,0.000196109,0.000634906,1.69764,-1.58842,-1.51073,-2.01965
8046,0,1,0.998304,0.000945675,0.000288133,0.000462237,1.35819,-2.12799,-0.823661,-1.18469
8047,0,0,0.998345,0.00103058,0.000211223,0.000413555,2.10538,-2.22162,-1.57589,-1.42513
8048,0,4,0.998254,0.000869453,0.000161305,0.000715193,1.85941,-1.78365,-1.76415,-1.65578
8049,1,1,0.00332126,0.987011,0.000667546,0.00900062,-0.231736,0.300249,-1.06976,-1.32626
8050,0,3,0.0856517,0.675844,0.217282,0.0212217,-0.814481,-0.414627,-1.04308,-0.0336718
8051,0,2,0.997567,0.0011102,0.000222923,0.00109941,2.95098,-2.73832,-2.22095,-2.4162
8052,0,4,0.786072,0.203662,0.000778084,0.00948826,0.339405,0.0268821,-1.64251,-1.363
8053,0,3,0.994383,0.00237968,0.000538288,0.00269917,0.612299,-1.04061,-1.1335,-1.06
8054,0,2,0.997721,0.00138188,0.00020904,0.000688099,2.05028,-2.11574,-1.25729,-1.80656
8055,1,1,0.00176438,0.985349,0.000979153,0.0119078,-1.42131,0.590154,-1.23367,-0.134374
8056,1,4,0.681331,0.215756,0.00161782,0.101296,-0.611538,0.610505,-1.55588,-1.10274
8057,0,4,0.998151,0.000958546,0.000233302,0.000656871,1.58278,-1.53187,-1.47326,-2.39331
8058,1,0,0.980971,0.0169487,0.000246469,0.00183366,-0.0280635,-0.183155,-1.25429,-0.884699
8059,1,0,0.0156413,0.979354,0.000978915,0.00402592,-0.440133,0.475697,-1.38559,-1.37801
8060,2,4,0.00660748,0.00217573,0.988811,0.00240596,-0.735899,-1.15904,1.02918,-1.84702
8061,0,4,0.895541,0.0326838,0.00218541,0.0695898,0.935557,-1.21023,-1.62265,-1.11068
8062,0,0,0.80359,0.167949,0.00135042,0.0271107,-0.0936014,-0.176869,-1.31702,-1.01761
8063,0,2,0.99077,0.00328223,0.000312229,0.00563529,1.24859,-1.66391,-1.20276,-1.48072
8064,0,2,0.997387,0.00134153,0.000242409,0.00102959,2.8709,-3.2929,-1.55206,-1.78024
8065,0,4,0.99551,0.00216495,0.000342544,0.00198279,2.20624,-1.97424,-1.76536,-2.10466
8066,0,3,0.998468,0.00066288,0.000186791,0.000682588,1.86518,-1.88066,-1.44219,-1.39157
8067,0,4,0.997945,0.000791401,0.000217416,0.00104639,2.28431,-2.15327,-1.52661,-1.71858
8068,0,3,0.997523,0.00112543,0.000363239,0.000988352,1.27476,-1.23624,-1.191,-1.63079
8069,0,4,0.99409,0.00362751,0.000317588,0.00196455,1.37506,-1.37849,-1.46086,-1.1436
8070,0,1,0.831717,0.149702,0.00170248,0.0168783,0.146032,-0.364831,-1.08426,-1.29379
8071,0,2,0.980868,0.0100776,0.000885743,0.00816904,0.897959,-1.79486,-1.30386,-0.850213
8072,0,4,0.994458,0.0030261,0.000384726,0.00213121,1.04874,-1.44789,-1.28307,-1.114
8073,1,3,0.312346,0.672306,0.00110579,0.0142424,0.170263,-0.594996,-1.33385,-0.4898
8074,0,3,0.996301,0.00317721,0.000169707,0.000351632,1.63395,-1.37363,-1.15423,-2.24831
8075,0,3,0.998379,0.000856081,0.000217936,0.000546822,3.31567,-3.0265,-2.0405,-2.57985
8076,0,4,0.998285,0.00107262,0.000148896,0.000493002,1.69229,-1.58822,-1.95542,-1.86656
8077,0,1,0.998598,0.000781929,0.000249432,0.000370803,2.1903,-1.99434,-1.55934,-2.32291
8078,0,3,0.996378,0.00305573,0.00024028,0.000325868,0.986215,-0.897595,-1.4502,-1.13264
8079,0,1,0.995058,0.00295634,0.000352568,0.00163345,1.05417,-1.30469,-1.72089,-0.946913
8080,0,4,0.997074,0.00121515,0.000288341,0.00142204,1.37959,-1.11156,-1.73376,-1.69382
8081,1,2,0.0696363,0.923571,0.000527028,0.00626566,-0.636201,0.579548,-1.31292,-1.30471
8082,0,3,0.998017,0.00134632,0.000186707,0.00044964,1.47691,-0.923283,-1.4193,-2.73356
8083,0,3,0.995898,0.00359528,0.000214024,0.000293108,0.61002,-0.374044,-2.24881,-1.66029
8084,0,0,0.993595,0.00425962,0.000421348,0.00172441,2.89844,-2.92259,-1.58243,-2.3032
8085,1,2,0.0166255,0.979805,0.000408261,0.00316143,-1.63869,2.24453,-1.43379,-1.95132
8086,0,4,0.931182,0.0620511,0.000583597,0.00618302,0.660757,-0.885815,-1.40172,-1.30435
8087,3,3,0.0274642,0.953545,0.00121668,0.0177745,0.225222,-0.3044,-0.762832,-1.25937
8088,0,2,0.991269,0.00752146,0.000241865,0.000967873,0.883492,-0.940914,-1.09945,-1.2607
8089,0,0,0.94061,0.0564054,0.00128509,0.00169914,0.628267,-0.953652,-0.76639,-1.458
8090,0,4,0.998338,0.000683834,0.000223095,0.00075472,3.05201,-2.75435,-1.67197,-2.29443
8091,0,0,0.993372,0.00299635,0.000467197,0.00316477,0.616699,-1.23322,-0.829198,-1.72413
8092,1,4,0.961348,0.02116,0.000521422,0.0169704,0.281626,-0.456786,-1.12882,-0.845263
8093,1,1,0.0200762,0.973249,0.000426654,0.00624824,-0.0763759,0.280924,-1.22626,-1.69083
8094,1,4,0.0135729,0.769074,0.00211425,0.215239,-0.70389,-0.110015,-1.41649,-0.389598
8095,0,3,0.998129,0.00094921,0.000275428,0.000646042,3.50807,-3.29939,-1.66494,-2.84273
8096,0,0,0.986018,0.00666649,0.000799705,0.00651524,0.944304,-1.2382,-1.43913,-1.19006
8097,3,1,0.0277099,0.0430229,0.849496,0.0797713,-0.918306,-0.148869,-0.37609,-0.265243
8098,0,1,0.995248,0.00363529,0.000234906,0.000881346,1.05718,-1.66252,-1.58176,-1.27157
8099,0,0,0.997501,0.00146924,0.000141412,0.000888532,1.67167,-1.79997,-1.66135,-1.29687
8100,0,2,0.997564,0.00112658,0.000236836,0.00107289,3.09578,-2.83333,-1.86624,-2.34865
8101,2,4,0.00544839,0.00403706,0.983024,0.00749083,-0.839791,-1.8226,0.468412,-0.878761
8102,0,2,0.993602,0.00381647,0.000369669,0.00221204,1.97821,-1.74537,-1.59156,-1.91611
8103,0,0,0.993247,0.00150941,0.000446618,0.00479691,0.169052,-1.38404,-1.44591,-0.191723
8104,0,2,0.757374,0.219978,0.00077046,0.0218767,0.445551,-0.507346,-1.47332,-1.09253
8105,0,4,0.998387,0.000768892,0.000238891,0.000605281,1.53767,-1.69149,-1.34998,-1.75319
8106,0,2,0.99757,0.00147078,0.000183372,0.000775802,1.48655,-1.08049,-1.54432,-2.17497
8107,0,2,0.997608,0.00119929,0.000226442,0.000966482,2.11838,-1.86031,-1.58431,-1.86311
8108,1,0,0.00366262,0.993473,0.000418835,0.0024458,-0.727768,0.709901,-1.54015,-1.22881
8109,0,2,0.988847,0.00601934,0.000455184,0.00467872,1.90883,-2.13645,-1.23236,-1.5386
8110,0,1,0.724723,0.253905,0.00130916,0.020063,1.38859,-1.24533,-1.26215,-1.32479
8111,0,4,0.998042,0.00110532,0.00020307,0.000649148,1.39478,-1.03799,-1.60942,-2.28758
8112,2,0,0.00304675,0.00284544,0.987648,0.00645943,-1.96503,-2.03047,0.83472,0.333623
8113,0,0,0.998528,0.00086124,0.000151277,0.00045964,2.80599,-2.76653,-1.62955,-2.39212
8114,0,2,0.997227,0.00127366,0.000244272,0.00125514,1.98939,-2.30887,-1.82141,-2.08897
8115,0,4,0.998375,0.00082812,0.000203535,0.000593567,0.296074,-0.345941,-1.47214,-1.92609
8116,0,2,0.834544,0.0901122,0.00243268,0.0729106,0.514409,-0.753067,-1.37718,-0.956657
8117,0,0,0.987311,0.00562935,0.000652281,0.00640698,0.970658,-1.56285,-1.83068,-0.646828
8118,1,4,0.00278361,0.993943,0.000570518,0.00270325,-1.76447,1.36642,-0.777282,-1.63342
8119,0,1,0.996031,0.00286819,0.000347442,0.000752976,1.46431,-1.18739,-1.50094,-2.50889
8120,0,1,0.955842,0.00948121,0.00129573,0.0333807,1.24072,-1.61558,-1.20037,-0.958801
8121,0,3,0.998319,0.00086443,0.000246939,0.000569682,1.80456,-1.9519,-1.12233,-1.89735
8122,0,3,0.998622,0.000776621,0.000141571,0.000459683,2.89215,-2.93903,-1.90453,-2.06625
8123,0,3,0.998334,0.000848552,0.000207136,0.000609996,2.75495,-2.58856,-1.60349,-2.34541
8124,0,1,0.640555,0.328444,0.00296636,0.0280343,-0.479915,0.259396,-1.04581,-0.917066
8125,1,3,0.329739,0.628797,0.00159871,0.0398654,-0.341415,-0.317083,-1.28784,-0.774518
8126,2,2,0.751636,0.0911615,0.119377,0.0378259,0.147704,-0.436416,-0.900109,-1.2114
8127,0,2,0.992299,0.00573287,0.00026128,0.00170709,1.36665,-1.35536,-1.38635,-1.29664
8128,0,0,0.634674,0.360921,0.000718858,0.00368649,-0.681226,-0.135588,-1.41924,-0.354337
8129,0,0,0.913618,0.0841538,0.0005358,0.00169282,0.219315,-0.548341,-1.0421,-1.08409
8130,0,4,0.993341,0.00354427,0.00035196,0.00276298,0.859882,-1.39995,-1.35662,-1.12624
8131,0,2,0.996301,0.00278477,0.000279799,0.000634242,0.181582,-0.721939,-1.41703,-0.736759
8132,1,1,0.0124662,0.983868,0.000516209,0.00314984,-0.458801,0.679471,-1.35145,-1.91943
8133,0,2,0.961854,0.0305063,0.00059116,0.00704873,0.13183,-0.685142,-1.6018,-0.394886
8134,0,1,0.996648,0.00235042,0.000219264,0.000782691,0.707867,-1.34857,-1.29482,-0.539719
8135,0,3,0.998347,0.000709693,0.000234719,0.000708309,0.255864,-0.716133,-0.906866,-0.773215
8136,0,3,0.990371,0.00783023,0.00118017,0.000618272,0.332957,-0.256039,-1.21322,-2.36202
8137,0,0,0.993091,0.00438618,0.000388726,0.00213452,2.10119,-2.36639,-1.35968,-1.91374
8138,3,1,0.34686,0.646756,0.00199126,0.00439199,0.148699,-0.552726,-0.81745,-0.623042
8139,1,0,0.0109222,0.964172,0.0197005,0.00520485,-0.0960294,-0.365182,-1.09471,-1.08489
8140,0,2,0.997383,0.00119551,0.000261595,0.00115986,3.08512,-3.02404,-1.80164,-2.54394
8141,0,0,0.766819,0.0136526,0.00492056,0.214608,0.444056,-1.1601,-1.21982,-0.772868
8142,0,3,0.580269,0.257744,0.0954692,0.0665182,0.719904,-1.46149,-1.62267,-0.838422
8143,0,0,0.998314,0.00120601,0.000118251,0.000361404,1.62331,-1.45153,-1.61111,-2.20375
8144,1,3,0.984059,0.0139497,0.000643814,0.00134708,0.528225,-0.396772,-1.04595,-1.41785
8145,2,2,0.00396773,0.00667722,0.983275,0.00607968,-1.22808,-1.07958,0.758508,-1.17613
8146,0,3,0.994876,0.003125,0.000365831,0.00163315,1.85292,-2.17477,-2.12842,-1.21648
8147,1,1,0.0222347,0.939002,0.00162172,0.0371419,-0.407242,-0.152597,-1.21075,-0.862599
8148,0,3,0.996558,0.00180021,0.000176512,0.00146499,1.62065,-1.50664,-1.72814,-1.90535
8149,1,4,0.0441545,0.952864,0.00100794,0.00197345,0.323465,0.0059044,-1.55452,-2.27811
8150,0,1,0.997036,0.00156786,0.000224113,0.00117198,1.0106,-0.739886,-1.71273,-1.46302
8151,0,0,0.998532,0.000871396,0.000144633,0.000451633,3.60934,-2.98466,-2.18554,-2.83288
8152,0,3,0.992626,0.00518092,0.000449839,0.00174303,1.13452,-1.87199,-1.41356,-1.04486
8153,0,1,0.690458,0.0247842,0.00822902,0.276529,0.859808,-2.62857,-1.6526,-0.309425
8154,0,0,0.99492,0.00431243,0.000396348,0.000370883,0.469693,-0.233629,-1.41913,-2.77079
8155,0,2,0.997405,0.00138279,0.000207348,0.00100478,3.21311,-2.68461,-2.18351,-2.76439
8156,0,4,0.977372,0.0158615,0.000822661,0.00594368,0.327566,-0.328929,-1.75976,-0.58116
8157,0,4,0.994449,0.00158841,0.000420888,0.0035413,1.24118,-1.01685,-1.60299,-1.97231
8158,0,1,0.998432,0.000873012,0.000225305,0.000469577,2.70166,-2.06669,-2.47111,-2.66854
8159,0,3,0.997938,0.00110304,0.000215302,0.000744173,0.404133,-0.929585,-1.48946,-1.03969
8160,0,3,0.976021,0.0208131,0.00044059,0.00272543,-0.251511,-0.181469,-1.45326,-0.712125
8161,0,0,0.97666,0.0057174,0.000993535,0.0166289,0.968627,-0.86609,-1.22973,-1.26694
8162,0,2,0.993484,0.00267052,0.000257034,0.00358832,3.79202,-3.40245,-2.04051,-2.73722
8163,0,0,0.997714,0.00183784,0.000103078,0.000344646,1.087,-1.30296,-1.30812,-1.15716
8164,0,0,0.998345,0.00100573,0.000190081,0.000458659,2.57946,-2.60836,-1.38079,-2.15381
8165,0,2,0.991606,0.00324355,0.000403607,0.00474708,0.445292,-0.609644,-0.687554,-1.48156
8166,0,4,0.997612,0.00181093,0.000152324,0.000424708,0.22073,-0.210741,-1.57769,-1.53214
8167,0,4,0.997688,0.00112782,0.000243432,0.000940488,2.31846,-1.81921,-1.63028,-2.16951
8168,1,4,0.00237298,0.993521,0.000626325,0.00347974,-2.39722,2.23388,-1.4108,-1.47733
8169,1,2,0.362592,0.626503,0.00131797,0.00958755,-0.0683498,0.260747,-1.36852,-1.8894
8170,0,0,0.995107,0.00419894,0.000254454,0.000439658,0.250968,0.39353,-1.86865,-2.23809
8171,0,0,0.997938,0.00122096,0.000372008,0.000469344,0.893396,-0.954023,-1.5116,-1.52316
8172,0,1,0.998268,0.000953989,0.000223952,0.000554287,1.63945,-2.0384,-1.98884,-1.34374
8173,1,1,0.0153266,0.979993,0.000285624,0.00439435,-0.808602,0.790249,-1.57979,-1.34167
8174,0,1,0.996044,0.00183835,0.000454041,0.00166406,1.2698,-1.32854,-1.73246,-1.32332
8175,0,0,0.997867,0.00128322,0.000304791,0.000545475,1.71409,-1.20262,-1.79553,-2.72657
8176,0,2,0.730676,0.164958,0.00417016,0.100196,-0.183811,-0.679084,-1.00069,-0.36152
8177,0,2,0.971404,0.0189059,0.000558671,0.00913168,2.22668,-2.20567,-1.77956,-1.62037
8178,0,3,0.998259,0.00105493,0.000253274,0.00043252,1.74499,-1.90092,-1.43095,-1.42109
8179,3,3,0.0147028,0.343911,0.017426,0.62396,-1.2912,0.521777,-0.514073,-1.05466
8180,3,3,0.00413782,0.777822,0.00950864,0.208532,-1.06285,0.125277,-0.709093,-0.294623
8181,0,1,0.997287,0.0010991,0.000324893,0.00128875,2.71403,-3.62762,-1.99923,-1.67497
8182,1,0,0.0125982,0.355108,0.609392,0.0229017,-0.303461,0.024063,-1.15391,-0.841154
8183,1,3,0.0352156,0.828967,0.00369181,0.132126,-1.01459,0.60979,-1.20524,-0.336926
8184,0,4,0.998436,0.000721638,0.0001765,0.000666104,3.06197,-2.69959,-2.07007,-2.30538
8185,2,4,0.00602064,0.00283009,0.989061,0.00208882,-2.02566,-0.698075,1.32216,-1.54538
8186,2,0,0.00124787,0.000750984,0.995337,0.00266377,-2.86752,-2.1286,1.88074,-0.139339
8187,0,4,0.991954,0.00393684,0.000347373,0.00376207,1.90699,-1.83302,-1.71913,-1.74241
8188,1,0,0.10073,0.867207,0.00131916,0.0307435,-0.103046,-0.406626,-1.42979,-0.898223
8189,0,1,0.996193,0.00277091,0.00023239,0.000803237,0.930636,-1.52957,-1.21727,-0.773716
8190,0,3,0.998605,0.000785762,0.000166159,0.00044293,1.64193,-1.75223,-1.82083,-1.51811
8191,0,0,0.998621,0.000853784,0.000188654,0.000336311,2.96258,-2.68139,-1.65275,-2.45554
8192,0,1,0.0284131,0.944481,0.000620339,0.0264856,-1.2231,0.835532,-1.13686,-0.675954
8193,0,1,0.99802,0.000908301,0.000280281,0.000791461,2.008,-2.37952,-1.75413,-1.76254
8194,1,0,0.00832894,0.949622,0.00449751,0.0375516,-0.630371,0.307316,-0.92508,-0.725445
8195,0,2,0.99726,0.00176318,0.000234463,0.000742217,1.3043,-1.44281,-1.70491,-1.46717
8196,0,3,0.963169,0.0197017,0.000418949,0.0167104,0.393818,-1.27246,-1.38435,-0.361216
8197,3,1,0.107921,0.620664,0.0117976,0.259617,0.0838584,-1.04322,-1.41282,0.179722
8198,0,2,0.988568,0.00878667,0.000309111,0.00233592,0.303341,-0.165201,-1.63705,-1.66142
8199,0,0,0.998429,0.00089721,0.000209188,0.000465012,2.7233,-2.32648,-1.96552,-2.22961
8200,1,4,0.00517292,0.986747,0.000472311,0.00760784,-1.41855,1.34942,-1.31186,-1.11807
8201,0,3,0.99703,0.00214299,0.00024185,0.000584718,0.781994,-0.935901,-1.49567,-1.05442
8202,0,2,0.996467,0.00257215,0.000336899,0.000624512,0.211916,-0.268938,-1.55767,-1.68834
8203,0,4,0.998441,0.000631274,0.000196517,0.000730862,4.04776,-4.4837,-2.28614,-2.52332
8204,1,4,0.0318514,0.960617,0.00311774,0.00441392,-0.328293,0.502212,-1.49823,-1.38513
8205,1,0,0.221905,0.741225,0.00280704,0.0340635,-0.494181,-0.0810391,-1.09845,-1.05761
8206,0,0,0.990405,0.00453527,0.000491025,0.0045686,1.76361,-1.93174,-1.6724,-1.02159
8207,0,0,0.997906,0.00141768,0.000306594,0.000369823,1.01167,-1.28058,-2.14257,-0.959134
8208,0,2,0.991312,0.00452172,0.000513053,0.00365287,3.00149,-3.03987,-1.75229,-2.17863
8209,1,4,0.00645362,0.989172,0.000562261,0.00381246,-1.00951,1.07631,-1.26957,-1.56861
8210,2,1,0.00363848,0.00385804,0.990303,0.00220039,-2.334,-1.80266,2.11039,-1.64159
8211,0,3,0.998378,0.000969119,0.000216662,0.000435964,1.9639,-2.00553,-1.94897,-1.6399
8212,0,4,0.997577,0.000933066,0.000237766,0.0012519,0.90756,-1.64058,-1.32404,-0.794466
8213,3,4,0.260547,0.0632448,0.00369119,0.672517,-0.066791,-0.39343,-1.32689,-0.545318
8214,0,4,0.998324,0.000902388,0.000177171,0.000596442,1.73804,-1.80889,-1.96726,-1.50331
8215,0,1,0.996851,0.00128316,0.000269228,0.00159692,1.17256,-1.3628,-1.58971,-1.52196
8216,0,0,0.9985,0.000856185,0.000139088,0.000504309,2.65425,-2.71333,-1.79031,-1.63335
8217,0,4,0.982056,0.0026398,0.00112323,0.0141803,0.0810597,-0.691904,-1.37222,-0.776853
8218,0,0,0.998094,0.00127975,0.000270619,0.000355722,1.43487,-1.34074,-1.62125,-1.38109
8219,0,4,0.998131,0.00100061,0.000204681,0.000663952,1.42777,-1.35285,-1.6936,-1.92594
8220,0,0,0.998489,0.0010593,0.000164525,0.000287624,1.74122,-1.93335,-1.65223,-1.7078
8221,1,2,0.243039,0.73989,0.00078113,0.0162905,-0.520963,0.753418,-1.79378,-1.42617
8222,0,0,0.998493,0.00103578,0.000128133,0.0003429,2.53,-1.69527,-2.32213,-3.20211
8223,1,3,0.0236531,0.438954,0.00428239,0.533111,-0.330768,-0.147781,-0.985983,-0.633778
8224,1,4,0.0114429,0.982171,0.00111028,0.00527618,-1.40893,0.995561,-0.728036,-0.991628
8225,0,2,0.997139,0.00168224,0.000284444,0.000894302,3.22553,-2.84397,-1.53219,-3.24478
8226,1,1,0.00893977,0.987665,0.000607024,0.00278773,-0.368882,0.46544,-1.48723,-1.34114
8227,0,1,0.910222,0.0237526,0.00303607,0.0629898,1.17748,-2.18339,-1.39489,-0.618021
8228,0,4,0.993941,0.00107213,0.000579501,0.00440712,1.12937,-1.82752,-1.19769,-1.00745
8229,0,0,0.998709,0.000829206,0.000165852,0.000295663,1.8022,-1.81838,-1.43702,-2.03808
8230,0,2,0.990795,0.00802327,0.000193117,0.000988419,1.08948,-0.67302,-1.67352,-2.29985
8231,0,3,0.998633,0.000760122,0.000146925,0.000459689,2.20573,-1.88382,-1.68858,-2.12101
8232,2,3,0.00404408,0.00138064,0.991005,0.00357063,-0.0415358,-2.29612,0.860601,-1.07876
8233,0,4,0.997955,0.000717777,0.000246849,0.00108067,2.59386,-2.83224,-1.38662,-2.33995
8234,0,4,0.995826,0.00198342,0.000285181,0.00190557,2.02855,-2.10112,-1.94525,-1.76066
8235,1,3,0.205155,0.778037,0.000879517,0.0159284,-0.334328,0.00212061,-1.40063,-1.1083
8236,0,0,0.998492,0.00085869,0.000167116,0.000481682,3.92816,-3.88779,-2.14186,-2.42631
8237,0,1,0.992823,0.00418419,0.000381104,0.00261202,0.91386,-0.886025,-1.52825,-1.48148
8238,1,1,0.0465327,0.645508,0.011846,0.296113,-0.852229,0.295644,-1.15796,-0.319523
8239,2,4,0.640293,0.0467921,0.0038938,0.309021,0.2674,-0.461931,-1.13935,-0.81295
8240,0,0,0.998706,0.000813165,0.000127411,0.000353861,2.54126,-2.11863,-2.44445,-2.2434
8241,0,1,0.996823,0.00244686,0.000189791,0.000540663,1.37884,-2.00272,-1.55829,-0.987412
8242,1,3,0.00549754,0.991407,0.000732119,0.00236331,-0.646595,1.05641,-1.93715,-1.30366
8243,0,0,0.998339,0.00111106,0.000241695,0.000307927,0.913987,-1.23135,-1.45108,-1.60862
8244,0,4,0.998461,0.000846176,0.000223559,0.00046959,1.19491,-1.09574,-1.62844,-2.18704
8245,2,1,0.00710791,0.0227105,0.965205,0.00497668,-0.467446,-0.847939,0.13853,-1.75457
8246,1,1,0.926693,0.0718788,0.000400729,0.0010273,0.284251,0.175389,-1.43358,-2.09043
8247,0,0,0.990481,0.00195551,0.000507641,0.00705583,1.05723,-2.48085,-1.44376,-0.424945
8248,1,3,0.0208316,0.977603,0.000265063,0.00130087,-0.44105,0.793105,-1.0682,-2.28541
8249,0,3,0.993296,0.00320809,0.000438001,0.0030582,2.34792,-2.48459,-2.40774,-1.64869
8250,3,2,0.0181514,0.974152,0.000943758,0.00675233,-1.03035,1.00441,-1.18363,-1.52656
8251,1,2,0.125282,0.857819,0.000490464,0.0164093,-0.46195,0.53054,-1.49684,-1.27745
8252,0,0,0.998394,0.0010107,0.000156059,0.00043939,1.05195,-1.34234,-1.5923,-1.09619
8253,1,3,0.00515883,0.991778,0.000240576,0.00282267,-0.945252,0.577675,-0.829114,-0.922119
8254,0,4,0.998416,0.000732988,0.000213312,0.000637453,3.28761,-3.26739,-2.09971,-2.36861
8255,0,0,0.998344,0.00102957,0.000212465,0.000413555,1.37095,-1.13676,-1.73235,-1.68333
8256,0,4,0.998284,0.000858511,0.000262343,0.000595254,1.6354,-1.54689,-1.5086,-1.57496
8257,0,3,0.963913,0.0348713,0.000377305,0.000838723,0.391163,-0.124116,-1.19376,-1.78803
8258,0,4,0.998014,0.00100736,0.000236943,0.000742053,0.88578,-0.869894,-1.42397,-1.53582
8259,0,0,0.995389,0.0025606,0.000283391,0.00176676,2.59195,-3.34859,-1.74996,-1.57894
8260,0,3,0.996983,0.00135812,0.000171155,0.00148724,1.23054,-1.47033,-1.40541,-1.39539
8261,0,3,0.962611,0.0224458,0.00127219,0.0136707,1.31562,-2.4191,-1.38072,-0.742044
8262,0,2,0.996039,0.00319894,0.000176765,0.000585279,2.23558,-2.16266,-1.77821,-2.06046
8263,2,1,0.00317329,0.0166066,0.973922,0.00629852,-2.06585,-0.171308,0.483007,-0.601315
8264,0,0,0.992655,0.00282931,0.000358654,0.00415701,1.02169,-1.74824,-1.53479,-1.17804
8265,0,3,0.994138,0.00532615,0.000135537,0.000399923,0.196665,-0.280803,-1.48961,-1.28002
8266,0,1,0.995611,0.00163116,0.000448556,0.00230931,0.82108,-1.26346,-1.49093,-0.906304
8267,1,4,0.0235977,0.0973331,0.869641,0.00942784,-0.592257,0.46529,-0.647255,-2.07204
8268,0,4,0.943176,0.0340764,0.000691081,0.0220572,-0.0640481,-0.96808,-0.876315,-0.303048
8269,0,1,0.998266,0.000925539,0.000299015,0.000509636,1.38882,-1.35078,-1.30121,-2.0838
8270,0,2,0.997715,0.000824346,0.000172287,0.00128804,2.71567,-3.61086,-2.01176,-1.46806
8271,0,2,0.996501,0.00132861,0.000332986,0.0018374,1.70294,-1.92589,-1.59775,-1.19427
8272,0,0,0.998695,0.000835698,0.000166824,0.00030267,2.20552,-2.43493,-2.11567,-1.64325
8273,2,3,0.00180293,0.00191546,0.992233,0.00404909,-1.34665,-0.670597,0.519654,-1.03057
8274,0,1,0.989221,0.00897574,0.000311741,0.0014916,1.28653,-1.51222,-1.50512,-1.29277
8275,0,0,0.993589,0.00345627,0.000338561,0.00261659,1.27064,-1.86024,-1.55234,-1.0855
8276,0,2,0.997658,0.00141732,0.000217354,0.000707129,1.92321,-2.1837,-1.73206,-1.42184
8277,0,0,0.882792,0.0653978,0.00160407,0.0502066,-0.138677,-0.671114,-0.802594,-0.46315
8278,0,0,0.993774,0.00511336,0.000137352,0.000975068,0.23544,-0.364458,-1.61589,-1.20603
8279,0,4,0.97784,0.0160131,0.00135434,0.00479219,0.475203,-0.662342,-1.5906,-0.896403
8280,0,0,0.998446,0.00114981,0.000153647,0.000250859,0.411979,-0.37111,-1.50015,-1.67542
8281,0,0,0.0273903,0.951269,0.00162694,0.0197141,-0.455315,0.570067,-1.36374,-1.06746
8282,0,2,0.931001,0.0626479,0.000611485,0.00573962,0.100258,-0.289382,-0.853163,-1.34489
8283,0,4,0.997996,0.00132025,0.000184889,0.000498669,1.96744,-1.86426,-1.43729,-1.65412
8284,0,3,0.996125,0.00298564,0.000161907,0.000727033,1.21974,-1.6373,-1.33254,-0.902386
8285,0,3,0.997989,0.00150408,0.000189642,0.000316971,1.15441,-0.895025,-1.74464,-2.201
8286,0,4,0.178724,0.0189388,0.0698187,0.732518,-0.677942,-0.383605,-1.22776,0.181829
8287,1,3,0.0148882,0.981002,0.00223796,0.00187172,-0.944776,1.4135,-1.73802,-1.99607
8288,0,1,0.99829,0.000759861,0.000286446,0.00066341,2.64289,-2.62245,-1.38007,-2.33374
8289,0,4,0.993587,0.00131699,0.000422169,0.00467368,1.75538,-1.71952,-1.09457,-1.18644
8290,0,2,0.99153,0.00260607,0.000373976,0.00549017,1.38301,-1.39849,-1.29261,-1.51801
8291,2,3,0.00469478,0.00263997,0.989822,0.00284336,-1.90413,-0.518329,0.537309,-1.74576
8292,0,0,0.995878,0.00362694,0.000128548,0.000366915,1.07568,-1.32436,-1.6294,-1.09901
8293,1,1,0.00837775,0.985508,0.00050608,0.0056081,-1.3966,1.2572,-1.18265,-1.09234
8294,0,2,0.996224,0.0020194,0.000380919,0.00137577,2.59396,-2.79921,-1.48412,-1.68891
8295,0,4,0.998289,0.000739364,0.000196871,0.000774847,2.70899,-2.45443,-2.01244,-1.93932
8296,1,2,0.028951,0.966716,0.000729388,0.00360423,-1.37378,1.19668,-1.14375,-1.54039
8297,1,4,0.0427673,0.952225,0.000734058,0.004274,-0.504036,0.102164,-1.55689,-0.671408
8298,1,4,0.0111661,0.379279,0.0028761,0.606679,-2.16607,1.66256,-1.42231,-0.756337
8299,1,0,0.220564,0.675086,0.00287443,0.101476,0.246276,-0.325198,-1.3429,-0.996386
8300,0,3,0.987777,0.0101926,0.000370384,0.00165995,0.323658,-0.167822,-0.844914,-1.69654
8301,0,0,0.909831,0.0454862,0.00398912,0.040694,0.586611,-1.6323,-1.19822,-0.20886
8302,0,4,0.995113,0.00313033,0.000293449,0.00146286,1.49623,-1.33428,-1.62516,-1.37548
8303,0,1,0.998343,0.000725811,0.000264416,0.000666692,2.7075,-3.20128,-1.84888,-1.53184
8304,0,2,0.919984,0.0132516,0.00160134,0.0651632,1.61986,-2.14961,-1.44284,-1.42819
8305,0,3,0.998266,0.00106114,0.000223515,0.000449752,2.4066,-1.8779,-1.48817,-2.97234
8306,1,4,0.00578392,0.991406,0.000328064,0.00248157,-0.420662,0.749383,-1.36136,-1.7381
8307,1,4,0.107515,0.885394,0.00133635,0.00575403,-0.507586,0.658059,-1.92332,-1.20197
8308,1,1,0.0685732,0.150952,0.0131258,0.767349,-1.25949,-0.801116,-1.23971,0.949266
8309,1,2,0.0160804,0.974576,0.000665604,0.00867817,-1.51055,1.71672,-1.41013,-0.950742
8310,2,0,0.00304432,0.00223381,0.989756,0.00496561,-1.54031,-2.54724,1.44625,-0.679885
8311,0,1,0.995238,0.00237708,0.000417944,0.00196682,1.25372,-1.161,-1.36203,-1.59131
8312,1,1,0.204991,0.585678,0.00593563,0.203396,-0.633781,0.324843,-1.15239,-0.769582
8313,1,1,0.0128491,0.979589,0.000860728,0.00670109,-0.0114202,0.166935,-1.03792,-1.53016
8314,0,3,0.997013,0.00223595,0.000145545,0.00060563,1.28199,-1.39762,-1.12726,-1.54054
8315,0,0,0.998421,0.000977717,0.000239366,0.000361442,1.56905,-2.29205,-1.22034,-1.16911
8316,0,4,0.980163,0.018432,0.000257078,0.00114765,0.526118,-0.453343,-1.71678,-1.50005
8317,1,2,0.0221008,0.973849,0.000422768,0.00362728,-1.2162,0.954614,-1.60533,-1.47466
8318,0,2,0.98891,0.00952396,0.000237549,0.00132883,0.817748,-2.01372,-1.53897,-0.212898
8319,2,3,0.00233962,0.00118682,0.994007,0.00246631,-1.83314,-1.6564,1.30544,-1.18938
8320,0,1,0.99094,0.00565004,0.000730346,0.00267933,1.48806,-1.86223,-1.43765,-1.42582
8321,0,1,0.175071,0.822268,0.000622831,0.0020382,0.445717,-0.403907,-1.82931,-1.68014
8322,1,1,0.0149825,0.979336,0.000622225,0.00505941,-0.792183,0.62631,-1.0966,-1.07143
8323,3,2,0.0221602,0.968576,0.00126764,0.00799609,-0.768423,0.495062,-1.10088,-0.916933
8324,1,0,0.00272083,0.994565,0.000713246,0.00200035,-2.09453,1.26885,-0.608274,-0.777249
8325,0,1,0.99808,0.000941777,0.000446169,0.000531913,1.55741,-1.83003,-1.04189,-2.54107
8326,0,1,0.0173513,0.976941,0.00042081,0.00528667,-0.246986,0.550316,-1.72514,-1.78794
8327,0,3,0.998265,0.00111969,0.000158805,0.000456834,3.01178,-3.32879,-1.52407,-1.81773
8328,0,4,0.975008,0.00538816,0.000929943,0.0186738,1.31933,-1.63457,-1.67028,-1.26318
8329,0,2,0.991861,0.00532304,0.000223823,0.00259171,1.00969,-0.811039,-1.301,-1.84454
8330,1,2,0.936026,0.0564052,0.000614786,0.00695388,0.999596,-1.0298,-1.4836,-1.53061
8331,0,3,0.97883,0.0111426,0.000538213,0.00948895,0.121158,-0.942639,-1.26749,-0.405556
8332,0,2,0.99755,0.0016617,0.000195958,0.000591919,1.87882,-1.39007,-1.82179,-2.25192
8333,1,4,0.00293589,0.980963,0.00615488,0.00994655,-0.199649,-0.169418,-1.05498,-1.07294
8334,0,3,0.998279,0.00110558,0.000191185,0.000424162,2.64917,-2.44068,-2.13873,-2.35994
8335,1,2,0.299675,0.692018,0.00209349,0.00621348,-0.957658,1.07752,-1.05734,-1.88733
8336,0,1,0.998434,0.000859479,0.000218801,0.000487331,1.54194,-1.93531,-1.44962,-1.50889
8337,0,3,0.998469,0.000901637,0.000174449,0.000455146,2.11583,-2.00985,-1.8651,-1.81511
8338,0,4,0.99644,0.0021003,0.000282584,0.00117701,1.44638,-0.781057,-2.03971,-1.86927
8339,0,1,0.992821,0.00420467,0.000510832,0.00246336,1.63852,-2.57604,-1.62189,-0.673147
8340,0,0,0.998425,0.000892836,0.000181037,0.000500836,3.78412,-3.67859,-1.99763,-2.4128
8341,1,3,0.523478,0.462871,0.001243,0.0124076,0.329113,-0.237218,-1.4937,-1.19603
8342,0,2,0.994842,0.00330538,0.000224495,0.00162831,1.24634,-1.45445,-1.36238,-1.49972
8343,0,2,0.993744,0.00372495,0.000378489,0.00215268,1.181,-1.22795,-1.51582,-1.83699
8344,1,0,0.00193974,0.966315,0.00134362,0.0304019,-1.43665,0.836787,-0.869054,-0.766934
8345,0,4,0.997961,0.000801525,0.000225199,0.00101223,1.87068,-2.66626,-1.47959,-1.19858
8346,0,3,0.990117,0.008031,0.000173667,0.00167857,-0.0860664,0.0169191,-1.3982,-1.25378
8347,0,0,0.998368,0.00116555,0.000130388,0.00033557,1.96395,-1.38486,-1.67164,-2.56161
8348,0,0,0.998148,0.0011076,0.000275433,0.000468527,1.08924,-1.24856,-1.54327,-1.20203
8349,0,2,0.98748,0.00725421,0.000556932,0.00470889,1.13824,-1.65349,-1.71087,-1.01151
8350,0,0,0.976637,0.00636562,0.00301868,0.0139787,0.355908,-0.606052,-1.33957,-0.632264
8351,0,1,0.987239,0.0116404,0.000186139,0.000934281,0.578388,-0.455813,-1.46919,-1.79151
8352,0,1,0.986865,0.00821497,0.000551176,0.00436934,1.10422,-1.0812,-1.20835,-0.782445
8353,1,1,0.0224694,0.971299,0.000937325,0.00529477,0.470734,-0.340509,-1.24139,-1.80757
8354,0,3,0.988359,0.00938741,0.000294318,0.00195896,1.08167,-0.647555,-1.42316,-2.40572
8355,0,2,0.865052,0.12883,0.000722454,0.00539591,0.988126,-1.10648,-1.32282,-1.3771
8356,1,1,0.980991,0.016105,0.000707645,0.0021968,1.08014,-0.926683,-1.23119,-1.82574
8357,0,3,0.998524,0.000781108,0.00022401,0.000470538,2.00058,-2.06418,-1.55263,-1.65371
8358,0,2,0.997394,0.00115987,0.000277926,0.00116783,1.48966,-2.25099,-1.80442,-0.978291
8359,0,3,0.973444,0.0161428,0.000724492,0.00968886,-0.0593142,-0.218456,-1.1646,-0.871597
8360,0,2,0.997814,0.00116376,0.000203023,0.000819611,2.19097,-2.2505,-1.57565,-1.63659
8361,0,2,0.997483,0.00117022,0.000251598,0.00109503,2.98961,-3.09348,-2.05854,-2.1959
8362,1,4,0.569098,0.425403,0.000541735,0.00495743,0.169287,0.0528447,-1.48486,-1.18757
8363,0,1,0.989756,0.00685379,0.000758532,0.00263207,1.32715,-1.8499,-1.95051,-2.33829
8364,2,4,0.00414005,0.00125221,0.99102,0.00358816,-0.647318,-1.27601,0.999124,-1.67412
8365,0,3,0.997413,0.00211574,0.000117454,0.000354093,2.00201,-2.25231,-1.18786,-1.82974
8366,1,0,0.931573,0.0596408,0.000364646,0.00842177,1.03011,-1.31679,-1.29027,-0.954591
8367,0,4,0.998415,0.000688577,0.000203146,0.0006933,3.42126,-2.88013,-2.26754,-2.77348
8368,0,1,0.939359,0.0552948,0.000782982,0.00456331,0.625178,-0.360615,-1.94828,-1.37838
8369,0,1,0.997924,0.00111712,0.000334766,0.000624205,0.455169,-0.617433,-1.54825,-1.18355
8370,0,3,0.870324,0.126366,0.000826861,0.00248306,0.746553,-0.794716,-1.22228,-1.40413
8371,0,0,0.995854,0.00356714,0.000139262,0.000439987,1.45004,-1.50081,-1.66198,-1.72535
8372,0,3,0.998382,0.000840345,0.000219646,0.000558153,2.41873,-2.27676,-1.61805,-2.03942
8373,0,1,0.996674,0.00143262,0.000330452,0.0015627,0.989013,-1.55678,-1.09344,-1.11303
8374,2,0,0.0024395,0.00114002,0.993821,0.00259937,-0.687163,-2.3827,1.70242,-1.42534
8375,1,2,0.0208661,0.973265,0.000386965,0.00548193,-0.561074,0.901169,-1.81078,-2.01821
8376,0,2,0.99314,0.00536122,0.000186158,0.00131254,0.38119,-0.160276,-1.79209,-1.29267
8377,0,3,0.998278,0.000824006,0.000235621,0.000662754,2.53552,-3.16389,-1.57617,-1.52816
8378,1,2,0.211938,0.691535,0.00219242,0.0943346,-1.50107,1.09546,-0.951853,-1.44837
8379,0,2,0.471421,0.256057,0.00299564,0.269527,-0.61905,-0.0943833,-1.43646,-0.498404
8380,1,3,0.0540459,0.934881,0.000803985,0.0102696,0.127544,-0.146735,-1.63245,-1.09201
8381,0,3,0.996636,0.00121461,0.000262422,0.00188675,0.891316,-1.30859,-1.13981,-1.23416
8382,2,1,0.00334901,0.00235862,0.990407,0.00388491,-2.52148,-1.27151,1.33945,-0.595996
8383,0,0,0.998518,0.00102274,0.000171753,0.000287071,0.457127,-0.808506,-1.67882,-1.59923
8384,0,4,0.992543,0.00550249,0.000237492,0.00171754,0.567604,-0.757077,-1.4205,-1.12704
8385,0,0,0.993151,0.00354013,0.000402659,0.00290635,0.50652,-0.995752,-1.18341,-0.927423
8386,0,1,0.983799,0.0153673,0.000309427,0.000524302,0.447267,-1.09353,-1.63893,-1.15581
8387,0,0,0.99846,0.000778773,0.000209604,0.000551155,3.10571,-2.66125,-1.82068,-2.66167
8388,0,4,0.99837,0.0006583,0.000211642,0.000759922,2.23857,-3.09446,-1.45625,-1.10055
8389,1,4,0.0424475,0.936548,0.00580775,0.0151971,-0.328115,-0.0702691,-1.29892,-0.842135
8390,3,0,0.0104632,0.728526,0.00577266,0.255238,-0.701294,0.264249,-1.23963,-0.668313
8391,0,4,0.996462,0.00209216,0.000208369,0.00123714,1.47439,-1.52223,-1.36171,-1.67528
8392,2,2,0.00809242,0.0408766,0.945458,0.00557271,-0.71969,-1.18316,0.0354791,-1.51239
8393,0,1,0.99666,0.00201831,0.000244133,0.00107716,1.39239,-1.35839,-0.990832,-1.67791
8394,0,1,0.996899,0.00125718,0.00032287,0.00152089,1.40106,-1.22672,-1.55979,-1.61585
8395,0,1,0.230493,0.76616,0.000705504,0.00264182,0.149571,-0.0801637,-1.46674,-1.32322
8396,0,3,0.979677,0.0139726,0.000387238,0.00596352,1.09738,-1.55344,-1.84041,-1.27792
8397,0,0,0.997878,0.00150025,0.000118894,0.000502521,1.92213,-1.40009,-1.48344,-2.06639
8398,0,0,0.997488,0.00152179,0.000175988,0.000814556,1.24457,-1.92311,-1.31618,-0.961148
8399,0,0,0.998202,0.00130259,0.000135295,0.000359954,1.81106,-1.66204,-1.56148,-2.10681
8400,1,0,0.00107468,0.00427334,0.992423,0.00222892,-2.16945,-0.944177,1.47257,-1.34251
8401,0,1,0.937917,0.0240959,0.00225334,0.0357333,1.41003,-1.4396,-1.52406,-1.44671
8402,1,3,0.0134407,0.981957,0.000872979,0.00372961,-1.01374,1.34799,-1.27062,-1.83869
8403,0,1,0.980726,0.0105031,0.000646666,0.00812411,0.53605,-0.53466,-1.04906,-1.02187
8404,1,3,0.49478,0.213114,0.00237327,0.289732,0.0643036,-0.585131,-1.12317,-0.595248
8405,0,2,0.997546,0.00131965,0.000217329,0.000916779,1.48771,-2.21436,-1.32946,-1.24811
8406,0,4,0.988534,0.00254049,0.00114174,0.00778334,1.61462,-2.0008,-1.42164,-1.02276
8407,1,0,0.9523,0.0455514,0.000288609,0.00186004,-0.162877,0.206834,-1.62038,-1.59188
8408,0,1,0.998315,0.000832936,0.000256274,0.000595854,3.51222,-3.65718,-2.2029,-2.36904
8409,1,3,0.0628954,0.92379,0.000555697,0.0127593,-0.468553,0.395554,-1.29505,-1.09423
8410,1,3,0.170627,0.826834,0.000564701,0.00197485,-0.35478,0.437316,-1.50179,-1.57471
8411,0,2,0.997571,0.00136557,0.000265246,0.000798088,2.01355,-2.90724,-1.1702,-1.39285
8412,0,0,0.99786,0.00154181,0.000147674,0.000450448,1.14043,-1.23388,-1.6963,-1.67026
8413,1,0,0.338491,0.465837,0.0125115,0.183161,-1.06153,1.02308,-1.54026,-1.16834
8414,0,4,0.997051,0.00150929,0.000161741,0.00127842,1.43154,-2.12535,-1.31304,-1.64301
8415,0,1,0.989267,0.00738539,0.000486643,0.00286126,0.51287,-1.16147,-1.57083,-0.752394
8416,1,2,0.0141267,0.982533,0.000431566,0.00290917,-0.592412,0.660059,-1.61602,-2.05873
8417,0,0,0.998277,0.000875437,0.000220482,0.000627482,1.12934,-1.29317,-1.63948,-1.13589
8418,0,0,0.993931,0.00483196,0.000361931,0.000875038,0.598361,-0.88657,-1.67215,-1.16167
8419,0,3,0.995218,0.00316601,0.000308768,0.0013076,1.1839,-1.3963,-1.28847,-1.12505
8420,0,2,0.997848,0.00115588,0.00022125,0.000775261,2.34312,-2.77439,-1.60909,-1.68068
8421,0,0,0.411063,0.560213,0.00835816,0.0203659,0.122031,-0.140696,-1.05543,-1.94422
8422,0,2,0.997751,0.00123151,0.000227361,0.000789704,1.95302,-2.01592,-1.59569,-1.69206
8423,0,4,0.996161,0.00194192,0.000297802,0.00159894,1.09431,-1.14681,-1.5903,-1.16114
8424,1,2,0.0786132,0.917424,0.000676163,0.00328621,-0.670264,0.519269,-1.27249,-1.32595
8425,0,4,0.989114,0.0019855,0.000535435,0.0083654,1.02706,-1.63752,-1.14819,-0.929894
8426,0,2,0.99759,0.00131328,0.000278524,0.000818627,1.04336,-1.29168,-1.29907,-1.24719
8427,2,3,0.00331033,0.00104572,0.992445,0.00319909,-0.821269,-2.01357,1.11027,-1.10212
8428,0,0,0.994393,0.00507921,0.000212037,0.000315829,0.0428432,-0.204747,-1.40821,-1.77744
8429,1,3,0.00875698,0.981507,0.00192459,0.00781147,-0.795063,0.716233,-1.53863,-0.803036
8430,1,2,0.59304,0.377328,0.00196271,0.0276692,-0.162091,-0.0426498,-1.33556,-1.19308
8431,0,4,0.995949,0.0018328,0.000325727,0.00189283,0.430844,-0.479281,-1.07399,-1.08063
8432,0,1,0.997873,0.000918872,0.000340685,0.000867426,3.18334,-3.14199,-1.78335,-2.21608
8433,0,2,0.982146,0.00601368,0.000594273,0.011246,0.777108,-1.44679,-1.18201,-0.765162
8434,0,2,0.995342,0.00382222,0.00023447,0.000601083,1.07774,-1.13303,-1.46471,-1.17452
8435,0,0,0.229592,0.76765,0.000404342,0.00235425,0.261105,-0.636533,-1.70834,-1.29603
8436,0,3,0.998354,0.0010706,0.00012106,0.000454206,1.46171,-1.35959,-1.86019,-1.83038
8437,0,1,0.99849,0.000791834,0.000250871,0.000466861,2.41387,-2.85449,-1.78839,-2.03229
8438,0,4,0.997274,0.00126875,0.000310011,0.00114734,1.39388,-1.23041,-1.43472,-1.38402
8439,0,0,0.995411,0.0024315,0.000256528,0.00190106,1.22437,-1.09151,-1.18654,-1.32376
8440,0,4,0.920916,0.0755934,0.00132114,0.0021697,1.39547,-1.69676,-1.81533,-1.13876
8441,0,3,0.99817,0.00117217,0.000234219,0.000424116,1.22657,-1.30582,-1.12148,-1.91729
8442,0,0,0.998713,0.000763904,0.000164883,0.000358034,2.10323,-1.95327,-1.30277,-2.14658
8443,3,3,0.0253781,0.00543009,0.00277342,0.966418,-0.349931,-0.235157,-0.772224,-0.43417
8444,0,0,0.970113,0.0102935,0.00114479,0.018449,0.566206,-0.512622,-1.52588,-1.38369
8445,0,1,0.998037,0.000885544,0.000340077,0.000737015,-0.0602915,-1.41087,-1.44429,-0.412387
8446,0,1,0.996635,0.00161697,0.0002427,0.00150571,1.36219,-2.02154,-1.53679,-0.819816
8447,0,2,0.998065,0.00107133,0.000191518,0.000671735,1.99014,-2.02566,-1.58291,-1.88396
8448,0,4,0.998229,0.000759072,0.000299588,0.000712387,1.59512,-1.47065,-1.48268,-1.88989
8449,0,3,0.00725983,0.015035,0.00240341,0.975302,-0.21507,-1.1842,-1.29085,0.709328
8450,0,1,0.996416,0.001133,0.000387749,0.00206365,1.26246,-1.42063,-1.40019,-1.3846
8451,0,3,0.537434,0.441219,0.00144323,0.0199037,-0.108711,0.407638,-1.12017,-1.8842
8452,0,3,0.974233,0.00521314,0.000761362,0.0197925,0.54806,-1.09277,-1.37427,-0.581271
8453,0,0,0.998234,0.000884854,0.000260288,0.000620751,2.82319,-3.13195,-1.96438,-2.08498
8454,0,0,0.991732,0.00566837,0.000503342,0.00209651,1.91196,-1.87215,-1.40286,-2.33825
8455,0,4,0.517889,0.0214805,0.00891948,0.451711,0.732191,-1.05322,-1.34002,-1.23791
8456,0,0,0.989653,0.00813426,0.000534682,0.00167778,0.621679,-0.652585,-1.42997,-1.07236
8457,0,4,0.998431,0.000728005,0.000177536,0.000663503,0.692072,-0.938448,-1.37548,-1.35836
8458,0,0,0.151642,0.844963,0.00128031,0.00211501,0.25775,-0.0750249,-1.76043,-1.61123
8459,0,1,0.995808,0.00185414,0.000392847,0.00194502,1.27787,-1.10686,-1.477,-1.7067
8460,0,3,0.998194,0.00113724,0.000179586,0.000489121,2.75598,-2.86653,-1.73294,-1.63174
8461,0,2,0.996349,0.00256558,0.000178207,0.000907665,1.83081,-2.1477,-1.29996,-1.76283
8462,0,1,0.984231,0.0139437,0.000345343,0.00147973,0.326885,-0.379409,-1.36871,-1.23167
8463,1,0,0.00334984,0.991622,0.000646233,0.00438183,-0.958266,0.729916,-1.06531,-1.65821
8464,1,2,0.0427844,0.954001,0.000529708,0.00268483,-1.04504,1.52488,-1.69134,-1.88163
8465,0,3,0.997142,0.00206415,0.000303382,0.000490517,0.442918,-0.563439,-1.49627,-2.10642
8466,0,3,0.998373,0.000946665,0.000231086,0.000448923,2.33587,-1.68207,-2.09913,-2.54974
8467,0,4,0.998319,0.000926493,0.000177863,0.000576397,1.23043,-1.68429,-1.23073,-1.24031
8468,1,2,0.248999,0.739754,0.00168596,0.00956093,0.938377,-0.874018,-1.80349,-1.8819
8469,0,2,0.996259,0.00199985,0.000333556,0.00140707,1.20287,-1.27986,-1.46888,-1.5375
8470,0,2,0.997268,0.00152443,0.000287273,0.00092011,2.48513,-2.3069,-1.50628,-2.70063
8471,1,4,0.020621,0.969847,0.00281607,0.00671593,-0.767478,0.274996,-0.528843,-1.16581
8472,0,4,0.997625,0.00151459,0.000175326,0.000684681,1.54637,-1.72893,-1.45155,-1.32059
8473,0,3,0.997646,0.00129679,0.000362575,0.000694799,1.33216,-2.13847,-1.02285,-1.15335
8474,0,4,0.997756,0.00143417,0.000188859,0.00062106,1.75799,-1.54137,-1.56037,-1.72317
8475,0,1,0.984924,0.0115537,0.000791054,0.00273155,1.16234,-1.30552,-1.53615,-1.31125
8476,0,0,0.996709,0.00256901,0.000200436,0.000521926,0.942781,-0.684805,-1.25128,-1.64396
8477,0,3,0.991254,0.00601634,0.000529308,0.00220036,1.2773,-1.6773,-1.4055,-1.70381
8478,0,1,0.998452,0.000858656,0.000225751,0.00046321,2.0981,-1.54108,-1.82077,-2.64568
8479,0,3,0.957267,0.0181337,0.00104678,0.0235529,1.09358,-1.86406,-1.45057,-0.949939
8480,0,0,0.998711,0.00071552,0.000179679,0.000393992,1.595,-1.5382,-1.64433,-1.45921
8481,2,0,0.00171185,0.00139036,0.995063,0.00183475,-1.32769,-1.67041,1.33952,-1.7277
8482,1,2,0.697796,0.291738,0.00308346,0.0073824,-0.220594,0.142334,-1.37878,-1.08718
8483,0,2,0.99725,0.00205934,0.000172207,0.000518146,0.729382,-0.471182,-1.62829,-2.11984
8484,2,3,0.0022046,0.0014027,0.994138,0.00225468,-2.89546,-1.40094,2.14087,-1.5321
8485,0,1,0.997845,0.000896685,0.000323808,0.000934228,2.42442,-2.32421,-1.52684,-2.09983
8486,2,3,0.0510823,0.062679,0.307314,0.578924,0.107765,-1.24766,-0.133535,-0.878032
8487,0,3,0.991393,0.00620061,0.000177667,0.00222878,0.177789,-1.33751,-1.73893,-0.449533
8488,0,4,0.99321,0.00344149,0.000430332,0.0029179,2.48434,-2.11454,-1.77835,-2.4095
8489,0,4,0.998356,0.000904181,0.000214552,0.000524835,1.67375,-1.61289,-1.34964,-1.83726
8490,0,4,0.998123,0.00107664,0.000146278,0.000654292,2.07021,-2.20029,-1.63377,-1.18882
8491,0,1,0.969899,0.0277704,0.000370853,0.00196029,1.10423,-0.909721,-1.75059,-2.02892
8492,1,1,0.016311,0.98095,0.000407144,0.00233154,-1.02876,1.17219,-1.24309,-1.66052
8493,2,4,0.0269022,0.0189466,0.0753692,0.878782,-0.378131,-1.16829,-0.342828,0.0879983
8494,0,2,0.997049,0.00195793,0.000232135,0.0007604,0.975449,-0.599003,-1.07639,-1.76509
8495,0,1,0.988194,0.0109886,0.000222126,0.000595601,0.680168,-0.73473,-2.42351,-1.35568
8496,0,2,0.997609,0.00122414,0.000205776,0.000960837,3.80573,-4.4723,-1.99723,-2.17277
8497,0,4,0.996805,0.00117056,0.000329207,0.00169486,1.61162,-2.04571,-1.43589,-1.21906
8498,0,0,0.841198,0.147469,0.00180452,0.00952917,-0.111756,-0.237849,-1.21177,-0.915272
8499,0,0,0.979201,0.00337642,0.000848704,0.0165737,2.14662,-2.37146,-1.21189,-1.22788
8500,1,2,0.0874024,0.902785,0.00140037,0.00841237,-0.217605,-0.306156,-0.798787,-0.747805
8501,0,3,0.997021,0.00105157,0.000277822,0.0016495,1.78599,-1.36356,-1.58154,-2.22528
8502,0,2,0.997446,0.00184094,0.000178752,0.000534698,1.17879,-1.20978,-1.18727,-1.94872
8503,0,0,0.997269,0.00213411,0.000269868,0.000327435,0.781599,-0.218559,-1.72172,-2.8413
8504,0,1,0.995885,0.00323378,0.00033278,0.000548661,-0.0371389,-0.567993,-1.51381,-1.22797
8505,0,4,0.978723,0.0185424,0.000671053,0.00206296,1.0846,-0.922737,-1.44803,-1.48714
8506,0,2,0.996799,0.00188154,0.00025241,0.00106685,1.5141,-1.37043,-1.64493,-1.731
8507,0,2,0.997817,0.0011902,0.00018199,0.000810856,0.552061,-0.972598,-1.38313,-1.25634
8508,0,2,0.990546,0.00367509,0.000524813,0.00525405,0.432125,-1.37342,-0.708786,-1.06733
8509,0,3,0.662223,0.332337,0.000284691,0.00515586,0.989106,-0.680297,-1.44074,-2.00961
8510,0,3,0.270844,0.717773,0.00101375,0.0103693,0.51943,-0.739742,-1.58811,-0.650372
8511,0,4,0.998351,0.000639281,0.00028984,0.000720168,0.679371,-1.32499,-0.751306,-1.76149
8512,0,2,0.989416,0.00386967,0.000390325,0.00632418,1.56385,-2.01796,-1.53001,-1.25583
8513,1,1,0.00385644,0.993282,0.000532467,0.00232879,0.364237,-0.201772,-1.66352,-2.08364
8514,0,4,0.870249,0.110802,0.00275901,0.0161902,0.490854,-0.445905,-1.15919,-1.26662
8515,0,1,0.996343,0.00178233,0.000313985,0.00156066,2.45395,-2.77212,-2.20918,-1.58228
8516,0,3,0.995324,0.00302283,0.000258013,0.00139481,1.10884,-1.54049,-1.29164,-1.31985
8517,2,3,0.00260932,0.0187706,0.971664,0.00695567,-1.19869,-1.03994,0.809457,-1.43666
8518,0,1,0.00979993,0.0166947,0.00369429,0.969811,-0.475325,-1.02636,-0.894804,0.196147
8519,1,2,0.0186763,0.914048,0.0230172,0.0442586,-0.732285,0.315338,-0.912204,-0.838106
8520,0,4,0.995141,0.00255997,0.000336451,0.00196279,1.51707,-1.3948,-1.456,-2.29687
8521,1,4,0.013426,0.960734,0.000862494,0.0249776,-0.894068,0.607226,-1.2999,-0.773919
8522,0,1,0.966985,0.0124491,0.00175362,0.0188118,1.01757,-1.13791,-1.24059,-0.983705
8523,0,0,0.954536,0.0355241,0.000396956,0.00954251,0.925642,-0.994367,-1.38497,-1.18171
8524,1,3,0.00203058,0.991038,0.000585763,0.00634539,-2.10958,2.10009,-1.41575,-1.01347
8525,0,3,0.969721,0.0290835,0.000265506,0.000930335,0.568197,-0.8638,-1.811,-1.30432
8526,0,1,0.998329,0.000774877,0.000329066,0.000567466,1.39552,-2.93077,-1.6728,-1.06022
8527,0,1,0.992866,0.00500315,0.000340968,0.00179004,0.756026,-0.570678,-1.55888,-2.04064
8528,0,3,0.998056,0.00106923,0.000253222,0.000621854,1.28126,-1.6097,-1.654,-1.09391
8529,1,4,0.103106,0.888958,0.000704283,0.00723208,-0.561851,0.205831,-1.26276,-1.39398
8530,0,3,0.997864,0.00165171,0.000105127,0.000379317,1.55245,-2.13279,-1.3907,-0.971725
8531,0,2,0.997648,0.0012742,0.00025017,0.000827517,3.18094,-3.2008,-1.61914,-1.97933
8532,0,1,0.348161,0.637247,0.00278309,0.0118092,-0.107781,0.042638,-1.24627,-1.03124
8533,0,0,0.996456,0.00178427,0.000292129,0.0014677,1.78881,-1.86614,-1.55991,-1.63673
8534,0,3,0.998294,0.00124063,0.000120345,0.000345521,2.15971,-1.89397,-1.71248,-2.93516
8535,0,4,0.937838,0.0550169,0.000887529,0.00625769,0.301309,-0.454594,-0.887194,-1.03805
8536,0,0,0.872023,0.0881633,0.0197609,0.0200525,1.35539,-1.52577,-1.31568,-1.15527
8537,0,1,0.998118,0.00115506,0.000218305,0.000508566,2.27074,-2.34266,-1.85155,-2.08165
8538,0,0,0.995337,0.00237268,0.000340484,0.00194981,0.803156,-1.16718,-1.74845,-1.41633
8539,1,1,0.0132729,0.974923,0.000686977,0.0111171,-0.703172,0.674766,-1.25599,-1.08459
8540,1,1,0.00298763,0.943279,0.0015976,0.0521359,-0.973831,1.05534,-1.50367,-1.42239
8541,0,3,0.99787,0.00121849,0.00016219,0.000749227,2.51451,-2.27603,-1.4526,-2.58444
8542,0,1,0.91269,0.0843974,0.000614874,0.00229796,-0.378001,0.297857,-1.72232,-1.75286
8543,0,0,0.998103,0.00126362,0.000211172,0.000422434,1.45799,-1.36932,-1.57242,-1.51838
8544,0,1,0.997548,0.00151595,0.000232706,0.00070292,1.02467,-1.01869,-1.97134,-1.35709
8545,3,1,0.703423,0.0798716,0.00734805,0.209358,-0.126518,-0.440582,-1.59787,-0.248399
8546,0,0,0.998399,0.000797193,0.000214981,0.000588387,2.01525,-1.98137,-1.47107,-1.90946
8547,0,2,0.992175,0.00653275,0.000162212,0.00113038,1.56341,-1.76028,-1.46387,-1.63117
8548,0,2,0.875911,0.0582186,0.000803422,0.0650666,0.65852,-1.67789,-1.92402,-0.140719
8549,1,1,0.00536986,0.992073,0.000407759,0.00214906,-0.501927,0.793449,-1.31766,-1.66944
8550,0,3,0.993237,0.00579053,0.000123296,0.00084918,0.547421,-0.644331,-1.45334,-1.84824
8551,1,0,0.00418815,0.956158,0.0100272,0.029627,-0.496384,0.363598,-1.08838,-1.32153
8552,0,3,0.998671,0.000778937,0.000142689,0.000407277,2.67219,-2.03535,-2.22966,-3.15556
8553,0,0,0.998226,0.00104669,0.000258261,0.000468564,2.38155,-2.25877,-1.40002,-1.81528
8554,0,4,0.995423,0.00221177,0.000339849,0.00202567,2.22913,-1.9591,-1.69781,-2.61956
8555,0,2,0.991645,0.0042409,0.000409978,0.0037044,1.43926,-1.66014,-0.918975,-1.45552
8556,3,4,0.731113,0.00943081,0.00530573,0.254151,0.0204302,-1.0975,-1.24883,0.279685
8557,1,3,0.0251395,0.378553,0.00827396,0.588034,-0.673439,-0.707245,-1.19212,0.390147
8558,1,3,0.0905568,0.904819,0.000543224,0.0040811,-0.868368,0.738947,-1.20578,-1.18724
8559,0,2,0.995774,0.00307482,0.000274242,0.00087666,0.0358638,-0.650408,-1.34999,-1.20209
8560,0,0,0.80973,0.18714,0.000465689,0.0026642,0.337445,-0.315175,-1.81064,-1.36355
8561,0,2,0.994309,0.00398686,0.000213682,0.00149051,1.6862,-1.88257,-1.32722,-1.81455
8562,0,4,0.0144525,0.00281614,0.978433,0.00429829,-1.0407,-1.24471,0.724375,-1.09303
8563,0,1,0.998374,0.00081528,0.000274958,0.000536242,1.64494,-1.32818,-1.79771,-1.92043
8564,0,4,0.991106,0.00154338,0.00049426,0.00685644,0.249286,-1.7075,-1.24268,0.0262568
8565,0,3,0.996427,0.0017912,0.000197659,0.00158382,2.2923,-2.70506,-1.5209,-1.34246
8566,0,4,0.993225,0.00130371,0.00036737,0.00510368,1.54472,-1.47863,-1.42926,-1.71712
8567,0,3,0.998174,0.000772491,0.000194175,0.000859255,2.73486,-2.83846,-1.6006,-2.14354
8568,0,2,0.994067,0.00285555,0.000298923,0.00277853,1.96852,-2.22754,-1.52227,-1.86614
8569,1,3,0.280058,0.710281,0.00216136,0.00749982,0.630865,-0.724052,-1.53137,-1.58048
8570,0,0,0.0868611,0.903348,0.00132408,0.00846708,-0.317039,-0.481779,-0.687969,-1.10781
8571,1,3,0.0475304,0.902489,0.00188378,0.0480966,-0.768928,0.570737,-1.4111,-1.00966
8572,0,0,0.95463,0.0341832,0.000282062,0.0109043,0.0085849,-0.629462,-1.66769,-0.147779
8573,0,2,0.997848,0.00140656,0.000155973,0.000589212,0.884231,-1.2527,-1.10892,-1.50727
8574,0,4,0.997145,0.00215689,0.000182223,0.000516071,0.635974,-0.523857,-1.47829,-2.11686
8575,0,3,0.998217,0.0012213,0.000117319,0.000444491,1.6639,-1.74568,-1.19769,-1.90648
8576,1,3,0.0262327,0.971957,0.000301552,0.00150914,0.205227,0.384146,-1.61148,-2.55802
8577,1,1,0.00227111,0.990683,0.00120618,0.00583927,-1.14374,0.92013,-0.971868,-1.33237
8578,0,2,0.990046,0.00742919,0.000331475,0.00219339,1.45524,-1.64755,-1.93675,-1.25721
8579,0,0,0.998516,0.00086123,0.000184264,0.000438586,1.73822,-1.46694,-1.74149,-2.45327
8580,0,2,0.997391,0.00127511,0.000233124,0.00110029,3.49329,-3.16903,-1.98959,-2.5269
8581,1,1,0.0100408,0.98399,0.000925765,0.00504389,-0.532428,0.481289,-1.26964,-1.12082
8582,0,2,0.988306,0.00858189,0.000432409,0.00268005,1.06622,-0.751292,-1.48692,-1.49048
8583,0,2,0.992172,0.00402912,0.000466633,0.00333212,1.96847,-2.00354,-1.49955,-1.49389
8584,0,1,0.998365,0.000965328,0.000222666,0.000447169,2.33439,-1.81712,-2.16339,-2.68899
8585,1,3,0.0161077,0.847411,0.0533333,0.083148,-1.44749,0.0609308,-0.00629357,-0.889316
8586,0,2,0.997617,0.0013146,0.000225562,0.000842988,1.75529,-1.8898,-1.83189,-1.8784
8587,0,0,0.992167,0.0023605,0.000407002,0.00506598,0.635738,-0.900469,-1.07856,-1.05692
8588,0,3,0.998032,0.00103126,0.000153583,0.000783014,1.81995,-1.83075,-1.7769,-1.58883
8589,0,1,0.998048,0.000802379,0.000337434,0.000811837,1.4975,-2.00672,-1.47397,-0.78098
8590,2,3,0.00240348,0.00142402,0.993599,0.00257353,-1.22476,-1.94196,1.27042,-1.30066
8591,0,1,0.998291,0.000801791,0.000293239,0.000613555,2.12037,-2.09204,-1.55881,-2.17366
8592,1,1,0.0120024,0.64641,0.014323,0.327265,-0.268338,-0.374901,-1.20014,-0.497505
8593,0,1,0.998303,0.000844392,0.000269094,0.000583182,3.59932,-3.19545,-2.00487,-2.8021
8594,0,1,0.994379,0.00483768,0.000237931,0.000545695,0.343797,-0.678067,-1.88828,-1.52992
8595,0,4,0.990773,0.00379261,0.000788018,0.00464681,0.659984,-1.33319,-1.22018,-1.20496
8596,0,2,0.591062,0.381618,0.00109517,0.0262243,0.0531577,-0.297004,-1.15922,-0.796873
8597,0,1,0.997837,0.00144131,0.000226494,0.00049471,1.64094,-1.78355,-1.37172,-1.4751
8598,0,4,0.99816,0.000956684,0.000216192,0.000667221,0.815391,-1.04132,-1.56259,-1.83125
8599,0,0,0.995875,0.00172668,0.000278589,0.00211971,1.29833,-1.98181,-1.81819,-1.29218
8600,0,0,0.995389,0.00214994,0.000354758,0.00210629,0.978554,-1.09768,-0.958797,-1.24785
8601,0,2,0.997315,0.00190563,0.000224176,0.000554841,1.84097,-1.99513,-1.33354,-1.73386
8602,0,0,0.98832,0.00746529,0.000479576,0.0037355,1.06784,-1.5282,-1.48031,-0.32548
8603,0,2,0.997263,0.00182717,0.000172209,0.000737883,1.41829,-2.02792,-1.29602,-1.6179
8604,0,4,0.996279,0.00295636,0.000118935,0.000646105,0.078091,0.0273464,-1.21742,-1.42511
8605,0,4,0.998039,0.00089075,0.000239742,0.00083027,1.29596,-1.44297,-1.39616,-1.39717
8606,2,3,0.00130417,0.00323892,0.992608,0.00284858,-1.72207,-0.243899,0.522092,-1.62685
8607,0,2,0.87503,0.120287,0.000886679,0.00379555,0.342429,-0.366313,-1.48814,-1.18815
8608,0,4,0.947766,0.0231094,0.00103437,0.0280905,0.470574,-0.953489,-0.970134,-0.617291
8609,0,4,0.9982,0.00106314,0.000190797,0.000545657,0.691681,-0.698789,-1.81991,-2.18532
8610,1,4,0.00263564,0.994006,0.000763279,0.00259478,-1.34781,1.28121,-1.63325,-1.98849
8611,1,4,0.00545775,0.98905,0.000657269,0.0048353,-0.458549,0.546431,-1.45869,-1.47985
8612,0,4,0.9922,0.0060886,0.000304841,0.00140682,-0.112601,-0.15502,-1.65891,-1.12937
8613,0,2,0.953542,0.0399187,0.000902391,0.00563684,0.579798,-1.23234,-0.868945,-0.958383
8614,0,2,0.938372,0.0488534,0.000990675,0.0117836,0.912351,-1.07189,-1.2643,-0.896873
8615,0,0,0.990379,0.00596134,0.000738537,0.00292097,0.383556,-0.398341,-1.28352,-1.34303
8616,0,2,0.99658,0.00208018,0.000261384,0.00107813,2.26101,-2.33467,-1.7557,-2.14731
8617,1,1,0.0164174,0.943975,0.00252015,0.0370876,-1.06268,0.702848,-0.953769,-1.14455
8618,0,3,0.936235,0.00714824,0.000937646,0.0556789,-0.0453526,-0.770982,-1.37165,-0.506639
8619,3,0,0.960953,0.0371331,0.000266728,0.00164672,0.0452634,-0.0381786,-1.51588,-0.95036
8620,0,0,0.99166,0.00748229,0.000203752,0.000653875,0.988287,-1.09693,-1.02307,-1.32668
8621,0,2,0.99661,0.00210271,0.000262415,0.00102478,1.60786,-1.45641,-1.47748,-1.87972
8622,3,2,0.0205173,0.0247486,0.005418,0.949316,-1.2493,-0.635642,-1.12257,0.762905
8623,1,0,0.0918409,0.894206,0.00730325,0.00664968,-0.247623,-0.0414893,-0.972679,-1.50442
8624,0,2,0.99731,0.0019767,0.000155585,0.000558098,1.10238,-1.07354,-1.81178,-1.84754
8625,0,3,0.998154,0.00134913,0.000137151,0.000359235,-0.209282,0.33723,-1.46671,-1.78631
8626,0,4,0.997072,0.0015436,0.000225879,0.00115837,1.77118,-1.7855,-1.39624,-1.8667
8627,1,1,0.00929965,0.979658,0.000701184,0.0103416,-0.626791,0.386578,-1.14273,-0.883037
8628,0,2,0.921277,0.0547358,0.000737051,0.0232503,1.39392,-1.42155,-1.90547,-1.8237
8629,0,1,0.228675,0.671129,0.00376357,0.0964319,0.467463,-0.68425,-1.32543,-0.946502
8630,0,0,0.998246,0.00106215,0.000187115,0.000504673,0.629917,-0.464823,-1.63586,-2.28046
8631,3,1,0.140638,0.304253,0.0260584,0.52905,-1.0262,-0.182932,-0.712012,-0.0341977
8632,1,1,0.995976,0.00194535,0.00046116,0.00161748,0.959189,-0.750022,-1.60837,-1.92563
8633,0,4,0.997886,0.00136334,0.00024539,0.000505477,2.07074,-2.00721,-1.13987,-1.81429
8634,1,2,0.00813503,0.987334,0.000492378,0.00403895,-0.45122,0.576178,-1.73111,-0.966585
8635,0,3,0.993581,0.00407643,0.00042052,0.00192181,2.57688,-2.63244,-1.72956,-1.82035
8636,2,3,0.00171792,0.00141865,0.993728,0.00313514,-1.31254,-1.49027,1.32216,-1.10284
8637,3,2,0.0302124,0.198022,0.183029,0.588737,-0.526685,-0.178856,-0.691263,-0.468813
8638,0,4,0.997377,0.00208591,0.000139475,0.000398103,1.21381,-0.664038,-1.71066,-2.6649
8639,0,4,0.997956,0.00140123,0.000159689,0.000483307,1.67022,-1.71314,-1.53797,-1.23276
8640,0,3,0.760534,0.201916,0.00216982,0.0353801,1.60465,-2.04156,-1.3237,-0.848251
8641,0,1,0.0185498,0.978513,0.000472966,0.00246369,0.102496,-0.132523,-1.31553,-1.22816
8642,0,0,0.997408,0.00178249,0.000282306,0.000527418,0.188141,-0.548543,-1.4555,-1.92363
8643,0,4,0.99822,0.000774793,0.000192297,0.00081277,1.88391,-1.91101,-1.65454,-1.95622
8644,0,3,0.998492,0.000746771,0.000196911,0.000564794,2.75887,-3.20625,-1.60854,-1.64172
8645,1,2,0.0066837,0.983269,0.000655985,0.00939108,-0.997206,0.651824,-1.37928,-1.31169
8646,0,4,0.996226,0.001425,0.000297822,0.0020512,0.783035,-0.475791,-1.40737,-1.63203
8647,0,1,0.997953,0.00118573,0.000205847,0.000655459,1.32421,-1.77971,-1.62543,-1.48318
8648,0,3,0.987642,0.00825766,0.000701398,0.00339888,0.973161,-1.2983,-0.908664,-1.36995
8649,0,4,0.993279,0.00351818,0.000333208,0.00287006,1.42798,-1.47211,-1.10308,-1.47627
8650,0,1,0.998486,0.000801164,0.000265489,0.000447223,2.31358,-2.85229,-1.63204,-1.50927
8651,0,3,0.998363,0.000847748,0.00022573,0.00056307,2.25904,-2.17807,-1.97271,-2.1992
8652,3,1,0.208418,0.015083,0.010407,0.766092,-0.434511,-0.304058,-1.05345,-0.0953787
8653,0,3,0.998536,0.000684637,0.000187535,0.000591926,2.51979,-2.5876,-1.5489,-1.9237
8654,0,0,0.991887,0.00645083,0.000344647,0.0013173,0.98498,-0.56208,-1.33872,-2.39656
8655,1,1,0.0069114,0.989341,0.000852483,0.0028952,-0.503419,0.520709,-1.16961,-1.7631
8656,0,4,0.998307,0.000735776,0.000260816,0.000695939,2.83502,-2.66521,-1.64855,-2.35579
8657,0,2,0.997488,0.00111011,0.000244813,0.00115659,1.81075,-1.56893,-1.63128,-2.04042
8658,0,0,0.998091,0.00133724,0.000109126,0.000463042,1.71231,-2.19561,-1.37853,-1.05152
8659,0,4,0.996629,0.0015384,0.000246521,0.00158569,1.43472,-1.55795,-1.45115,-1.4426
8660,1,0,0.00652727,0.772341,0.00285713,0.218275,-1.43996,0.144827,-0.944978,0.00383794
8661,0,2,0.997882,0.00121257,0.000186682,0.000719127,3.27798,-2.84279,-2.07815,-2.64677
8662,1,0,0.00360714,0.992863,0.000601932,0.00292829,-0.628521,0.538669,-1.43477,-1.4423
8663,1,3,0.00531621,0.992768,0.000372983,0.00154296,-2.32371,2.47107,-1.6715,-1.37291
8664,3,1,0.215652,0.77281,0.00103946,0.0104982,0.0831773,-0.0964042,-1.63958,-1.02312
8665,0,4,0.997471,0.00117249,0.000278491,0.00107804,1.25339,-1.17134,-1.52226,-1.78933
8666,1,1,0.069373,0.921877,0.000408099,0.00834225,-0.260656,0.063689,-1.3183,-0.834534
8667,1,2,0.023383,0.973136,0.000579693,0.00290111,-0.901159,1.04083,-1.05641,-1.51607
8668,0,3,0.284418,0.620619,0.00305343,0.0919096,0.49994,-0.680046,-1.05486,-1.12375
8669,1,2,0.10943,0.876001,0.00148655,0.0130824,-0.333106,-0.0281202,-1.21867,-0.910772
8670,0,3,0.99743,0.00173784,0.000208979,0.000622679,1.26069,-1.49727,-1.449,-1.45305
8671,0,0,0.998249,0.000913848,0.000181359,0.000655654,1.52244,-1.56948,-1.71665,-1.7666
8672,0,1,0.986376,0.0120537,0.00036698,0.00120328,0.330808,-0.237129,-1.88774,-1.80322
8673,0,0,0.997997,0.00150851,0.000171329,0.000322595,0.408884,-0.256599,-1.45487,-1.42569
8674,2,4,0.146774,0.0906678,0.336297,0.426262,-0.712038,-1.1627,0.0556041,-0.263786
8675,0,1,0.908777,0.0344292,0.00115503,0.0556391,1.01494,-1.05163,-1.15782,-1.19765
8676,0,3,0.992649,0.00649571,0.000250869,0.000604158,0.998476,-0.79247,-1.21724,-2.04858
8677,1,1,0.0149361,0.934041,0.0417488,0.00927401,-0.584255,0.432053,-1.38699,-1.09367
8678,0,4,0.997221,0.00150807,0.000343804,0.000927283,1.50103,-1.98041,-0.955938,-1.70738
8679,3,2,0.8034,0.0153608,0.00197593,0.179263,0.68657,-0.806836,-1.37201,-0.743428
8680,0,2,0.997823,0.0010617,0.000179871,0.00093512,2.8774,-2.87186,-1.95495,-2.22421
8681,0,1,0.997073,0.00199562,0.000217226,0.000714346,1.19924,-1.70438,-1.58905,-1.23339
8682,0,4,0.941886,0.050138,0.000923255,0.0070523,-0.0872834,0.0122418,-1.3035,-0.935136
8683,0,2,0.996801,0.00245879,0.000219727,0.000520956,1.10662,-0.588461,-1.50506,-2.04064
8684,0,3,0.998186,0.000915577,0.00025375,0.000644818,0.887753,-0.643863,-1.97175,-1.91094
8685,1,2,0.128413,0.248855,0.0040957,0.618636,-0.652933,-0.0509805,-1.84038,-0.583392
8686,0,2,0.996293,0.00182272,0.000284758,0.00159915,2.0693,-2.03195,-1.23229,-1.77307
8687,0,4,0.997958,0.00107122,0.000294864,0.000676269,1.59366,-1.61784,-1.0118,-1.8546
8688,0,0,0.997791,0.00156828,0.00014173,0.000498566,1.44124,-1.78172,-1.32408,-1.11655
8689,1,2,0.00775781,0.980014,0.00100673,0.0112216,-1.70049,1.59058,-1.47245,-1.53098
8690,0,3,0.990092,0.00637814,0.000569419,0.00296032,2.83844,-2.80431,-1.79155,-2.34797
8691,0,4,0.996972,0.0016191,0.000290572,0.00111824,2.59047,-3.25526,-1.56582,-1.84921
8692,0,4,0.997602,0.00112552,0.000324362,0.000947783,0.880164,-1.23255,-1.47671,-1.02943
8693,0,4,0.995911,0.00267312,0.000202241,0.00121373,0.889717,-1.47724,-1.63062,-0.980667
8694,0,1,0.998369,0.000958756,0.000236103,0.00043596,1.40169,-1.54227,-1.29748,-1.53213
8695,0,4,0.998526,0.000650097,0.000183189,0.000640643,2.51793,-2.55106,-2.09117,-1.90213
8696,0,2,0.702288,0.29333,0.00103341,0.00334893,0.215739,-0.697469,-1.26883,-1.09506
8697,0,3,0.998516,0.000827428,0.000198848,0.000457843,2.34278,-2.69242,-1.174,-1.96177
8698,0,0,0.998546,0.000933971,0.000161667,0.000358674,0.791239,-0.582464,-1.62354,-2.10151
8699,0,4,0.998398,0.000660895,0.000184602,0.00075698,3.71486,-3.25202,-2.26668,-2.81165
8700,0,3,0.0410159,0.954723,0.000552304,0.00370855,-0.455695,0.650893,-1.41718,-1.7253
8701,0,4,0.945849,0.00479658,0.00176629,0.047588,0.642376,-1.35078,-1.3285,-0.354689
8702,0,2,0.997827,0.00121725,0.000188504,0.000766962,2.59699,-1.83466,-2.125,-2.84335
8703,0,0,0.997373,0.00193954,0.000268319,0.00041884,1.08816,-0.917031,-1.65106,-1.73914
8704,0,0,0.997405,0.00127637,0.000296432,0.0010226,1.0561,-1.32778,-1.26501,-1.23745
8705,0,2,0.997632,0.00122417,0.000231366,0.000912392,2.47568,-1.93614,-1.7781,-2.33449
8706,0,0,0.997638,0.00178813,0.000140606,0.000433096,0.233718,-0.296615,-1.23995,-1.15375
8707,0,1,0.142556,0.849706,0.000620167,0.00711826,-0.349314,-0.0116728,-1.20469,-1.11635
8708,1,4,0.00558474,0.992002,0.00035702,0.00205652,-0.378698,0.0018205,-1.40424,-0.813976
8709,0,3,0.998162,0.000950169,0.000250788,0.00063729,1.85513,-3.42885,-0.353964,-1.07984
8710,0,2,0.996627,0.00256254,0.000170094,0.000640675,0.794546,-0.571464,-2.02299,-1.69301
8711,2,1,0.00813361,0.0703838,0.906754,0.0147281,-2.09975,-0.0151178,0.56761,-1.51696
8712,0,2,0.995286,0.00171223,0.00040669,0.00259558,3.04116,-3.51562,-1.76005,-1.89994
8713,2,3,0.00521209,0.00193624,0.988411,0.00444076,-1.38086,-2.03284,1.0852,-0.516919
8714,0,4,0.998308,0.000824836,0.000160371,0.000706899,1.38112,-1.95872,-1.52552,-1.22444
8715,0,3,0.99845,0.000902502,0.000184973,0.000462305,1.88747,-1.88348,-1.55575,-2.00185
8716,0,4,0.997736,0.00149857,0.000268417,0.000496595,2.26208,-2.06874,-1.21269,-1.98005
8717,0,4,0.971507,0.00424708,0.00121088,0.023035,0.159372,-1.79131,-0.596274,-0.135405
8718,0,1,0.998309,0.000704143,0.00030852,0.000678492,2.25602,-1.96218,-1.44425,-1.58411
8719,0,0,0.995842,0.0019056,0.000336031,0.0019168,2.30617,-2.39202,-1.44574,-1.72719
8720,1,0,0.219224,0.775701,0.00168693,0.00338778,-1.03709,0.479245,-0.631225,-0.789671
8721,0,3,0.998228,0.000773288,0.000235609,0.000762788,2.03968,-2.42799,-1.92332,-1.35326
8722,1,0,0.0245885,0.682335,0.237774,0.0553029,-0.860687,0.167445,-0.762897,-1.03289
8723,0,1,0.657743,0.328481,0.00159885,0.0121771,-0.487308,0.367957,-1.15942,-1.44379
8724,2,0,0.00400377,0.00187836,0.990271,0.00384663,-1.24442,-1.57508,1.4197,-1.3702
8725,1,1,0.00649051,0.895247,0.00241823,0.0958443,-0.454912,-0.224994,-1.4802,-0.954143
8726,0,2,0.992922,0.00378048,0.000411309,0.00288589,2.8032,-2.51762,-1.54094,-2.11516
8727,0,2,0.992498,0.00528243,0.000312774,0.00190664,0.888913,-0.796016,-1.97845,-1.2441
8728,0,3,0.997315,0.00103861,0.000383577,0.00126262,1.62706,-1.71223,-1.40937,-1.36345
8729,1,3,0.0185434,0.978055,0.00101458,0.00238677,-0.161339,-0.132585,-1.3379,-1.12596
8730,1,2,0.583234,0.0466061,0.00231925,0.367841,-0.120127,-0.757247,-1.28222,0.22619
8731,3,1,0.0755821,0.330404,0.0471367,0.546877,-1.02886,0.0589955,-0.799518,-0.270261
8732,1,1,0.111476,0.804231,0.00311179,0.0811804,-0.36586,0.126357,-0.794373,-1.46603
8733,0,1,0.993266,0.00422095,0.000463512,0.00204911,0.422771,-0.65417,-1.75197,-1.33917
8734,0,0,0.994033,0.0039451,0.0003786,0.00164296,1.81456,-1.43838,-2.01679,-2.26361
8735,0,0,0.93712,0.00809186,0.00128282,0.053505,0.688425,-1.18318,-1.3126,-0.810856
8736,0,0,0.99831,0.00101754,0.000192314,0.000479716,1.6478,-1.26312,-1.26825,-1.99648
8737,0,1,0.956857,0.0388629,0.000249013,0.00403065,-0.0449856,-0.0938208,-1.67936,-1.10881
8738,1,0,0.0144834,0.982203,0.000324384,0.00298881,0.00548918,-0.2636,-1.53726,-0.960236
8739,3,0,0.0540776,0.0556039,0.00726166,0.883057,-0.427923,-1.22506,-1.34527,0.717863
8740,0,0,0.94293,0.038041,0.000725474,0.0183036,-0.371721,0.0311067,-1.71647,-0.734883
8741,0,0,0.992848,0.00669793,0.00014722,0.000306832,0.0502643,-0.221577,-1.72348,-1.45806
8742,0,2,0.997563,0.0014823,0.000197884,0.000757086,1.66852,-1.58133,-1.5793,-2.17035
8743,0,2,0.964307,0.032724,0.000399456,0.00256941,0.207385,-0.464814,-1.1039,-1.14529
8744,1,4,0.996716,0.0025255,0.000170109,0.000587969,0.933444,-0.983706,-1.45323,-1.48005
8745,2,4,0.0571687,0.36647,0.557165,0.0191959,-1.02282,-0.217545,-0.0408407,-1.50681
8746,1,4,0.971408,0.0252381,0.000333599,0.00302016,-0.339253,0.0515513,-1.19349,-0.436946
8747,1,3,0.0371646,0.959893,0.000324534,0.0026183,-0.803119,0.550154,-1.49002,-1.16624
8748,0,0,0.991104,0.00676332,0.000276713,0.00185623,1.02654,-1.1173,-1.46712,-0.834162
8749,0,2,0.99464,0.00380184,0.000207177,0.00135096,1.50963,-1.41675,-1.342,-2.18614
8750,0,4,0.998129,0.00120697,0.000129596,0.000534021,-0.117502,-0.0558703,-1.36273,-0.879716
8751,0,2,0.0494984,0.910328,0.000676196,0.0394973,-0.977855,0.291201,-1.401,-0.54348
8752,0,0,0.994018,0.00265634,0.000436611,0.00288907,0.871236,-0.899962,-1.48595,-0.580294
8753,0,0,0.978988,0.0143306,0.000604046,0.00607686,1.5588,-1.85537,-1.48538,-0.925455
8754,0,0,0.994027,0.00380693,0.000414186,0.00175233,1.03467,-1.15881,-1.28592,-1.26637
8755,0,4,0.998489,0.000664191,0.000188629,0.000657736,2.14048,-2.14648,-1.33359,-2.14111
8756,1,0,0.185266,0.578655,0.00455388,0.231526,-0.356085,-0.64694,-0.931372,-0.294211
8757,0,4,0.998397,0.000751088,0.000225738,0.000626333,2.71515,-2.73092,-1.63804,-2.10933
8758,0,4,0.998206,0.000943737,0.000290365,0.000559692,1.61427,-1.47499,-1.17643,-1.89395
8759,0,2,0.258597,0.0301991,0.0157745,0.695429,0.258812,-0.677376,-1.05666,-0.568429
8760,0,2,0.995482,0.00349087,0.00014279,0.00088414,1.20901,-1.08201,-1.42649,-1.47252
8761,1,4,0.493595,0.256825,0.00451489,0.245064,-0.268837,-0.459751,-1.46062,-0.545954
8762,1,0,0.00814644,0.95177,0.00150253,0.0385809,-0.0448362,-0.309114,-0.948257,-1.4804
8763,2,2,0.00306252,0.00383376,0.990821,0.00228255,-1.65383,-1.79153,2.13711,-1.90209
8764,0,2,0.994722,0.00397491,0.000283201,0.00101985,1.66482,-1.38273,-2.18068,-2.35552
8765,0,3,0.992704,0.00551011,0.000402478,0.00138301,1.18398,-1.35171,-1.08473,-1.60775
8766,1,0,0.00790978,0.988054,0.000572703,0.00346397,-0.51043,0.743997,-1.18235,-1.38226
8767,1,3,0.00618301,0.0096233,0.978732,0.00546181,-1.58227,-0.85182,0.200768,-1.03515
8768,0,4,0.997893,0.000809336,0.000245871,0.00105146,3.20649,-3.49554,-1.8184,-2.57612
8769,0,1,0.82867,0.132855,0.00247284,0.0360026,-1.0573,0.356422,-1.09368,-0.720278
8770,0,2,0.997018,0.00121152,0.000366618,0.00140402,1.2107,-0.821945,-1.95012,-1.25227
8771,0,1,0.993947,0.00536902,0.000164739,0.000519464,1.3602,-1.36319,-1.73737,-2.26484
8772,1,2,0.0867939,0.855028,0.00240629,0.0557722,0.458281,-0.340055,-1.03737,-1.43577
8773,0,3,0.997764,0.0017308,0.000146797,0.000358393,0.962244,-0.989229,-0.993011,-1.49447
8774,0,0,0.0235026,0.969081,0.00032509,0.00709129,-0.751729,0.587621,-1.3799,-1.06284
8775,0,2,0.99161,0.00442046,0.00050034,0.00346966,3.00046,-3.42527,-1.69425,-1.98062
8776,0,0,0.987386,0.0109712,0.000409815,0.00123308,1.64904,-1.02506,-1.79638,-2.04508
8777,0,0,0.982057,0.00986088,0.000818571,0.00726386,0.42375,-0.967814,-1.36532,-0.998043
8778,0,0,0.997503,0.00155486,0.000186247,0.000756301,1.61205,-1.88467,-1.07865,-1.25173
8779,0,1,0.995651,0.00322671,0.000580498,0.000542141,-0.490662,0.218498,-1.41516,-1.41891
8780,2,1,0.0087262,0.0066353,0.980927,0.00371118,-1.32673,-2.5391,2.09855,-1.42993
8781,1,3,0.0116729,0.973216,0.00495468,0.0101564,0.259774,-0.560457,-0.873837,-0.978357
8782,0,2,0.99709,0.00154062,0.000305149,0.00106403,2.76353,-2.82916,-1.73623,-1.97451
8783,0,2,0.992207,0.00329663,0.000429897,0.00406682,0.627552,-0.833146,-1.17899,-0.893893
8784,0,1,0.997719,0.00152066,0.000276933,0.000483192,0.844047,-1.25611,-2.15169,-1.32598
8785,1,4,0.0603353,0.90477,0.00128035,0.0336144,-1.02026,1.16295,-1.14194,-1.00023
8786,1,1,0.0234131,0.911786,0.0263498,0.0384512,-1.35641,1.34418,-1.31556,-1.32572
8787,0,4,0.994206,0.00146153,0.000396838,0.00393616,1.07711,-1.15558,-1.35468,-1.0557
8788,0,3,0.99824,0.000946539,0.000237924,0.000575227,1.7217,-2.16219,-1.13464,-1.2286
8789,3,2,0.0491782,0.93543,0.00179876,0.0135931,-0.522535,-0.650014,-1.40182,0.235759
8790,0,4,0.997756,0.00150741,0.000180562,0.000556171,0.558376,-0.352688,-1.52872,-1.59371
8791,0,4,0.997925,0.000846549,0.000249264,0.000979141,1.57764,-1.73883,-1.31978,-1.38313
8792,1,2,0.16357,0.779589,0.000697143,0.0561433,1.14587,-1.36734,-1.49112,-1.12546
8793,0,4,0.567863,0.0151774,0.00754279,0.409416,-0.415466,-1.53414,-1.15105,0.621692
8794,0,0,0.970502,0.0211436,0.000373994,0.00798075,0.130874,-0.852053,-1.0862,-0.456196
8795,0,1,0.998097,0.00107766,0.000261782,0.00056402,1.76761,-1.65799,-1.79264,-2.05609
8796,0,1,0.994253,0.00208548,0.00294387,0.000717213,0.0472152,-1.25887,-0.756817,-1.92376
8797,1,4,0.883447,0.087794,0.00240507,0.0263541,0.464003,-0.705462,-1.52465,-0.77581
8798,0,2,0.997862,0.00118793,0.00018271,0.000767738,1.9759,-2.323,-1.8912,-1.48871
8799,0,1,0.989499,0.00966761,0.000270922,0.000562448,1.04042,-1.02087,-1.65406,-1.63287
8800,0,3,0.998285,0.00113402,0.000155433,0.000425825,1.68433,-1.85954,-1.5719,-1.65819
8801,0,2,0.990931,0.00791348,0.000196953,0.00095814,0.98243,-0.980198,-1.51493,-1.66744
8802,2,0,0.00499873,0.00204348,0.990536,0.00242195,0.456797,-2.39622,-0.018989,-1.4676
8803,0,2,0.0223469,0.964473,0.00269318,0.0104866,0.308403,-0.466733,-0.260799,-1.47059
8804,0,2,0.974628,0.00721947,0.000830021,0.0173228,0.521643,-1.35745,-1.14002,-0.295941
8805,1,2,0.196704,0.787918,0.000554121,0.014824,-0.520402,0.791795,-1.22974,-1.36939
8806,1,1,0.830406,0.166579,0.00065533,0.00235993,0.977042,-0.842543,-1.22709,-1.73568
8807,0,4,0.956401,0.0161454,0.000460476,0.0269931,-0.474227,-0.110314,-1.22236,-0.455378
8808,0,2,0.99764,0.00159975,0.000155636,0.000604828,2.56032,-2.30876,-1.7671,-2.37331
8809,0,1,0.99649,0.00164541,0.000400087,0.00146489,1.66849,-2.58894,-1.26698,-1.48167
8810,0,2,0.991658,0.00493644,0.000443298,0.00296211,0.165328,-0.391614,-1.52108,-1.70591
8811,0,2,0.980101,0.00291048,0.000739488,0.0162492,1.53552,-2.3388,-1.39011,-0.946608
8812,0,4,0.985365,0.00348164,0.000626056,0.0105271,1.37673,-2.14452,-1.32422,-0.739117
8813,0,3,0.998578,0.000704333,0.000159166,0.000558263,3.34266,-3.22003,-2.10313,-2.36924
8814,0,1,0.99815,0.00124652,0.000191908,0.000411863,1.16357,-1.24802,-1.87363,-2.42001
8815,0,2,0.994346,0.00342696,0.000361376,0.00186594,2.30546,-1.63216,-1.87851,-2.3543
8816,0,0,0.997229,0.00175112,0.000150198,0.00086941,1.33035,-1.58439,-1.47568,-1.14722
8817,0,2,0.997735,0.00123269,0.00019485,0.000837344,2.23847,-2.62355,-1.75724,-1.58853
8818,0,0,0.998168,0.00126001,0.000234677,0.000336816,1.08027,-0.742857,-1.14635,-2.1815
8819,0,2,0.99713,0.00121403,0.000299259,0.00135699,1.15162,-1.69965,-1.38982,-1.09976
8820,0,1,0.965701,0.0300873,0.000318312,0.00389301,1.28345,-0.769117,-2.14396,-1.97829
8821,0,3,0.986549,0.00299033,0.000769483,0.0096907,0.390691,-1.77338,-1.65237,-0.318402
8822,0,2,0.967328,0.0277984,0.000602709,0.00427031,0.263612,-0.298568,-0.93593,-1.40565
8823,0,4,0.998097,0.000751596,0.000249307,0.000902182,2.35823,-2.23337,-1.91073,-2.13869
8824,0,0,0.144663,0.531098,0.00242607,0.321813,-0.330645,0.333095,-1.2682,-0.995417
8825,0,3,0.0644294,0.923948,0.000573435,0.0110495,-0.262885,0.74485,-1.50879,-1.93387
8826,0,3,0.99772,0.00123871,0.000176373,0.000864755,1.16394,-1.40552,-1.10852,-1.64326
8827,0,2,0.994725,0.00232082,0.000254357,0.00270009,1.91756,-2.39022,-1.45902,-1.62277
8828,0,2,0.997294,0.00116657,0.000280078,0.0012589,2.73721,-2.78275,-1.92108,-1.9393
8829,0,1,0.997573,0.00112439,0.000217335,0.00108555,2.22152,-3.08283,-1.73957,-1.1082
8830,1,4,0.0240547,0.923151,0.00369252,0.0491017,-0.633976,0.578198,-1.43131,-0.999402
8831,1,4,0.642973,0.334875,0.00133164,0.0208203,-0.309187,0.288503,-0.992751,-1.20564
8832,2,1,0.0136291,0.364788,0.451775,0.169808,-1.38169,0.630256,-0.49761,-0.821839
8833,1,2,0.0138078,0.981351,0.000747697,0.00409365,-1.48701,1.39596,-1.31108,-1.10146
8834,0,1,0.998161,0.000872775,0.000304286,0.00066203,3.43362,-2.7522,-1.91555,-2.37099
8835,1,2,0.202685,0.655235,0.00331958,0.13876,-0.133373,0.384822,-1.78237,-1.27895
8836,1,1,0.0134558,0.937353,0.00362688,0.0455647,-0.900036,0.384016,-1.42973,-0.657792
8837,0,1,0.997105,0.00168547,0.000284434,0.000925366,2.20324,-2.4913,-1.82134,-1.38927
8838,0,3,0.99795,0.00159012,0.000124365,0.000336085,1.41151,-1.5752,-1.52907,-1.96628
8839,0,3,0.998269,0.000920134,0.000225709,0.000585445,2.50055,-3.1764,-1.59869,-1.15702
8840,0,4,0.998556,0.000694076,0.000204369,0.000545319,2.91917,-2.95962,-1.78163,-2.13649
8841,0,0,0.988375,0.00766143,0.000667164,0.00329675,2.1057,-1.86379,-1.94635,-1.43191
8842,0,1,0.995247,0.00368173,0.000267225,0.000804043,1.99155,-1.74265,-1.43793,-1.9264
8843,0,4,0.959566,0.0328025,0.00088879,0.00674279,0.449176,-0.640006,-1.35559,-0.927105
8844,0,3,0.998379,0.00104992,0.000194215,0.000377295,3.06646,-2.80643,-1.68984,-2.30868
8845,1,0,0.018317,0.978815,0.000295488,0.00257265,-0.679037,0.552798,-1.43487,-1.43677
8846,1,3,0.00440639,0.955239,0.000811922,0.0395431,-1.8586,1.90574,-1.2678,-0.976444
8847,0,1,0.995327,0.00373636,0.000297553,0.000638591,1.59069,-1.79832,-1.13571,-1.58926
8848,0,0,0.998616,0.000857121,0.000146636,0.000380345,2.16444,-1.78156,-1.75605,-2.08481
8849,0,1,0.946785,0.0498846,0.00043243,0.00289797,0.00974468,-0.242759,-1.27196,-1.6734
8850,0,4,0.980785,0.00433818,0.000982262,0.0138948,0.80295,-0.758804,-1.60153,-1.7667
8851,0,3,0.998358,0.00104071,0.000163542,0.000437661,2.62746,-2.445,-1.62247,-2.14964
8852,1,0,0.0812193,0.893025,0.000729964,0.0250258,-0.448905,-0.111873,-1.17648,-1.30702
8853,1,2,0.0231127,0.934799,0.00101624,0.0410722,-0.131574,0.333053,-1.75769,-1.9899
8854,0,4,0.998388,0.000704199,0.000264945,0.000643062,2.6441,-2.16471,-1.78707,-2.28048
8855,0,2,0.979259,0.0108839,0.000956147,0.00890055,1.54994,-1.69653,-1.16441,-2.02271
8856,1,2,0.0290755,0.946764,0.00136088,0.0227993,0.441841,-0.645235,-1.49901,-0.819252
8857,0,3,0.998687,0.000673467,0.000138301,0.000500967,3.51183,-3.21389,-2.09566,-2.59525
8858,0,2,0.978797,0.00512123,0.000773945,0.0153078,0.496144,-0.88734,-0.884517,-0.720032
8859,0,2,0.997127,0.00195427,0.000143586,0.000774701,2.04569,-1.71977,-1.72958,-2.70126
8860,0,0,0.996024,0.00174729,0.000263802,0.00196454,1.18572,-1.16677,-1.70373,-1.10394
8861,0,3,0.99841,0.00072799,0.000236575,0.00062512,2.33821,-2.66427,-1.66114,-1.45711
8862,0,1,0.9944,0.00480834,0.000205114,0.000586603,1.05035,-0.905069,-1.03738,-2.01273
8863,0,3,0.987887,0.00738229,0.000326899,0.00440386,0.208279,-1.70583,-1.01377,-0.0173477
8864,0,1,0.998248,0.000898801,0.000292083,0.00056081,1.83406,-2.35118,-1.61677,-1.85124
8865,3,0,0.722811,0.0163956,0.00482293,0.25597,1.56821,-2.90056,-1.30036,-1.26682
8866,0,4,0.977969,0.016133,0.000391885,0.00550574,-0.0139574,-0.331563,-1.40615,-0.684031
8867,0,4,0.99732,0.00147328,0.000292382,0.00091389,1.00656,-1.20311,-1.29839,-0.84455
8868,1,4,0.00505234,0.990463,0.000646739,0.00383799,-0.182126,0.113436,-1.87598,-1.00735
8869,3,4,0.183198,0.398776,0.00295967,0.415066,-0.771154,0.0866761,-1.26914,-0.15754
8870,3,2,0.297806,0.0886812,0.00305075,0.610462,0.504096,-0.819235,-1.21341,-0.727036
8871,0,0,0.996803,0.00261993,0.000222752,0.000353877,0.279891,-0.378389,-1.35184,-1.51117
8872,0,0,0.998016,0.00149972,0.000104733,0.000379375,1.86584,-2.19445,-1.47317,-1.36499
8873,0,3,0.998506,0.000866282,0.000170415,0.000456945,2.42301,-2.41426,-1.47541,-1.95898
8874,0,4,0.99845,0.00088851,0.000156372,0.000504777,1.45885,-1.22648,-1.69349,-2.02824
8875,0,1,0.997271,0.00156059,0.000242381,0.000925521,1.43918,-2.17014,-1.88366,-0.80795
8876,0,3,0.959534,0.0218451,0.000978021,0.0176433,0.770071,-1.32744,-1.15858,-0.553786
8877,0,0,0.980884,0.00305558,0.00140442,0.0146559,1.09515,-2.43151,-1.40624,-0.347322
8878,0,2,0.996751,0.00210506,0.000155802,0.000988551,2.46875,-2.42469,-1.51292,-2.33644
8879,0,3,0.997951,0.00148941,0.000139828,0.000419902,0.690628,-0.775603,-1.00198,-1.43962
8880,0,1,0.997031,0.00173206,0.00029059,0.000946316,1.08997,-1.14001,-1.3763,-1.35832
8881,0,3,0.338006,0.656633,0.0004636,0.00489732,-0.278676,0.166674,-0.973785,-1.62548
8882,0,2,0.128736,0.237273,0.00426384,0.629727,-0.373461,-0.392208,-0.703474,-0.350371
8883,1,4,0.00966839,0.987618,0.000356834,0.00235658,-0.917904,0.944606,-1.30043,-1.39694
8884,0,0,0.9764,0.0161326,0.00110375,0.00636407,1.23959,-1.24585,-1.44425,-1.47047
8885,0,0,0.996449,0.00284567,0.000142928,0.000561991,1.65566,-1.4425,-1.33172,-2.13444
8886,0,3,0.994237,0.00221995,0.00025874,0.00328408,1.00191,-1.04944,-1.23212,-1.26524
8887,3,0,0.0109393,0.0140532,0.00365705,0.97135,-0.421681,-1.1988,-1.19687,0.577863
8888,0,1,0.998457,0.000789491,0.000287054,0.000465934,1.72655,-2.55601,-1.86292,-0.799196
8889,0,4,0.997608,0.00128665,0.000282363,0.000823453,1.47053,-1.43563,-1.73931,-1.28668
8890,1,2,0.00614904,0.987719,0.00112092,0.00501136,-1.51293,1.69254,-1.27531,-1.20578
8891,1,1,0.00479134,0.988225,0.000700443,0.00628274,0.18964,-0.0542318,-1.10272,-2.06649
8892,2,0,0.00763788,0.00198857,0.982934,0.00743913,-0.55191,-0.960302,0.314348,-1.2632
8893,0,2,0.269756,0.293247,0.0113649,0.425632,0.149831,-0.546122,-1.32287,-1.08024
8894,0,0,0.997496,0.00206186,0.000102054,0.000339892,1.12877,-1.39586,-1.61704,-1.49981
8895,0,0,0.995998,0.00177303,0.000289722,0.0019397,1.14696,-1.27513,-1.36427,-1.14622
8896,3,0,0.941468,0.0338893,0.00217522,0.0224679,1.86404,-1.85962,-1.47447,-1.48538
8897,3,4,0.0415026,0.0549468,0.00265188,0.900899,-0.657141,-0.380981,-0.906502,-0.356349
8898,1,3,0.00594733,0.990466,0.000336838,0.00324933,-0.967056,1.09772,-1.54903,-1.72921
8899,0,4,0.997874,0.000699725,0.000239235,0.00118679,1.61931,-1.91422,-1.61703,-1.30434
8900,0,2,0.982599,0.0151475,0.000376444,0.0018766,0.0368345,-0.488712,-0.693541,-1.07781
8901,0,1,0.977553,0.0206987,0.000448231,0.00129953,0.29769,0.0413778,-1.66493,-2.14592
8902,0,4,0.998195,0.000838549,0.000229246,0.000737132,0.911304,-0.588991,-1.34857,-1.92431
8903,0,0,0.998072,0.000918158,0.000270613,0.000739203,1.21055,-1.20394,-1.27505,-1.46156
8904,0,1,0.909705,0.0872166,0.000823088,0.00225493,-0.0193979,-0.282857,-1.35787,-0.835805
8905,1,2,0.0283483,0.961732,0.000500668,0.00941928,-0.741953,0.679715,-1.3121,-1.33646
8906,1,2,0.0249396,0.910162,0.00141457,0.0634836,-0.0587988,0.0791367,-1.12701,-1.06612
8907,0,1,0.998478,0.000805866,0.000238446,0.000477926,1.09349,-1.90657,-1.46334,-0.837346
8908,0,3,0.998355,0.00104989,0.000212052,0.000383228,0.21021,-0.419109,-1.76676,-1.88705
8909,0,1,0.776206,0.196735,0.00563297,0.0214253,0.759666,-1.36944,-0.788679,-1.36753
8910,0,3,0.917385,0.0805526,0.000433995,0.00162831,1.03311,-0.772478,-1.57589,-2.21792
8911,3,2,0.532181,0.0536013,0.00777117,0.406447,-0.149937,-0.329352,-1.39256,-0.182517
8912,0,3,0.998531,0.000751189,0.000182476,0.00053528,2.97213,-3.51507,-1.59114,-1.72893
8913,2,4,0.00597906,0.00193166,0.985113,0.00697659,-2.42529,-1.31132,2.20894,-1.68467
8914,0,4,0.995599,0.00233651,0.000331387,0.00173296,1.96979,-1.93567,-1.45576,-1.69208
8915,1,3,0.0251119,0.972704,0.000281843,0.00190175,-0.147833,0.120479,-1.28794,-1.72317
8916,0,2,0.997697,0.00138996,0.000230479,0.000682727,2.03104,-2.03576,-1.41131,-2.14349
8917,0,2,0.26846,0.705229,0.000617242,0.0256942,-0.00183105,-0.194407,-1.18332,-1.14568
8918,2,3,0.00183969,0.00315089,0.989013,0.00599687,-1.08881,-2.71319,1.32783,-1.03466
8919,1,0,0.0786046,0.662663,0.0117178,0.247015,-0.0329517,-0.0048198,-1.36038,-1.40683
8920,0,1,0.996514,0.00197705,0.000331044,0.00117825,2.72283,-2.35078,-1.34719,-2.28577
8921,0,3,0.761639,0.221433,0.00300512,0.0139227,1.63959,-1.40883,-1.17903,-1.58916
8922,1,4,0.0350275,0.962102,0.000677943,0.00219271,-0.708569,0.808894,-1.31372,-1.56019
8923,0,4,0.900408,0.0910886,0.00107717,0.00742607,0.656835,-0.97675,-1.28398,-0.77539
8924,0,2,0.997595,0.00132488,0.000257091,0.000823442,2.33694,-2.40881,-1.39942,-1.55863
8925,0,4,0.998365,0.000767375,0.000232896,0.000634315,2.61599,-2.49136,-1.788,-2.39932
8926,1,0,0.00390171,0.992747,0.000299109,0.00305203,-0.960974,0.869726,-1.56332,-1.51491
8927,2,2,0.00376646,0.00577974,0.986828,0.00362571,-1.34991,-1.46628,1.04876,-0.917618
8928,1,2,0.989862,0.00743507,0.000284583,0.00241794,1.38838,-1.44484,-1.15793,-1.33183
8929,2,2,0.00555464,0.00200489,0.990034,0.00240658,-1.35655,-2.53599,2.31387,-1.82234
8930,0,1,0.997986,0.0012451,0.00019376,0.000575081,1.86467,-2.03619,-1.81068,-1.85125
8931,0,2,0.997354,0.00160085,0.000225943,0.000819233,0.933435,-1.19816,-1.50218,-1.22914
8932,1,4,0.0821591,0.886751,0.000824561,0.0302653,-0.33667,-0.128438,-1.57823,-0.43902
8933,0,1,0.728404,0.257196,0.000979736,0.0134196,0.644306,-0.681368,-1.32773,-0.92777
8934,0,2,0.987394,0.00496587,0.000439671,0.00720064,1.72684,-2.07164,-1.18418,-1.50543
8935,0,2,0.997839,0.00114463,0.000197939,0.000818033,1.93034,-2.36042,-1.54826,-1.42553
8936,1,3,0.00794565,0.990355,0.000224796,0.00147447,-1.38791,1.0913,-1.205,-1.37276
8937,0,1,0.994122,0.00311806,0.000522609,0.0022371,2.01232,-1.90215,-1.38568,-1.80854
8938,0,3,0.998128,0.000947357,0.000248828,0.000675724,2.26792,-2.66999,-1.69097,-1.41363
8939,0,0,0.998517,0.000834733,0.000185347,0.00046324,3.24097,-3.09598,-1.89565,-3.0067
8940,0,1,0.978815,0.0169709,0.000786147,0.00342823,1.09463,-1.2258,-1.57405,-0.990802
8941,0,3,0.997987,0.00152553,0.000175733,0.000311447,0.147359,0.372417,-1.72588,-2.05069
8942,0,3,0.513895,0.462456,0.000870368,0.0227783,-0.566007,0.422455,-1.3211,-0.879618
8943,0,3,0.998024,0.00116629,0.000143434,0.000665829,2.38629,-2.19577,-1.48538,-2.4473
8944,1,4,0.0153613,0.981977,0.000402036,0.00225996,0.146027,0.398005,-1.60694,-2.01397
8945,1,0,0.00722224,0.941319,0.00108085,0.0503777,-1.53439,0.413961,-1.42303,-0.132926
8946,1,3,0.0129207,0.984688,0.000203508,0.00218792,0.0292084,-0.0507283,-1.49713,-1.60928
8947,1,4,0.0128367,0.983914,0.000450267,0.00279892,-1.16827,1.2417,-1.63123,-1.65405
8948,1,3,0.300226,0.684546,0.000655461,0.0145726,-0.010722,0.0856639,-1.48601,-1.41641
8949,0,2,0.877541,0.118646,0.000460422,0.00335262,0.863586,-0.539941,-1.46256,-1.80711
8950,1,0,0.0032421,0.98057,0.000823743,0.0153637,-1.4621,1.27608,-1.56975,-1.18257
8951,1,1,0.00706607,0.989016,0.000503929,0.00341359,-1.08143,0.832294,-1.22423,-0.860885
8952,1,1,0.00359249,0.980656,0.00704063,0.00871102,-1.86782,1.56707,-0.862373,-1.42038
8953,1,0,0.00420572,0.9921,0.000818907,0.00287506,-1.14223,0.807325,-0.884148,-1.14494
8954,0,1,0.997699,0.00149559,0.000248236,0.000557227,1.20515,-1.94002,-1.54056,-0.836443
8955,0,4,0.994086,0.00484689,0.00018025,0.000886356,1.85569,-1.65381,-2.22458,-1.93264
8956,0,1,0.997695,0.00155213,0.000232286,0.000520406,0.344679,-0.857597,-1.70625,-1.32086
8957,0,0,0.987511,0.00819231,0.000327414,0.00396929,0.826276,-0.281422,-1.58242,-2.29662
8958,0,2,0.982022,0.0060188,0.000752605,0.0112062,1.11244,-1.37826,-1.37588,-1.15616
8959,0,0,0.99858,0.000698853,0.000140464,0.00058107,2.56377,-2.91096,-1.51656,-1.66557
8960,0,4,0.998289,0.000793221,0.000201539,0.000716616,3.93292,-3.97858,-1.95462,-2.49199
8961,0,2,0.984844,0.00506308,0.000898061,0.00919496,1.10559,-1.30303,-1.10957,-1.10871
8962,0,3,0.994834,0.00177096,0.000232072,0.00316325,0.861086,-1.4074,-1.31769,-0.738043
8963,0,4,0.997906,0.001324,0.000196028,0.000573913,0.999435,-1.11944,-1.71909,-1.70855
8964,1,1,0.858569,0.116422,0.000807766,0.0242016,-0.43259,-0.590655,-1.39424,0.0646739
8965,0,4,0.998461,0.000748208,0.000191594,0.000599443,2.10677,-2.06881,-1.88467,-1.85982
8966,1,1,0.0480926,0.945896,0.00116295,0.00484862,-0.441566,0.385953,-1.43689,-1.03627
8967,0,2,0.997504,0.00108866,0.000265228,0.00114202,1.22806,-1.03876,-1.12831,-1.86923
8968,3,1,0.0428336,0.0188306,0.00541882,0.932917,0.16155,-0.67567,-0.826877,-0.219597
8969,0,4,0.993924,0.00344564,0.000327614,0.00230315,1.03071,-1.07429,-1.35816,-1.19422
8970,0,2,0.174,0.324124,0.00474227,0.497134,-0.406711,-1.11284,-0.760635,0.271657
8971,3,0,0.0101849,0.00904979,0.00672523,0.97404,-1.28803,-0.743607,-1.15455,0.94688
8972,0,3,0.998328,0.000871218,0.000218351,0.000582059,3.0228,-3.95747,-1.92935,-1.79676
8973,3,0,0.714118,0.236413,0.0019177,0.0475518,0.600912,-0.586541,-1.33328,-1.37402
8974,1,3,0.0225814,0.803442,0.00457651,0.1694,-0.512716,0.403507,-1.32148,-1.19834
8975,0,2,0.997745,0.00142299,0.000185204,0.000647056,1.47581,-0.926131,-1.87854,-2.65928
8976,0,1,0.981479,0.0150034,0.000381936,0.00313606,0.63371,-0.791056,-1.15097,-1.01613
8977,0,0,0.995917,0.00318374,0.000263259,0.000636478,0.527946,-0.620464,-0.908885,-2.17504
8978,0,3,0.998258,0.000954912,0.000181007,0.000605794,0.626414,-0.651256,-1.66563,-2.03323
8979,0,3,0.998417,0.00104996,0.000160388,0.000372914,2.14487,-1.92134,-1.70723,-2.55889
8980,1,3,0.8218,0.114413,0.00157718,0.0622092,-0.257794,-0.0665264,-1.07704,-1.15748
8981,1,4,0.0340038,0.955199,0.00060689,0.0101899,-0.716963,0.589055,-1.46789,-1.33603
8982,1,2,0.313962,0.651803,0.00357052,0.0306644,-0.358904,0.530111,-1.72998,-1.23269
8983,0,0,0.958732,0.00851627,0.00172176,0.0310298,-0.158633,-0.108242,-1.032,-0.781356
8984,0,3,0.998484,0.000855335,0.000217109,0.000443742,2.33758,-3.37556,-1.67465,-1.37345
8985,1,3,0.00510454,0.992909,0.000268164,0.00171818,-1.28731,0.968245,-1.20359,-1.57977
8986,0,3,0.998248,0.000911173,0.000213692,0.000627464,2.42199,-2.61165,-1.4018,-1.77818
8987,0,3,0.998367,0.000848579,0.000222666,0.000561973,2.40079,-2.84244,-1.53686,-1.76631
8988,1,4,0.0058957,0.989569,0.000881467,0.00365358,-1.58938,1.00906,-0.457534,-1.17385
8989,0,2,0.98347,0.00617664,0.000693,0.00966045,0.749456,-0.97483,-1.26615,-0.85419
8990,0,3,0.997414,0.0020738,0.000121657,0.000390418,1.32332,-1.48723,-1.30564,-1.12722
8991,0,0,0.997918,0.00150912,0.000178139,0.00039522,0.753587,-0.276273,-1.69622,-2.17504
8992,0,4,0.997412,0.00173442,0.000162116,0.000691253,1.23715,-0.841314,-2.08935,-1.63747
8993,0,4,0.997632,0.00150722,0.000277992,0.00058279,0.491509,-0.467511,-1.42967,-2.24871
8994,0,3,0.998563,0.000779614,0.00016811,0.000489302,3.428,-3.71279,-1.86941,-2.22969
8995,0,1,0.998407,0.0008536,0.000230643,0.000508714,3.02076,-2.88817,-2.00578,-2.09655
8996,0,1,0.998436,0.000769682,0.000323368,0.000470497,1.85713,-1.81956,-1.31396,-1.5531
8997,0,4,0.128934,0.252039,0.221108,0.39792,0.135405,-0.827336,-0.846693,-0.695442
8998,1,3,0.00565839,0.947884,0.00105079,0.0454066,-0.52558,0.375755,-1.74532,-1.29146
8999,0,0,0.997316,0.00116774,0.000192875,0.00132322,2.49369,-2.97531,-1.92993,-1.58566
9000,0,2,0.980099,0.0184128,0.000186607,0.00130165,0.238474,0.0328606,-1.71614,-1.77689
9001,0,2,0.996637,0.002111,0.00015762,0.0010941,2.12219,-2.45609,-1.45748,-1.9133
9002,0,2,0.938282,0.0178786,0.00272442,0.0411147,-0.063887,-1.14409,-1.09603,-0.0749057
9003,1,2,0.037847,0.956273,0.00047503,0.00540466,-1.53084,1.31651,-1.38563,-1.22715
9004,0,3,0.998118,0.00115281,0.000270097,0.000459451,1.2094,-1.62783,-1.06785,-1.31094
9005,1,2,0.0739833,0.911925,0.000936785,0.0131548,-0.799903,0.756297,-1.6852,-0.973166
9006,0,4,0.998302,0.00107578,0.000141803,0.00048065,0.837718,-0.740839,-1.18486,-2.18571
9007,1,3,0.0697471,0.92866,0.000462215,0.00113066,-0.335227,0.529015,-1.49028,-1.91112
9008,0,1,0.998257,0.000841061,0.000276541,0.000625634,2.4597,-2.2857,-1.31183,-1.94796
9009,1,2,0.923158,0.0347486,0.00168069,0.0404125,0.491978,-1.21726,-1.76215,-0.184251
9010,0,2,0.982993,0.0131462,0.000374394,0.00348685,0.956896,-1.17988,-1.47105,-1.27821
9011,0,4,0.997863,0.00145407,0.000143131,0.000540171,1.93716,-2.12496,-1.37018,-1.6646
9012,1,1,0.0297902,0.81228,0.0116546,0.146275,-1.09699,0.446162,-1.20655,-0.491329
9013,0,4,0.998271,0.000941958,0.000198799,0.000587738,2.86683,-2.67253,-2.05178,-2.87802
9014,1,4,0.614264,0.0126494,0.00914671,0.36394,3.00941,-4.1254,-1.94394,-1.53114
9015,0,2,0.996308,0.00253806,0.000196097,0.000957711,0.334276,-0.334517,-1.59271,-1.54348
9016,0,3,0.997826,0.00171828,0.000127051,0.000328259,1.29396,-0.737024,-1.75247,-2.64966
9017,0,2,0.996467,0.00193683,0.000266509,0.00132986,2.43404,-2.81205,-1.77095,-1.57472
9018,2,3,0.00642829,0.00112858,0.988662,0.00378084,-0.704354,-1.2798,0.457272,-1.02295
9019,0,4,0.99732,0.00169243,0.00013974,0.00084769,1.10669,-1.34272,-1.42252,-1.82616
9020,0,2,0.986763,0.00409618,0.000319587,0.00882109,2.35835,-2.47192,-1.80371,-2.09839
9021,0,3,0.99726,0.00220613,0.000181888,0.000351971,1.17541,-1.3242,-1.70206,-1.41989
9022,0,4,0.940905,0.0566162,0.00109739,0.00138182,1.43236,-1.15539,-1.56914,-1.94634
9023,1,4,0.0647614,0.922833,0.000629036,0.0117767,-1.05518,0.907576,-1.52321,-1.10702
9024,0,3,0.99853,0.000829057,0.000168763,0.000472383,3.11174,-3.06029,-2.14203,-2.75903
9025,2,0,0.00129914,0.00078874,0.995561,0.0023513,-2.50449,-1.95031,2.35348,-1.37823
9026,0,0,0.99854,0.000825028,0.000152168,0.000482646,3.32223,-2.91854,-2.17463,-3.07024
9027,0,4,0.684969,0.296622,0.0012942,0.0171144,0.4848,-1.21039,-1.24206,-0.88045
9028,0,1,0.993513,0.00474461,0.000387375,0.00135472,1.6009,-2.197,-1.30404,-0.862766
9029,1,3,0.0204877,0.976606,0.000326976,0.00257941,-1.51495,1.08436,-1.57407,-1.13793
9030,0,0,0.998415,0.000935675,0.000223112,0.000425881,2.06139,-2.04763,-1.17373,-1.95278
9031,0,1,0.907225,0.0874045,0.000845248,0.00452496,0.493263,-0.524455,-1.10635,-1.31687
9032,0,0,0.794536,0.0915262,0.00653372,0.107404,0.865992,-1.3215,-1.13273,-1.03644
9033,1,1,0.0264784,0.952155,0.000429816,0.0209372,-0.545634,-0.310648,-1.049,-0.33191
9034,3,1,0.0217132,0.162688,0.0722807,0.743318,-1.50671,-0.0268465,-1.1175,0.976965
9035,0,2,0.253154,0.736111,0.0009283,0.00980627,0.629766,-0.0957084,-1.51466,-1.82118
9036,0,0,0.927909,0.0468338,0.000983463,0.0242734,0.0303595,-0.261747,-1.075,-0.703655
9037,0,0,0.985564,0.00812838,0.000479173,0.00582898,0.326755,-0.505105,-1.12067,-0.741396
9038,1,2,0.0158661,0.980642,0.000632867,0.00285856,-0.867864,1.44313,-1.40367,-2.2849
9039,0,1,0.82133,0.176071,0.000963559,0.00163587,-0.197002,-0.0910347,-0.463184,-1.96518
9040,1,3,0.0153671,0.974937,0.00166742,0.00802897,-0.929312,0.867703,-1.25183,-1.52631
9041,0,1,0.996461,0.00222057,0.00019728,0.00112094,0.965746,-1.23585,-1.72204,-1.05993
9042,3,4,0.00658589,0.0121964,0.00473901,0.976479,-1.56774,-0.801842,-0.713581,0.664081
9043,0,2,0.940407,0.0223333,0.00140833,0.0358517,0.365609,-0.524938,-0.578744,-1.36465
9044,1,0,0.0361035,0.93044,0.00262877,0.0308282,0.334461,-0.671864,-1.36962,-0.601166
9045,1,2,0.0107463,0.984322,0.000496663,0.00443536,-1.20959,1.14239,-1.50407,-1.51477
9046,2,0,0.00123602,0.00245572,0.992643,0.00366493,-1.60279,-1.14695,1.1443,-1.04319
9047,0,4,0.885779,0.037109,0.002542,0.0745698,1.02063,-2.04525,-1.15242,-1.06892
9048,0,1,0.759635,0.223454,0.00489354,0.0120174,0.0242207,0.12979,-1.1229,-1.54101
9049,0,1,0.995051,0.00299263,0.000565604,0.00139035,2.13632,-2.14772,-1.32629,-1.7766
9050,0,3,0.998369,0.000779462,0.000209585,0.000642422,1.91199,-2.15963,-1.25873,-1.38448
9051,0,1,0.668272,0.31939,0.00237744,0.00996063,0.0173219,0.0868361,-1.01069,-0.899129
9052,0,3,0.997881,0.00169338,0.000108254,0.000316937,1.13896,-1.42135,-1.45892,-0.836373
9053,0,4,0.998564,0.000761555,0.000173447,0.000501395,2.52842,-2.70316,-2.14518,-2.34167
9054,0,4,0.988643,0.00471674,0.000345539,0.0062946,-0.199516,-0.358394,-1.63153,-0.449353
9055,0,0,0.955957,0.042084,0.000589836,0.00136873,0.194323,-0.158829,-1.29816,-1.52059
9056,0,2,0.995514,0.00290332,0.000158988,0.00142398,1.53485,-1.64902,-1.28305,-1.47268
9057,0,0,0.99228,0.0067121,0.000284721,0.000722814,1.97429,-2.1979,-1.41924,-1.64275
9058,1,4,0.214561,0.778724,0.000640274,0.00607475,0.164415,-0.293013,-1.92329,-1.144
9059,1,1,0.702857,0.27686,0.00902216,0.0112612,0.178125,-0.423363,-0.817554,-1.3094
9060,0,4,0.918608,0.0113954,0.00170873,0.0682883,1.06274,-1.48181,-1.17963,-0.593165
9061,0,3,0.998556,0.000838852,0.000174465,0.000430961,2.59945,-2.81837,-1.79568,-2.50926
9062,0,0,0.0369782,0.956479,0.000488303,0.00605424,-1.43081,1.67999,-1.54064,-1.81351
9063,1,2,0.0304195,0.964986,0.000719601,0.00387496,-1.17896,1.46964,-1.63682,-2.17374
9064,0,2,0.965189,0.0190633,0.0014314,0.0143161,0.645021,-0.988884,-1.07251,-1.47163
9065,0,0,0.998311,0.000942915,0.000192691,0.00055323,2.31198,-2.7574,-1.60489,-1.55059
9066,0,4,0.561875,0.429125,0.00111692,0.00788276,0.448682,-0.564922,-1.56822,-1.04923
9067,0,0,0.86337,0.0602272,0.0038151,0.072588,0.729085,-1.14818,-1.08645,-0.879997
9068,3,1,0.0772172,0.792147,0.00957094,0.121065,-1.35628,0.781349,-0.455243,-1.12707
9069,0,1,0.888743,0.108028,0.000973753,0.00225522,-0.174299,0.487924,-1.70438,-1.67172
9070,1,2,0.0822026,0.912706,0.000675318,0.00441655,-0.70919,0.874262,-1.07707,-1.6373
9071,0,1,0.996994,0.0022689,0.00021594,0.000521057,1.56297,-1.91378,-1.11074,-1.43163
9072,0,1,0.997568,0.00167313,0.000269422,0.000489769,0.739288,-0.774633,-1.09267,-1.86693
9073,0,2,0.474222,0.519815,0.000659384,0.00530426,0.666657,-0.428608,-1.26043,-2.15273
9074,0,3,0.988804,0.0101703,0.000443752,0.000582163,1.79716,-1.99101,-1.13335,-1.59354
9075,0,1,0.9377,0.00994959,0.00245978,0.0498908,0.771607,-2.78274,-1.18852,-0.302133
9076,1,4,0.0145605,0.981547,0.000450942,0.00344116,-0.467635,0.71671,-1.36647,-2.17785
9077,0,4,0.9978,0.000952611,0.00018813,0.00105961,2.09065,-2.73014,-1.37512,-1.44646
9078,0,1,0.99805,0.00107867,0.000247355,0.000624284,0.508002,-0.611993,-2.06693,-1.47745
9079,3,3,0.976419,0.0216881,0.000389738,0.0015028,0.211824,0.225354,-1.18329,-2.24852
9080,1,1,0.00644986,0.978033,0.00334288,0.0121741,-0.0622701,0.0304902,-1.00444,-1.52999
9081,0,3,0.968317,0.0179586,0.000222385,0.0135022,0.434787,-0.165967,-1.57368,-1.78877
9082,3,2,0.00870133,0.0145294,0.00672387,0.970046,-0.727266,-0.475782,-0.714528,0.449042
9083,0,2,0.996772,0.0021911,0.000224931,0.000811591,1.44023,-1.31128,-1.66802,-1.83559
9084,2,1,0.00566784,0.00395293,0.988255,0.00212413,-1.58952,-1.15639,0.998667,-1.79589
9085,0,4,0.977454,0.0199135,0.000481773,0.00215074,-0.581039,0.627015,-0.994568,-1.84563
9086,0,4,0.99015,0.00610725,0.000510453,0.00323247,1.58086,-1.57913,-1.11702,-1.18142
9087,1,3,0.0683587,0.896719,0.0164561,0.018466,0.205624,-0.251543,-1.26515,-1.73219
9088,0,1,0.997828,0.00109541,0.000310184,0.000766214,0.894879,-1.08423,-1.50624,-1.31595
9089,3,3,0.135286,0.0206004,0.0260413,0.818072,-0.0945012,-1.01328,-1.07797,0.0304763
9090,0,3,0.998522,0.000845403,0.000161663,0.000470537,1.85259,-2.39072,-1.92458,-0.987686
9091,0,1,0.468879,0.524095,0.00233863,0.00468739,-0.155502,0.298788,-1.27139,-2.03568
9092,0,0,0.998387,0.000928367,0.000188978,0.00049595,2.82807,-3.73239,-2.27399,-1.78239
9093,0,3,0.996455,0.00220866,0.000167428,0.00116901,0.418493,-0.680907,-1.40773,-1.43007
9094,0,3,0.992114,0.00522651,0.00043748,0.00222171,2.16408,-2.39102,-2.27271,-1.43046
9095,1,3,0.00967399,0.988582,0.000389235,0.00135459,-1.92304,1.09863,-0.780929,-0.895954
9096,0,0,0.993544,0.00341252,0.000569176,0.0024748,1.5235,-2.13757,-1.18361,-1.61301
9097,0,2,0.980174,0.00963748,0.000997109,0.00919166,1.26717,-1.16032,-1.50158,-1.36374
9098,0,0,0.997485,0.00116111,0.000192531,0.00116111,1.25246,-1.80621,-1.35209,-1.0325
9099,1,0,0.00902633,0.957387,0.0033206,0.0302659,-0.751645,0.530076,-0.924433,-0.848585
9100,0,3,0.993012,0.0043031,0.000365859,0.00231908,2.56322,-2.43816,-1.57742,-2.29523
9101,0,2,0.951012,0.0463417,0.000474265,0.00217167,0.149269,-0.108486,-1.88267,-1.14306
9102,1,0,0.0117061,0.986532,0.000356441,0.00140563,-0.603054,0.609766,-1.42242,-1.72006
9103,0,0,0.209154,0.713804,0.00239959,0.0746421,0.0383551,0.065112,-1.33647,-1.35691
9104,0,3,0.214942,0.78316,0.00037122,0.00152669,1.16815,-1.77125,-1.4344,-1.07374
9105,0,2,0.997641,0.00153097,0.000171938,0.000655895,0.216413,-0.33273,-1.78311,-1.33818
9106,0,0,0.997159,0.00199775,0.000130485,0.000712319,1.25542,-1.9403,-1.94755,-0.917595
9107,0,4,0.99852,0.000691345,0.000179295,0.00060892,3.53975,-4.05885,-2.2874,-2.2571
9108,0,3,0.22866,0.746094,0.000646663,0.0245999,-0.265103,0.0611347,-1.9329,-0.839044
9109,0,0,0.996808,0.002611,0.000147231,0.000433581,0.692986,-0.652209,-1.64737,-1.6287
9110,1,4,0.325467,0.626742,0.0292845,0.0185056,-0.600606,0.58025,-0.950612,-1.1586
9111,0,1,0.993514,0.00526593,0.000562528,0.000657662,1.19515,-0.857095,-1.00892,-1.761
9112,1,1,0.106318,0.884993,0.0010546,0.00763429,-0.490368,-0.0203307,-1.31533,-0.975066
9113,0,1,0.997867,0.000904621,0.000286325,0.000941576,2.04497,-2.13308,-1.54718,-1.83363
9114,1,4,0.00599824,0.99093,0.00097513,0.00209686,-1.44182,1.27902,-1.07539,-0.972501
9115,0,1,0.994272,0.00413744,0.000260779,0.00132953,2.01627,-2.07369,-1.65467,-1.88381
9116,0,4,0.99841,0.000930204,0.000168084,0.000491142,1.36967,-1.37338,-1.91984,-1.60126
9117,0,2,0.997875,0.00117296,0.000187046,0.000764755,2.82492,-2.58096,-2.23073,-2.38167
9118,0,2,0.983684,0.00743754,0.000733545,0.00814464,1.92549,-1.98563,-0.99053,-1.46179
9119,0,3,0.997734,0.00122668,0.000241549,0.00079744,2.19951,-1.7655,-1.57652,-2.10886
9120,0,3,0.997965,0.0015824,0.000168997,0.000284124,2.14159,-2.21698,-1.58765,-1.81086
9121,0,0,0.997284,0.00201465,0.000128981,0.000572436,-0.00845824,0.216841,-1.4594,-1.65518
9122,0,0,0.94746,0.0496286,0.000326648,0.00258439,-0.769372,0.573321,-1.27913,-1.12075
9123,3,4,0.300047,0.0393192,0.0110042,0.649629,-0.701051,-0.321808,-0.915629,0.075531
9124,0,4,0.994717,0.00271329,0.000300289,0.00226925,1.20921,-0.930021,-1.70974,-2.15528
9125,0,2,0.980473,0.00908291,0.000380057,0.0100637,0.53025,-0.451515,-1.60969,-1.13392
9126,0,2,0.997687,0.0013751,0.000214408,0.000723918,1.88524,-2.52547,-1.67409,-1.14611
9127,0,4,0.993733,0.00398845,0.000297657,0.00198118,1.20079,-1.01762,-1.10141,-1.76289
9128,1,2,0.481666,0.512731,0.000649129,0.00495354,-0.388803,0.268909,-1.10275,-1.82291
9129,0,1,0.997084,0.00203401,0.000227209,0.000654889,0.732072,-1.17052,-1.3392,-1.13353
9130,0,3,0.92475,0.0639523,0.00107435,0.010223,0.402156,-0.254378,-1.37167,-1.93156
9131,0,4,0.960377,0.0146898,0.00130953,0.0236236,1.22096,-2.57755,-1.4227,-0.933737
9132,0,3,0.997229,0.00166279,0.000176977,0.00093092,1.86106,-2.28762,-1.47922,-1.41752
9133,0,4,0.998244,0.00104568,0.000244043,0.000466745,1.07502,-0.813547,-1.49785,-1.91508
9134,1,3,0.00588476,0.962031,0.0192437,0.012841,-1.25997,1.24329,-1.38651,-1.47579
9135,0,0,0.718669,0.128567,0.00568344,0.14708,0.888709,-0.741097,-1.50109,-1.56946
9136,0,1,0.99819,0.00112179,0.000258251,0.000429963,1.76692,-1.94328,-1.2507,-1.60406
9137,1,1,0.0422637,0.953035,0.000501989,0.004199,-1.42009,1.44016,-1.2924,-1.42569
9138,1,4,0.0056878,0.991736,0.000324984,0.00225143,-1.0614,1.06331,-1.15186,-1.39609
9139,0,3,0.998239,0.00124663,0.000158182,0.000356469,0.845411,-0.843457,-1.17324,-1.89587
9140,0,3,0.998137,0.00126861,0.000132411,0.00046216,1.77,-2.13982,-1.26788,-2.16479
9141,1,3,0.845328,0.148482,0.00106395,0.00512564,-0.0962911,0.217168,-1.24066,-0.871961
9142,0,4,0.996985,0.00166238,0.000162363,0.00119037,1.30033,-1.35324,-1.16298,-1.54284
9143,0,4,0.989044,0.00472557,0.00051088,0.00571964,2.1406,-2.52296,-1.44079,-1.44991
9144,0,3,0.998061,0.00137427,0.000166068,0.000398377,2.12305,-2.00105,-1.79895,-2.00154
9145,0,3,0.992289,0.00556457,0.000511556,0.00163527,2.07715,-1.95304,-1.40531,-1.71556
9146,0,4,0.995822,0.0023416,0.00029945,0.00153716,2.17081,-1.96575,-2.03781,-2.69583
9147,1,4,0.00872053,0.987737,0.000413984,0.00312844,-1.05952,1.12898,-1.17345,-2.01093
9148,0,3,0.950096,0.0444583,0.00027691,0.00516908,-0.0925869,0.0338342,-1.15167,-0.867822
9149,1,1,0.00928621,0.961197,0.00235022,0.0271666,-0.616894,0.175939,-1.24712,-0.346318
9150,0,3,0.989781,0.00895728,0.000324977,0.000936686,0.151137,0.0817696,-1.53028,-1.9057
9151,1,4,0.156522,0.771557,0.00383329,0.0680878,-0.382338,0.0914252,-0.592356,-1.2778
9152,1,4,0.123268,0.861522,0.00106544,0.0141445,0.105653,-0.213311,-1.08151,-1.02318
9153,1,2,0.429199,0.561971,0.00116616,0.00766396,0.0778322,-0.0803623,-1.11747,-1.92395
9154,0,3,0.998265,0.000951196,0.00023654,0.000546759,2.10019,-2.12248,-1.61073,-1.81035
9155,0,0,0.998582,0.000742476,0.000192743,0.000482667,3.306,-3.85819,-2.02195,-2.0926
9156,0,4,0.996902,0.00246987,0.000209686,0.000418642,0.860766,-0.416835,-1.69044,-2.21857
9157,0,4,0.998112,0.000768681,0.00021873,0.000900436,3.44003,-3.77607,-1.93739,-2.29584
9158,0,1,0.993968,0.00273785,0.000526627,0.00276742,0.451562,-0.828004,-1.55934,-1.02267
9159,0,1,0.998291,0.00101059,0.000266997,0.000431689,1.37322,-1.21737,-1.96255,-2.07747
9160,3,3,0.0686583,0.0262962,0.00219466,0.902851,0.0278483,-1.01933,-1.5022,-0.00551178
9161,1,2,0.0365975,0.953125,0.00112255,0.00915444,-0.946386,0.934045,-1.39012,-1.12346
9162,2,3,0.00255314,0.00208585,0.991521,0.00384022,-1.15783,-1.22892,0.371499,-1.21952
9163,1,3,0.0273553,0.969975,0.000574434,0.00209505,0.0681841,0.807919,-1.55571,-2.37588
9164,1,2,0.0574013,0.938246,0.000477127,0.00387581,-0.321655,0.351949,-1.24855,-1.5928
9165,1,1,0.0603424,0.927467,0.000418672,0.0117724,0.332964,-0.775914,-1.42756,-0.72093
9166,0,1,0.99755,0.00163434,0.000359017,0.000456507,0.869583,-0.964623,-1.76754,-0.737883
9167,0,0,0.992216,0.00515607,0.000346787,0.0022813,1.79019,-1.77914,-1.13576,-1.66577
9168,0,4,0.989807,0.00473384,0.00060834,0.00485083,0.372615,-0.71837,-1.38086,-1.26353
9169,1,2,0.793892,0.0399329,0.00567199,0.160503,0.482161,-1.00942,-1.30548,-0.946066
9170,0,3,0.998446,0.000748197,0.000201965,0.000604136,3.00912,-2.67768,-1.70235,-2.59669
9171,1,0,0.00975482,0.985349,0.000421129,0.00447481,-0.726727,0.752352,-1.60806,-1.17266
9172,3,4,0.154575,0.789995,0.00419438,0.0512354,0.00152578,-0.796216,-0.791826,-0.418889
9173,0,4,0.878452,0.0927239,0.00232243,0.0265011,0.596769,-1.42862,-1.30634,-0.200574
9174,1,2,0.0324935,0.956815,0.00171496,0.00897699,-0.637223,0.335117,-1.59118,-0.574057
9175,0,3,0.981445,0.0136803,0.000691573,0.00418296,0.749123,-0.798807,-1.42032,-1.84185
9176,0,0,0.998659,0.000806011,0.000202403,0.000333055,1.87461,-1.77376,-1.33434,-2.25534
9177,1,3,0.00541208,0.990881,0.000543776,0.00316301,-0.816092,0.484376,-1.5489,-0.748579
9178,1,2,0.033851,0.962119,0.000436014,0.0035941,-0.510457,0.515955,-1.52112,-1.34835
9179,1,0,0.803681,0.180027,0.000751708,0.0155398,0.638005,-0.648481,-1.91031,-1.34142
9180,1,3,0.988732,0.00799289,0.000353764,0.00292181,-0.235781,-0.00522042,-1.81432,-1.35337
9181,0,1,0.997115,0.0014918,0.000486687,0.000906591,1.11669,-1.3833,-1.30031,-1.46982
9182,0,1,0.998219,0.000728561,0.000312739,0.000740034,2.77463,-3.12628,-1.4236,-2.02479
9183,0,2,0.774084,0.21121,0.00161892,0.0130868,-0.124621,0.0717273,-1.44205,-1.21922
9184,0,4,0.995715,0.00216751,0.00028293,0.00183416,2.54369,-2.47578,-2.09473,-2.14715
9185,0,2,0.997781,0.00132642,0.000214848,0.000678133,2.25097,-2.16588,-1.95836,-1.91775
9186,1,2,0.0161615,0.976878,0.000658117,0.00630224,-1.4813,1.20351,-1.0732,-1.36994
9187,1,2,0.0160862,0.979549,0.0010201,0.00334479,-0.769817,0.393597,-0.835219,-1.21417
9188,0,4,0.995678,0.00119697,0.000339273,0.00278575,1.80645,-1.55437,-1.63545,-1.73931
9189,3,2,0.0142597,0.925909,0.000985184,0.0588456,-1.05049,0.0434149,-1.23804,0.0060138
9190,0,3,0.997873,0.00148276,0.000245866,0.000398302,1.90447,-1.89343,-1.51579,-2.46487
9191,1,3,0.0178448,0.975765,0.000986825,0.00540289,-0.346912,-0.123753,-1.49551,-0.928276
9192,0,0,0.992916,0.00525377,0.000515894,0.00131481,0.738154,-0.86404,-1.07915,-1.22061
9193,0,2,0.946799,0.0205832,0.00177498,0.0308425,1.18028,-1.21164,-1.36008,-1.43207
9194,0,2,0.852563,0.138634,0.000749115,0.00805375,0.736049,-0.619296,-1.61729,-1.59816
9195,0,0,0.981948,0.0103835,0.000808945,0.00685975,0.141646,-0.297379,-1.49419,-0.896741
9196,3,1,0.0352292,0.0264628,0.00546091,0.932847,0.793104,-1.40886,-0.905992,-0.223881
9197,0,3,0.979291,0.0107155,0.000453434,0.00953988,1.74808,-1.6868,-1.47065,-1.34242
9198,1,4,0.0217128,0.975147,0.000371406,0.00276857,-0.373489,-0.0156004,-1.33697,-0.780445
9199,0,2,0.987409,0.00966487,0.000451866,0.00247398,0.815393,-1.14929,-0.814103,-1.30199
9200,0,0,0.998423,0.000851117,0.000214986,0.000510713,2.41751,-2.80432,-1.25721,-1.73882
9201,0,1,0.27779,0.707978,0.00144073,0.012791,-0.522015,0.0488597,-1.43154,-0.531342
9202,0,1,0.998419,0.000937508,0.00024793,0.000395418,1.8328,-1.86617,-1.66109,-1.84507
9203,0,0,0.973605,0.0210564,0.000838924,0.00449989,0.333256,-0.512942,-1.17367,-1.20128
9204,0,4,0.99815,0.000701286,0.000214508,0.000934513,2.18618,-2.10812,-1.74768,-2.12352
9205,2,2,0.00446972,0.00260971,0.990012,0.0029085,-1.28957,-2.63122,2.10002,-1.22654
9206,0,0,0.994183,0.00486871,0.000225665,0.000722787,0.523176,-0.691379,-1.2929,-1.081
9207,1,1,0.11194,0.8779,0.00110495,0.00905497,-0.409925,0.391809,-1.75304,-1.06332
9208,0,1,0.996469,0.0014996,0.000269125,0.00176179,1.06473,-1.35806,-1.39528,-1.07268
9209,0,4,0.987831,0.00982726,0.000299377,0.00204188,0.349341,-0.486959,-1.53482,-1.14199
9210,0,3,0.998333,0.000814451,0.000232889,0.000619602,3.18852,-3.13702,-2.07424,-2.34795
9211,0,1,0.998468,0.000702881,0.000234747,0.000594783,2.71257,-2.28466,-1.65292,-2.42063
9212,0,4,0.990489,0.00350317,0.000240733,0.00576729,1.3296,-2.07864,-1.31866,-1.35566
9213,0,0,0.54938,0.0893342,0.0256197,0.335666,-0.801397,0.244502,-1.01475,-0.665638
9214,0,4,0.720205,0.045527,0.00508559,0.229182,0.379644,-0.790245,-1.27101,-0.472911
9215,0,3,0.964033,0.00373011,0.000683296,0.0315537,-0.184306,-0.895026,-0.690003,0.113536
9216,0,3,0.998392,0.000879824,0.000221371,0.000506723,1.53138,-2.0943,-1.42177,-1.27846
9217,0,0,0.997636,0.00185573,9.73944e-05,0.000410847,1.33857,-1.65125,-1.92411,-1.11606
9218,0,0,0.998609,0.000780411,0.000174133,0.000436917,2.33165,-2.54094,-1.59903,-1.87855
9219,0,3,0.983132,0.00930078,0.000733132,0.00683457,1.36495,-1.53469,-1.32051,-1.47037
9220,0,4,0.997697,0.00138049,0.000257117,0.00066561,0.0889034,-0.181603,-1.33425,-1.19041
9221,0,1,0.991398,0.00641468,0.000550473,0.001637,1.61439,-1.52164,-1.38671,-1.98971
9222,0,2,0.986888,0.00568215,0.000816197,0.00661398,1.82919,-1.78181,-1.39617,-1.36371
9223,0,1,0.996528,0.00208618,0.000289311,0.00109612,1.62137,-2.16235,-1.85919,-1.47126
9224,0,1,0.0958589,0.89451,0.000929727,0.00870122,0.038042,-0.217689,-1.12795,-1.06992
9225,3,2,0.0151155,0.938367,0.00215538,0.044362,-0.577372,0.282817,-1.47168,-0.84192
9226,0,4,0.997989,0.00116967,0.000169001,0.000672339,2.29266,-2.58867,-0.94628,-1.74654
9227,3,2,0.989279,0.00406275,0.000597421,0.00606032,1.02836,-1.09979,-0.996722,-1.1069
9228,0,0,0.955059,0.0323311,0.000634681,0.0119755,0.0461866,0.16595,-1.49947,-1.70973
9229,0,2,0.995741,0.00285478,0.000143106,0.00126063,1.90607,-1.62467,-1.92534,-1.66855
9230,2,0,0.00253744,0.000929833,0.994121,0.0024118,-1.53222,-1.9219,1.32397,-0.910169
9231,3,0,0.0291169,0.30075,0.00678873,0.663345,-0.021272,-0.863199,-1.35051,0.0791251
9232,0,0,0.997961,0.00149598,0.000264832,0.000278084,0.73557,-0.712157,-1.16194,-2.00448
9233,0,3,0.998412,0.000856109,0.000188246,0.000543645,3.22999,-3.17587,-1.8523,-2.45881
9234,0,0,0.985456,0.00411078,0.0011516,0.00928189,0.478034,-1.79411,-1.37641,0.0532409
9235,0,1,0.997961,0.000946274,0.000237394,0.000855722,1.53111,-1.83847,-1.44985,-1.34986
9236,0,3,0.997354,0.00194045,0.000117447,0.000588345,1.18424,-1.25133,-1.80747,-1.75849
9237,0,2,0.996534,0.00144788,0.000300837,0.00171773,1.52244,-1.24624,-1.51501,-2.02192
9238,0,0,0.99532,0.00164027,0.000276267,0.00276308,1.70244,-1.54298,-1.64291,-1.88199
9239,0,0,0.871392,0.0850249,0.00201331,0.0415695,0.338296,-0.772094,-1.19395,-0.817849
9240,0,0,0.998101,0.0012698,0.00020229,0.000426579,1.25049,-1.7567,-1.583,-0.966818
9241,0,1,0.997331,0.00197,0.000341833,0.000357539,0.475258,-0.252423,-1.47066,-1.44168
9242,0,4,0.998281,0.000973767,0.000179953,0.000565779,1.39944,-1.23129,-1.86457,-2.16891
9243,0,4,0.998243,0.00103148,0.000180651,0.000544616,1.79804,-2.40379,-1.13353,-1.01661
9244,0,3,0.979517,0.0192567,0.00018182,0.00104426,0.965593,-1.61667,-1.1845,-1.23478
9245,3,1,0.753864,0.156674,0.00822071,0.0812417,0.305022,-0.608607,-1.08944,-1.16004
9246,0,2,0.997983,0.00112375,0.000172333,0.000720607,1.88188,-1.64386,-1.67895,-2.23161
9247,0,2,0.996329,0.00205945,0.000203913,0.00140717,2.27122,-2.54532,-1.9243,-1.92653
9248,0,0,0.984747,0.0107384,0.000817614,0.00369664,0.116334,-0.610589,-0.883634,-0.880423
9249,1,4,0.730442,0.176744,0.00215433,0.0906588,0.189079,-0.350512,-1.01717,-1.12635
9250,0,1,0.754609,0.120686,0.00423998,0.120465,-0.20325,-0.0950699,-1.11734,-0.661724
9251,1,0,0.0240855,0.972484,0.000438993,0.0029912,-0.865984,0.929053,-1.54189,-1.45092
9252,0,3,0.997899,0.00140801,0.000119595,0.000573908,1.25416,-1.43591,-1.52084,-1.2164
9253,1,3,0.0988045,0.898004,0.000708676,0.0024832,-0.726113,0.773309,-1.04898,-1.27161
9254,0,4,0.567928,0.00806947,0.00401031,0.419992,-0.204752,-0.819265,-0.638451,-0.0394642
9255,0,1,0.9984,0.000786368,0.00023519,0.000578135,3.06072,-3.12287,-2.08522,-2.07252
9256,0,4,0.99795,0.00107226,0.000154473,0.000822932,2.04633,-1.91998,-1.91858,-2.59865
9257,0,3,0.948788,0.0486418,0.000756101,0.00181379,-0.870298,-0.667313,-0.333704,-0.873176
9258,0,1,0.995313,0.00385208,0.000291794,0.000543017,1.49609,-1.6844,-1.14956,-1.24346
9259,1,3,0.00320721,0.00339412,0.990119,0.00328007,0.0480325,-0.719327,-0.545203,-2.05693
9260,0,1,0.934205,0.0453895,0.00207575,0.0183301,0.159287,-0.504497,-1.70534,-0.850978
9261,0,0,0.998631,0.000817883,0.000154881,0.000396275,2.34527,-2.43793,-2.04882,-1.87538
9262,0,3,0.99739,0.00215742,0.000139204,0.000313702,1.50897,-1.212,-2.05454,-1.61408
9263,1,0,0.0300624,0.240418,0.00330444,0.726215,0.526011,-1.17453,-0.855372,-0.806573
9264,0,4,0.998505,0.000723099,0.00014922,0.000622134,1.71691,-2.07398,-1.45637,-1.60579
9265,0,2,0.997179,0.00148173,0.000287808,0.00105173,3.36216,-3.15756,-1.73061,-2.653
9266,0,0,0.99846,0.00101472,0.000156374,0.000368586,2.06548,-1.89929,-1.8501,-1.98342
9267,0,3,0.99823,0.000959558,0.000203903,0.000606961,1.5713,-1.91728,-1.30746,-1.57715
9268,0,2,0.997494,0.00150554,0.000242435,0.000758513,2.81943,-2.86644,-1.8607,-2.54888
9269,1,4,0.0376872,0.922601,0.00328224,0.0364297,-0.975902,0.828402,-1.54885,-0.542234
9270,0,1,0.911672,0.0268793,0.00286225,0.0585862,1.03649,-1.63042,-1.40124,-0.725102
9271,0,0,0.997983,0.00134364,0.000256689,0.000416648,2.1958,-1.59879,-1.54423,-2.17753
9272,0,0,0.991696,0.00639784,0.000312521,0.00159333,0.313433,-0.598335,-1.95959,-0.539722
9273,0,3,0.991269,0.00775075,0.000111821,0.000868443,0.279625,-0.84022,-1.63678,-0.408405
9274,1,1,0.169323,0.827761,0.00082739,0.0020882,-0.504012,0.719849,-1.28753,-1.86067
9275,2,0,0.00126763,0.000841131,0.995419,0.00247222,-1.31859,-1.80067,1.30833,-1.13655
9276,0,4,0.977837,0.00943776,0.000427829,0.0122971,-0.0771103,0.446113,-1.25024,-1.48672
9277,3,1,0.949384,0.00629158,0.00127696,0.0430476,0.551125,-1.29518,-1.10256,-0.381502
9278,1,4,0.933395,0.0389799,0.00208613,0.0255387,0.365845,-0.998385,-1.15648,-0.269032
9279,0,1,0.998536,0.000796524,0.000248444,0.000418511,2.98378,-3.85062,-1.98502,-1.76698
9280,0,4,0.987907,0.0077898,0.000499446,0.00380387,0.110586,0.0430435,-1.47207,-1.49357
9281,3,4,0.663068,0.0502394,0.00151118,0.285182,0.192812,-0.707091,-1.87745,-0.446078
9282,0,2,0.995423,0.00287485,0.000210194,0.00149218,1.28872,-1.95946,-1.23817,-0.633701
9283,0,2,0.980872,0.0163796,0.000506659,0.00224204,0.869026,-1.03905,-1.15676,-1.00301
9284,0,0,0.996776,0.00275432,0.000138306,0.000331132,-0.209969,0.249561,-1.39445,-1.68263
9285,0,2,0.99752,0.00158866,0.000211049,0.000680609,0.513952,-0.750681,-1.91385,-1.43197
9286,2,1,0.00946636,0.00483258,0.981279,0.00442165,-1.2363,-0.783728,0.411395,-0.983266
9287,1,1,0.00609407,0.978889,0.00139066,0.0136263,-0.410296,-0.176126,-0.806905,-0.735378
9288,0,2,0.997061,0.0021546,0.000217224,0.000566746,0.854777,-0.7176,-1.61765,-1.79068
9289,0,2,0.997525,0.00159488,0.0002327,0.000647545,0.723635,-1.04313,-1.44349,-1.33145
9290,0,4,0.989336,0.00513358,0.00060568,0.00492488,2.31606,-3.00117,-1.66925,-1.99781
9291,0,4,0.986558,0.00674217,0.000762011,0.00593833,1.93081,-2.11547,-1.8074,-1.69279
9292,0,1,0.997343,0.00161024,0.000259549,0.000787071,1.32269,-1.00341,-2.03584,-1.8054
9293,0,0,0.62261,0.373962,0.000761009,0.00266658,0.615671,-1.17602,-1.12792,-0.873863
9294,0,1,0.998067,0.000804748,0.000364148,0.000764155,3.02706,-2.89555,-1.76573,-2.30629
9295,1,1,0.0104966,0.987205,0.000421922,0.00187621,-0.85171,0.981548,-1.09479,-1.62147
9296,0,1,0.996838,0.00135131,0.000270807,0.00154023,1.50896,-1.89441,-1.53642,-1.13927
9297,0,4,0.997506,0.000799597,0.00026888,0.00142543,1.82336,-3.42973,-1.5271,-1.67607
9298,1,4,0.00308008,0.977229,0.00257602,0.0171144,-1.13191,0.00374033,-0.291961,-0.724568
9299,0,0,0.992651,0.00314707,0.000622121,0.00358006,1.21481,-1.97519,-1.74244,-0.791138
9300,0,0,0.998461,0.000882466,0.000187155,0.00046959,3.98429,-3.67129,-2.10525,-2.99869
9301,0,4,0.996669,0.00244649,0.00018178,0.000702301,1.51858,-1.40807,-1.55213,-1.72318
9302,0,1,0.917566,0.0753184,0.00125605,0.00585921,0.156122,-0.478665,-1.42036,-1.12182
9303,0,0,0.998613,0.000802832,0.000118286,0.000466007,2.51453,-2.81235,-1.75811,-1.6216
9304,2,1,0.00380562,0.0032361,0.990294,0.00266454,-2.04979,-1.59567,1.95354,-1.83536
9305,0,4,0.989902,0.00407723,0.00100112,0.00501998,0.803656,-1.24287,-1.40565,-0.366536
9306,0,1,0.997082,0.00145577,0.000348488,0.001114,1.04605,-1.91023,-1.31057,-0.774862
9307,0,0,0.996366,0.00282605,0.000301964,0.000505694,1.04059,-0.809462,-1.63241,-1.7133
9308,1,2,0.1178,0.860287,0.000721287,0.0211926,-1.05009,0.550725,-1.21752,-0.561662
9309,1,2,0.0098646,0.972169,0.000425349,0.0175416,-0.797819,0.635048,-1.46627,-1.00074
9310,0,3,0.998452,0.000821738,0.000209602,0.000516748,4.11089,-4.54683,-1.58434,-2.83285
9311,3,0,0.0214448,0.446142,0.00364022,0.528773,-0.211431,-0.209509,-1.06484,-0.387391
9312,0,2,0.768028,0.225482,0.00164756,0.00484245,-0.436658,0.345665,-1.65005,-1.52408
9313,0,2,0.0190767,0.546721,0.0079991,0.426203,-1.1432,-0.220283,-0.859681,0.10344
9314,2,0,0.00206917,0.000883878,0.994216,0.00283099,-1.32828,-1.78719,1.47704,-1.13619
9315,1,2,0.00672974,0.986182,0.000574977,0.00651314,-1.31318,0.966909,-1.9092,-0.601609
9316,0,2,0.9975,0.0013735,0.00017225,0.000954186,1.77084,-1.75243,-1.5233,-1.67357
9317,0,0,0.998578,0.000854581,0.000206379,0.000360794,1.26625,-1.14894,-1.50505,-1.89248
9318,0,4,0.99536,0.00262894,0.00019325,0.00181746,0.742323,-0.985429,-1.41128,-1.24422
9319,0,0,0.998437,0.000843681,0.000213733,0.000505757,2.07519,-2.34687,-1.51496,-1.45449
9320,0,0,0.160955,0.829458,0.00102378,0.00856368,-0.744132,0.372834,-0.898677,-0.571077
9321,0,3,0.894443,0.102734,0.000571627,0.00225202,0.896761,-0.44768,-1.35468,-1.52876
9322,0,1,0.995224,0.00144316,0.000368829,0.00296406,0.959499,-1.57362,-1.43945,-0.957229
9323,0,1,0.99074,0.00641668,0.00031222,0.00253128,0.475263,-0.896438,-1.13735,-0.666941
9324,3,2,0.728034,0.0324279,0.00179057,0.237747,0.274899,-0.428753,-0.986059,-0.877906
9325,0,0,0.00607412,0.991049,0.000349779,0.00252713,-1.08638,0.862787,-1.1726,-0.321927
9326,0,3,0.997856,0.00146833,0.000243473,0.000432345,1.41319,-0.89527,-1.76073,-2.32823
9327,1,3,0.0126516,0.9814,0.000917934,0.00503062,-1.09571,0.791917,-1.50195,-1.2326
9328,0,4,0.994584,0.00459348,0.000160711,0.000662239,0.783964,-0.49785,-2.15705,-1.72186
9329,0,1,0.997718,0.00149708,0.000215254,0.000569339,1.57463,-0.960691,-1.7359,-2.34295
9330,0,4,0.998405,0.000726565,0.000220942,0.000647484,2.65039,-2.41107,-1.66612,-1.8904
9331,0,3,0.998464,0.000901633,0.000180338,0.000454256,3.25134,-2.95502,-2.33039,-2.31189
9332,0,0,0.992301,0.00285884,0.000732779,0.00410712,1.27437,-1.43403,-1.1871,-1.8526
9333,1,3,0.159265,0.836938,0.000487963,0.00330867,0.300404,-0.671976,-1.51668,-0.340198
9334,0,0,0.99847,0.000824969,0.000232921,0.000472354,2.58371,-2.46802,-1.47596,-2.07261
9335,0,4,0.998068,0.00100938,0.000199927,0.000722782,1.92154,-1.67786,-1.59217,-1.65305
9336,0,2,0.994044,0.00361144,0.000359155,0.00198568,0.551803,-0.812576,-1.12942,-1.4589
9337,1,1,0.0106212,0.863757,0.00946517,0.116157,-1.14889,0.485278,-0.5821,-0.320009
9338,0,1,0.998405,0.000843654,0.000230642,0.000520776,2.46602,-2.58108,-1.69347,-1.77627
9339,0,4,0.998423,0.00065003,0.000203148,0.000723746,3.51887,-3.98781,-1.76718,-2.58149
9340,3,0,0.0343089,0.0190492,0.00886736,0.937775,0.110718,-0.745833,-1.39736,-0.366496
9341,0,3,0.99601,0.00334991,0.000120305,0.000519527,1.02412,-0.929571,-1.84887,-1.91644
9342,0,4,0.951972,0.0175213,0.00149116,0.029015,1.44666,-2.63954,-1.61915,-0.775703
9343,0,2,0.98605,0.0084275,0.000418149,0.00510406,1.40419,-2.12213,-1.39723,-0.821763
9344,2,3,0.00356457,0.00178191,0.988358,0.00629586,-1.28444,-0.650195,0.111643,-0.440236
9345,3,0,0.544525,0.359382,0.0513961,0.0446973,0.108611,-0.74569,-0.995137,-0.631883
9346,0,4,0.99833,0.00100277,0.000154231,0.000512664,0.657605,-0.706776,-1.26559,-1.68636
9347,0,4,0.994186,0.00175947,0.000407035,0.0036474,0.74253,-1.27516,-1.29757,-1.41468
9348,0,1,0.579674,0.369905,0.00112341,0.0492972,0.239589,-0.889599,-1.42716,-0.572358
9349,3,1,0.231547,0.43565,0.187943,0.14486,-0.460083,-0.29715,-0.913081,-0.670906
9350,1,0,0.250454,0.746259,0.000387737,0.00289879,1.08424,-0.871672,-1.88972,-1.62612
9351,2,0,0.00169965,0.00109096,0.994748,0.00246092,-1.62492,-1.92242,1.45628,-1.0374
9352,0,2,0.988281,0.00860895,0.000198353,0.00291194,0.88662,-0.89039,-1.49615,-0.730905
9353,1,0,0.0628933,0.928733,0.00148055,0.00689296,0.384355,-0.0892882,-1.04179,-2.37663
9354,0,1,0.997478,0.00164062,0.000209807,0.000671995,0.603671,-1.19486,-1.83246,-0.796631
9355,1,0,0.168629,0.81955,0.000512632,0.0113085,0.209878,0.168535,-1.28076,-1.4105
9356,0,3,0.996696,0.00154001,0.000212114,0.00155209,1.19606,-1.06282,-1.37552,-1.28608
9357,0,4,0.998367,0.000707631,0.000239353,0.00068586,2.18157,-2.33032,-1.29961,-1.71541
9358,0,4,0.996478,0.00256591,0.000314642,0.000641831,0.790853,-0.570663,-1.63488,-2.70666
9359,0,0,0.991745,0.00683244,0.000429697,0.000993239,0.837489,-0.883037,-1.35081,-1.7268
9360,1,0,0.154322,0.834256,0.000879037,0.0105428,0.213313,-0.566559,-1.09805,-1.16046
9361,1,3,0.0184494,0.9781,0.000895402,0.00255575,-0.559014,0.6452,-1.70101,-1.58991
9362,1,2,0.131869,0.838337,0.00122639,0.0285675,0.314414,-0.329894,-1.03327,-0.989231
9363,1,1,0.00328706,0.983548,0.000764151,0.0124011,-1.95228,1.42687,-1.00618,-0.76099
9364,0,1,0.996631,0.00163284,0.000403282,0.00133268,1.69165,-1.81122,-1.52844,-1.63204
9365,0,2,0.977297,0.0153031,0.000552266,0.00684729,1.12613,-1.55293,-1.62183,-0.875855
9366,0,2,0.996184,0.00219195,0.000366312,0.0012575,3.30422,-3.71971,-1.76211,-2.61623
9367,1,0,0.023057,0.973255,0.000441923,0.00324632,0.272154,-0.211947,-1.11781,-1.24649
9368,0,2,0.997706,0.00113891,0.00023411,0.000921413,2.32941,-1.69755,-1.77329,-2.46746
9369,0,1,0.0769228,0.839611,0.00204093,0.0814254,0.549078,-1.02545,-1.43867,-1.08645
9370,0,4,0.43932,0.546743,0.00127811,0.0126588,-0.154906,0.112209,-1.02558,-1.17345
9371,0,2,0.997903,0.00123531,0.000183433,0.000678216,1.81885,-1.98962,-1.71953,-1.51205
9372,0,1,0.0047906,0.992425,0.000557539,0.00222675,-0.787632,0.785757,-1.45285,-0.957367
9373,0,0,0.996635,0.00173646,0.000270752,0.00135765,0.790938,-0.779446,-1.64869,-1.90875
9374,0,2,0.990009,0.00526661,0.000275868,0.00444794,1.91672,-2.03887,-1.58986,-2.03692
9375,0,0,0.890551,0.1073,0.000354078,0.00179465,0.509239,-0.189096,-1.64449,-2.00266
9376,1,4,0.00234671,0.992163,0.000836744,0.00465333,-1.96752,1.84284,-0.980988,-1.24263
9377,1,4,0.385757,0.458546,0.111906,0.043791,-0.137334,0.16268,-0.697674,-1.58465
9378,0,4,0.994904,0.00425899,0.000166841,0.000670261,0.518962,-0.876351,-1.32521,-0.94245
9379,1,4,0.0521679,0.710724,0.00456061,0.232548,-0.722811,0.53056,-0.701519,-0.849503
9380,3,0,0.523625,0.425288,0.00202407,0.0490627,0.137011,-0.66065,-1.27684,-1.15363
9381,0,0,0.998489,0.000978738,0.00019048,0.00034223,2.80034,-2.36755,-1.64514,-2.2892
9382,0,4,0.0178856,0.878343,0.00303457,0.100737,-0.749318,0.190911,-0.897158,-0.69882
9383,0,3,0.998119,0.00121049,0.000187824,0.000482443,3.25951,-3.27097,-1.70027,-2.43934
9384,0,0,0.997842,0.00171077,0.00011659,0.000330839,0.944497,-0.909209,-1.76645,-1.69106
9385,3,2,0.0375942,0.699717,0.00401694,0.258672,-0.81732,0.97246,-1.22361,-1.12236
9386,2,1,0.00376432,0.00341742,0.991093,0.00172511,-1.72735,-0.687433,1.06035,-1.78851
9387,3,2,0.00876082,0.0353923,0.00644093,0.949406,-0.506655,-0.0234272,-0.783659,-0.440327
9388,0,1,0.983916,0.0135021,0.000673297,0.0019087,1.23482,-1.03763,-1.26681,-1.74634
9389,0,3,0.991439,0.00721779,0.000305202,0.00103855,1.16187,-1.14674,-1.3549,-2.03598
9390,0,2,0.996038,0.00291053,0.000121489,0.000929808,0.825927,-1.10408,-1.20614,-0.916161
9391,0,2,0.997385,0.00161346,0.000225069,0.000776417,2.07419,-2.50203,-1.58383,-1.57378
9392,0,3,0.994942,0.0032402,0.000252926,0.00156456,0.727258,-1.3889,-1.13158,-1.11875
9393,0,3,0.998439,0.000987328,0.000187151,0.000387021,1.54576,-2.03711,-1.07691,-1.5708
9394,1,0,0.307338,0.683861,0.00139437,0.00740654,-0.600039,0.863291,-1.1791,-2.18843
9395,1,1,0.471038,0.471959,0.0496955,0.00730766,-0.284586,0.0438359,-0.818229,-2.04763
9396,0,4,0.997956,0.00105152,0.000163476,0.000828581,1.92989,-2.15684,-1.72504,-1.03818
9397,0,0,0.993581,0.00350725,0.000285095,0.00262681,1.2162,-1.31611,-1.77321,-1.19147
9398,2,1,0.00669287,0.00554858,0.985579,0.00217923,-1.08537,-1.46435,0.876453,-1.40293
9399,0,3,0.976745,0.00252988,0.00077838,0.0199465,1.36592,-1.83454,-1.35545,-1.29292
9400,1,0,0.00811881,0.85193,0.00646656,0.133485,-0.600173,0.180293,-1.21082,-0.710359
9401,0,2,0.996806,0.00129823,0.00028602,0.00160937,2.8421,-3.17419,-1.99653,-1.8134
9402,0,2,0.989728,0.00509565,0.000529526,0.00464645,1.90947,-2.24847,-1.04926,-1.73502
9403,0,2,0.815985,0.0364877,0.00130081,0.146227,0.0585047,-0.944428,-1.32133,-0.594279
9404,0,4,0.993654,0.00306229,0.000370411,0.00291351,1.59583,-1.63956,-1.19864,-1.49618
9405,0,1,0.997851,0.00141069,0.000225174,0.00051342,0.528196,-0.251506,-1.6593,-2.11239
9406,0,2,0.989261,0.009057,0.000241847,0.00144013,-0.286427,-0.457278,-1.27118,-0.494491
9407,0,0,0.998644,0.000843033,0.000163589,0.000349034,2.31633,-2.72969,-1.56711,-1.52107
9408,0,2,0.997205,0.00154985,0.000298697,0.000946481,1.91401,-2.27583,-1.605,-1.44966
9409,0,1,0.998232,0.000874544,0.000279794,0.000613518,3.51527,-3.22553,-1.80752,-2.57176
9410,0,4,0.993387,0.00140027,0.000339817,0.00487313,0.731174,-2.21447,-1.38599,-0.119533
9411,0,2,0.994213,0.00307,0.000230573,0.00248616,1.16205,-1.59146,-1.5563,-0.874158
9412,0,3,0.992848,0.00652442,0.000166496,0.00046151,1.21277,-0.704915,-1.70258,-2.22884
9413,0,3,0.990711,0.00303835,0.000408793,0.00584228,0.783845,-0.875858,-1.41269,-0.941741
9414,0,1,0.998412,0.000784843,0.000249386,0.000553286,2.17112,-2.59957,-2.18059,-1.415
9415,0,2,0.994313,0.00481027,0.000284748,0.000592307,0.966071,-0.893118,-1.97715,-1.88165
9416,0,3,0.996708,0.00271739,0.000128655,0.000446427,0.799233,-0.662272,-1.46775,-1.58333
9417,1,3,0.0696679,0.889026,0.00235039,0.0389563,-0.0321226,-0.701934,-0.993507,-0.681017
9418,0,0,0.998418,0.000980582,0.000173421,0.000427549,3.52622,-2.89738,-1.97782,-3.05055
9419,1,1,0.00769002,0.00499667,0.985304,0.002009,-1.98795,-1.02692,1.70659,-1.43386
9420,0,4,0.998249,0.000694541,0.000223948,0.000832069,3.28523,-3.70282,-1.93328,-2.31308
9421,1,2,0.0288475,0.958497,0.00259414,0.0100616,-0.999911,1.23918,-1.19236,-1.49204
9422,0,4,0.996736,0.00148107,0.000232516,0.00155064,1.86039,-1.71207,-1.73096,-1.59321
9423,0,2,0.997149,0.00127107,0.000281133,0.00129868,1.6461,-1.85462,-1.6967,-1.84108
9424,0,2,0.996898,0.00189463,0.000240875,0.000966737,0.969952,-1.12161,-1.08806,-1.23046
9425,0,2,0.997614,0.0013366,0.000228666,0.000821049,2.37918,-2.36945,-1.42375,-1.90957
9426,0,3,0.9983,0.00121308,0.000163533,0.000323955,1.782,-2.54498,-1.29248,-1.37155
9427,1,4,0.0639022,0.924026,0.000564593,0.0115075,-0.320919,0.261188,-1.65935,-1.5568
9428,0,2,0.956755,0.0352262,0.000287703,0.00773062,1.26515,-1.85049,-1.44726,-0.680574
9429,0,2,0.987711,0.0105123,0.000218575,0.00155775,1.52085,-1.38178,-1.17578,-1.81228
9430,0,1,0.242623,0.0379783,0.0111499,0.708249,-0.507738,-1.0416,-1.00469,0.295886
9431,0,1,0.993314,0.00603307,0.000175594,0.000477315,1.50128,-1.17863,-1.31099,-1.6721
9432,1,1,0.00964016,0.985908,0.000397387,0.00405484,-1.08461,1.13916,-1.65798,-1.30546
9433,0,4,0.995029,0.00247367,0.000367319,0.00213035,2.51705,-2.78866,-1.85616,-2.4304
9434,0,4,0.998432,0.000697386,0.000200391,0.00067067,3.66903,-4.46007,-1.94763,-2.15625
9435,0,4,0.997087,0.000869285,0.000298079,0.00174575,1.14075,-1.14339,-1.26839,-1.59038
9436,1,3,0.903423,0.0937438,0.000421586,0.00241189,0.0164969,-0.169554,-1.4196,-0.909666
9437,0,0,0.992262,0.00467657,0.00111731,0.00194378,0.492182,-1.38253,-0.48216,-1.16361
9438,0,3,0.984681,0.00835846,0.000860148,0.00610027,0.63976,-1.17314,-1.20023,-0.803924
9439,1,4,0.0061316,0.99143,0.000531474,0.00190645,-1.58402,1.55084,-1.10407,-1.78723
9440,0,3,0.992042,0.00704908,0.000157508,0.000751427,0.538057,-1.12949,-1.55893,-0.934359
9441,0,4,0.996785,0.00241591,0.000135897,0.000663057,0.5706,-1.25252,-1.48942,-1.0109
9442,0,4,0.998305,0.000811253,0.000203919,0.000679816,1.76923,-1.50734,-1.78036,-2.1178
9443,1,0,0.0385539,0.959033,0.000261556,0.00215182,-0.591207,0.419215,-1.48415,-1.15973
9444,0,0,0.991091,0.00600654,0.000645887,0.00225657,2.69138,-2.47053,-1.17535,-2.13137
9445,1,2,0.0130936,0.982817,0.000541461,0.00354805,-1.78417,1.87819,-1.48661,-1.66799
9446,1,0,0.0172999,0.977622,0.00044304,0.00463465,-0.506013,0.309204,-0.985902,-1.1828
9447,1,4,0.0801547,0.0478567,0.00369708,0.868291,-0.936413,0.153603,-1.39015,0.0117935
9448,0,3,0.997944,0.000880289,0.000301852,0.000873438,2.04304,-2.3813,-1.31933,-1.45324
9449,1,1,0.00893943,0.987026,0.000509837,0.00352518,-0.670616,1.1261,-1.18387,-2.1116
9450,0,2,0.996148,0.00220906,0.000160024,0.00148309,2.20036,-2.19371,-1.67731,-1.95549
9451,0,1,0.998401,0.000953185,0.000236572,0.000408761,2.64456,-2.74051,-1.71597,-2.0763
9452,1,2,0.0318186,0.514529,0.00399424,0.449658,-0.793626,0.0962481,-0.746246,-0.671314
9453,0,3,0.998575,0.00073096,0.000165183,0.000528551,2.86453,-2.71271,-1.78825,-2.62995
9454,1,4,0.00439748,0.98935,0.000304559,0.00594788,-1.71105,1.3096,-1.52804,-0.75677
9455,0,0,0.998245,0.00129504,0.000123434,0.000336185,1.06276,-0.905642,-1.59406,-1.84095
9456,0,4,0.997846,0.00080065,0.000294831,0.00105862,2.14814,-2.24503,-2.06915,-1.31557
9457,0,0,0.998334,0.000998862,0.000178562,0.000488235,1.7197,-1.96282,-1.26191,-1.34812
9458,1,1,0.0710763,0.919933,0.0004352,0.00855543,-0.967733,0.424276,-1.17708,-0.965854
9459,1,4,0.00980802,0.987658,0.000391921,0.00214159,-0.680235,0.214141,-1.32378,-1.06703
9460,0,1,0.922578,0.0280368,0.00265278,0.0467327,1.31579,-1.77566,-1.2323,-1.34198
9461,1,0,0.0249844,0.959942,0.000571833,0.0145014,-0.964743,0.451916,-1.28864,-0.865626
9462,0,4,0.969372,0.0227446,0.000528864,0.00735441,0.720711,-0.748918,-1.28515,-1.27544
9463,0,2,0.99097,0.0036232,0.000442126,0.00496443,1.509,-1.61459,-1.31327,-1.61343
9464,1,3,0.264494,0.583093,0.111312,0.0410998,-0.409279,-0.280136,-0.528507,-0.75874
9465,0,1,0.854804,0.0497555,0.00449437,0.0909465,0.153933,-0.398487,-1.42241,-0.83065
9466,0,0,0.998745,0.000797469,0.000147229,0.000309863,2.56229,-2.58669,-2.10302,-1.77
9467,0,0,0.998212,0.00106108,0.000226137,0.000500729,0.54081,-0.473821,-2.00502,-1.83173
9468,0,1,0.998075,0.000811859,0.000359908,0.000753049,2.44005,-3.01256,-1.87172,-2.11157
9469,0,1,0.997765,0.00163709,0.000231396,0.000366893,1.644,-1.51011,-1.4452,-2.14233
9470,0,3,0.998292,0.000931912,0.000191561,0.000584887,1.30922,-1.29698,-2.25386,-1.70702
9471,1,4,0.0161609,0.981218,0.000397821,0.00222321,-0.887963,0.715638,-1.25387,-1.08489
9472,0,1,0.998326,0.00107476,0.000244064,0.00035511,1.71078,-2.10336,-2.34738,-1.38763
9473,0,1,0.959214,0.0247395,0.00320574,0.0128409,-0.31062,-0.0541943,-0.959556,-1.36853
9474,0,4,0.997747,0.00121715,0.000202218,0.000834089,1.94858,-2.32933,-1.18438,-1.35148
9475,0,3,0.995745,0.0013354,0.000238258,0.00268183,0.635758,-1.05911,-1.34946,-0.811228
9476,0,4,0.780804,0.0246375,0.00599655,0.188562,1.17037,-1.23431,-1.66222,-1.19931
9477,0,3,0.993675,0.00219928,0.000226432,0.00389963,1.51439,-1.47118,-1.05475,-1.18513
9478,0,2,0.997412,0.00163891,0.000177009,0.000771901,0.794058,-1.05283,-1.43346,-1.17254
9479,2,0,0.00121725,0.00143147,0.994904,0.00244693,-1.9224,-0.247531,0.319931,-1.14821
9480,0,3,0.285402,0.48065,0.0821493,0.151798,0.247248,-0.718025,-0.429676,-1.33069
9481,1,2,0.0164853,0.979163,0.000492134,0.00385961,-0.973669,1.01037,-1.32214,-1.74448
9482,0,4,0.997933,0.000739822,0.000259195,0.00106806,2.08688,-2.40044,-1.63728,-1.57042
9483,0,3,0.99853,0.000826632,0.00018141,0.00046144,2.00021,-2.35441,-2.16631,-1.29243
9484,0,3,0.997886,0.00144561,0.000120296,0.00054762,0.751695,-0.805652,-1.80633,-1.36187
9485,0,1,0.915516,0.0773466,0.00077968,0.0063583,0.758045,-1.3729,-1.20578,-0.25358
9486,0,3,0.998029,0.00151965,0.000104734,0.000346781,1.11037,-1.70808,-1.36523,-0.926483
9487,0,1,0.994774,0.00413751,0.000254369,0.000834044,1.17149,-1.02249,-1.66273,-1.44067
9488,1,2,0.489625,0.506155,0.000829262,0.00339052,-0.157748,0.144803,-1.02287,-1.3347
9489,0,4,0.988446,0.00740633,0.000327084,0.00382084,0.767878,-1.24619,-1.53502,-0.559601
9490,0,2,0.993138,0.00439926,0.000391793,0.00207097,1.69643,-1.71247,-1.57099,-1.59904
9491,0,2,0.997575,0.0011772,0.000241982,0.00100593,3.54042,-3.09527,-2.07043,-2.94566
9492,0,3,0.972004,0.0144772,0.000633448,0.0128857,0.671387,-1.69984,-1.59905,-0.0735937
9493,0,3,0.99661,0.00266587,0.000117359,0.000606569,0.879751,-1.40428,-1.38856,-0.692922
9494,0,1,0.998385,0.000826512,0.000251826,0.000536248,2.80073,-3.10486,-1.76855,-1.82085
9495,0,1,0.996156,0.0030165,0.000227442,0.0006004,0.407668,-0.294577,-1.52664,-1.87691
9496,1,3,0.00509224,0.987136,0.00038264,0.00738929,-0.934661,-0.209998,-0.794785,-0.433599
9497,1,3,0.00517957,0.990431,0.00136377,0.00302565,-1.00302,0.842754,-1.24718,-1.18983
9498,0,1,0.998054,0.00132679,0.000249783,0.000369877,1.45063,-1.21046,-1.60792,-2.02374
9499,1,4,0.00363189,0.993347,0.000854265,0.00216658,-1.39183,0.726274,-0.812299,-1.24032
9500,0,0,0.20578,0.791925,0.000559119,0.00173571,1.16092,-0.966572,-1.87809,-2.20277
9501,0,2,0.99777,0.00118783,0.000195237,0.000847244,2.77526,-2.49481,-1.60647,-2.88495
9502,1,3,0.197268,0.705893,0.00236836,0.0944711,-0.765171,0.356214,-0.857659,-1.07172
9503,1,2,0.0459987,0.948594,0.00231036,0.00309681,-0.804668,0.394005,-1.15871,-1.51312
9504,3,3,0.183189,0.107422,0.115191,0.594199,-0.75035,0.200064,-0.998955,-0.474161
9505,3,0,0.634552,0.0369174,0.00220949,0.326321,0.296417,-0.966244,-1.45245,-0.303097
9506,0,3,0.553578,0.433661,0.000649441,0.0121113,0.0191339,0.550436,-1.07743,-1.81953
9507,0,4,0.998109,0.00116639,0.000198379,0.000525731,1.61499,-1.27735,-1.25685,-2.01004
9508,0,2,0.997135,0.00129359,0.000269305,0.00130247,3.53779,-3.83956,-2.05566,-2.38645
9509,0,4,0.997324,0.000937395,0.000286728,0.00145187,0.712316,-1.2235,-1.40862,-1.05926
9510,1,4,0.852525,0.143869,0.000439503,0.0031661,-0.0889031,-0.381599,-1.69782,-0.265823
9511,3,3,0.0290995,0.927406,0.0034916,0.0400032,-0.680079,-0.253217,-1.28582,-0.043001
9512,0,1,0.998437,0.000776477,0.000262896,0.000523853,2.87878,-2.73306,-1.67032,-2.18303
9513,0,3,0.998373,0.000846929,0.00023199,0.000547887,2.07597,-2.17471,-1.55858,-1.52369
9514,0,0,0.992338,0.00541739,0.000475916,0.00176824,1.48235,-1.74529,-1.90885,-0.992491
9515,0,0,0.998391,0.000882404,0.000234271,0.000492092,1.90914,-1.81036,-1.84926,-1.58571
9516,1,2,0.00707019,0.985735,0.00218597,0.00500862,-1.51158,1.05615,-1.43148,-0.698114
9517,0,2,0.988917,0.0033669,0.000458786,0.00725767,0.503555,-0.974915,-1.40071,-0.801709
9518,0,2,0.994805,0.00344533,0.000170447,0.0015797,1.76008,-1.75249,-1.42332,-1.44571
9519,0,0,0.998104,0.00127977,0.000168361,0.000447926,1.20785,-1.14012,-1.59917,-1.23434
9520,1,1,0.00767271,0.988863,0.00030441,0.00315965,0.201076,-0.0794863,-1.36762,-1.35345
9521,0,3,0.998319,0.000814439,0.000231977,0.000634906,2.01136,-2.64034,-1.35391,-1.33153
9522,0,1,0.989211,0.00829099,0.000484719,0.00201303,0.665456,-0.374357,-1.55618,-2.2747
9523,0,1,0.997362,0.00188904,0.000202932,0.000546264,1.7079,-1.28323,-2.2961,-2.23019
9524,2,1,0.00631469,0.00267642,0.988896,0.00211309,-1.48595,-1.12121,1.153,-1.71061
9525,1,2,0.963675,0.0164841,0.00120347,0.0186379,0.819032,-0.629576,-1.50359,-1.39485
9526,0,3,0.997889,0.00147125,0.000254668,0.0003853,1.13883,-2.13013,-0.116206,-2.06613
9527,0,2,0.997833,0.00115812,0.00017332,0.000835792,3.03348,-2.65838,-2.54947,-2.63723
9528,0,0,0.998518,0.000835549,0.000155469,0.000491194,2.51245,-2.48391,-1.87773,-2.28513
9529,0,0,0.995657,0.00143255,0.000379218,0.00253145,1.31794,-1.25134,-1.98509,-1.98756
9530,2,4,0.00593785,0.00292513,0.984072,0.00706516,-0.955962,-0.167013,0.0594929,-0.844269
9531,0,4,0.998179,0.00116875,0.000164474,0.000488159,1.35317,-1.98871,-1.59939,-1.02881
9532,0,2,0.993715,0.00346685,0.000611936,0.00220582,1.70916,-2.1985,-0.910145,-2.06557
9533,0,2,0.997348,0.00186064,0.000232205,0.000559211,1.22546,-0.975996,-1.68425,-1.91341
9534,0,0,0.996656,0.00134711,0.000210866,0.00178637,-0.0658577,-0.338129,-1.58154,-0.745369
9535,1,3,0.91444,0.0823588,0.000310377,0.00289063,-0.202567,-0.796576,-0.975617,-0.160876
9536,0,0,0.953962,0.0447046,0.000261192,0.00107209,0.429805,-1.0305,-1.86619,-1.0526
9537,0,0,0.996154,0.00192115,0.000402302,0.00152273,0.989677,-1.35788,-1.30785,-1.56553
9538,0,4,0.998017,0.000772369,0.0002488,0.000962168,3.04294,-3.9412,-1.82893,-1.7988
9539,0,3,0.99751,0.00195311,0.000116097,0.000420537,1.04423,-0.823378,-2.01677,-1.71106
9540,0,1,0.998475,0.000817755,0.000227082,0.000479795,3.67809,-3.64296,-1.97825,-2.87948
9541,3,0,0.0339373,0.254589,0.0126382,0.698836,-1.41553,-0.569317,-1.27774,1.05401
9542,0,0,0.98904,0.00792348,0.00071067,0.00232565,-0.0395215,-0.103843,-1.4934,-1.25898
9543,1,4,0.014554,0.980445,0.000582907,0.00441789,-0.873795,1.088,-1.68288,-0.729262
9544,0,1,0.998382,0.00105815,0.000216241,0.000343533,2.17772,-1.93503,-2.62597,-2.16775
9545,3,0,0.0808545,0.231263,0.00350127,0.684381,-0.589186,0.18394,-1.58481,-0.369444
9546,0,4,0.998278,0.000890963,0.000163849,0.000666649,1.24427,-1.46236,-1.54755,-1.15207
9547,0,1,0.9972,0.00173066,0.000271965,0.000797791,2.49631,-1.87115,-1.83495,-2.139
9548,0,4,0.997846,0.000789779,0.00024347,0.00112031,1.48186,-1.83106,-0.966827,-1.79899
9549,0,3,0.997028,0.00251276,0.000126454,0.000333162,1.24743,-1.19839,-1.42334,-1.35982
9550,0,1,0.998074,0.00131777,0.000225665,0.000382372,1.5464,-1.8386,-1.83362,-2.28823
9551,0,4,0.998085,0.00104042,0.00025772,0.000617033,2.05039,-1.74336,-1.75811,-2.30371
9552,0,4,0.993058,0.00338761,0.000400269,0.00315452,2.10677,-2.29895,-1.5177,-1.84979
9553,0,1,0.967122,0.0296645,0.000564967,0.00264834,0.351666,-0.0381275,-1.4717,-1.76984
9554,0,2,0.993667,0.00459261,0.000236372,0.00150417,1.01844,-1.4807,-1.02519,-0.83417
9555,0,2,0.997451,0.00115316,0.000256552,0.00113973,2.00042,-2.10325,-1.65364,-1.63242
9556,1,4,0.961662,0.0197744,0.0013582,0.0172054,0.00789193,-0.54446,-1.09582,-0.827087
9557,0,2,0.997169,0.00181721,0.000221965,0.000791559,2.20853,-1.83532,-1.72273,-2.54687
9558,1,0,0.0860178,0.911331,0.000457147,0.00219374,0.616684,-0.360628,-1.61435,-1.95682
9559,0,1,0.99838,0.000791746,0.000284242,0.000543628,2.07065,-2.3715,-1.48822,-1.61861
9560,0,3,0.987643,0.0112456,0.000207333,0.000904139,1.17704,-1.70755,-1.54981,-1.1904
9561,0,4,0.998227,0.000724311,0.000223943,0.000824769,2.56683,-2.47232,-1.55754,-2.01886
9562,0,4,0.994597,0.00203987,0.000345589,0.00301767,0.977848,-1.58236,-1.74143,-1.42588
9563,1,1,0.0100479,0.925026,0.00160697,0.0633188,-1.30143,0.620338,-1.38044,-0.204679
9564,0,3,0.997957,0.00108384,0.000145683,0.000813349,1.00921,-1.38077,-1.54662,-1.44211
9565,1,4,0.0951132,0.900648,0.000936106,0.00330262,0.467906,-0.234234,-1.44286,-1.71507
9566,3,4,0.0169475,0.00821532,0.0046536,0.970184,-0.91564,-0.100714,-1.23936,-0.0676974
9567,0,2,0.0222082,0.963528,0.00280867,0.0114555,-0.683375,0.945794,-1.531,-1.31382
9568,0,0,0.996277,0.00207752,0.000195326,0.00145034,1.61357,-2.11576,-1.52677,-1.17557
9569,1,0,0.100108,0.881,0.00132453,0.0175669,-0.681174,0.962596,-1.56859,-1.72317
9570,0,0,0.998476,0.000887666,0.000193099,0.000442873,2.19853,-2.00254,-1.58132,-2.29095
9571,0,2,0.997009,0.00203684,0.000224107,0.000730526,2.53088,-2.63115,-1.27994,-2.08342
9572,0,1,0.997675,0.000965603,0.000404493,0.000955286,2.50776,-2.14872,-1.48967,-1.67356
9573,0,3,0.998187,0.00092637,0.000240716,0.000646079,1.56479,-1.80858,-1.39222,-1.2832
9574,0,1,0.978302,0.0163806,0.000960825,0.00435688,0.52806,-0.366384,-1.24459,-1.5229
9575,2,3,0.0252016,0.015137,0.691876,0.267786,-1.16603,-0.475849,-0.129356,-0.623733
9576,0,4,0.998301,0.000986228,0.000150066,0.000563035,2.10033,-2.48927,-1.45614,-1.4729
9577,0,3,0.998345,0.000872936,0.000217503,0.000564161,3.74932,-4.3438,-1.60407,-2.1105
9578,0,3,0.413191,0.522322,0.00135419,0.0631332,0.403982,-0.390956,-1.92348,-1.38672
9579,0,4,0.998498,0.000720978,0.000218815,0.000562596,2.20909,-2.02286,-1.87364,-1.98205
9580,0,2,0.990184,0.00645077,0.000340712,0.00302489,0.78652,-1.32649,-1.42518,-0.383607
9581,0,3,0.991549,0.00341899,0.000354772,0.00467778,0.671889,-0.945499,-1.21287,-0.818692
9582,0,0,0.992538,0.00671753,0.0001724,0.000571941,1.44817,-1.56611,-1.41922,-1.58331
9583,1,4,0.00722148,0.988802,0.000754847,0.00322177,-0.847693,0.79138,-1.78973,-0.948374
9584,0,1,0.996093,0.00322184,0.000343415,0.000342076,0.284456,-0.284906,-1.84351,-1.88838
9585,0,4,0.998035,0.00136487,0.000158459,0.000441813,0.586717,-0.953098,-1.41219,-1.31483
9586,1,2,0.0105944,0.967755,0.000973006,0.0206778,-0.157383,0.256812,-1.36318,-1.23698
9587,0,3,0.99575,0.00190357,0.000385979,0.00196016,-0.0587496,-1.07894,-1.5696,-0.807436
9588,0,1,0.996217,0.00296413,0.000419992,0.000399197,0.438493,-0.615267,-0.989481,-1.72397
9589,1,3,0.0239448,0.82897,0.00119156,0.145894,-0.426254,0.32082,-1.16588,-1.1043
9590,0,2,0.997467,0.00166319,0.000217312,0.000652586,1.89569,-1.57595,-1.77425,-2.67548
9591,2,4,0.00702906,0.00166955,0.988652,0.00264975,-1.82283,-0.364077,0.325693,-1.11394
9592,0,2,0.984976,0.00529642,0.00549666,0.00423093,0.145781,-2.52443,0.74624,-2.05321
9593,0,1,0.853,0.0926689,0.00209383,0.052237,-0.144363,-0.422292,-1.15731,-0.345558
9594,0,1,0.987834,0.00607811,0.000723804,0.00536392,0.751592,-1.31875,-1.24535,-0.745152
9595,1,2,0.443573,0.485745,0.00156577,0.0691165,-0.144458,-0.0401252,-1.32267,-0.869269
9596,0,0,0.272198,0.725601,0.000461013,0.00173985,0.799499,-0.687913,-1.57423,-2.07528
9597,1,0,0.732569,0.261716,0.000511187,0.0052033,-0.125451,0.0710203,-1.47684,-1.2973
9598,3,1,0.0692799,0.0126076,0.0097519,0.908361,-0.60053,-1.48798,-1.17011,0.566412
9599,0,4,0.998174,0.00107564,0.000172366,0.000578004,1.4049,-1.47622,-1.63304,-1.70316
9600,0,1,0.998355,0.000923816,0.000255784,0.000464978,1.83701,-2.2763,-2.00851,-1.74657
9601,0,1,0.977655,0.00492891,0.000774554,0.0166417,1.34829,-0.86557,-1.36598,-1.4088
9602,0,1,0.9963,0.00299054,0.000200354,0.000508633,1.48612,-1.18362,-1.12797,-2.42028
9603,0,0,0.998686,0.000813943,0.000137224,0.000362953,2.66459,-2.90871,-1.98262,-1.86752
9604,0,2,0.997358,0.0011587,0.000274142,0.00120957,2.25235,-1.96315,-1.75407,-2.49142
9605,0,2,0.671344,0.323375,0.000770859,0.00451025,0.0991546,-0.139541,-1.57365,-1.38352
9606,1,1,0.0106371,0.986408,0.000407813,0.00254743,-0.718425,0.620744,-1.16138,-1.23432
9607,1,2,0.12617,0.697224,0.00473933,0.171866,0.452582,-0.33672,-1.45732,-1.42307
9608,0,1,0.997963,0.000878587,0.000358465,0.000799963,2.39351,-2.70744,-1.7313,-1.25059
9609,3,3,0.0042225,0.00433109,0.00168947,0.989757,-1.0825,-0.464136,-0.900324,0.659426
9610,0,1,0.998505,0.000679952,0.000263943,0.000551718,2.48418,-2.48572,-1.65238,-1.76276
9611,0,2,0.995671,0.00280484,0.000437337,0.00108666,1.00877,-1.14685,-1.39032,-1.58323
9612,0,3,0.997093,0.00233089,0.000172179,0.000403469,1.41842,-0.881272,-1.52147,-2.12436
9613,3,2,0.963604,0.0196601,0.00089253,0.0158437,0.670848,-0.45487,-1.64209,-1.79141
9614,0,3,0.99066,0.00766416,0.000393881,0.00128144,0.892025,-0.618866,-1.72729,-1.977
9615,0,3,0.875422,0.0668106,0.00321954,0.0545475,1.10441,-1.64309,-1.36073,-0.994215
9616,0,0,0.998728,0.000769155,0.000154292,0.000349063,2.25055,-2.5148,-1.53246,-1.97421
9617,0,3,0.99803,0.00123065,0.000260744,0.000478646,1.79393,-1.54052,-1.79686,-1.81277
9618,0,4,0.992469,0.00304969,0.000441069,0.00404018,0.175448,-0.695361,-1.47791,-0.312822
9619,1,1,0.299056,0.691263,0.000641529,0.00903952,-0.952076,0.937411,-1.28217,-1.38718
9620,0,4,0.977308,0.00658505,0.000436884,0.01567,1.69251,-1.71165,-1.59646,-1.03799
9621,0,2,0.988658,0.00747879,0.000297877,0.00356566,0.873718,-1.534,-1.56462,-0.830596
9622,0,0,0.998625,0.000785777,0.000147499,0.000442074,2.45193,-1.85048,-1.6109,-2.56254
9623,1,4,0.0243588,0.968505,0.000679795,0.00645601,-0.08907,0.171408,-1.7296,-1.43055
9624,0,1,0.996439,0.00291028,0.000310964,0.000340196,0.434089,-0.00205103,-1.6839,-3.03844
9625,0,2,0.996931,0.00135275,0.00027456,0.00144141,1.1415,-0.826007,-1.8517,-1.71495
9626,0,2,0.997216,0.00127489,0.000253009,0.00125635,2.48543,-3.00587,-1.4871,-1.88144
9627,0,0,0.998559,0.00086887,0.000151578,0.000420979,2.56835,-2.13325,-1.6781,-2.46865
9628,0,0,0.995833,0.00293706,0.000454832,0.000775208,0.574073,-0.345124,-1.26131,-1.87396
9629,0,2,0.826982,0.110212,0.00296514,0.0598406,0.51365,-0.756913,-1.46549,-0.77409
9630,1,2,0.0730455,0.908314,0.00191455,0.0167259,-0.233774,0.0986113,-1.51632,-1.12856
9631,3,3,0.00230009,0.0101534,0.00170595,0.985841,-0.238924,-0.774746,-1.40062,0.160364
9632,0,3,0.994662,0.00491196,0.000147201,0.000278793,1.36681,-1.55302,-1.42107,-1.3473
9633,0,1,0.978961,0.011805,0.000655668,0.00857789,1.6625,-2.03996,-1.22012,-0.922046
9634,0,0,0.997939,0.00145702,0.000250732,0.000352899,1.18445,-0.793925,-2.00496,-2.29277
9635,1,2,0.329935,0.634107,0.00519413,0.0307638,-0.690958,0.501139,-1.15051,-0.953552
9636,0,2,0.983811,0.00811789,0.000366742,0.00770465,1.88715,-1.85589,-1.35841,-1.94374
9637,0,3,0.888028,0.107415,0.00118746,0.00336957,0.843531,-0.550247,-1.32755,-1.78584
9638,0,0,0.983858,0.0127097,0.000373263,0.00305887,0.999857,-1.31369,-1.46747,-1.11306
9639,1,4,0.467633,0.519648,0.000804487,0.0119146,0.607415,-0.911842,-1.33325,-1.21627
9640,0,2,0.990343,0.00741874,0.000226557,0.0020114,0.921202,-0.917713,-1.26263,-1.23681
9641,1,3,0.978551,0.00737708,0.00116836,0.012903,0.751251,-1.22617,-1.29878,-1.38521
9642,0,3,0.997496,0.00160735,0.000228193,0.000668081,2.05344,-2.16931,-1.44126,-1.61629
9643,0,3,0.996612,0.00125559,0.000212511,0.00192016,0.846687,-0.994094,-1.37317,-0.998246
9644,0,2,0.929769,0.0209874,0.00206589,0.0471775,1.20561,-1.91266,-1.6243,-1.03442
9645,0,2,0.99635,0.00256058,0.000173401,0.00091568,2.48271,-2.27925,-1.7116,-2.27507
9646,0,1,0.321801,0.662877,0.00242362,0.0128988,-0.574176,0.43648,-1.09221,-1.34546
9647,1,3,0.197011,0.716077,0.00248849,0.0844237,-0.302803,-0.0745311,-1.62082,-0.225697
9648,1,0,0.0134707,0.23761,0.737631,0.0112882,-1.33539,-0.742732,0.251582,-1.22114
9649,0,0,0.979764,0.0191304,0.000218944,0.000886476,1.58668,-1.34702,-1.50517,-1.63657
9650,0,1,0.996857,0.00148705,0.000280502,0.0013753,1.55146,-1.35836,-1.73731,-1.45333
9651,0,4,0.998258,0.000971846,0.000215371,0.000554282,2.11316,-1.82932,-1.85762,-1.63594
9652,1,3,0.0411884,0.954534,0.000310966,0.00396627,-0.361545,0.741848,-1.61105,-1.43776
9653,1,0,0.0472455,0.938812,0.00141697,0.0125249,-0.723973,0.598456,-1.58791,-0.750068
9654,1,3,0.00832693,0.989989,0.000311983,0.00137251,-1.50849,1.34605,-1.71948,-0.909703
9655,0,2,0.996965,0.00137948,0.000271901,0.00138353,2.25276,-2.27847,-1.55776,-1.96679
9656,0,1,0.994563,0.00466458,0.000222251,0.000550077,0.728385,-1.17802,-1.79101,-1.03573
9657,0,2,0.997712,0.00114561,0.000226466,0.000916036,0.49288,-2.26288,-1.34753,0.239974
9658,0,3,0.997884,0.00121732,0.000112128,0.000786729,1.72733,-2.12396,-1.3094,-1.35113
9659,0,4,0.528461,0.399683,0.00115826,0.070698,0.283318,-0.0251747,-1.21557,-2.01022
9660,0,4,0.988413,0.0107574,0.000269569,0.00055964,0.426692,-0.0776562,-1.69309,-1.78731
9661,0,1,0.993506,0.00229769,0.000605862,0.00359015,0.922852,-1.80051,-1.1639,-0.786145
9662,0,1,0.997732,0.00165149,0.00021822,0.000398245,0.831892,-0.462758,-1.56477,-1.8556
9663,1,3,0.0103439,0.987229,0.000507955,0.00191887,-0.772014,0.845865,-1.48375,-1.24865
9664,0,4,0.998268,0.00086523,0.000229711,0.000637358,0.193511,-0.435712,-1.37601,-1.58188
9665,3,4,0.020786,0.0112708,0.00360942,0.964334,-1.51147,-0.543636,-1.08329,0.751507
9666,0,0,0.998486,0.000929366,0.000168755,0.000416044,2.13175,-1.86979,-1.48962,-1.94412
9667,0,3,0.994675,0.00370666,0.000314073,0.00130434,1.40309,-1.02382,-1.60569,-2.00265
9668,3,2,0.259673,0.203621,0.00493107,0.531775,0.442084,-1.13878,-0.575815,-1.04616
9669,0,2,0.993585,0.00384445,0.000369662,0.00220123,1.85058,-1.24905,-1.77179,-2.64767
9670,0,1,0.54018,0.0207821,0.00752676,0.431511,0.316537,-1.04663,-1.45008,-0.537868
9671,0,2,0.986326,0.00727764,0.000799954,0.00559634,0.834486,-1.1571,-1.37392,-0.600354
9672,0,4,0.99825,0.000809625,0.000239793,0.000700672,1.3708,-1.26516,-1.56938,-1.76464
9673,0,0,0.996797,0.00189444,0.000212135,0.00109642,1.69229,-1.67147,-1.82724,-2.00519
9674,0,1,0.976763,0.0199383,0.000406199,0.00289209,0.344007,-0.745213,-0.990275,-2.02609
9675,0,0,0.998284,0.000893582,0.000212867,0.000609965,2.15076,-2.29393,-1.76384,-1.05244
9676,0,1,0.997244,0.00116765,0.000261558,0.00132701,1.86626,-2.32241,-1.37445,-1.69186
9677,1,4,0.00635186,0.990356,0.000368461,0.00292376,-1.43354,1.35283,-1.20783,-1.46224
9678,0,4,0.995982,0.0030263,0.000151187,0.000840785,0.643366,-0.822045,-1.86181,-1.49811
9679,1,2,0.0366479,0.907291,0.00183913,0.0542217,-0.323433,0.115838,-0.93955,-0.977241
9680,0,1,0.98668,0.0120633,0.000310334,0.000946605,-0.0530493,-0.121609,-1.12819,-1.42522
9681,0,0,0.998288,0.000859353,0.00025033,0.000602273,1.61735,-2.09369,-1.26088,-1.24113
9682,0,0,0.99834,0.00118734,0.000124657,0.000348247,1.59084,-1.38379,-1.68057,-2.25973
9683,2,4,0.00659649,0.00117406,0.989097,0.00313274,-1.88366,-3.65235,3.29316,-2.06415
9684,0,4,0.0105443,0.98145,0.000855652,0.00715031,-0.204655,0.281592,-1.25253,-1.66063
9685,0,0,0.99843,0.00113529,0.000157288,0.000277672,1.48379,-1.28737,-1.54087,-2.28591
9686,0,1,0.995571,0.00363913,0.000204156,0.000586147,1.46744,-1.60203,-1.40927,-1.47394
9687,3,4,0.050805,0.401372,0.00294999,0.544873,-0.491457,0.118876,-1.35696,-1.30967
9688,2,0,0.00125887,0.0013799,0.99532,0.00204135,-1.74813,-0.835334,1.38743,-1.5143
9689,0,0,0.993961,0.00388555,0.000384534,0.0017694,2.63767,-2.92558,-1.84461,-2.21385
9690,0,0,0.997966,0.00090471,0.000289728,0.000839995,1.13619,-1.18921,-1.30024,-1.40216
9691,0,2,0.995402,0.00318521,0.000206124,0.0012072,0.608572,-0.454645,-1.1394,-1.17303
9692,0,0,0.997658,0.00178468,0.000122163,0.000435649,0.945601,-0.87737,-1.14953,-1.54772
9693,1,3,0.218,0.775146,0.00090054,0.00595309,-0.498937,-0.0974726,-1.27125,-0.900899
9694,2,1,0.00302127,0.00217189,0.992869,0.00193739,-2.00562,-1.65189,2.01988,-1.60882
9695,0,0,0.998277,0.000918347,0.000201537,0.000602855,3.23278,-2.97283,-1.73471,-2.6765
9696,0,2,0.9964,0.0026023,0.000170721,0.000827289,1.46562,-1.25034,-1.65872,-1.89832
9697,3,1,0.790578,0.0232976,0.00465527,0.181469,0.50163,-0.863264,-1.15123,-0.528702
9698,1,2,0.00622153,0.987236,0.00173188,0.00480997,-0.64842,0.194478,-1.02746,-0.899917
9699,0,4,0.994722,0.00242271,0.000294482,0.00256139,1.44231,-1.86315,-1.17023,-1.1132
9700,0,4,0.972854,0.020457,0.000614496,0.00607427,-0.358988,-0.0273171,-0.766842,-0.677225
9701,1,4,0.0270889,0.969482,0.000330992,0.00309773,-0.0702936,-0.277187,-1.84205,-0.917226
9702,1,2,0.00553997,0.967848,0.000775823,0.0258364,-1.24546,1.02767,-1.50326,-0.606478
9703,0,1,0.998327,0.000990114,0.000289833,0.000393072,1.01947,-0.713652,-1.62159,-1.68149
9704,1,3,0.00311893,0.992945,0.000501014,0.00343553,-0.993713,0.870034,-1.34478,-1.4308
9705,0,2,0.989492,0.00320832,0.000407494,0.00689223,1.67491,-2.22226,-1.52495,-1.37567
9706,0,0,0.0545115,0.295118,0.00388189,0.646488,0.0919673,-0.686061,-1.42437,-0.191877
9707,1,2,0.161523,0.82028,0.000726403,0.0174707,-0.386498,0.210149,-1.48881,-0.783686
9708,0,3,0.998407,0.00103266,0.00019422,0.000366412,1.81191,-1.64015,-1.50566,-2.34194
9709,0,4,0.998427,0.000648131,0.000181391,0.000743812,2.65961,-2.90324,-2.03845,-1.87331
9710,0,2,0.997337,0.00115641,0.000275747,0.001231,2.655,-2.82105,-1.91394,-1.94138
9711,0,0,0.0338229,0.945,0.00229711,0.0188799,0.108017,-0.433447,-1.19929,-1.25296
9712,0,2,0.997359,0.00134543,0.000235864,0.00106017,1.28551,-1.38923,-1.42694,-1.6215
9713,0,0,0.956261,0.0402284,0.000333569,0.0031772,1.48113,-1.5583,-1.83625,-2.14376
9714,1,3,0.0437292,0.953412,0.000427869,0.00243116,-0.118637,-0.418979,-1.14724,-0.585417
9715,1,1,0.00951186,0.984433,0.000450504,0.00560472,-1.22819,1.28431,-1.5357,-1.52689
9716,0,0,0.994151,0.00383165,0.000407816,0.0016098,1.82807,-1.79142,-1.48516,-1.84643
9717,0,3,0.998346,0.000929236,0.000177175,0.000547872,1.72199,-1.57027,-1.18379,-2.42774
9718,1,0,0.0515661,0.920442,0.00372508,0.0242669,0.511576,-0.521837,-1.41062,-1.31571
9719,0,0,0.997284,0.001798,0.000452834,0.000465387,-0.0751463,-0.481776,-0.752044,-1.31231
9720,0,1,0.640263,0.210005,0.00476126,0.14497,0.195927,-0.377674,-1.44522,-0.819998
9721,0,3,0.997036,0.00229238,0.000149,0.000522098,0.229236,-0.439436,-1.28854,-1.13634
9722,0,2,0.994181,0.00472929,0.000147417,0.000942689,-0.105326,-0.0620803,-1.63426,-0.951616
9723,3,1,0.00509404,0.0150161,0.00724009,0.97265,-0.731013,-1.00924,-1.1118,0.783777
9724,0,1,0.870018,0.122076,0.00185182,0.00605413,0.452192,-1.01892,-1.21818,-1.36211
9725,0,1,0.998224,0.00113063,0.000256751,0.000388452,2.01015,-2.09789,-1.1844,-1.72468
9726,0,1,0.996968,0.00184186,0.000384193,0.000805433,0.988506,-2.04338,-1.25179,-0.170151
9727,1,1,0.00607328,0.77097,0.00739767,0.215559,-0.309206,0.183786,-1.02373,-1.00377
9728,1,2,0.700517,0.285812,0.00101482,0.0126562,-0.112489,-0.482516,-1.05363,-0.510325
9729,1,3,0.108638,0.858264,0.00092217,0.032176,-1.03109,0.624453,-0.955675,-0.51331
9730,0,3,0.998563,0.000881694,0.000139641,0.000416076,1.93042,-1.64819,-2.29691,-1.99702
9731,0,1,0.945804,0.0480644,0.0014786,0.00465332,1.07875,-1.15402,-1.61091,-1.41369
9732,0,1,0.992423,0.00515967,0.000436762,0.00198051,2.38023,-1.87951,-1.3826,-2.28441
9733,1,3,0.123965,0.0374855,0.00208964,0.83646,-1.30292,0.152385,-1.01848,0.264958
9734,0,0,0.99363,0.00407464,0.000419721,0.00187555,1.64889,-2.07205,-1.23158,-1.38934
9735,0,0,0.997199,0.0012082,0.000170858,0.00142222,1.52285,-2.36639,-1.47617,-1.28997
9736,1,2,0.263916,0.731547,0.000779901,0.00375721,-0.00637944,-0.271962,-0.469393,-1.69695
9737,0,3,0.917693,0.0479935,0.00217481,0.0321386,1.53923,-1.41135,-1.6967,-1.8496
9738,0,0,0.953765,0.0445212,0.000285128,0.00142834,0.368103,-0.334078,-1.69927,-1.32986
9739,0,1,0.996542,0.00197904,0.000331054,0.00114762,2.52966,-2.94292,-1.24788,-1.76253
9740,1,2,0.0316303,0.947334,0.000780429,0.0202557,-0.258556,0.209904,-1.31125,-1.09474
9741,1,3,0.00642443,0.988551,0.00154845,0.00347589,-0.88625,0.868837,-1.35006,-1.13402
9742,0,1,0.952327,0.0260949,0.00450592,0.0170717,0.654384,-1.14397,-0.952082,-0.873075
9743,1,2,0.017136,0.977684,0.000943487,0.00423668,-1.25417,1.38006,-1.79584,-1.49033
9744,0,3,0.996705,0.00283738,0.000133519,0.00032407,0.241665,-0.404342,-1.62812,-1.02924
9745,0,1,0.99466,0.00446338,0.000212094,0.000664882,1.27175,-1.16312,-1.60279,-1.88737
9746,0,2,0.977659,0.00889035,0.000438751,0.0130114,1.28028,-1.7788,-1.21971,-1.47899
9747,0,3,0.949615,0.0289043,0.00180125,0.0196798,0.720546,-1.02358,-1.00142,-1.6078
9748,0,4,0.996458,0.00271141,0.000228401,0.000601757,0.806558,-0.945684,-1.72844,-0.679805
9749,0,0,0.998631,0.00091688,0.000159174,0.000293339,0.75059,-0.63319,-2.08156,-2.3812
9750,0,0,0.998017,0.000922601,0.000227866,0.000832687,2.00636,-2.01362,-1.53304,-1.89028
9751,0,1,0.997832,0.00116379,0.000304185,0.000699695,0.309827,-0.0851479,-1.89647,-1.59813
9752,0,3,0.963076,0.0333757,0.000385164,0.00316256,1.24447,-1.31711,-1.67297,-1.5616
9753,1,2,0.0485966,0.944212,0.000392662,0.00679887,-1.13912,0.147923,-1.82528,-0.234935
9754,0,0,0.222231,0.768124,0.00100333,0.0086421,0.154952,0.233741,-1.61684,-1.48441
9755,0,4,0.995715,0.00176389,0.000340613,0.00218025,-0.601024,0.0239989,-1.33774,-0.565057
9756,1,3,0.606609,0.262625,0.0665805,0.0641863,0.732478,-1.04178,-0.963425,-1.86755
9757,1,2,0.013497,0.982586,0.000462124,0.00345491,-1.58967,1.94448,-1.79971,-1.56893
9758,0,0,0.995001,0.00309502,0.000340369,0.00156313,2.22164,-2.09793,-1.69141,-1.8159
9759,1,3,0.551508,0.436278,0.000723204,0.011491,-0.393698,0.184932,-0.850993,-1.39311
9760,0,1,0.994327,0.00414981,0.000203901,0.00131925,1.20848,-1.67285,-1.77382,-1.12652
9761,0,1,0.99548,0.00251622,0.00038437,0.00161984,2.82644,-3.26213,-1.52309,-2.05496
9762,1,1,0.0150831,0.971044,0.000752964,0.0131205,-0.821063,0.664909,-1.15541,-0.758034
9763,1,4,0.199857,0.784298,0.00271495,0.0131306,-0.0157154,0.235484,-1.72684,-1.48072
9764,1,2,0.967658,0.0278011,0.000484455,0.00405629,0.375988,-0.41728,-1.19432,-0.949629
9765,0,1,0.998249,0.00104161,0.000233781,0.000475025,2.49477,-2.27009,-2.30049,-2.18942
9766,0,0,0.997927,0.00147995,0.000273229,0.000320062,1.39892,-1.6543,-1.37477,-1.69094
9767,1,4,0.99417,0.00358904,0.000454073,0.00178714,0.563081,-0.560757,-1.23043,-1.85856
9768,0,2,0.991567,0.00527232,0.00042962,0.00273124,0.748414,-1.21394,-1.16173,-1.17484
9769,1,0,0.00972833,0.985737,0.000373976,0.00416042,-0.230088,-0.0187612,-1.52217,-0.684342
9770,0,4,0.998389,0.000638682,0.000187874,0.000784059,3.14896,-3.6341,-2.18319,-2.11378
9771,2,4,0.0221303,0.00573371,0.953959,0.0181773,-0.0233072,-0.857602,-0.773715,-0.892026
9772,0,0,0.998581,0.000887759,0.000140464,0.000390875,2.1312,-1.86507,-1.68228,-1.84429
9773,2,4,0.239801,0.0916648,0.634573,0.0339612,-0.0136209,-1.54673,-0.211228,-1.38479
9774,0,4,0.998359,0.0010028,0.000145742,0.000492076,1.59571,-1.54546,-1.77063,-1.67342
9775,0,3,0.998319,0.00108107,0.000143477,0.000456859,2.73457,-3.36587,-1.50428,-1.95904
9776,0,4,0.99775,0.00155373,0.000185567,0.000510369,0.959527,-1.03847,-1.44816,-0.930532
9777,1,0,0.0236556,0.96591,0.000378826,0.0100556,-0.927385,0.718278,-1.16203,-1.09949
9778,0,2,0.994475,0.00368786,0.000297298,0.00153958,1.79096,-1.95603,-1.61581,-1.49513
9779,0,4,0.998151,0.0011653,0.000183837,0.000499721,1.26604,-0.930928,-2.13556,-2.13942
9780,0,2,0.983563,0.0128823,0.00047263,0.00308193,1.37436,-1.01994,-1.57044,-1.71207
9781,0,3,0.982124,0.00521956,0.000487871,0.0121685,1.07435,-1.28619,-1.5027,-1.22484
9782,1,1,0.00503263,0.991911,0.000479442,0.0025767,-1.77141,1.43904,-1.1189,-1.13457
9783,2,2,0.00396073,0.00283614,0.991174,0.00202888,-2.49336,-1.10657,1.87252,-1.60794
9784,0,1,0.993862,0.00211129,0.000389788,0.00363732,0.401463,-0.982532,-1.22546,-1.01194
9785,1,4,0.0335932,0.607791,0.00131405,0.357302,0.0498633,-0.905211,-1.56493,0.00399208
9786,0,0,0.994115,0.00357136,0.000406211,0.00190788,2.46679,-2.30208,-1.63479,-2.39143
9787,0,3,0.991803,0.00526328,0.000515316,0.00241796,2.07006,-2.30208,-1.45477,-1.84869
9788,0,0,0.99726,0.00129502,0.000265682,0.00117913,1.1004,-1.03787,-1.65005,-1.52616
9789,0,1,0.981775,0.0165899,0.000240017,0.00139476,0.863511,-0.976973,-1.35201,-1.16851
9790,0,2,0.993706,0.00227582,0.000284574,0.00373391,1.78065,-2.17042,-1.67798,-1.8568
9791,0,1,0.996103,0.00186741,0.000413433,0.00161611,1.62325,-1.36746,-1.12225,-2.01611
9792,0,4,0.997853,0.000996432,0.000168648,0.000981943,1.63603,-1.52743,-1.46862,-1.51269
9793,1,2,0.0243036,0.972701,0.000906251,0.00208866,-0.289281,0.543438,-1.51542,-1.99695
9794,0,1,0.998308,0.000929201,0.000222653,0.000540412,2.31401,-2.34642,-1.98208,-2.13631
9795,0,3,0.982583,0.0104055,0.000737029,0.00627438,1.63252,-1.68445,-1.42397,-1.34742
9796,0,3,0.997446,0.00157926,0.00012406,0.000851114,1.58127,-1.68662,-1.4131,-1.92929
9797,1,3,0.0919311,0.891595,0.00115555,0.0153183,-0.195429,-0.025207,-1.24668,-0.742354
9798,1,0,0.544525,0.452309,0.000653969,0.00251182,-0.464502,0.0784286,-1.32344,-0.328196
9799,0,3,0.996749,0.00205629,0.000271312,0.000923231,2.09632,-2.16209,-1.84547,-1.7856
9800,1,2,0.00644205,0.990053,0.000366196,0.00313884,-0.947599,0.989115,-1.52093,-1.45824
9801,0,4,0.997663,0.000969371,0.00022338,0.00114443,2.74441,-3.58808,-1.54794,-1.76608
9802,0,0,0.998643,0.000847158,0.000167796,0.000341615,3.34313,-3.42246,-2.02105,-2.73008
9803,0,3,0.00550479,0.00768005,0.00422892,0.982586,-0.777957,-0.170156,-0.728031,-0.00504583
9804,0,4,0.997453,0.00156851,0.000342543,0.000636216,0.266752,-0.519744,-1.56412,-1.40006
9805,0,2,0.997485,0.00119914,0.000251599,0.00106446,4.26682,-3.93138,-2.27269,-2.79674
9806,0,0,0.998406,0.000913991,0.000173758,0.000506729,3.51664,-2.98852,-2.0534,-2.77693
9807,1,4,0.118635,0.694208,0.00544196,0.181715,-0.467811,0.448094,-1.2003,-1.07685
9808,0,4,0.998066,0.000776188,0.000241157,0.000916361,1.93561,-2.1092,-1.30127,-2.13596
9809,0,0,0.998203,0.00127242,0.000118238,0.000406292,1.57856,-1.24732,-1.56529,-1.93789
9810,0,4,0.996919,0.00217756,0.000206036,0.00069701,1.34451,-1.44506,-1.45991,-1.81528
9811,2,4,0.034071,0.01109,0.949786,0.00505263,0.665058,-1.91487,0.404294,-2.06118
9812,0,4,0.979182,0.0142341,0.000582156,0.00600139,-0.792154,0.24681,-1.18362,-0.612165
9813,1,0,0.861688,0.134751,0.000607187,0.00295386,1.20038,-0.754181,-1.90773,-2.14595
9814,0,0,0.998485,0.000873058,0.000203955,0.000437717,1.8927,-1.7266,-1.58973,-2.018
9815,0,4,0.998579,0.000613132,0.000184636,0.000623396,2.59811,-2.64958,-1.65266,-1.86058
9816,0,1,0.78775,0.204097,0.000997309,0.00715641,0.0621503,-0.342749,-1.37768,-0.930911
9817,0,0,0.881799,0.085329,0.000815165,0.0320568,0.745121,-0.735392,-1.56346,-1.19872
9818,0,2,0.985903,0.00770221,0.000729478,0.0056654,1.32198,-0.828952,-1.67908,-2.58194
9819,1,3,0.00335187,0.992707,0.000274467,0.00366695,-1.15121,0.810575,-1.15453,-1.21211
9820,0,2,0.982297,0.00849024,0.000887034,0.00832602,1.31824,-2.12946,-1.3045,-1.23076
9821,1,4,0.336508,0.63423,0.00154471,0.0277169,-0.166324,0.0635119,-1.27873,-1.34599
9822,0,3,0.994327,0.00486466,0.000236991,0.000571854,1.22045,-1.3141,-1.82206,-1.82726
9823,0,0,0.995427,0.00398356,0.000156815,0.00043298,0.543872,-0.703637,-1.60991,-1.0693
9824,0,3,0.993793,0.00184318,0.000345984,0.00401801,0.693674,-1.21209,-1.05615,-0.976901
9825,0,0,0.988341,0.00927957,0.000611009,0.00176801,1.00005,-0.603467,-1.47385,-2.69449
9826,0,3,0.995264,0.00409932,0.000200537,0.000436305,1.59962,-1.49739,-1.40442,-1.75845
9827,0,4,0.998005,0.000964038,0.00023055,0.000799997,2.61267,-2.18011,-1.66288,-2.32376
9828,0,4,0.991162,0.00395296,0.000548196,0.00433723,-0.488476,0.486725,-1.42661,-0.551942
9829,2,2,0.00568938,0.00270459,0.988627,0.00297912,-0.640582,-1.14988,0.406318,-0.95475
9830,0,3,0.65329,0.141353,0.00533561,0.200022,0.0900146,-0.408146,-1.33687,-0.291532
9831,1,4,0.371568,0.133656,0.00348951,0.491287,-0.215339,-0.336494,-1.43697,-0.358506
9832,1,4,0.98466,0.0130495,0.000542477,0.00174772,0.950593,-0.749702,-1.44987,-1.51818
9833,0,2,0.983851,0.0104929,0.000578117,0.00507777,1.62914,-1.76704,-1.44335,-1.27748
9834,0,0,0.99794,0.00145418,0.000128062,0.000477669,2.11684,-1.91101,-1.91437,-1.92641
9835,0,2,0.990037,0.00582407,0.000490842,0.00364817,0.695732,-0.91212,-1.27508,-1.00912
9836,0,1,0.998237,0.000890056,0.000264905,0.000608152,3.51756,-3.52174,-1.88653,-2.47762
9837,0,2,0.993001,0.0043815,0.000382665,0.00223458,1.57791,-1.24209,-1.46461,-2.01119
9838,0,2,0.997438,0.00138689,0.000214774,0.000960672,2.37006,-2.08129,-2.09575,-2.14067
9839,1,1,0.00506396,0.906552,0.0532335,0.0351508,-0.781879,0.0429862,-0.660779,-0.720439
9840,1,3,0.0681522,0.929852,0.000457416,0.00153838,-1.13564,1.52242,-1.21671,-2.10885
9841,0,1,0.99365,0.00257366,0.000755591,0.00302069,1.9827,-2.47848,-1.08529,-1.46194
9842,0,4,0.99118,0.00765054,0.000236703,0.00093253,0.349386,-0.0566238,-1.6918,-2.29937
9843,1,2,0.0248549,0.970537,0.000516225,0.00409227,0.294183,0.103292,-1.85585,-1.75175
9844,1,0,0.393567,0.597779,0.00133865,0.00731481,0.101088,-0.177921,-1.60027,-1.34753
9845,2,0,0.0062462,0.00205576,0.98777,0.00392791,0.0412038,-1.66081,0.0422352,-0.619073
9846,0,0,0.993886,0.00380639,0.000385256,0.0019224,1.96239,-1.88928,-1.53568,-1.99877
9847,2,2,0.00600443,0.0108992,0.979679,0.00341788,-1.29304,-0.657403,0.437884,-1.20997
9848,0,1,0.0470805,0.945176,0.00161337,0.00613055,0.0931398,-0.132941,-1.41454,-1.33419
9849,0,3,0.998204,0.00114729,0.000158177,0.000490082,3.24281,-3.61935,-2.00041,-2.30683
9850,1,1,0.0355582,0.94663,0.000883685,0.0169282,-0.0358406,0.139399,-1.39698,-1.72528
9851,0,3,0.99834,0.000913039,0.00023702,0.000509674,1.90409,-1.74707,-1.47099,-2.3974
9852,1,1,0.00816995,0.988429,0.00042826,0.00297272,-0.654045,0.326993,-1.38428,-0.804421
9853,0,0,0.987242,0.00682971,0.00077758,0.00515031,0.79362,-0.692361,-1.39664,-1.30689
9854,3,4,0.978704,0.00267222,0.000565072,0.0180585,1.09418,-1.92172,-1.60239,-0.703837
9855,0,0,0.997999,0.00151664,0.000122923,0.000361289,1.91364,-1.71593,-1.83359,-1.90225
9856,0,2,0.996984,0.000997512,0.000229416,0.00178871,1.56163,-3.11153,-1.55387,-0.614538
9857,0,3,0.269023,0.72843,0.000620353,0.00192581,-0.58026,0.444058,-1.66255,-1.37177
9858,3,0,0.0442724,0.0264202,0.00521261,0.924095,-0.260203,-0.714137,-1.37165,0.0581458
9859,0,3,0.998466,0.000820146,0.000182821,0.000531599,3.1218,-2.95875,-2.5007,-2.76192
9860,0,1,0.688985,0.304543,0.00223614,0.00423517,0.616061,-0.893974,-1.79252,-0.652105
9861,0,2,0.997648,0.00127171,0.000210253,0.000869775,2.72191,-2.77298,-2.27378,-1.95874
9862,0,4,0.99802,0.00106087,0.000239738,0.000678959,0.80586,-0.922996,-1.38043,-1.65074
9863,0,3,0.998384,0.000884987,0.000123451,0.000607648,0.958915,-1.31636,-1.18568,-1.15802
9864,3,2,0.0719091,0.839648,0.00364563,0.0847969,-0.190703,0.0662598,-1.03274,-1.19182
9865,0,4,0.990734,0.00741804,0.000315898,0.00153229,0.192498,-0.587981,-1.14804,-0.812781
9866,0,4,0.988788,0.00553953,0.000554411,0.00511823,1.25708,-2.08599,-1.52,-1.43055
9867,0,2,0.997799,0.00111046,0.000220808,0.000869906,2.58676,-1.87523,-2.02574,-2.67929
9868,0,2,0.993315,0.00522773,0.00020489,0.00125266,1.1151,-1.12208,-1.24053,-1.69161
9869,0,4,0.998112,0.00109786,0.000182399,0.000607483,2.47448,-2.13225,-1.84851,-2.43812
9870,1,4,0.950745,0.0471503,0.000430019,0.00167439,-1.29522,0.873643,-1.16872,-1.21351
9871,0,3,0.998651,0.000766097,0.000171776,0.000411265,1.48037,-2.24637,-1.0744,-1.40789
9872,0,2,0.997988,0.00096685,0.000170326,0.00087433,2.75511,-2.77336,-1.96968,-1.77945
9873,1,3,0.00175967,0.992361,0.000403126,0.00547603,-0.734307,0.378285,-1.31768,-0.626379
9874,0,3,0.992639,0.00594874,0.000284269,0.0011276,0.0206873,-0.593402,-1.52078,-0.633298
9875,0,2,0.997615,0.00148673,0.000217769,0.000680674,2.06744,-1.46089,-1.54204,-2.45708
9876,0,1,0.998362,0.000779457,0.000248886,0.000609418,3.38117,-3.49963,-2.38402,-2.31585
9877,0,2,0.995392,0.00292717,0.000194392,0.00148632,2.13926,-2.04437,-1.82658,-1.82712
9878,0,4,0.997635,0.00119932,0.000201407,0.000964622,1.00395,-1.43531,-1.59985,-1.11509
9879,3,3,0.923691,0.0470038,0.0029862,0.0263185,-0.341637,-0.563324,-0.596925,-0.260361
9880,0,4,0.998461,0.000687265,0.000199226,0.000652599,2.43018,-2.55863,-1.63993,-2.28082
9881,0,0,0.992898,0.0051874,0.000362262,0.00155223,0.945234,-0.653196,-1.95574,-2.57425
9882,0,0,0.998643,0.000821094,0.000138565,0.000397055,3.02169,-2.22481,-2.11013,-3.03418
9883,0,0,0.993688,0.00411688,0.000412431,0.00178279,0.0777897,-0.136376,-1.22555,-1.84377
9884,1,3,0.00869834,0.980185,0.000650107,0.0104666,-0.518082,0.168548,-1.47282,-0.423088
9885,0,1,0.998233,0.00115519,0.00019763,0.000414317,1.22284,-1.00116,-1.50238,-2.03411
9886,0,3,0.997515,0.00132348,0.000198649,0.000962624,1.64967,-2.03171,-1.38452,-1.74435
9887,0,2,0.997703,0.00140361,0.000212328,0.000681399,1.19587,-1.12723,-1.6346,-1.67243
9888,0,4,0.998121,0.00109359,0.000270098,0.000515568,2.3043,-2.28732,-1.36573,-1.63005
9889,1,0,0.0175155,0.899253,0.0701261,0.0131057,-0.135497,-0.16464,-1.21364,-1.14582
9890,0,0,0.656438,0.337905,0.00169196,0.00396479,-0.892735,0.0717173,-0.788387,-1.46436
9891,3,3,0.140179,0.537622,0.00117032,0.321029,0.358247,-0.748246,-1.50759,-0.555918
9892,0,1,0.0588459,0.0296347,0.00390245,0.907617,-0.0192537,-0.59377,-1.1904,-0.323166
9893,0,4,0.823857,0.0194701,0.0166537,0.140019,0.21292,-0.79425,-0.962359,-0.281696
9894,1,0,0.0134752,0.725733,0.00378605,0.257005,0.16033,-0.205294,-1.20488,-1.01773
9895,3,2,0.104924,0.0385993,0.00706731,0.84941,-0.260439,-0.945869,-1.61372,0.139408
9896,1,4,0.00553868,0.988154,0.00105553,0.00525161,-0.399399,0.596967,-1.09965,-1.68149
9897,0,3,0.997717,0.00112675,0.000286281,0.000869835,0.593775,-1.18515,-1.2284,-1.01039
9898,0,0,0.988671,0.00441166,0.00090508,0.00601239,-0.134195,-0.803616,-1.10446,-0.252553
9899,3,4,0.00342009,0.00675532,0.00471597,0.985109,-1.00336,-0.447606,-1.5288,0.639796
9900,0,3,0.998568,0.000732383,0.000178604,0.00052137,2.55042,-3.04136,-1.98821,-1.54347
9901,1,2,0.0277455,0.963429,0.00209518,0.00673038,-0.674552,0.262613,-1.15436,-0.661851
9902,0,2,0.989538,0.0058668,0.000523256,0.00407176,2.77265,-2.17496,-1.86659,-2.34346
9903,0,1,0.97422,0.0229059,0.000466315,0.00240779,0.771727,-0.706404,-1.21612,-1.22591
9904,0,2,0.995971,0.00201889,0.000389093,0.00162064,2.99275,-3.87303,-1.66914,-1.76527
9905,1,2,0.0413636,0.951599,0.00137855,0.00565842,-0.854527,0.530081,-0.696668,-1.22921
9906,0,3,0.998114,0.00132428,0.000197993,0.000363455,1.72203,-1.41749,-1.62771,-2.18668
9907,0,1,0.99453,0.00307398,0.000356535,0.00203973,1.34578,-0.853754,-1.92588,-1.58423
9908,0,1,0.996836,0.00139148,0.000303882,0.00146826,0.295854,-0.884137,-1.6685,-0.647506
9909,1,0,0.123791,0.856765,0.000999258,0.0184448,-0.805035,0.621455,-1.48402,-1.48814
9910,0,2,0.992631,0.00616305,0.000185337,0.00102069,1.49753,-1.64721,-1.31459,-1.65765
9911,0,0,0.997916,0.000935207,0.000321939,0.000826931,1.16355,-1.94709,-1.50098,-0.835879
9912,0,3,0.479792,0.511734,0.000972563,0.00750184,0.914041,-0.802738,-1.39855,-1.40939
9913,1,4,0.0100048,0.978548,0.00101113,0.0104364,-0.577842,0.144377,-1.17541,-1.13775
9914,0,1,0.755781,0.0207802,0.0087989,0.21464,-0.133472,-1.53779,-0.74812,-0.00145383
9915,0,3,0.998252,0.00111205,0.000213693,0.000422497,0.7289,-0.493078,-1.68242,-2.90882
9916,3,4,0.317399,0.558141,0.0036952,0.120765,-0.639606,0.146663,-1.87347,-0.831874
9917,0,4,0.963783,0.0331079,0.00078473,0.00232454,0.269023,-0.134123,-1.61091,-1.71063
9918,0,1,0.943473,0.0516651,0.000552229,0.00430982,0.191465,-0.722838,-1.29812,-0.522575
9919,1,2,0.237356,0.758748,0.000627516,0.00326874,0.90429,-0.980792,-1.95272,-2.03659
9920,1,2,0.888223,0.101423,0.00112013,0.00923331,0.443895,-0.219186,-1.37966,-1.7299
9921,0,2,0.0313969,0.963467,0.00051447,0.00462139,-1.37246,1.43563,-1.0559,-1.59058
9922,0,4,0.995448,0.0012529,0.000330045,0.00296908,1.34343,-1.0314,-1.43019,-2.04862
9923,0,4,0.99805,0.000773905,0.000236028,0.000939911,2.14424,-2.16743,-1.88155,-1.76574
9924,1,4,0.0228124,0.970302,0.00249607,0.0043893,-0.349209,0.145324,-0.808229,-1.31614
9925,0,0,0.950385,0.0471324,0.000354281,0.00212826,0.636921,-0.514277,-1.82017,-1.5602
9926,0,0,0.997145,0.00237119,0.000115828,0.0003681,0.703566,-0.686346,-1.73985,-1.18985
9927,0,3,0.998128,0.00102835,0.000235126,0.000608086,1.38241,-2.24721,-1.51636,-0.97722
9928,0,1,0.996933,0.00168847,0.000237149,0.00114136,1.18627,-1.59405,-1.36303,-0.830738
9929,0,4,0.99761,0.00179245,0.000180184,0.000417306,1.92904,-1.90471,-0.796474,-2.43526
9930,1,4,0.0152907,0.979371,0.0010857,0.00425229,-0.795265,1.06167,-1.19238,-1.92924
9931,0,0,0.998336,0.00106745,0.000154232,0.000441947,1.88947,-1.52077,-1.25527,-2.59108
9932,0,3,0.998506,0.000942179,0.000183544,0.000367883,1.7476,-1.52678,-1.39145,-1.8969
9933,0,1,0.904415,0.0650534,0.00105896,0.0294726,0.428161,-0.484637,-1.28324,-1.12462
9934,0,3,0.997344,0.000980484,0.000380603,0.00129513,0.387924,-0.786264,-1.39315,-0.599686
9935,0,4,0.990509,0.00722689,0.000381704,0.00188249,0.235957,-0.352961,-1.28069,-1.0948
9936,1,3,0.00826977,0.977567,0.000762477,0.0134002,-0.52597,0.0911488,-1.0696,-0.819633
9937,0,3,0.998561,0.000760067,0.000148937,0.000529577,3.53476,-3.23692,-2.31187,-2.62977
9938,0,4,0.99772,0.00110928,0.00025813,0.000912472,1.59284,-2.36647,-1.3579,-1.15739
9939,0,0,0.997326,0.00177193,0.000225937,0.000675841,0.624872,-0.85208,-1.25767,-1.03189
9940,0,3,0.996226,0.00272671,0.00015034,0.00089698,1.06318,-1.03712,-1.79458,-2.12296
9941,0,3,0.998507,0.000739525,0.000188632,0.000564803,2.70338,-3.01564,-1.38263,-1.1806
9942,0,4,0.996385,0.00205554,0.000235174,0.00132457,1.30316,-1.21906,-0.950463,-1.64577
9943,1,2,0.014541,0.974263,0.000579232,0.0106163,-0.340839,-0.0378758,-1.12208,-0.970981
9944,0,1,0.995891,0.00221065,0.000386034,0.00151196,2.7937,-2.8928,-1.70178,-2.35761
9945,1,3,0.00213636,0.992006,0.000880193,0.0049769,-2.20107,1.61586,-1.25905,-0.904215
9946,1,4,0.174883,0.817386,0.00132357,0.00640756,0.00125753,-0.0917307,-1.24567,-1.16961
9947,0,1,0.998382,0.000968177,0.000251334,0.000398505,1.14743,-1.30705,-1.32758,-1.39218
9948,0,0,0.990984,0.00688411,0.000457953,0.00167349,0.64096,-1.27238,-1.06027,-0.785277
9949,0,0,0.998785,0.000753585,0.000147811,0.000313528,1.28739,-1.39072,-1.7753,-1.94257
9950,1,2,0.0185563,0.960629,0.000979137,0.0198353,-1.4156,0.333341,-0.885967,-0.438142
9951,0,4,0.998495,0.000603576,0.000210431,0.000691327,2.37726,-2.26778,-2.03189,-2.2773
9952,0,1,0.996685,0.00271335,0.000192377,0.000409655,0.382116,-0.338437,-1.2071,-2.06082
9953,0,3,0.78324,0.167087,0.000563894,0.0491091,1.07215,-0.970442,-1.58926,-1.66016
9954,0,3,0.95552,0.0262849,0.00132343,0.0168716,0.457577,-0.875749,-1.54073,-0.904462
9955,0,4,0.977592,0.0069981,0.00101608,0.0143943,1.28081,-1.1072,-1.16516,-1.54919
9956,0,4,0.99722,0.00200863,0.000186923,0.000584829,1.0412,-0.711364,-1.633,-1.97623
9957,0,1,0.9978,0.00158446,0.000256642,0.000358407,1.49779,-1.26573,-1.49936,-2.17852
9958,0,0,0.996249,0.00236098,0.000260279,0.0011295,2.71783,-2.15115,-1.44152,-2.68826
9959,0,2,0.990065,0.00772717,0.000242044,0.00196618,0.698324,-1.08321,-1.30706,-1.16813
9960,0,3,0.95171,0.0299461,0.000512178,0.0178315,0.116289,-0.338471,-2.01162,-1.29913
9961,0,2,0.992984,0.00292579,0.000298597,0.00379181,1.22736,-2.21504,-1.60885,-0.687378
9962,0,1,0.998518,0.000795731,0.000217116,0.000469617,2.24933,-2.23372,-1.50632,-1.96893
9963,1,1,0.0908062,0.90554,0.000898091,0.00275553,0.488254,-0.400125,-1.18256,-1.85444
9964,0,3,0.997763,0.00162832,0.00018886,0.000419823,1.04561,-0.729618,-1.61549,-1.98911
9965,0,1,0.997542,0.000957026,0.000425508,0.00107601,2.67513,-2.58834,-1.82308,-1.59381
9966,1,0,0.31945,0.50183,0.00546166,0.173258,-0.794687,-0.223224,-0.573862,-0.433714
9967,0,3,0.365302,0.623832,0.000821247,0.010044,0.0475698,-0.177681,-1.37436,-1.00178
9968,0,3,0.998273,0.000834529,0.000227036,0.000665345,1.60842,-1.87656,-1.65167,-1.5009
9969,0,2,0.997284,0.00155149,0.000264136,0.000900567,2.91039,-2.96822,-1.94891,-2.06267
9970,0,0,0.997502,0.00182672,0.000323065,0.000347955,1.56004,-1.0776,-1.65782,-2.33473
9971,0,1,0.997283,0.00179976,0.000250567,0.000666635,0.657848,-1.18977,-1.58216,-1.23717
9972,1,0,0.0329987,0.964836,0.000615411,0.00155017,-0.43884,0.486612,-1.12278,-1.23567
9973,0,2,0.771729,0.079165,0.00275086,0.146355,0.644699,-0.951616,-1.62235,-0.794468
9974,0,3,0.947101,0.0442317,0.000584371,0.00808277,0.300466,-0.65207,-0.837539,-1.11291
9975,0,3,0.998158,0.00110869,0.000249809,0.000483405,1.0582,-0.976867,-2.32644,-1.37139
9976,0,3,0.986672,0.00966119,0.000566344,0.00310074,2.04283,-2.38806,-1.77273,-1.88737
9977,0,1,0.950548,0.0440042,0.000789219,0.00465843,0.836592,-0.592546,-1.31661,-1.64181
9978,2,2,0.00364701,0.00317788,0.989722,0.00345292,-1.04211,-1.55218,1.27954,-1.41787
9979,0,0,0.998517,0.000843749,0.000207174,0.000431787,2.46637,-2.98159,-1.63517,-1.519
9980,0,3,0.994489,0.00140457,0.000267543,0.00383857,0.580461,-0.675011,-1.56173,-0.816207
9981,0,3,0.998506,0.000661612,0.00019462,0.00063751,2.06266,-2.58296,-1.82237,-1.14085
9982,3,4,0.0506696,0.930278,0.00128344,0.0177694,-0.335894,-0.0678014,-1.66582,-0.665225
9983,1,3,0.0219812,0.971244,0.00162263,0.00515167,-0.524514,-0.357002,-0.976679,-0.774449
9984,0,3,0.998115,0.0013217,0.00018709,0.00037646,1.22045,-1.23974,-1.47011,-2.17345
9985,3,2,0.238726,0.751298,0.000782403,0.00919336,0.40945,-0.520855,-1.2938,-1.27462
9986,3,1,0.018482,0.00609769,0.00641534,0.969005,-0.252524,-0.580882,-1.11267,-0.0834047
9987,0,0,0.990384,0.00716275,0.000552062,0.00190072,2.21174,-1.98906,-1.45126,-1.99377
9988,0,4,0.998483,0.000863728,0.00015216,0.000500865,1.42923,-1.22666,-1.73798,-1.99517
9989,2,0,0.00197353,0.00149553,0.994741,0.00178992,-1.14323,-2.56905,1.79746,-1.94621
9990,0,1,0.998407,0.000801101,0.000252324,0.000539412,3.66943,-3.47873,-1.94883,-2.82014
9991,0,0,0.998413,0.000836278,0.000184966,0.000565854,2.61988,-2.67615,-1.51672,-1.84967
9992,0,2,0.967387,0.0270106,0.000521632,0.00508134,0.296101,-0.0738488,-1.02647,-1.53184
9993,0,4,0.997647,0.000988475,0.000318103,0.00104608,2.68753,-2.69431,-1.99551,-1.89284
9994,1,4,0.0566017,0.940664,0.000447623,0.00228657,-0.902316,0.955224,-1.7397,-1.16302
9995,0,1,0.995703,0.00278039,0.0005214,0.000995257,0.804821,-0.8465,-1.26654,-1.33139
9996,3,0,0.981363,0.00445236,0.00134864,0.0128362,1.42825,-1.86913,-1.40723,-1.19265
9997,1,2,0.0059478,0.9676,0.00135331,0.0250993,0.0845868,-0.668858,-1.3139,-0.254257
9998,1,2,0.311224,0.678449,0.00120893,0.0091179,-0.585045,0.545779,-1.71656,-1.22075
9999,0,2,0.997833,0.0012137,0.00018522,0.000767716,1.92375,-1.34681,-1.99302,-3.04375
10000,0,1,0.998017,0.00108922,0.0002572,0.000636576,1.45757,-1.22551,-1.56814,-1.87739
10001,1,3,0.0356427,0.959596,0.00090812,0.00385332,-0.777869,0.448502,-0.817982,-1.48977
10002,0,3,0.998421,0.000853612,0.000184607,0.000541002,4.23209,-4.28212,-1.74741,-3.0549
10003,0,2,0.987884,0.00556971,0.000354152,0.00619226,1.84634,-2.05301,-1.19108,-1.88116
10004,0,3,0.997258,0.00225074,0.000109248,0.00038206,1.32894,-1.51496,-1.62437,-1.32221
10005,0,2,0.989592,0.00664506,0.000459099,0.00330403,0.508375,-0.490655,-1.80621,-1.94925
10006,0,0,0.997031,0.0024165,0.000132782,0.000419515,1.30786,-1.69866,-1.72263,-0.94646
10007,0,3,0.998301,0.000954953,0.00023425,0.000509654,1.22772,-1.34618,-0.850824,-1.9886
10008,0,0,0.998665,0.000903577,0.000150121,0.00028156,1.70636,-1.12122,-1.94604,-2.80431
10009,0,0,0.996164,0.00223296,0.000230124,0.001373,1.053,-1.3269,-0.915592,-1.24499
10010,0,4,0.996627,0.00241316,0.000257847,0.000702271,-0.115052,-0.116688,-1.53569,-1.11057
10011,0,4,0.990885,0.00506685,0.000853814,0.00319406,2.6288,-2.65341,-1.31754,-2.37253
10012,0,4,0.997991,0.0006206,0.000247824,0.00114034,2.68064,-2.77135,-1.42522,-1.99814
10013,1,4,0.0566409,0.938103,0.000716144,0.00453945,-0.709069,0.813104,-0.750037,-2.36341
10014,0,4,0.998419,0.000888482,0.000164835,0.000527952,1.93212,-1.95192,-1.37703,-2.22659
10015,0,3,0.991898,0.0068787,0.000311366,0.000911588,-0.581025,0.295158,-1.10825,-1.07432
10016,0,2,0.9955,0.00234084,0.000209391,0.00195012,2.63331,-2.84106,-1.88289,-1.8105
10017,0,2,0.995983,0.00274474,0.000182366,0.00109018,1.21244,-0.97196,-1.60635,-1.71869
10018,0,1,0.998272,0.00080021,0.00027817,0.000649931,2.80249,-2.90075,-1.73282,-1.72726
10019,0,1,0.995186,0.00301799,0.000299844,0.0014962,1.28129,-1.53427,-1.61163,-1.25249
10020,0,0,0.998661,0.000909772,0.000159179,0.000270244,2.25245,-2.4012,-2.22083,-1.43826
10021,1,2,0.277773,0.7114,0.00171247,0.00911401,0.447646,-0.464485,-1.49449,-1.77203
10022,3,3,0.843946,0.13804,0.00107894,0.0169352,0.80255,-0.425341,-1.5508,-2.01377
10023,0,3,0.998237,0.00125886,0.000111949,0.000392269,1.46021,-1.44105,-1.76505,-1.56391
10024,1,1,0.00944088,0.986555,0.00120585,0.00279822,-1.12273,1.33041,-0.970978,-1.5416
10025,0,2,0.997659,0.00142565,0.000232732,0.000682701,2.52129,-2.39686,-1.41291,-2.6092
10026,0,3,0.998411,0.000851939,0.000189722,0.000546839,3.2681,-3.05786,-2.34319,-2.26574
10027,0,1,0.995453,0.00380031,0.000261088,0.000485876,2.46473,-1.99668,-1.74019,-2.53732
10028,0,4,0.998529,0.000740988,0.000177554,0.000552271,2.3685,-2.95799,-1.93857,-1.51108
10029,1,0,0.0130128,0.984475,0.000818986,0.00169363,-0.183117,0.35835,-1.24132,-1.53031
10030,0,2,0.674347,0.319162,0.000512786,0.00597844,-0.642239,-0.127316,-1.2794,-0.268961
10031,0,4,0.997508,0.0017312,0.00016925,0.000591894,0.723356,-1.21305,-1.24813,-0.97791
10032,0,4,0.995216,0.00301219,0.000245691,0.00152576,0.634256,-0.771338,-1.28374,-1.55385
10033,1,4,0.991551,0.00345593,0.000598793,0.00439437,1.08949,-1.05971,-1.10929,-1.78292
10034,0,3,0.97269,0.0142732,0.000593168,0.0124433,1.32762,-1.95103,-1.19215,-0.837728
10035,0,0,0.997946,0.0011834,0.000167025,0.000703887,1.25216,-1.45483,-1.41917,-1.3623
10036,0,4,0.0163223,0.919903,0.000622159,0.0631528,-0.783783,0.252366,-1.00904,-0.597205
10037,0,0,0.975819,0.0111627,0.00047351,0.0125444,0.192261,-0.575291,-1.12664,-0.707323
10038,0,0,0.998577,0.000861283,0.00019616,0.000365046,2.88249,-3.2582,-1.55061,-2.07945
10039,0,1,0.99758,0.00160591,0.000218614,0.000595416,0.964952,-0.982044,-1.60305,-1.65488
10040,0,2,0.996226,0.00199198,0.000345479,0.00143617,2.0009,-2.35282,-1.2761,-1.78954
10041,0,4,0.998427,0.000663501,0.000183171,0.000725872,3.50328,-2.92967,-2.28883,-2.88015
10042,3,2,0.0105299,0.214411,0.0111872,0.763872,-1.11029,0.330312,-0.86529,0.111157
10043,0,4,0.998073,0.00131135,0.000183464,0.000432439,1.64035,-1.40182,-1.61994,-1.9054
10044,2,3,0.00180853,0.0023889,0.993374,0.00242889,-2.91605,-0.806058,1.50583,-1.34707
10045,0,1,0.974816,0.0066392,0.00102915,0.0175155,0.819139,-2.01838,-1.50564,-0.223476
10046,0,1,0.997929,0.00144567,0.000191491,0.000434069,1.08179,-1.07514,-1.84786,-1.84084
10047,1,4,0.0146015,0.982266,0.000346679,0.00278606,-0.730888,0.969268,-1.34739,-1.68758
10048,0,3,0.998311,0.000984314,0.000222654,0.000481594,1.73271,-1.82491,-1.29305,-1.54365
10049,0,0,0.998578,0.000825865,0.000150108,0.000445521,2.42043,-2.2087,-1.53244,-1.95934
10050,0,0,0.991835,0.00732924,0.000180546,0.000655269,0.178575,-0.0646539,-1.81032,-1.7014
10051,0,2,0.966506,0.0169701,0.000512076,0.0160121,0.658316,-1.28127,-1.16452,-0.814351
10052,0,0,0.992278,0.00695395,0.000290336,0.00047775,0.43691,-0.37755,-1.65875,-1.80971
10053,0,0,0.991772,0.00547011,0.000586196,0.00217161,1.96964,-1.9985,-1.40889,-1.82783
10054,0,0,0.989902,0.00275072,0.000519375,0.00682808,1.24314,-1.382,-1.28985,-1.27462
10055,1,4,0.333771,0.349447,0.294552,0.0222306,-0.0749285,-1.38068,-0.0663826,-1.88265
10056,0,3,0.997205,0.00222331,0.000187651,0.000384284,0.298235,-0.418578,-1.2134,-1.12822
10057,0,4,0.997691,0.00134194,0.00035977,0.000607227,0.897869,-1.30138,-1.35395,-1.35667
10058,3,3,0.0483253,0.561763,0.00719695,0.382715,-0.842055,0.106678,-0.958569,-0.72082
10059,0,0,0.991438,0.00805989,0.000159267,0.000343148,0.0440437,-0.0937373,-1.1078,-2.34051
10060,1,0,0.0123323,0.985431,0.00030217,0.00193418,-1.22862,1.10573,-1.11929,-1.4575
10061,1,2,0.0548379,0.939363,0.000469371,0.00532987,-1.03194,1.06544,-1.84617,-1.31269
10062,0,0,0.963303,0.0135145,0.00151777,0.0216648,0.220728,-0.405575,-1.13239,-1.39164
10063,1,2,0.0154955,0.980208,0.000559347,0.00373754,-0.667709,0.486796,-1.77936,-1.01806
10064,1,3,0.0146103,0.982498,0.000533936,0.00235814,-1.10187,1.18019,-1.73266,-1.70374
10065,0,2,0.994059,0.00496533,0.000354284,0.000621787,-0.0670346,0.0529092,-1.6261,-1.97568
10066,0,1,0.998154,0.000948307,0.000287528,0.000609886,2.85829,-2.51789,-1.63748,-2.51911
10067,1,2,0.0438706,0.948588,0.000361997,0.00717918,-0.310659,-0.771258,-1.24325,-0.578079
10068,2,3,0.00213904,0.00171877,0.994219,0.00192305,-2.60301,-0.870161,2.12024,-1.74805
10069,1,3,0.495292,0.325455,0.00239202,0.176861,0.10575,-0.484406,-1.64317,-0.688317
10070,3,3,0.841025,0.112275,0.000661122,0.0460392,-0.0175924,-0.792965,-1.2053,-0.207707
10071,0,0,0.99842,0.000856953,0.000184606,0.000538366,2.94702,-2.8449,-1.97259,-2.80905
10072,0,0,0.711797,0.267804,0.00148575,0.0189133,0.198926,-0.262115,-1.12642,-1.44224
10073,0,0,0.993188,0.00202706,0.00041303,0.00437164,1.12058,-1.1387,-1.45721,-1.67663
10074,0,0,0.984538,0.0115154,0.000464854,0.00348212,1.39126,-0.879569,-1.74209,-1.70704
10075,0,1,0.998104,0.00087957,0.000316389,0.000699886,2.86807,-3.41539,-2.05523,-2.47067
10076,0,1,0.997931,0.00082856,0.00036056,0.000880276,2.4399,-1.9867,-1.40313,-1.98649
10077,0,4,0.968233,0.0203729,0.000564512,0.0108299,-0.27672,0.326645,-1.30539,-1.10285
10078,0,0,0.960663,0.0212757,0.00174897,0.0163126,0.87164,-1.2686,-1.18866,-1.33862
10079,0,1,0.690223,0.303308,0.00094116,0.00552822,-0.025728,0.190667,-1.57444,-1.65172
10080,0,4,0.997155,0.00191559,0.000225017,0.000704017,2.08299,-2.39045,-1.11486,-1.78907
10081,0,4,0.998336,0.000709685,0.000187132,0.000767353,2.82757,-2.17025,-2.03277,-2.81637
10082,0,0,0.998421,0.000985385,0.000236116,0.000357231,2.22085,-2.08474,-1.41302,-2.02031
10083,0,3,0.988649,0.0108391,0.000161636,0.000350297,0.185632,-0.277963,-2.03428,-1.09708
10084,1,0,0.906011,0.0469274,0.00319189,0.0438695,0.713049,-0.99101,-1.26287,-0.598643
10085,1,2,0.996397,0.00226091,0.000178913,0.00116325,0.805176,-1.42391,-1.69706,-0.555883
10086,0,2,0.982091,0.00412484,0.000834745,0.0129497,1.43962,-1.90847,-1.66443,-0.952528
10087,0,3,0.998054,0.00120334,0.000215748,0.00052673,1.0897,-0.973062,-1.42868,-1.68481
10088,0,4,0.988395,0.00967836,0.000273809,0.00165289,1.25704,-0.71047,-1.55978,-2.16863
10089,0,3,0.995304,0.00234725,0.000249095,0.00209995,0.424099,-1.28261,-1.31589,-0.357236
10090,0,4,0.998379,0.000867019,0.000163546,0.000590102,2.17061,-2.50071,-1.68033,-1.23863
10091,0,3,0.998302,0.000752485,0.000244535,0.000701393,1.8474,-2.05973,-1.40825,-1.42372
10092,0,0,0.995752,0.00356678,0.000150857,0.000530672,1.67124,-1.6814,-1.4891,-1.96055
10093,0,2,0.969958,0.0277992,0.000274537,0.00196808,0.603738,-0.410069,-1.49551,-1.13217
10094,1,4,0.014207,0.976721,0.000642768,0.00842968,-0.932224,0.934269,-1.13609,-1.23349
10095,0,2,0.990999,0.00541272,0.000299166,0.0032894,1.13276,-1.37284,-1.3583,-1.30367
10096,0,0,0.994636,0.00351097,0.000225327,0.00162798,0.370109,-0.866285,-0.746678,-1.01214
10097,0,2,0.99134,0.00599048,0.000333859,0.00233562,1.64412,-1.53831,-1.24491,-1.81163
10098,1,2,0.989611,0.00934952,0.000163062,0.000876354,-0.434095,0.52686,-1.36223,-2.02058
10099,0,0,0.997591,0.00164562,0.000163736,0.000600092,-0.691798,0.669614,-1.30902,-0.968251
10100,1,4,0.894363,0.089554,0.000739675,0.0153433,0.0257865,-0.295083,-1.19242,-1.58039
10101,0,1,0.997228,0.0021071,0.000270384,0.000394946,0.334596,-0.45549,-1.46109,-1.37089
10102,0,1,0.168059,0.781666,0.00125343,0.0490216,0.59474,-0.417459,-1.4024,-1.43181
10103,0,4,0.994971,0.00293022,0.000310506,0.00178858,1.01446,-0.690101,-1.66359,-1.84944
10104,0,3,0.993857,0.00379515,0.000430612,0.00191672,2.63955,-2.54442,-1.77045,-2.33865
10105,0,0,0.84656,0.149573,0.000514238,0.00335325,0.248762,-0.696313,-1.143,-1.03499
10106,0,0,0.989063,0.0069365,0.000691517,0.00330873,1.65851,-2.07198,-1.3299,-1.53057
10107,1,1,0.172995,0.728691,0.00600398,0.0923097,-0.610212,0.179458,-1.41332,-0.423331
10108,0,0,0.998493,0.000778799,0.000203162,0.000524907,2.72071,-2.98647,-1.39045,-1.35253
10109,3,3,0.675938,0.204945,0.00165596,0.11746,-0.831591,0.242164,-0.97697,-0.693786
10110,0,2,0.99768,0.00133278,0.000177057,0.000809954,2.53927,-2.92115,-1.86573,-1.6241
10111,0,2,0.988002,0.00605545,0.000707157,0.00523544,0.987224,-1.34678,-1.35283,-1.40164
10112,3,0,0.160265,0.207272,0.016077,0.616386,-0.303795,-0.0929376,-1.30047,-0.569121
10113,1,0,0.950858,0.0420849,0.000625748,0.0064319,-0.430116,0.320645,-1.72219,-1.1405
10114,0,2,0.996934,0.00132401,0.000318497,0.00142323,2.69466,-2.24913,-1.85338,-2.38144
10115,1,3,0.754534,0.241164,0.000640078,0.00366188,-0.332544,0.850346,-1.59272,-2.23584
10116,0,0,0.997726,0.00175799,0.000144234,0.000371929,1.01797,-0.692346,-1.33307,-1.83765
10117,0,1,0.998046,0.00118352,0.000200705,0.000569526,2.13178,-2.42802,-1.98794,-1.55581
10118,0,1,0.997519,0.000850346,0.000304684,0.00132608,2.41742,-2.70457,-1.84453,-1.47154
10119,0,0,0.994356,0.0047929,0.000243093,0.000607566,0.7291,-0.874145,-1.19034,-1.42256
10120,0,0,0.998253,0.000855137,0.000239326,0.000652463,2.19485,-1.96856,-1.71107,-2.33693
10121,0,2,0.997579,0.0011669,0.000252115,0.00100201,2.89489,-2.80404,-2.08523,-2.01663
10122,0,2,0.996159,0.00259406,0.000174386,0.00107243,2.13918,-1.83774,-1.52148,-1.90689
10123,0,0,0.99864,0.00075274,0.000144366,0.000463297,3.71681,-3.63456,-2.20945,-2.64376
10124,0,4,0.996448,0.00153662,0.000360728,0.00165501,1.02056,-1.68235,-1.23508,-0.883867
10125,0,3,0.997957,0.00127708,0.000253197,0.000512472,1.86003,-1.91975,-1.52324,-1.39921
10126,0,3,0.993226,0.00270922,0.000255466,0.00380944,0.438946,-0.767045,-1.21126,-0.71683
10127,0,4,0.998451,0.0007585,0.000202361,0.000588417,3.79761,-3.47253,-1.81057,-2.66025
10128,0,0,0.00171381,0.00140425,0.993293,0.00358938,-0.637812,-1.40937,0.734411,-0.973907
10129,0,2,0.997256,0.00151107,0.000312437,0.000920998,2.17395,-2.90747,-1.71556,-1.57805
10130,0,1,0.997025,0.00231825,0.000195855,0.000460745,1.40571,-1.83579,-2.15079,-1.59871
10131,0,1,0.959355,0.0378579,0.000463706,0.00232292,-0.382625,0.533349,-1.75387,-1.16563
10132,0,1,0.996835,0.00211554,0.000301517,0.00074772,1.98498,-1.75205,-1.52016,-2.07028
10133,0,0,0.998304,0.00109807,0.000254774,0.000343506,1.94096,-2.21203,-1.16528,-1.49864
10134,0,4,0.998235,0.00073357,0.000225261,0.000806456,1.74788,-2.78762,-1.52503,-1.15846
10135,1,2,0.724903,0.261519,0.00148964,0.0120889,0.827616,-0.268477,-1.28676,-2.37056
10136,0,0,0.996511,0.00283199,0.00015668,0.000499876,0.57322,-0.932227,-1.38596,-1.30227
10137,0,0,0.998579,0.000883433,0.00017791,0.000359388,1.72775,-1.99015,-1.9355,-1.63333
10138,1,0,0.002111,0.993724,0.000386701,0.003778,-1.34881,1.3877,-1.72053,-1.70012
10139,0,2,0.746111,0.0212277,0.00555381,0.227107,1.23574,-1.82857,-1.03657,-0.787542
10140,0,0,0.998483,0.00102871,0.000140725,0.000347617,2.638,-2.80286,-1.74985,-1.51911
10141,2,1,0.0051537,0.00160357,0.990308,0.00293506,-1.73931,-0.75209,0.771,-0.551321
10142,0,0,0.998622,0.000785008,0.000163905,0.00042931,2.92996,-2.61022,-1.61069,-2.35678
10143,0,0,0.998099,0.00129738,0.000224791,0.000378666,1.19204,-0.901307,-1.64183,-1.80425
10144,0,1,0.325374,0.666321,0.00107475,0.00723069,0.685621,-0.868066,-1.51878,-1.30898
10145,0,1,0.997423,0.001975,0.000166937,0.000434697,1.96762,-1.92039,-1.78037,-2.13353
10146,0,4,0.994897,0.00282188,0.000218879,0.00206252,1.70676,-2.03307,-1.88596,-1.61245
10147,0,3,0.959282,0.0377627,0.000349314,0.00260643,0.055529,0.208136,-1.48554,-1.4927
10148,0,2,0.997641,0.00152054,0.000245809,0.00059313,0.534913,-0.915994,-1.04457,-1.6667
10149,0,1,0.996563,0.00191445,0.000331061,0.00119103,2.68625,-3.27406,-1.91102,-2.11531
10150,0,2,0.997568,0.00136423,0.000243878,0.000824224,2.75648,-2.66481,-1.50953,-1.89257
10151,0,0,0.998582,0.000865503,0.000191243,0.000360795,2.2744,-2.46413,-1.6613,-1.85057
10152,0,1,0.985611,0.00590086,0.000973692,0.00751422,1.04136,-1.2996,-1.27592,-1.19906
10153,0,3,0.996202,0.00327774,0.000144014,0.000376473,1.15481,-1.17262,-1.69896,-1.44095
10154,1,2,0.202123,0.78625,0.000757268,0.0108702,-0.643495,0.829224,-1.45986,-1.77675
10155,1,1,0.0060692,0.990005,0.000360502,0.00356529,-1.54534,1.05749,-1.20085,-0.880763
10156,0,2,0.997634,0.00134449,0.000189575,0.000831556,1.98316,-1.79689,-1.72668,-2.25981
10157,3,0,0.031808,0.914038,0.00204287,0.0521107,-0.180881,0.0422487,-0.90123,-1.51829
10158,0,1,0.903878,0.0877222,0.00166499,0.00673475,0.483545,-0.644831,-1.33439,-1.53962
10159,1,0,0.115877,0.668781,0.00469488,0.210647,-1.00846,0.357315,-0.955145,-0.589512
10160,2,0,0.0523646,0.0290459,0.873227,0.0453621,-0.370818,-1.2931,-0.576402,-0.0529658
10161,1,2,0.988626,0.00623028,0.000605245,0.00453819,2.5976,-2.58319,-1.57074,-2.36855
10162,0,2,0.997594,0.00116237,0.000222059,0.00102179,2.5502,-2.39188,-1.79121,-2.25832
10163,0,0,0.998382,0.000787122,0.000250843,0.000579821,2.09113,-2.05187,-1.52553,-1.89824
10164,3,0,0.00744287,0.0343352,0.00783824,0.950384,-0.738814,-0.477507,-1.1828,0.658205
10165,0,3,0.998608,0.000767562,0.000144361,0.000480328,3.44108,-3.5047,-1.63712,-2.22995
10166,0,3,0.998255,0.0010632,0.00024357,0.000438472,1.70832,-1.7593,-1.23265,-2.00911
10167,0,1,0.998138,0.00121407,0.000232843,0.000415088,0.987763,-1.24722,-1.30893,-1.41707
10168,0,1,0.997403,0.00180967,0.000188056,0.000598809,1.83102,-1.94395,-1.61402,-2.0109
10169,1,4,0.978661,0.0155966,0.000433237,0.00530892,-0.610753,0.0375925,-1.22463,-0.706852
10170,1,1,0.0203155,0.961623,0.000747117,0.0173143,-0.79498,1.09718,-1.25087,-1.77056
10171,1,1,0.00487608,0.989629,0.000569152,0.00492634,-1.491,1.4518,-1.15418,-1.4708
10172,0,0,0.99603,0.00171686,0.000320704,0.0019322,1.76942,-1.7532,-1.59716,-1.65744
10173,0,2,0.747172,0.228097,0.00353523,0.0211956,0.446631,-0.632174,-1.08485,-1.07668
10174,1,2,0.0736614,0.687709,0.0157987,0.222831,-0.492009,0.327773,-0.915789,-0.738463
10175,1,0,0.0327369,0.965159,0.000287971,0.00181648,-0.982772,1.12241,-1.75851,-1.84668
10176,2,1,0.00564415,0.00186853,0.989908,0.00257904,-2.07001,-1.99048,1.93272,-1.11556
10177,1,1,0.689966,0.277685,0.00163194,0.0307173,0.646132,-0.775101,-1.63161,-0.826897
10178,0,4,0.989578,0.00157447,0.000653778,0.00819344,1.67811,-2.21801,-1.62228,-1.34323
10179,1,4,0.00339355,0.993829,0.000369032,0.00240874,-1.28448,1.12047,-1.7523,-1.11662
10180,0,0,0.944384,0.0542233,0.000224649,0.00116792,1.39246,-1.06498,-1.79667,-2.28119
10181,3,3,0.0430162,0.722607,0.0488867,0.18549,-0.665119,0.14848,-1.39401,-0.377201
10182,0,1,0.128584,0.849186,0.00174504,0.0204845,0.35745,0.154056,-2.03392,-1.64955
10183,0,2,0.997531,0.00134961,0.000221612,0.000898155,2.16205,-1.83447,-1.72062,-1.89463
10184,0,4,0.997995,0.00111938,0.000235094,0.000651021,2.79971,-3.26989,-1.80085,-2.21605
10185,0,1,0.997651,0.00171462,0.000280178,0.000354178,0.855024,-1.02177,-1.09147,-1.70558
10186,0,0,0.998262,0.00094656,0.000252781,0.000538281,2.61131,-3.13913,-1.00767,-1.61988
10187,1,1,0.0101333,0.987622,0.000345856,0.00189913,-0.156048,-0.0200995,-1.10904,-1.19927
10188,1,3,0.148716,0.801993,0.00271189,0.0465791,0.639591,-1.01742,-1.61649,-0.334834
10189,1,4,0.296963,0.699965,0.000900127,0.00217198,-0.345216,0.604631,-1.2122,-1.78522
10190,0,3,0.997128,0.00114942,0.000188004,0.00153467,0.961141,-1.45115,-1.05728,-1.06018
10191,2,2,0.00507087,0.00173203,0.990219,0.0029781,-1.72746,-2.13251,1.7819,-1.60428
10192,2,0,0.00137295,0.00121756,0.995157,0.00225259,-1.80056,-1.85984,1.87049,-1.67788
10193,2,2,0.00373188,0.00271435,0.991227,0.00232625,-1.80088,-1.44212,2.19087,-2.04146
10194,0,4,0.9954,0.00267567,0.000220277,0.00170408,0.855937,-0.695598,-1.56107,-1.96524
10195,0,3,0.493223,0.471556,0.00367498,0.0315461,-1.03895,0.865147,-1.31142,-1.09735
10196,0,4,0.996493,0.00280442,0.000186422,0.000515734,0.859138,-0.607172,-1.55093,-1.93193
10197,0,4,0.997545,0.00112216,0.000216905,0.00111561,1.22047,-1.66762,-1.22758,-1.22968
10198,0,4,0.998429,0.000604716,0.000180332,0.000786391,3.41634,-3.47815,-2.60099,-2.26936
10199,0,4,0.929759,0.0128668,0.00328196,0.0540921,0.255594,-2.3012,-0.954777,0.541863
10200,0,1,0.996955,0.00230342,0.000263533,0.00047813,1.37778,-1.36144,-1.82433,-1.49099
10201,0,1,0.904742,0.058132,0.00271572,0.0344105,0.527447,-1.07362,-1.24165,-0.67472
10202,0,2,0.993108,0.00503133,0.000315421,0.00154499,1.04985,-1.40254,-0.99994,-1.10633
10203,1,1,0.144619,0.834666,0.00220237,0.0185124,-1.1367,0.846284,-1.29005,-0.651324
10204,0,4,0.998508,0.000653267,0.000246986,0.000591332,3.08691,-3.3037,-1.71439,-2.02812
10205,0,2,0.994946,0.00232814,0.000183964,0.00254203,1.39021,-1.17859,-1.72875,-2.20913
10206,3,4,0.20878,0.400474,0.0041065,0.386639,0.0605211,-0.527814,-1.54761,-0.683258
10207,1,3,0.528652,0.388284,0.0173456,0.0657178,-1.0206,0.823851,-1.2247,-1.0769
10208,0,1,0.0040031,0.987209,0.00107953,0.00770864,-0.0164439,0.103623,-1.51432,-1.10221
10209,3,4,0.86762,0.0118092,0.00687481,0.113696,1.65529,-2.05511,-1.31281,-1.04441
10210,0,3,0.957184,0.0390665,0.000717978,0.00303167,-0.361371,-0.150857,-1.4347,-0.894406
10211,3,3,0.983598,0.00665012,0.000780786,0.0089706,0.123269,-0.34103,-0.686351,-0.95123
10212,0,2,0.972803,0.0175906,0.000699004,0.00890687,1.8743,-1.61918,-1.24899,-1.33013
10213,0,0,0.980644,0.0176266,0.000309038,0.00142063,0.157891,0.027625,-1.36341,-2.02648
10214,1,3,0.0280301,0.963321,0.000602561,0.00804645,-0.574999,0.0408378,-1.14934,-1.15065
10215,0,0,0.958147,0.0153215,0.00107259,0.0254591,0.936389,-0.768765,-1.32484,-1.47793
10216,1,3,0.0929271,0.90434,0.000473558,0.00225922,0.351873,-0.0295024,-1.35489,-2.3387
10217,3,1,0.300814,0.695327,0.000497676,0.00336138,0.610267,-0.71918,-1.66642,-1.37326
10218,0,0,0.998364,0.000816069,0.000221797,0.000597632,2.55956,-3.26115,-1.8284,-1.81192
10219,1,1,0.0046379,0.990808,0.000374434,0.00417978,-1.24199,1.15778,-1.25598,-1.17918
10220,1,0,0.0522092,0.944605,0.00045926,0.00272675,-0.460093,0.169702,-1.14073,-1.53193
10221,1,3,0.00259418,0.992806,0.000973168,0.00362637,-0.992301,0.749419,-0.762536,-0.880706
10222,2,3,0.00275515,0.000859362,0.993435,0.00295008,-1.43846,-1.65376,1.22402,-0.734846
10223,0,3,0.998313,0.000825646,0.000212043,0.000649324,2.45848,-2.24338,-1.44975,-1.91008
10224,0,0,0.99318,0.00502923,0.000452735,0.00133848,1.15528,-0.675831,-1.99383,-1.50111
10225,2,3,0.00227284,0.00404387,0.989503,0.0041804,-1.8965,-0.675591,1.40162,-1.18228
10226,0,4,0.998454,0.000842872,0.000183534,0.000519786,1.75301,-1.40411,-1.77933,-2.40457
10227,0,4,0.998217,0.000726428,0.000273308,0.000783159,2.40799,-2.40629,-1.44467,-1.55069
10228,0,3,0.997787,0.00147541,0.000115676,0.000621686,1.48196,-1.77006,-1.6815,-1.60762
10229,0,4,0.996473,0.00111332,0.000299061,0.00211477,1.10137,-1.32309,-1.50937,-1.08559
10230,0,2,0.997706,0.00115346,0.00020741,0.000933186,1.6812,-1.76834,-1.76718,-1.62368
10231,0,0,0.998137,0.0010134,0.000226562,0.00062312,2.47652,-2.51596,-1.67594,-1.53669
10232,1,1,0.0192428,0.924908,0.00423327,0.0516159,-0.879829,-0.435543,-1.2671,0.561265
10233,0,0,0.998336,0.000933776,0.000199981,0.000529975,2.20579,-2.3319,-1.92185,-1.53831
10234,0,1,0.99795,0.00111171,0.000343384,0.000594474,1.85445,-1.75859,-1.20962,-2.2019
10235,0,1,0.0731711,0.922402,0.000331324,0.00409591,-0.595573,0.460805,-1.44936,-1.15051
10236,0,1,0.99124,0.0042371,0.000570079,0.00395327,1.5382,-2.45291,-1.05669,-1.34624
10237,0,4,0.998328,0.000858549,0.000272806,0.000540423,2.22306,-2.01869,-1.1413,-2.07177
10238,0,2,0.995581,0.00365519,0.000243393,0.000520319,1.45339,-1.80535,-1.23755,-1.75245
10239,1,3,0.0244372,0.973761,0.000368712,0.00143287,0.0540254,-0.148369,-1.35511,-1.28577
10240,0,1,0.989619,0.00597132,0.000281198,0.00412814,1.64856,-1.74889,-1.39828,-1.22574
10241,2,1,0.00425593,0.00350597,0.990313,0.00192487,-1.82814,0.256343,0.0833964,-1.27963
10242,0,1,0.974562,0.0118963,0.00119586,0.012346,-0.537742,-0.165106,-0.850019,-0.519638
10243,0,0,0.952487,0.0460974,0.000247391,0.00116877,0.901536,-0.832134,-2.05694,-1.63228
10244,0,3,0.997388,0.00210949,0.000190642,0.000311869,1.26493,-1.79416,-1.14616,-1.20663
10245,0,3,0.998243,0.000953965,0.000243092,0.000559713,2.13653,-1.99113,-1.40971,-1.99376
10246,1,2,0.0145757,0.182669,0.00539361,0.797362,-0.327481,0.196348,-1.34418,-0.641943
10247,1,3,0.616286,0.378942,0.000738709,0.00403261,-0.4688,0.150156,-1.85838,-1.04929
10248,1,2,0.0118889,0.86246,0.00140202,0.124249,-1.84497,0.554948,-1.18066,-0.000712212
10249,1,2,0.280121,0.712525,0.000779156,0.00657496,-0.679532,0.495757,-1.42972,-1.22598
10250,0,2,0.997733,0.00132377,0.00022296,0.000719723,2.0853,-1.97679,-1.77792,-1.93504
10251,0,3,0.996546,0.00131962,0.000302609,0.00183211,0.763285,-0.99112,-1.39959,-0.841519
10252,0,4,0.995208,0.00386864,0.00017219,0.000750886,0.908095,-1.14931,-1.69993,-1.03288
10253,0,3,0.994243,0.00489881,0.000440134,0.000418342,-0.866731,0.838591,-0.862527,-1.70084
10254,0,4,0.998063,0.00107029,0.000164776,0.000701911,1.88498,-1.91551,-1.62079,-1.89615
10255,3,4,0.782669,0.15708,0.00258524,0.0576665,0.0196916,-0.323168,-1.48835,-0.755263
10256,0,4,0.996512,0.00129785,0.000334293,0.00185545,2.18447,-2.30725,-1.25945,-2.00216
10257,0,4,0.998247,0.000681105,0.000226145,0.000845995,2.94288,-3.38219,-1.61227,-1.86209
10258,0,2,0.993354,0.00401035,0.000277341,0.00235872,0.5567,-0.439951,-1.70627,-1.04715
10259,0,4,0.949802,0.0487889,0.000590634,0.000818414,-0.258941,0.669493,-1.78044,-2.01977
10260,0,4,0.951738,0.0208885,0.00101267,0.0263604,0.383743,-0.619813,-0.727467,-1.00797
10261,0,3,0.998159,0.00115398,0.000243072,0.000443598,1.41584,-1.47184,-1.27423,-1.76491
10262,0,1,0.998161,0.000889989,0.000283072,0.00066592,3.18663,-2.96874,-1.73132,-2.29816
10263,0,3,0.997382,0.00117353,0.000189527,0.00125533,0.981701,-1.32371,-1.45106,-0.749413
10264,1,4,0.218754,0.758325,0.00406574,0.018855,-0.414741,0.210487,-1.38477,-0.792773
10265,3,2,0.0751699,0.86999,0.00776582,0.0470746,-0.320019,-0.174384,-1.16809,-0.768453
10266,0,4,0.997293,0.000764309,0.000284488,0.00165803,1.84887,-2.12164,-1.76135,-1.12661
10267,3,4,0.102148,0.643314,0.00310387,0.251434,-0.138551,0.298166,-1.68703,-1.11235
10268,0,0,0.994294,0.00440223,0.000315797,0.000988042,1.03107,-1.19056,-1.51764,-1.06397
10269,0,0,0.993135,0.00508332,0.000407399,0.00137418,0.853846,-1.00727,-1.55641,-1.49879
10270,0,4,0.998356,0.000902417,0.000222664,0.000518721,0.949623,-1.09348,-1.39345,-1.60316
10271,1,1,0.00519271,0.984735,0.000385455,0.00968705,-0.248301,-0.284412,-1.56492,-1.29346
10272,0,1,0.996935,0.00237069,0.00017727,0.000516972,1.70942,-1.42339,-2.0165,-1.68771
10273,1,1,0.00821712,0.975622,0.000894881,0.0152656,-0.619568,0.567975,-1.14668,-1.04924
10274,1,4,0.0231413,0.969921,0.000600793,0.0063373,-0.694229,0.212097,-1.21875,-1.05094
10275,1,0,0.00998701,0.971578,0.000988365,0.0174466,-0.605782,0.190969,-1.09755,-0.880307
10276,0,2,0.989607,0.00919779,0.000204524,0.000991097,1.51557,-0.974003,-1.77353,-2.07766
10277,0,2,0.997644,0.0012005,0.000222071,0.000933128,1.95803,-2.5004,-1.59436,-1.26101
10278,3,3,0.261451,0.227263,0.00188443,0.509402,-0.156796,-0.596067,-1.20257,-0.198405
10279,1,4,0.0347854,0.958492,0.000945053,0.00577786,-0.412129,0.483234,-0.851436,-1.85493
10280,0,4,0.997625,0.0016505,0.00024725,0.000477518,2.31468,-2.03432,-1.57545,-2.15755
10281,0,2,0.00817584,0.00765054,0.00727174,0.976902,-0.91633,-1.20811,-1.00499,0.724204
10282,0,0,0.219501,0.772898,0.0011757,0.00642443,-0.0207149,-0.235296,-1.01224,-0.904988
10283,0,4,0.994552,0.00311941,0.000340215,0.00198863,0.792949,-1.05609,-0.785831,-1.11082
10284,0,0,0.961375,0.0372766,0.000434827,0.000913365,0.848916,-0.928787,-1.47382,-1.61484
10285,0,2,0.997741,0.00122191,0.000231391,0.000806057,3.47804,-3.68674,-2.05552,-2.671
10286,0,3,0.993203,0.00439311,0.000308143,0.00209552,0.28782,-0.346217,-2.13295,-1.44993
10287,0,3,0.996317,0.00313641,0.000262338,0.000284209,-0.165876,0.282685,-1.51074,-1.46021
10288,0,3,0.997412,0.00175829,0.000155297,0.00067458,0.845482,-1.45895,-1.66344,-0.85947
10289,3,0,0.703044,0.0876532,0.0715056,0.137797,-0.243407,-1.59613,-0.20186,-0.624924
10290,1,2,0.589987,0.405492,0.000690804,0.00383048,0.294725,-0.207786,-0.92212,-1.91818
10291,0,0,0.871574,0.0493874,0.00476509,0.0742735,1.21352,-1.29881,-1.91503,-0.891371
10292,0,1,0.902371,0.0935433,0.000707962,0.0033775,-0.118261,0.0419897,-1.13914,-1.63579
10293,1,0,0.0028417,0.993117,0.001787,0.00225457,-0.485815,0.611759,-1.47289,-1.40431
10294,0,1,0.956719,0.0265632,0.00204833,0.0146696,2.40459,-2.33261,-1.55172,-2.05537
10295,1,3,0.0072922,0.987816,0.000767467,0.00412465,-1.01678,1.01068,-1.29077,-1.59462
10296,1,1,0.0347591,0.959873,0.00106408,0.00430413,-0.170995,-0.146351,-1.16866,-1.68768
10297,0,0,0.997555,0.00177147,0.000128764,0.00054424,0.925862,-1.6188,-1.21448,-0.578105
10298,0,2,0.994927,0.00246137,0.000335067,0.00227639,1.98173,-2.40638,-1.62666,-1.6365
10299,0,3,0.996736,0.00275622,0.000151006,0.000356628,1.0052,-1.09227,-1.57003,-1.67718
10300,1,1,0.021009,0.97468,0.000558369,0.00375294,-0.869756,0.608131,-1.37217,-0.85378
10301,0,0,0.998256,0.00109909,0.000252286,0.000392277,1.98025,-2.25691,-1.51585,-1.90717
10302,0,4,0.998509,0.000666152,0.00017755,0.000647551,3.31379,-2.92948,-2.34925,-2.69434
10303,0,1,0.996748,0.00259559,0.000281569,0.000374479,0.715361,-1.05393,-1.8681,-1.17932
10304,0,3,0.929136,0.0418566,0.00187973,0.0271279,1.12331,-1.42538,-1.35683,-1.47462
10305,0,1,0.997506,0.00154729,0.000320552,0.000626386,0.212727,-0.513825,-1.09479,-1.55386
10306,0,0,0.996709,0.00179697,0.000174142,0.00131983,1.45745,-2.06805,-1.56282,-1.07233
10307,0,1,0.997033,0.00232166,0.000312367,0.000332513,1.24216,-1.08357,-0.870705,-2.05885
10308,0,3,0.998187,0.000983231,0.000146573,0.000683063,3.94813,-3.57383,-1.79502,-3.41182
10309,1,0,0.884437,0.0918185,0.00302592,0.0207189,-1.16917,0.983204,-1.35928,-1.08786
10310,1,4,0.392158,0.543395,0.00185549,0.0625923,0.39831,-1.04381,-1.3978,-0.320017
10311,1,1,0.0133144,0.888927,0.00207803,0.0956802,-0.955777,0.510153,-1.08475,-0.788312
10312,0,3,0.9984,0.000863656,0.000208367,0.000527943,2.67318,-2.60601,-1.74968,-2.29736
10313,0,4,0.99791,0.0013889,0.000226069,0.000474864,0.933548,-0.725965,-1.17559,-2.05177
10314,0,2,0.941098,0.0503904,0.000892356,0.00761897,0.819023,-0.966979,-1.42789,-1.21374
10315,2,0,0.00380787,0.010669,0.979336,0.00618682,-0.465296,-1.07054,0.012384,-1.4758
10316,0,4,0.998345,0.000742299,0.0002104,0.000702795,2.20285,-2.01569,-1.54439,-1.91372
10317,2,4,0.00509054,0.00270224,0.989701,0.0025065,-1.13422,-0.257204,-0.000136885,-1.4077
10318,0,2,0.996834,0.00215727,0.000192782,0.000816411,0.849801,-0.39993,-1.22487,-2.03122
10319,2,1,0.00446265,0.00177946,0.990861,0.00289682,-1.86959,-0.718647,0.918223,-0.773956
10320,1,3,0.0235881,0.97451,0.000436484,0.00146512,-1.39777,1.43956,-1.67755,-1.3401
10321,0,3,0.146239,0.0256119,0.00609524,0.822054,-0.843378,-1.06794,-1.02321,0.825169
10322,0,2,0.992405,0.00615563,0.000183136,0.00125641,1.11715,-0.94251,-1.43334,-1.64351
10323,0,2,0.606625,0.384091,0.000587698,0.0086954,0.748676,-0.682258,-1.65835,-2.07723
10324,1,0,0.0120253,0.98477,0.000707603,0.00249645,-0.792399,0.299903,-1.02908,-0.801355
10325,0,4,0.996466,0.00225115,0.000189353,0.00109391,0.71473,-0.850134,-1.61096,-1.22545
10326,1,0,0.00523787,0.99136,0.00061168,0.00278997,-0.76637,0.965375,-1.47965,-1.90409
10327,0,2,0.993468,0.00424455,0.000312469,0.00197486,1.6756,-0.900692,-1.39078,-2.64843
10328,0,4,0.998388,0.000725844,0.000176147,0.000709723,1.67776,-1.81206,-1.74137,-2.19365
10329,0,3,0.527789,0.469426,0.000624042,0.00216117,-0.0342987,-0.189723,-1.20149,-1.50959
10330,0,2,0.989866,0.00461093,0.000520372,0.00500267,1.61871,-1.85473,-1.4726,-1.51628
10331,0,0,0.998409,0.00107275,0.000186416,0.000331674,2.11429,-2.63654,-1.55318,-1.35919
10332,0,0,0.997709,0.00111361,0.000212329,0.000964694,1.08762,-1.49407,-1.09713,-1.18383
10333,2,1,0.00319889,0.00422132,0.989479,0.00310047,-1.19783,-1.8858,1.58697,-1.65847
10334,0,2,0.990522,0.00456914,0.000456846,0.00445241,1.71475,-2.34149,-1.84001,-1.36867
10335,0,2,0.68541,0.202014,0.00123091,0.111345,0.785856,-1.36363,-1.66655,-0.44299
10336,2,3,0.0583296,0.0365374,0.00816455,0.896968,-1.1186,-0.992076,-0.685735,0.418884
10337,0,0,0.998635,0.000817886,0.000202399,0.000344292,2.21702,-2.7311,-1.65348,-2.04823
10338,0,4,0.986069,0.0085395,0.000633888,0.00475759,1.65177,-2.73902,-1.64404,-0.400342
10339,1,4,0.00872642,0.988887,0.000521892,0.00186478,-0.671592,0.43308,-0.849461,-1.18651
10340,0,3,0.998186,0.00103951,0.000235599,0.000539292,2.7633,-3.19156,-1.53772,-1.84869
10341,0,4,0.873463,0.12066,0.000842912,0.00503401,-0.469239,0.199222,-1.13988,-0.775418
10342,2,0,0.058832,0.0142052,0.911178,0.0157852,-0.17887,-1.90758,0.715077,-2.18857
10343,1,2,0.040934,0.95003,0.000472851,0.0085635,-1.48396,1.09795,-1.55107,-0.524869
10344,1,1,0.0219104,0.975886,0.000472619,0.00173046,-0.351345,0.115734,-1.7007,-1.23859
10345,0,1,0.976716,0.0214524,0.000342706,0.00148865,1.12565,-1.17874,-1.65488,-1.42801
10346,0,3,0.972185,0.0266,0.00028781,0.00092725,0.396812,0.0850323,-1.35472,-2.11053
10347,0,0,0.987762,0.00939262,0.000497426,0.00234773,1.16779,-0.612271,-1.78126,-1.84261
10348,0,3,0.99551,0.00319334,0.000195557,0.00110144,0.564255,-0.383898,-1.36121,-2.05772
10349,0,0,0.996592,0.00265803,0.000159471,0.000590197,1.03078,-0.616707,-1.69917,-2.38888
10350,0,1,0.998174,0.00127114,0.000209544,0.000345479,0.952235,-1.10903,-2.04016,-1.94192
10351,0,3,0.536317,0.417684,0.00109567,0.0449028,0.453091,-0.942887,-1.45372,-0.520359
10352,3,0,0.108799,0.0288994,0.0056934,0.856608,-0.350606,-0.519174,-1.16523,0.0565876
10353,1,0,0.0651519,0.664387,0.00307072,0.26739,-0.960842,0.73197,-1.48619,-0.466392
10354,0,3,0.99846,0.000740936,0.000193474,0.000605326,2.75665,-2.6324,-1.56015,-2.14964
10355,0,3,0.997731,0.00159288,0.000137899,0.000537995,2.60682,-3.12349,-1.69755,-1.65068
10356,0,1,0.998243,0.000895293,0.000287553,0.000574106,1.25824,-1.87366,-1.17982,-0.825463
10357,1,2,0.0831039,0.911963,0.000635126,0.00429812,0.0457466,0.185963,-1.52072,-1.81665
10358,0,4,0.996871,0.000889707,0.000545996,0.00169332,3.68034,-4.17323,-1.72117,-1.98801
10359,1,2,0.0270049,0.949375,0.00123525,0.0223845,-0.489239,-0.0436191,-0.942543,-0.670609
10360,0,2,0.976824,0.00717243,0.00117087,0.0148323,1.48195,-1.3848,-1.3848,-1.19718
10361,1,2,0.024066,0.966491,0.000602187,0.00884044,0.0313365,0.0204958,-1.41436,-1.21051
10362,1,3,0.0158973,0.952807,0.00174146,0.0295539,0.130609,-0.221481,-2.17189,-0.823906
10363,0,1,0.961721,0.0347411,0.000800056,0.00273846,0.575158,-0.463772,-1.60627,-1.40598
10364,0,4,0.997689,0.00103393,0.000195603,0.00108144,0.869793,-1.21754,-0.743374,-1.3052
10365,1,2,0.0135794,0.925857,0.00108619,0.0594777,-0.636755,-0.096726,-1.37526,-0.432623
10366,0,4,0.998121,0.00090662,0.000233294,0.000739239,1.16653,-1.67945,-1.43313,-0.906482
10367,0,2,0.990175,0.00569551,0.000481415,0.00364868,1.37932,-1.86759,-1.31542,-1.17548
10368,0,2,0.98982,0.00882765,0.000239633,0.00111239,1.59477,-1.04649,-1.70446,-2.65041
10369,0,4,0.974823,0.0119577,0.000972485,0.0122473,1.12927,-1.31141,-1.60317,-1.31165
10370,1,0,0.938583,0.0491395,0.000736372,0.0115413,0.939202,-1.09572,-1.20241,-0.976259
10371,0,0,0.998459,0.00080036,0.000245051,0.000495985,1.40026,-2.17822,-1.58244,-1.04089
10372,1,4,0.165459,0.83129,0.000721914,0.00252959,0.456291,-0.338101,-1.76138,-1.76517
10373,0,0,0.998528,0.000844582,0.000196918,0.000430949,2.1725,-2.3266,-1.4052,-1.80881
10374,1,2,0.00917851,0.976862,0.000580776,0.0133791,-1.86099,1.22326,-0.749423,-0.650694
10375,1,4,0.0578677,0.933482,0.000838028,0.00781245,-0.471972,0.12302,-1.25188,-0.971951
10376,0,0,0.991788,0.00705755,0.000148216,0.00100597,0.367104,-0.556529,-1.48402,-0.876194
10377,0,1,0.310015,0.554012,0.0101372,0.125836,-0.417347,-0.0474374,-1.07093,-0.854781
10378,0,0,0.996013,0.00316854,0.000359165,0.000459379,1.09928,-0.672136,-1.53186,-2.40327
10379,0,1,0.995113,0.00407774,0.000197398,0.000611601,0.314708,-0.60458,-1.2974,-0.819011
10380,3,3,0.0029949,0.00634639,0.00260455,0.988054,-0.897127,-0.55434,-1.03879,0.525461
10381,1,0,0.014015,0.98085,0.00182807,0.00330698,-0.450906,0.0702507,-1.13084,-0.952956
10382,3,0,0.925127,0.0145215,0.0025383,0.0578137,1.22715,-1.39654,-1.45526,-1.03833
10383,0,3,0.99726,0.00149202,0.000239088,0.00100856,2.1598,-2.36339,-1.63756,-1.53049
10384,0,2,0.976127,0.0121089,0.000968097,0.0107962,1.60527,-1.50577,-1.28769,-1.66549
10385,0,3,0.998024,0.00152932,0.000164448,0.00028193,1.6109,-1.70285,-1.16531,-1.9169
10386,0,3,0.998464,0.000943059,0.000146328,0.000447213,3.07535,-3.43382,-1.83946,-2.02746
10387,0,2,0.988071,0.00762549,0.000521461,0.00378227,-0.492788,0.308754,-0.955724,-1.56042
10388,2,3,0.00192794,0.00115573,0.993831,0.00308535,-1.94069,-2.03217,1.71216,-1.27233
10389,0,4,0.998176,0.000929986,0.000185646,0.000708187,1.96813,-1.89394,-1.55261,-1.56651
10390,1,0,0.961815,0.0103864,0.00128864,0.0265098,-0.254845,-0.250163,-1.04295,-0.765755
10391,0,4,0.990505,0.00717237,0.000224392,0.00209801,0.43264,-0.661173,-1.37867,-0.820983
10392,1,0,0.0215826,0.974282,0.000343861,0.00379192,-1.26217,0.92192,-1.33244,-0.955172
10393,1,2,0.0213173,0.881984,0.00209018,0.0946089,-0.570568,0.618869,-1.66617,-1.28338
10394,0,0,0.998543,0.000781122,0.000201197,0.000475165,2.01698,-2.6691,-2.11518,-1.76491
10395,0,0,0.995569,0.00159176,0.000270462,0.00256858,0.59258,-0.796789,-1.4775,-0.895604
10396,0,0,0.990234,0.00815594,0.000423217,0.00118694,0.51119,-0.982464,-1.57973,-1.11037
10397,0,3,0.997983,0.00120326,0.000207873,0.000606219,2.70996,-2.46056,-1.39627,-2.13935
10398,0,4,0.927843,0.0696177,0.000869538,0.00166954,0.841979,-0.982647,-1.05798,-1.23418
10399,0,3,0.99772,0.00165227,0.000125802,0.000501461,1.06515,-1.49919,-1.5794,-1.2185
10400,1,4,0.0515059,0.944246,0.000682471,0.00356543,-1.27821,0.894352,-1.30768,-1.41131
10401,0,4,0.998094,0.000822247,0.000250771,0.000832752,1.70441,-2.27691,-1.65971,-1.28042
10402,0,4,0.998226,0.00104159,0.000176119,0.00055589,2.12687,-1.72057,-1.81263,-2.42834
10403,0,0,0.99853,0.000760043,0.000189375,0.000520841,2.57297,-2.70493,-1.63628,-1.99263
10404,0,1,0.99825,0.000843523,0.000267508,0.000638593,3.3849,-4.04309,-2.36787,-2.12332
10405,1,1,0.0142565,0.345402,0.0112229,0.629118,-1.5349,0.559032,-0.965943,-0.120305
10406,0,0,0.998497,0.00095514,0.00018426,0.000363594,0.725026,-0.789778,-1.97226,-1.57722
10407,0,1,0.998234,0.000860987,0.000271186,0.000633613,2.56494,-2.18996,-1.44445,-2.45692
10408,3,2,0.0539709,0.140727,0.0202959,0.785006,-0.393293,-0.896674,-1.01467,0.283497
10409,0,3,0.998181,0.000924557,0.00023468,0.000659462,2.25761,-2.17118,-1.64448,-1.64703
10410,1,3,0.0494959,0.795127,0.00517245,0.150205,-0.177731,-0.437375,-0.608872,-0.874821
10411,0,2,0.997184,0.0016889,0.000182586,0.000944614,1.19717,-1.09539,-1.50519,-1.55961
10412,0,2,0.996513,0.00181957,0.000166459,0.00150113,1.54453,-1.35442,-1.7951,-1.4165
10413,0,1,0.993813,0.00471371,0.000313801,0.0011591,2.12334,-2.18502,-1.84534,-1.99362
10414,2,3,0.00350252,0.00113378,0.991275,0.00408887,-1.26545,-1.64652,1.36461,-1.02075
10415,0,3,0.971817,0.026668,0.000429368,0.00108577,0.798202,-0.87045,-1.51506,-1.45677
10416,0,1,0.968597,0.0259085,0.00167284,0.00382169,0.983207,-1.21896,-1.34184,-1.99944
10417,0,1,0.361691,0.320128,0.0113683,0.306813,-0.244891,-0.360284,-0.973765,-1.3014
10418,0,1,0.0784297,0.840629,0.00387771,0.0770631,-0.598776,0.0970686,-1.2394,-0.286772
10419,0,3,0.997919,0.00150618,0.000221698,0.000352892,0.405226,-0.764031,-1.71732,-1.2523
10420,2,0,0.00103708,0.00104828,0.995852,0.00206248,-2.74719,-0.676159,1.31526,-1.4513
10421,0,1,0.996269,0.00308387,0.00016904,0.000477801,0.267902,-0.0724877,-1.79708,-1.71761
10422,0,4,0.998384,0.000811317,0.000179972,0.000625103,0.939385,-0.423989,-1.46678,-2.19384
10423,0,1,0.814926,0.0563847,0.0161072,0.112582,0.444753,-1.63278,-0.991037,-0.0913665
10424,1,2,0.0128508,0.966537,0.000556958,0.0200555,-1.25114,0.764079,-1.14784,-0.924299
10425,0,1,0.992541,0.00659406,0.000272286,0.000592408,0.444959,-0.562599,-1.62563,-1.15006
10426,0,0,0.997625,0.00125932,0.000235467,0.000880007,2.0007,-2.13517,-1.92513,-1.75027
10427,1,4,0.00693289,0.988065,0.00063146,0.00437038,-0.286516,-0.0694148,-0.898166,-0.979711
10428,0,1,0.989567,0.00932631,0.000188042,0.000918371,1.054,-1.03958,-1.46449,-2.1076
10429,0,1,0.960608,0.00448777,0.00150468,0.0334,1.02978,-0.999921,-1.31807,-1.08386
10430,0,1,0.997743,0.0013407,0.000210273,0.000706498,2.34734,-3.02704,-1.99126,-1.729
10431,0,3,0.998163,0.00105483,0.000182765,0.00059985,1.67027,-1.66591,-1.68374,-1.5986
10432,0,3,0.979604,0.0192209,0.000163316,0.00101222,1.14553,-0.90288,-1.65471,-1.85586
10433,0,1,0.997889,0.000974337,0.000329565,0.000806965,1.50013,-1.65202,-1.6522,-2.00159
10434,0,0,0.998555,0.000761548,0.000148355,0.000535293,2.5889,-2.3963,-1.66021,-2.17511
10435,0,4,0.998463,0.000775739,0.000171074,0.000590727,3.04392,-3.27791,-1.70938,-1.78744
10436,0,1,0.998355,0.000928338,0.000277651,0.000438516,2.72594,-2.61594,-1.55692,-2.56798
10437,0,3,0.998302,0.000840278,0.0002192,0.000638626,1.98538,-1.97575,-1.42755,-1.62046
10438,0,2,0.994698,0.00356648,0.000254847,0.00148093,0.532539,-0.826934,-0.99667,-0.963438
10439,1,3,0.0144858,0.980154,0.000389704,0.00497055,-1.3214,1.10827,-1.38085,-1.0046
10440,0,3,0.997987,0.00103122,0.00017539,0.000806256,0.922463,-0.670261,-1.96054,-2.04421
10441,0,4,0.990663,0.00769183,0.00030259,0.00134294,0.276495,-0.910215,-1.50016,-0.801172
10442,3,4,0.00548459,0.960046,0.000575256,0.0338938,-1.08587,0.494993,-0.849814,-1.09176
10443,1,0,0.0014678,0.995549,0.000867945,0.00211488,-1.70229,1.23504,-0.633517,-1.72686
10444,1,1,0.031394,0.831701,0.00722379,0.129681,-1.02249,1.04291,-1.25828,-0.887326
10445,0,2,0.814426,0.182078,0.000459331,0.00303644,1.15448,-1.55187,-1.17629,-1.95319
10446,1,2,0.0207887,0.974519,0.00142283,0.00326963,-1.22819,0.914152,-1.33281,-1.93364
10447,0,1,0.997889,0.00149004,0.000152069,0.000469321,2.36264,-2.35624,-2.32206,-2.37159
10448,1,4,0.011911,0.982881,0.000598213,0.00460979,0.1427,0.135657,-1.30828,-1.62787
10449,0,0,0.989727,0.00847754,0.000365362,0.00142959,-0.11976,0.305539,-1.36179,-1.94935
10450,0,4,0.979442,0.017961,0.000412114,0.00218478,-0.211987,-0.0659969,-1.90723,-0.468011
10451,0,2,0.997544,0.00123728,0.000245785,0.000973049,1.77739,-1.64398,-1.98876,-1.93515
10452,0,4,0.99821,0.00116196,0.000207515,0.000420832,0.669509,-0.893545,-0.954071,-1.5593
10453,0,2,0.997697,0.00107303,0.000219924,0.00100999,2.19682,-2.46333,-1.91813,-1.63936
10454,0,1,0.997437,0.00138014,0.000246721,0.000935672,1.48109,-2.10932,-1.68361,-1.53898
10455,0,2,0.994814,0.00389268,0.000283227,0.00101003,-0.543823,0.152183,-1.44765,-1.01897
10456,0,0,0.993422,0.0052398,0.000282831,0.00105496,0.133811,-0.0750379,-1.38571,-1.79354
10457,0,4,0.998283,0.00094658,0.000175442,0.000594673,0.857531,-1.35323,-1.51873,-1.01276
10458,0,2,0.995303,0.00277114,0.00039961,0.00152589,3.05329,-3.08907,-1.86688,-2.71919
10459,0,0,0.848511,0.148896,0.000729708,0.00186337,0.792837,-0.68776,-1.72412,-1.93483
10460,0,4,0.968902,0.0266335,0.000697561,0.0037673,0.220124,-0.147233,-1.28597,-1.56753
10461,1,4,0.0352613,0.844764,0.00559279,0.114382,-0.633973,0.434931,-1.02511,-1.46481
10462,1,2,0.0466018,0.933055,0.000634762,0.0197084,-0.150806,0.361804,-1.67378,-1.7793
10463,0,1,0.99746,0.00168772,0.000164677,0.000687247,1.03194,-1.5172,-1.87701,-1.21287
10464,0,4,0.994739,0.00173824,0.00030862,0.00321432,1.0826,-1.37557,-1.17472,-1.26232
10465,0,2,0.822628,0.138756,0.00199186,0.0366234,-0.725918,0.424837,-1.44766,-0.63913
10466,0,2,0.997813,0.0012352,0.000173995,0.000777509,1.91344,-1.65269,-2.23482,-2.1266
10467,0,0,0.997134,0.0022395,0.000133055,0.000493396,1.71202,-1.59336,-1.82729,-2.02182
10468,0,2,0.997883,0.0011684,0.000223429,0.000724769,1.47088,-2.21688,-1.80444,-1.20859
10469,0,3,0.983304,0.0130236,0.000228489,0.00344396,0.716397,-0.453689,-1.54717,-2.28645
10470,0,1,0.969415,0.0277701,0.000783174,0.0020314,0.810262,-0.803279,-1.36045,-1.47539
10471,3,0,0.0125616,0.82971,0.00274063,0.154987,0.915735,-0.747265,-1.6902,-1.364
10472,2,2,0.00515769,0.00281654,0.990107,0.00191884,-2.30135,-2.27008,3.17862,-2.44527
10473,0,0,0.995848,0.00301705,0.000184852,0.00094982,0.588109,-1.42637,-1.40324,-0.364812
10474,0,0,0.962692,0.0212013,0.00166589,0.0144404,2.33837,-2.88592,-1.52155,-1.61469
10475,0,2,0.997279,0.00133615,0.000233098,0.00115184,2.05938,-1.87494,-1.73712,-2.32152
10476,0,2,0.997059,0.00203595,0.00026151,0.000643461,1.73474,-1.67302,-1.5476,-1.66073
10477,0,3,0.997489,0.00105618,0.00025807,0.0011968,3.39962,-2.80836,-1.74547,-2.85705
10478,1,1,0.0132791,0.984469,0.000443536,0.00180814,-0.83107,0.843986,-1.54678,-1.56389
10479,3,4,0.0153229,0.966455,0.000929014,0.0172933,-0.503219,0.214773,-1.55114,-0.829217
10480,0,3,0.998513,0.000869678,0.000158226,0.000459633,1.99187,-2.00636,-1.49955,-2.11202
10481,3,0,0.0157488,0.942524,0.00108647,0.0406404,-0.317582,0.196778,-1.61669,-1.19492
10482,0,3,0.993347,0.00489201,0.000279514,0.00148181,2.04256,-1.93691,-2.23531,-1.75484
10483,1,1,0.0161131,0.696617,0.00608606,0.281184,-0.925267,0.837876,-1.6651,-0.933567
10484,0,4,0.99805,0.000779975,0.000247355,0.000922632,2.03323,-1.65189,-1.51941,-2.50869
10485,1,4,0.00889901,0.988638,0.000587778,0.00187527,-1.361,1.43655,-1.1132,-2.00643
10486,0,3,0.998509,0.000766737,0.000181761,0.000542637,2.24397,-2.71509,-1.60546,-2.31008
10487,0,0,0.988619,0.00197677,0.000431702,0.00897247,0.657906,-2.11251,-1.55544,-0.544539
10488,0,2,0.997357,0.0015853,0.000302855,0.000754715,0.551853,-0.913882,-1.27487,-0.950991
10489,0,1,0.998195,0.00116421,0.000290361,0.000350243,0.68672,-0.769953,-1.57037,-1.88196
10490,0,3,0.995476,0.00353977,0.000366767,0.000617828,1.02336,-0.875117,-1.24429,-2.09907
10491,0,3,0.997935,0.00115372,0.00025468,0.000656729,3.02608,-3.10078,-1.56243,-2.27612
10492,0,3,0.991955,0.00695318,0.000183411,0.000908087,0.307394,-1.59129,-1.49087,0.0201933
10493,1,0,0.98994,0.00732216,0.000412484,0.0023255,0.375246,-0.397725,-1.23499,-1.07477
10494,0,0,0.996146,0.00220045,0.00016705,0.00148599,1.89352,-1.84928,-1.87459,-2.04892
10495,1,4,0.0170518,0.969741,0.0045928,0.00861407,0.542084,-0.33362,-1.52685,-1.41242
10496,1,0,0.0108843,0.846266,0.00429577,0.138554,-0.318999,-0.163768,-1.39032,-0.391672
10497,0,0,0.0575557,0.905614,0.00144935,0.0353812,0.100926,-0.0797339,-1.22245,-1.39456
10498,3,1,0.997611,0.0011658,0.000556091,0.000666855,0.0784197,-2.01421,-0.922258,0.0699984
10499,0,2,0.994826,0.00319739,0.000188304,0.00178832,0.963963,-1.32065,-1.37314,-1.16357
10500,0,4,0.990853,0.00493484,0.000252379,0.00395945,0.310353,-0.509475,-1.11138,-0.721923
10501,0,0,0.998408,0.000898068,0.000184244,0.000509709,2.89401,-2.76782,-1.78991,-1.98406
10502,0,1,0.997987,0.0010786,0.000266395,0.00066841,2.87401,-2.50852,-1.88693,-2.46346
10503,0,4,0.706763,0.285001,0.00157961,0.00665691,1.14682,-1.48986,-0.880495,-2.28797
10504,0,0,0.99807,0.00146864,9.80093e-05,0.000363438,0.510344,-1.17064,-1.3738,-0.734173
10505,0,0,0.998137,0.00136102,0.000150041,0.000351593,1.91786,-1.68414,-1.94783,-1.83359
10506,0,4,0.970958,0.0270772,0.000294264,0.00167038,0.152936,-0.495056,-1.61246,-1.07214
10507,0,1,0.989573,0.00934602,0.000325544,0.000755435,1.1929,-0.9491,-1.57049,-1.49614
10508,0,0,0.998457,0.000806636,0.000171073,0.000565327,2.96613,-2.96415,-1.85374,-2.34987
10509,0,4,0.997579,0.00117606,0.000183732,0.00106144,1.4215,-1.88777,-1.58962,-1.35592
10510,0,1,0.0806819,0.0369569,0.0038668,0.878494,0.0626698,-0.726738,-1.17636,-0.340194
10511,1,4,0.00674416,0.990228,0.000399909,0.00262819,-1.22358,1.14284,-1.22832,-1.23407
10512,0,4,0.995603,0.0010348,0.000554971,0.00280739,0.25845,-1.50199,-0.889052,-0.746931
10513,0,2,0.997277,0.00120947,0.000281169,0.00123212,2.88368,-2.54858,-1.84499,-2.16913
10514,0,2,0.995304,0.00307637,0.000163361,0.00145602,2.03005,-2.06229,-1.29718,-1.59925
10515,3,4,0.970758,0.0158139,0.000677395,0.0127503,0.084444,-0.156204,-1.59594,-0.829431
10516,0,2,0.997738,0.00105644,0.000226472,0.000978958,3.64004,-3.17148,-2.20413,-2.66735
10517,0,0,0.99857,0.000812261,0.000213344,0.000404856,2.44386,-2.41306,-1.43042,-1.89668
10518,0,0,0.96208,0.0367614,0.000237047,0.000921204,0.665238,-0.646865,-1.23358,-1.72873
10519,1,0,0.0576814,0.934574,0.000432729,0.00731191,-0.139583,-0.37477,-1.59489,-0.504436
10520,0,2,0.950724,0.0424297,0.000446267,0.00639968,0.332577,-0.0997648,-1.2938,-1.31538
10521,0,1,0.997168,0.00171714,0.000261538,0.000853374,1.43532,-1.41551,-1.86318,-1.5171
10522,1,0,0.102623,0.817304,0.00418947,0.0758838,-0.0426893,-0.156618,-1.4188,-1.76706
10523,0,1,0.996669,0.00148822,0.000439488,0.00140353,2.39275,-2.10096,-1.45513,-2.30164
10524,0,0,0.993221,0.00458831,0.000465305,0.00172544,2.19854,-2.16428,-1.36263,-1.96114
10525,0,3,0.998125,0.00105788,0.000224797,0.00059226,1.11107,-1.28946,-1.87267,-1.44112
10526,1,1,0.448003,0.53934,0.00270059,0.00995584,0.510798,-0.170992,-1.32167,-1.39046
10527,1,1,0.00434803,0.990723,0.00062946,0.00429948,-1.4359,1.63376,-1.43852,-1.64587
10528,1,1,0.774699,0.214288,0.0024657,0.0085475,1.07627,-1.2775,-1.20598,-1.43185
10529,0,3,0.720093,0.0255968,0.00103911,0.253271,0.589127,-1.08521,-1.5374,-0.755062
10530,1,4,0.0163455,0.972757,0.00116372,0.00973416,-0.0756045,0.0494405,-1.23106,-1.70727
10531,0,4,0.998447,0.000870471,0.000155762,0.000526423,1.90432,-2.12487,-1.37486,-1.68732
10532,0,1,0.991322,0.00728955,0.000321691,0.00106722,0.919662,-0.727362,-1.53489,-1.73192
10533,0,1,0.994499,0.00156539,0.000519753,0.0034158,0.889547,-1.07586,-1.2905,-1.30302
10534,2,3,0.00300738,0.00912869,0.983492,0.00437145,-1.2079,0.0291963,-0.734254,-1.27904
10535,0,3,0.998015,0.00106919,0.000231907,0.00068428,0.961747,-1.07141,-1.60146,-1.16629
10536,2,2,0.00634968,0.00487561,0.985194,0.00358103,-1.16746,-1.50043,1.05983,-1.22032
10537,1,1,0.00847012,0.986691,0.000459545,0.00437925,0.165622,-0.905196,-1.65912,-0.202372
10538,1,0,0.898052,0.0929139,0.000641521,0.00839282,-0.301015,0.436923,-1.52963,-1.49462
10539,2,4,0.00619644,0.00289148,0.98614,0.0047719,-0.920785,-1.61783,0.0189305,-0.290288
10540,1,3,0.0324182,0.75977,0.00451776,0.203295,-0.240147,-0.264921,-0.900601,-0.90629
10541,0,1,0.539745,0.345773,0.000902615,0.113579,-0.403649,-0.359689,-1.17522,-0.116123
10542,0,1,0.995753,0.0016997,0.00039053,0.00215703,2.27507,-3.32975,-1.86684,-0.463294
10543,1,3,0.00433275,0.992073,0.00084323,0.00275138,-1.37699,0.874915,-1.08786,-1.2653
10544,0,4,0.986352,0.0045366,0.00044787,0.00866377,1.16403,-1.4833,-1.27893,-0.944996
10545,3,2,0.0655108,0.104494,0.00546948,0.824525,-0.324955,-0.22266,-1.44305,-0.542834
10546,2,1,0.00556601,0.00601829,0.98386,0.00455617,-1.20116,-1.31843,0.958401,-1.18238
10547,1,3,0.0379601,0.948882,0.00120131,0.0119563,-0.609872,0.275879,-0.809493,-0.770991
10548,1,4,0.149118,0.843162,0.0014619,0.00625787,-0.658964,0.594352,-1.43304,-0.834384
10549,0,3,0.997751,0.00174862,0.000161538,0.000338654,0.398417,-1.06956,-0.87509,-0.761258
10550,0,0,0.99753,0.00192475,0.000223787,0.000321814,0.697287,-0.817638,-1.72954,-1.5528
10551,0,3,0.998238,0.00127619,0.000119636,0.000366351,1.83524,-1.82148,-1.29863,-1.80643
10552,2,2,0.00490441,0.00342885,0.989562,0.00210422,-1.91833,-2.17434,2.3455,-1.711
10553,0,2,0.98054,0.0170367,0.000242541,0.00218083,0.822976,-0.367261,-1.41038,-1.55466
10554,0,1,0.638125,0.145464,0.014978,0.201433,0.220594,-0.782549,-1.28756,-0.348566
10555,0,3,0.992554,0.00437099,0.000465902,0.00260876,1.01029,-1.32847,-1.25726,-1.42106
10556,1,1,0.0144738,0.97701,0.00173076,0.00678538,0.273725,-0.207213,-1.44485,-1.56344
10557,0,0,0.994177,0.00496108,0.000237419,0.000624296,1.28879,-0.957139,-1.53228,-1.84188
10558,0,2,0.997826,0.00119838,0.000176737,0.000799072,2.48852,-2.96552,-1.79613,-1.78522
10559,0,1,0.994531,0.00273406,0.000483533,0.00225117,1.536,-1.83565,-1.46486,-1.22224
10560,1,3,0.964377,0.0301343,0.000486599,0.00500163,-0.0455567,0.378801,-1.27251,-2.17903
10561,0,1,0.997448,0.000943021,0.000508225,0.00110035,1.02652,-1.54258,-0.841321,-1.37175
10562,0,2,0.997552,0.00153083,0.000188452,0.000728786,1.86768,-1.28834,-2.06306,-3.31354
10563,0,3,0.995689,0.0038526,0.000132345,0.000326279,1.66071,-1.53496,-1.66212,-1.68976
10564,0,3,0.155316,0.836354,0.000783798,0.00754621,1.05334,-0.555837,-1.34523,-2.36084
10565,0,2,0.97946,0.00682902,0.00104624,0.0126652,-0.0352499,-0.0815904,-1.25989,-1.3805
10566,0,1,0.997813,0.00120423,0.000228712,0.000754323,1.69629,-1.70839,-1.55191,-1.59242
10567,0,3,0.951733,0.0323723,0.000977678,0.0149173,0.464432,-0.808923,-1.33673,-1.16161
10568,0,2,0.997474,0.00128647,0.000254065,0.000985412,1.96465,-2.73372,-1.88642,-1.12001
10569,0,2,0.989469,0.00393851,0.000371744,0.00622039,0.997704,-1.2766,-1.33439,-0.725793
10570,0,3,0.997396,0.00210231,0.000206537,0.000295274,0.791882,-0.659113,-1.85974,-1.71321
10571,2,1,0.00306659,0.00177828,0.993108,0.00204678,-0.691391,-2.03096,1.45065,-1.55341
10572,0,1,0.9982,0.00107462,0.000264378,0.000461287,1.55282,-1.48579,-1.94971,-1.83978
10573,0,4,0.997546,0.00175082,0.000243873,0.000459188,0.730465,-0.608951,-1.54308,-1.67423
10574,0,0,0.12049,0.042586,0.00787762,0.829047,1.06068,-1.27732,-1.3702,-0.86702
10575,0,4,0.997497,0.00159484,0.000343228,0.000564783,0.280384,-0.591978,-1.46155,-0.701002
10576,3,1,0.317565,0.146891,0.528199,0.00734546,-0.160566,-1.5397,0.224995,-2.76867
10577,0,1,0.998387,0.000757711,0.00025982,0.000595897,3.55082,-3.63852,-1.89539,-1.32975
10578,0,3,0.99835,0.00109064,0.000135316,0.000424192,2.87766,-2.35764,-1.5301,-3.09307
10579,1,2,0.0182076,0.967287,0.00165111,0.0128545,-0.582781,0.494063,-1.39387,-1.28188
10580,0,2,0.128822,0.818965,0.00544321,0.0467703,-1.00189,0.540965,-1.34177,-0.659737
10581,0,4,0.998218,0.000756843,0.000284196,0.00074148,2.55379,-2.52202,-1.6277,-1.80885
10582,0,1,0.998037,0.000819794,0.000341408,0.000801586,2.34193,-2.48659,-1.24916,-1.88593
10583,0,2,0.995529,0.00339273,0.000151709,0.000926614,0.350154,-0.40143,-1.54006,-1.59201
10584,0,1,0.997936,0.000908225,0.000380086,0.00077533,1.63363,-1.85527,-1.48743,-1.07564
10585,0,1,0.993715,0.0035769,0.000392021,0.0023162,0.354919,-1.33927,-1.14851,-0.251495
10586,1,4,0.992206,0.00389197,0.000429897,0.00347175,1.34032,-0.973302,-1.95157,-1.95241
10587,3,2,0.0885165,0.0161516,0.00396198,0.89137,-0.956012,-0.145889,-1.16999,0.207991
10588,0,1,0.997796,0.000822804,0.000347378,0.00103405,0.944901,-2.31931,-1.68755,-0.802223
10589,1,0,0.00548145,0.987058,0.0010523,0.00640846,-0.858893,0.290119,-1.15169,-0.513938
10590,0,1,0.996553,0.00198099,0.000620917,0.000845385,0.865984,-2.52424,-0.711327,-1.15385
10591,0,4,0.9983,0.000718726,0.000199973,0.000781695,2.71549,-2.76509,-1.89754,-2.22725
10592,0,2,0.963644,0.0146679,0.00091731,0.0207711,1.10201,-1.51559,-1.06145,-0.971193
10593,0,1,0.997896,0.00143718,0.00017469,0.000491848,2.85498,-2.70417,-1.78652,-2.20752
10594,1,2,0.0121944,0.983138,0.000772837,0.00389425,-0.191584,0.351952,-1.13298,-1.22244
10595,0,1,0.998366,0.00084527,0.000303754,0.000485398,2.55106,-3.08786,-1.54557,-1.85089
10596,0,2,0.988847,0.00998741,0.000167126,0.000998104,1.61469,-1.30325,-1.26019,-1.89245
10597,0,3,0.948632,0.0325581,0.001187,0.0176226,0.07847,-0.446325,-1.48863,-0.907241
10598,1,2,0.129387,0.791429,0.00346322,0.0757209,-0.241,-0.0562632,-1.95081,-0.728803
10599,0,1,0.997925,0.00133963,0.000290283,0.000445229,0.74574,-0.459535,-1.67332,-1.84434
10600,0,2,0.984179,0.0120636,0.000506385,0.00325085,1.20533,-1.09723,-1.34705,-1.14986
10601,0,2,0.994777,0.00263511,0.000221432,0.00236671,1.71708,-1.52226,-1.32862,-1.91918
10602,0,4,0.991596,0.00481708,0.000437251,0.00314987,0.358817,-0.428689,-1.33459,-1.16433
10603,0,1,0.995626,0.00260409,0.000433067,0.00133655,1.948,-2.2972,-1.2329,-1.02196
10604,0,4,0.544077,0.0200321,0.00674933,0.429141,0.937176,-2.7812,-1.56018,-0.232137
10605,0,4,0.99522,0.00238634,0.000398019,0.00199581,1.05615,-0.769825,-1.59701,-1.54816
10606,1,3,0.00531897,0.991103,0.000571114,0.00300707,-1.35738,0.704631,-0.785106,-1.37001
10607,2,2,0.984949,0.0076498,0.00042592,0.00697543,1.55482,-1.16226,-1.65538,-1.829
10608,1,4,0.0099211,0.98688,0.000314055,0.00288518,-0.591533,0.0892803,-1.54389,-0.636327
10609,0,0,0.998325,0.00108424,0.000179259,0.000411935,1.70842,-1.48644,-1.88476,-1.89404
10610,1,2,0.0395819,0.956644,0.000475214,0.00329864,-0.990232,0.843499,-1.01891,-1.37483
10611,0,3,0.998331,0.00120133,0.000152136,0.000315227,2.42146,-2.11478,-1.6036,-2.28549
10612,0,4,0.480791,0.228667,0.00288694,0.287655,0.347217,-0.496199,-1.26519,-1.12101
10613,0,4,0.995044,0.0025398,0.000394852,0.00202095,1.45468,-0.956087,-1.62581,-1.636
10614,0,1,0.613661,0.245113,0.112413,0.0288136,0.296506,-0.857203,-0.966196,-0.348309
10615,0,3,0.998639,0.00076534,0.000145498,0.00044992,3.44574,-2.7091,-1.76178,-2.95603
10616,0,3,0.991353,0.00575263,0.000519122,0.00237475,1.12223,-1.00449,-1.43319,-1.64978
10617,2,3,0.0616135,0.701009,0.0756011,0.161776,-0.433523,-0.527286,-0.507778,-0.74626
10618,0,3,0.996909,0.00257267,0.000111147,0.000407353,0.916012,-0.926464,-1.46603,-1.51623
10619,0,1,0.997003,0.00111065,0.000461635,0.00142472,1.73017,-2.06793,-1.50548,-1.81094
10620,1,0,0.00943638,0.987681,0.000284511,0.00259849,-0.850761,0.862494,-1.42721,-1.33161
10621,1,3,0.0205361,0.968922,0.00101497,0.00952685,-0.980828,0.677344,-1.26757,-1.28943
10622,0,0,0.984576,0.00254022,0.00072992,0.0121543,-0.204331,-0.203679,-1.20628,-0.558485
10623,0,2,0.993424,0.00366423,0.00026466,0.00264699,0.982942,-1.1586,-1.73818,-1.09183
10624,3,2,0.00636497,0.0107115,0.00924291,0.973681,-0.902613,-0.496894,-1.14802,0.327285
10625,0,0,0.998072,0.00143954,0.000159396,0.000328982,1.45751,-1.17829,-1.62475,-2.33994
10626,0,2,0.983033,0.0137296,0.000465052,0.00277195,0.966271,-1.23756,-1.08747,-1.06254
10627,0,2,0.997321,0.00149065,0.000280633,0.000907665,1.6495,-2.49127,-1.54993,-1.25947
10628,1,3,0.245912,0.751567,0.000471027,0.00205005,-0.665392,0.706868,-1.73322,-1.59404
10629,0,0,0.997722,0.00118661,0.000197915,0.000893079,1.41175,-1.83034,-1.54211,-1.31708
10630,0,0,0.998649,0.000866407,0.000165195,0.000319045,1.53828,-1.44135,-1.63569,-2.22573
10631,0,1,0.968807,0.0293986,0.000345959,0.00144803,1.14631,-0.686337,-2.1226,-2.47472
10632,0,3,0.99036,0.00597287,0.000493887,0.00317372,1.1478,-1.21141,-1.72243,-1.39367
10633,0,3,0.982613,0.0150556,0.000270089,0.00206107,0.355936,-1.07972,-1.48564,-0.614086
10634,2,1,0.0214122,0.00756426,0.951839,0.0191844,-1.20617,-0.341814,0.205787,-0.788793
10635,0,4,0.989622,0.00185345,0.000886695,0.00763746,0.779671,-1.39372,-1.0353,-1.81913
10636,0,2,0.997942,0.0011117,0.000189263,0.000756635,2.14894,-1.96173,-1.86759,-2.02014
10637,0,3,0.998236,0.000905839,0.000221769,0.000636715,2.49517,-2.22719,-2.06111,-1.90822
10638,0,0,0.994142,0.00422261,0.000249291,0.00138636,1.08426,-0.675865,-1.30546,-2.06708
10639,0,1,0.986424,0.0062316,0.00119165,0.00615299,1.58859,-2.17986,-1.31133,-1.15204
10640,0,0,0.966939,0.00493235,0.000925856,0.0272032,0.33897,-0.942555,-1.11048,-0.524844
10641,1,1,0.0521324,0.842607,0.00346378,0.101796,-0.218183,-0.583623,-1.4512,-0.0827508
10642,0,4,0.960669,0.0360679,0.000390252,0.00287235,0.951907,-0.507406,-1.57192,-2.29252
10643,0,3,0.990099,0.00722919,0.00040457,0.00226756,0.44014,-1.50459,-1.64771,-0.48561
10644,1,0,0.942928,0.0529631,0.000888868,0.00321975,0.572099,-0.404345,-1.48966,-1.61136
10645,0,1,0.998451,0.00084948,0.000246009,0.000453364,2.23611,-2.02769,-1.71686,-2.20232
10646,0,0,0.998405,0.00083464,0.000206746,0.000553282,2.26738,-2.31369,-1.71706,-1.45101
10647,1,4,0.00785289,0.989486,0.000854275,0.00180674,-1.39484,1.04002,-1.10968,-1.45037
10648,0,3,0.998146,0.000678381,0.000287525,0.000888239,1.17225,-1.68852,-1.33587,-0.92818
10649,0,2,0.997528,0.00122046,0.000245781,0.00100588,3.13331,-2.6581,-1.87148,-2.77052
10650,0,1,0.998328,0.000811271,0.000285898,0.000575277,1.54811,-1.60545,-1.81896,-1.54487
10651,0,4,0.998512,0.000735927,0.000226205,0.00052543,1.93777,-1.86167,-1.66877,-1.99212
10652,0,2,0.99658,0.00174998,0.000305589,0.00136422,-0.344392,-0.93966,-1.16764,-0.743679
10653,0,4,0.955803,0.0364414,0.00122673,0.0065288,-0.0785518,-0.364203,-1.52822,-0.282071
10654,0,0,0.998007,0.00111395,0.000172001,0.000706686,1.34642,-1.75122,-1.459,-1.29723
10655,1,0,0.10402,0.892473,0.00182685,0.00167968,0.67419,-0.351942,-1.926,-2.15084
10656,1,1,0.0583323,0.897666,0.00186277,0.0421385,-0.548011,-0.0961819,-1.11981,-0.529851
10657,0,4,0.692239,0.036473,0.00596569,0.265323,0.0201723,-1.04779,-1.11045,-0.370989
10658,0,2,0.978376,0.00841516,0.000492699,0.0127162,0.338757,-0.538967,-1.08548,-1.19851
10659,2,2,0.914564,0.0744877,0.00775191,0.00319695,-0.749699,-0.217638,-0.0825036,-2.09482
10660,0,4,0.890986,0.0965596,0.00253705,0.00991731,0.235245,-0.447566,-1.30931,-1.25185
10661,1,2,0.469903,0.392235,0.00194492,0.135917,-0.137894,-0.483795,-1.91154,-0.208389
10662,0,2,0.988472,0.00700038,0.000507602,0.00401998,0.698267,-0.927391,-1.5162,-0.780158
10663,0,4,0.997032,0.00214823,0.000291158,0.00052825,1.07478,-1.50189,-1.11063,-1.37575
10664,0,2,0.993522,0.00435181,0.000254546,0.00187169,0.715963,-1.11307,-1.36611,-1.21596
10665,0,3,0.998304,0.00108316,0.000205117,0.000407923,0.802101,-0.920908,-1.3817,-1.36772
10666,0,3,0.984157,0.0113949,0.000472915,0.00397517,1.12131,-1.29835,-1.64017,-0.915623
10667,3,3,0.0186675,0.133757,0.00303402,0.844542,-0.323886,-0.305132,-0.570309,-0.664168
10668,1,1,0.278809,0.579387,0.00133603,0.140468,-0.158191,0.00158343,-1.73494,-1.03425
10669,1,2,0.256144,0.0981036,0.0164148,0.629337,-0.11161,-0.60006,-1.21325,-0.307503
10670,1,2,0.0164927,0.975115,0.000615924,0.00777577,-0.309192,-0.279037,-1.02373,-0.882301
10671,0,0,0.977714,0.0210898,0.000230767,0.00096589,1.61404,-1.53038,-1.51998,-2.10093
10672,3,1,0.0782516,0.903889,0.00115783,0.0167015,0.0897504,-0.52021,-0.911217,-0.74986
10673,0,3,0.993298,0.00400035,0.000413075,0.00228825,2.80204,-3.13298,-2.1667,-2.34991
10674,3,0,0.00459864,0.953124,0.00123048,0.0410473,-1.37604,0.827223,-1.5456,-0.47774
10675,0,2,0.993744,0.00362094,0.000388222,0.00224719,1.20349,-1.25952,-1.51205,-1.65772
10676,0,4,0.997656,0.00143263,0.000137351,0.0007736,1.63949,-1.22157,-1.82641,-1.74275
10677,0,1,0.872574,0.119133,0.000550079,0.00774338,0.643282,-0.975021,-1.86567,-0.847643
10678,2,2,0.251785,0.205696,0.450613,0.0919059,-0.215066,-0.449489,-0.638217,-1.59487
10679,0,0,0.972019,0.0207252,0.00140813,0.00584796,1.68991,-2.1194,-1.01304,-1.85123
10680,1,3,0.0344878,0.963606,0.000254718,0.00165127,-0.479402,0.204686,-1.29491,-1.27195
10681,1,0,0.00543095,0.982273,0.000602531,0.0116941,-0.662677,0.745271,-1.3267,-1.23897
10682,1,3,0.0144688,0.871856,0.000645093,0.11303,-1.58274,0.772052,-1.6553,0.0117487
10683,0,1,0.996202,0.00315063,0.000319508,0.000327725,0.540664,-0.559456,-1.46227,-1.4979
10684,0,2,0.732975,0.204337,0.00345454,0.0592335,1.14387,-1.49824,-1.37244,-0.780309
10685,0,2,0.781854,0.206969,0.000649156,0.0105281,0.472227,-0.198035,-1.20113,-1.68807
10686,0,0,0.998578,0.000930361,0.000162623,0.000328507,2.0661,-1.97048,-1.89336,-2.42714
10687,1,3,0.0111045,0.986982,0.000228449,0.00168473,-0.591878,0.310371,-0.953491,-1.01625
10688,0,0,0.99653,0.00174648,0.000246978,0.00147644,1.60154,-1.64162,-1.5947,-1.40873
10689,0,2,0.992698,0.00422472,0.000427597,0.00265023,1.1674,-1.09025,-1.35837,-2.02258
10690,2,4,0.00518347,0.00195211,0.989727,0.0031378,-1.92374,-1.06178,0.522245,-0.687489
10691,3,1,0.0923054,0.874914,0.00265196,0.0301286,-0.213826,0.76016,-1.75081,-1.79705
10692,1,1,0.00457709,0.990308,0.000472168,0.00464236,-1.00155,0.639469,-1.41911,-1.01231
10693,0,1,0.451641,0.456074,0.00580312,0.0864818,0.0410375,-0.437534,-1.10723,-0.7807
10694,0,2,0.997736,0.00111691,0.000214838,0.000932303,3.37192,-3.42124,-2.33546,-2.20938
10695,1,2,0.602198,0.375377,0.00173834,0.0206867,-0.111118,-0.107246,-1.41627,-0.684701
10696,0,4,0.997438,0.000664139,0.000371821,0.00152618,2.58917,-2.71843,-1.59522,-1.7273
10697,3,3,0.00910998,0.82972,0.00172851,0.159441,-0.958804,0.302439,-1.39208,-0.520186
10698,0,1,0.951507,0.0363397,0.000929049,0.0112246,0.676453,-1.23852,-1.42168,-0.600599
10699,0,3,0.994687,0.00291939,0.000176871,0.00221662,0.956468,-1.13508,-1.04559,-0.836776
10700,0,0,0.998098,0.00132685,0.00017852,0.000396838,0.75306,-0.891619,-1.7303,-1.66101
10701,1,2,0.00636758,0.98508,0.000650807,0.0079014,-0.180877,-0.317561,-1.12337,-0.589027
10702,0,3,0.998175,0.00114726,0.000193041,0.000484358,1.22603,-1.38287,-1.35459,-1.22776
10703,0,0,0.998433,0.000930225,0.000274974,0.000362153,1.80198,-1.81106,-1.98485,-1.79029
10704,0,2,0.993524,0.00304995,0.000233129,0.0031932,0.903496,-0.947989,-1.40834,-1.22677
10705,0,3,0.998444,0.000985407,0.000177886,0.000393118,2.90437,-2.61128,-2.04467,-2.23335
10706,3,2,0.0143401,0.918933,0.00220773,0.0645192,-0.391978,0.428596,-1.53587,-1.0129
10707,0,3,0.964286,0.0236966,0.000281046,0.0117364,1.13348,-2.00703,-1.53578,-0.729548
10708,0,3,0.998294,0.00100469,0.000219198,0.000482527,2.73044,-2.35843,-1.80042,-2.41663
10709,0,4,0.99763,0.000857949,0.000286257,0.00122536,2.37247,-2.46592,-1.39497,-1.59345
10710,0,1,0.997847,0.00119024,0.00023506,0.000727579,2.50154,-2.07982,-1.85362,-1.96895
10711,0,0,0.998114,0.00114719,0.000216605,0.000522662,1.35397,-1.66171,-1.65326,-1.46632
10712,0,4,0.99507,0.00251764,0.000347785,0.00206489,0.467501,-0.628489,-1.43044,-1.08106
10713,0,0,0.99766,0.00177339,0.000259631,0.000307117,1.31348,-1.28994,-1.72251,-1.89669
10714,0,0,0.984914,0.0142216,0.000256314,0.000607702,1.46944,-1.35752,-1.29633,-2.1715
10715,3,2,0.389964,0.522198,0.00330537,0.0845316,-0.136926,0.221711,-1.47627,-1.29091
10716,0,3,0.992968,0.00434938,0.000474361,0.00220847,1.62702,-1.47482,-1.38283,-2.32193
10717,0,2,0.997243,0.00127991,0.00021854,0.00125884,1.50088,-2.00781,-2.09852,-1.11076
10718,1,2,0.00599557,0.988798,0.000489271,0.00471748,-1.09572,0.760494,-1.69642,-0.906768
10719,0,4,0.997807,0.000859778,0.000262218,0.00107106,1.18261,-1.69803,-0.901672,-1.61215
10720,0,0,0.983178,0.00854362,0.000609005,0.00766968,0.909634,-1.01996,-1.69744,-0.979102
10721,0,0,0.997776,0.00126444,0.000190344,0.000769173,2.06848,-2.53635,-2.02689,-1.52188
10722,0,4,0.998249,0.000812793,0.000218333,0.000720095,3.47605,-2.95265,-1.89071,-2.50376
10723,0,2,0.987033,0.0100313,0.000486494,0.002449,0.355515,-0.185851,-1.68227,-1.77118
10724,0,4,0.998414,0.00073227,0.000201171,0.000652568,3.37882,-3.32239,-2.01683,-2.51173
10725,0,2,0.997625,0.00112995,0.000232724,0.00101189,2.75348,-2.26098,-1.74704,-2.32973
10726,3,1,0.0111129,0.0100396,0.00643164,0.972416,-0.404832,-0.508976,-1.0308,-0.0249303
10727,0,4,0.99145,0.00672945,0.000325525,0.00149496,-0.139092,0.133917,-2.18391,-0.919368
10728,0,2,0.997095,0.00174747,0.000227212,0.000929887,2.0404,-2.12048,-1.93399,-1.22425
10729,1,1,0.0242495,0.96888,0.000743985,0.00612675,0.591225,-0.119362,-1.4703,-1.38264
10730,3,2,0.00340548,0.00801524,0.00575908,0.98282,-1.64072,-0.545882,-0.872079,0.995543
10731,0,0,0.995156,0.00225259,0.000391059,0.00220041,1.22259,-1.60038,-1.17732,-1.33256
10732,0,0,0.998538,0.000842943,0.000132983,0.000486431,2.47592,-2.14742,-1.93612,-2.22728
10733,1,3,0.0155949,0.981933,0.000309444,0.0021627,0.850655,-0.905676,-1.33339,-1.73878
10734,0,3,0.99834,0.000792488,0.000235176,0.000631827,2.15953,-1.84161,-1.62393,-2.17675
10735,0,4,0.98596,0.00262454,0.000909678,0.0105052,0.43088,-1.3294,-1.21616,-0.754332
10736,0,2,0.677223,0.314938,0.000799166,0.0070399,0.438702,-0.768719,-2.05854,-1.18856
10737,0,2,0.995734,0.00256149,0.000202996,0.00150142,1.15455,-1.68632,-1.27563,-1.1504
10738,1,3,0.00342796,0.992695,0.000704987,0.0031719,-0.961149,0.910833,-0.986206,-1.43646
10739,0,1,0.841095,0.154678,0.00119958,0.00302754,-0.0673692,-0.202889,-1.1645,-1.10719
10740,0,1,0.998463,0.000789496,0.000253326,0.000494054,3.07586,-2.76354,-1.44371,-2.47375
10741,0,1,0.997281,0.00146748,0.000288964,0.000962398,0.943963,-1.26628,-1.31855,-0.892953
10742,0,4,0.962984,0.032823,0.000598831,0.00359382,0.378473,-0.520067,-1.53933,-0.981916
10743,0,3,0.990471,0.00253802,0.000443633,0.00654785,0.443132,-1.38973,-1.53945,-0.832052
10744,0,0,0.997676,0.00152804,0.000159022,0.00063698,2.37099,-2.21086,-1.8411,-2.28029
10745,0,1,0.998428,0.000844497,0.000252822,0.00047511,3.21769,-3.71517,-1.93592,-2.89745
10746,1,3,0.962,0.0359419,0.000175457,0.00188266,1.03284,-1.04585,-1.50115,-1.5865
10747,0,1,0.941918,0.0164538,0.00196608,0.0396625,0.377635,-0.847716,-0.768576,-0.829235
10748,0,4,0.998419,0.000787151,0.000220083,0.000574207,2.08111,-2.59789,-1.45942,-1.15624
10749,0,2,0.992963,0.00528103,0.000360873,0.00139558,0.867415,-1.57059,-1.02896,-0.610112
10750,0,2,0.996582,0.00273168,0.000174801,0.000511766,0.810878,-0.627727,-1.76902,-1.65234
10751,0,2,0.997349,0.00174365,0.000151987,0.000755447,1.78588,-1.49537,-2.12344,-2.54431
10752,0,0,0.607381,0.38683,0.000544209,0.00524462,0.426707,-0.563387,-1.56639,-1.08541
10753,0,3,0.998089,0.00114716,0.000159088,0.0006051,2.22524,-2.34866,-1.73787,-1.85181
10754,0,4,0.99846,0.000631902,0.000246492,0.000661582,2.65876,-3.23861,-1.88589,-1.79125
10755,0,2,0.99734,0.00158682,0.000199781,0.000873762,0.926157,-0.524603,-1.87885,-1.98767
10756,1,2,0.446128,0.549819,0.000751178,0.00330143,0.533684,-0.265541,-1.85914,-1.53006
10757,0,0,0.998566,0.000889481,0.000173786,0.000370791,2.39925,-2.78934,-1.50401,-1.73409
10758,0,4,0.998383,0.000788662,0.000228842,0.000599397,0.879319,-0.835346,-1.61459,-1.74452
10759,0,0,0.998473,0.00108759,0.000132974,0.000306768,1.80092,-1.66799,-1.97905,-1.9516
10760,0,1,0.998389,0.000938396,0.000259821,0.000412767,2.06873,-2.31304,-1.50146,-1.81547
10761,0,4,0.996824,0.00162678,0.000296839,0.00125218,1.80482,-1.702,-1.88533,-1.69941
10762,0,1,0.994957,0.00258713,0.000478105,0.00197782,1.25782,-1.30816,-1.58263,-1.60479
10763,0,3,0.244194,0.734029,0.00582763,0.0159498,-0.106201,-0.426742,-1.13809,-0.83315
10764,1,0,0.00377061,0.990813,0.000465084,0.00495153,-1.53066,1.27397,-1.58855,-0.923046
10765,0,3,0.998269,0.000983312,0.000218338,0.000528905,2.40003,-2.34266,-1.39823,-2.06183
10766,1,2,0.630548,0.204409,0.00199322,0.163049,0.141118,-0.3212,-1.12277,-0.917277
10767,0,4,0.998244,0.00100464,0.000175435,0.000575791,1.0707,-0.67945,-1.8629,-2.42521
10768,1,0,0.0126137,0.984568,0.00029034,0.00252783,-0.603796,0.477853,-1.25551,-0.788068
10769,0,4,0.998036,0.00126477,0.000186346,0.000512513,1.30142,-1.04104,-1.40077,-2.13718
10770,0,2,0.986925,0.00669546,0.000663588,0.00571576,1.11874,-1.8322,-1.68074,-0.918719
10771,0,1,0.995214,0.00244769,0.000470814,0.00186757,1.80167,-1.43925,-1.40116,-1.72964
10772,1,2,0.125733,0.865966,0.000939576,0.00736153,-0.850022,1.14424,-1.38839,-1.76681
10773,0,2,0.0963795,0.895861,0.000406781,0.00735258,-0.278992,0.397703,-1.18441,-1.48842
10774,0,0,0.997228,0.00208153,0.000287261,0.000402736,1.59883,-1.1627,-1.91823,-1.7221
10775,3,0,0.0248775,0.468488,0.0538883,0.452746,-1.13264,-0.0389674,-0.475043,-0.393856
10776,1,2,0.0108468,0.983938,0.000418886,0.00479624,-0.230902,0.106976,-1.09737,-1.16061
10777,0,2,0.992035,0.00616838,0.00035913,0.00143713,0.672264,-0.109553,-1.73005,-2.94647
10778,0,0,0.996968,0.00172352,0.000314797,0.000993606,1.7332,-1.76366,-1.13944,-1.55866
10779,0,4,0.998412,0.000780258,0.000176151,0.000631255,2.4355,-2.53759,-1.94745,-1.56098
10780,1,2,0.307585,0.682406,0.00231655,0.00769271,-0.0210906,-0.625561,-1.5136,-1.08086
10781,1,1,0.841042,0.141932,0.00104011,0.0159866,0.645333,-0.693813,-1.0788,-1.04093
10782,1,1,0.0283442,0.965831,0.000595927,0.0052291,0.35266,-0.149022,-1.23142,-1.80283
10783,0,4,0.995412,0.00309177,0.000234028,0.00126268,-0.191621,-0.11941,-0.627045,-1.39172
10784,0,0,0.997257,0.00173415,0.000335852,0.00067316,0.731537,-0.777486,-1.47022,-1.00669
10785,2,0,0.00285953,0.0030499,0.989636,0.00445495,-1.37817,-1.76816,1.17121,-0.85712
10786,0,2,0.988535,0.00363553,0.000521706,0.0073082,0.604538,-1.61549,-1.3101,-0.773795
10787,0,1,0.880988,0.104809,0.000851836,0.013351,0.847902,-0.718363,-1.00703,-1.41334
10788,1,0,0.0632125,0.926184,0.000975899,0.00962791,0.419939,-0.527317,-1.37193,-1.66624
10789,0,1,0.99644,0.0022227,0.000285915,0.00105095,1.83199,-1.76401,-1.51478,-2.57038
10790,2,0,0.00354881,0.00167307,0.991704,0.00307424,-0.343074,-1.48669,0.590871,-1.27683
10791,0,3,0.998445,0.00086623,0.000177539,0.000510724,3.05244,-3.19399,-1.78531,-2.29047
10792,0,0,0.997762,0.00166774,0.000266856,0.00030357,1.6419,-1.39396,-2.03523,-2.58534
10793,1,0,0.0382625,0.887592,0.0203707,0.0537746,-1.19537,0.378169,-0.487901,-1.63607
10794,0,2,0.929654,0.0186551,0.0014619,0.0502293,1.43587,-1.35457,-1.71743,-1.79363
10795,0,2,0.979625,0.00978855,0.000387975,0.0101984,-0.181192,-0.158977,-1.41291,-0.97877
10796,0,4,0.990955,0.00383803,0.00047898,0.00472777,2.09497,-2.09871,-1.52991,-1.90627
10797,0,2,0.986191,0.00796845,0.000705861,0.00513478,1.63541,-1.84421,-1.50351,-1.20208
10798,0,0,0.997503,0.00178614,0.000128506,0.000582715,2.40702,-2.4291,-1.56054,-2.37574
10799,2,0,0.00251222,0.00122556,0.9939,0.00236232,-1.40681,-2.3642,1.56924,-0.997979
10800,1,2,0.357622,0.573714,0.00783941,0.0608244,-0.0347212,-0.0599498,-0.948541,-1.08508
10801,0,0,0.99847,0.000923923,0.000139628,0.000465941,1.82622,-1.68631,-2.2859,-1.85253
10802,1,3,0.00668917,0.991308,0.000246646,0.00175609,-0.748445,0.550596,-1.41785,-1.28081
10803,0,3,0.998386,0.000955967,0.000200773,0.00045689,1.75669,-1.85858,-1.50533,-1.4611
10804,0,4,0.996824,0.0015538,0.000277767,0.00134471,1.53788,-1.44086,-1.71558,-1.93857
10805,1,1,0.0300533,0.925394,0.00251927,0.0420339,-0.985009,0.228181,-1.42613,-0.268449
10806,0,1,0.766674,0.165886,0.01163,0.0558096,-0.136666,-1.52505,-0.52213,-0.991871
10807,3,0,0.138739,0.448238,0.0172617,0.395762,-0.449207,0.012062,-0.751954,-0.779849
10808,0,3,0.99832,0.00110239,0.000179609,0.000397703,1.14858,-1.07697,-1.5847,-1.93323
10809,0,3,0.996603,0.00118528,0.00028263,0.00192954,1.25498,-1.33515,-1.59851,-1.7777
10810,0,2,0.992332,0.00415769,0.000419172,0.00309124,1.964,-2.15087,-1.57173,-1.71492
10811,3,2,0.00430037,0.00799112,0.0059298,0.981779,-0.247972,-0.995595,-1.04118,0.34569
10812,0,0,0.992229,0.00706569,0.000151502,0.000554172,1.11644,-1.29405,-1.29246,-1.75067
10813,0,2,0.786061,0.200502,0.000818605,0.0126189,1.38653,-1.03924,-1.78876,-1.41016
10814,0,0,0.998573,0.000794999,0.0001504,0.00048172,3.94525,-3.90349,-2.27225,-2.93599
10815,0,0,0.99808,0.00108186,0.000231922,0.000605687,1.39951,-1.2468,-1.42206,-1.82069
10816,0,0,0.997923,0.00116049,0.000194506,0.000721972,1.45197,-1.35629,-1.75399,-1.84904
10817,1,0,0.0098414,0.925694,0.00180807,0.0626568,-1.17562,0.558599,-1.81273,-0.211211
10818,1,4,0.906407,0.0271449,0.00249667,0.0639513,0.264968,-1.25741,-1.18173,-0.203801
10819,1,1,0.0192185,0.978527,0.000651547,0.00160317,-0.263668,0.409787,-1.40334,-2.18794
10820,0,1,0.998415,0.000910436,0.000193465,0.000481644,3.42408,-2.97635,-2.27971,-2.73403
10821,3,0,0.258282,0.0288373,0.00667122,0.706209,-0.605757,-0.66849,-0.966088,0.0877653
10822,0,2,0.997866,0.00104223,0.000190361,0.000901093,3.06107,-2.67612,-2.21845,-2.59718
10823,0,4,0.99623,0.00283811,0.000156635,0.000774761,0.755407,-0.741437,-1.53919,-1.92909
10824,1,0,0.534737,0.433044,0.00166578,0.0305533,-0.113813,0.0798785,-1.29362,-1.36442
10825,1,0,0.0608411,0.928307,0.00134219,0.00950966,-1.31422,0.85046,-1.46038,-0.594708
10826,0,1,0.99844,0.000892849,0.000217524,0.000449831,2.6896,-2.25072,-2.4978,-2.33138
10827,0,2,0.98865,0.00646914,0.000395392,0.00448542,0.975922,-1.46091,-1.29176,-1.20846
10828,0,1,0.905678,0.0344882,0.00161698,0.058217,0.700155,-1.22425,-1.30063,-0.873592
10829,1,1,0.015093,0.982894,0.000470467,0.0015426,-0.843798,0.796815,-1.19426,-1.36232
10830,0,4,0.994854,0.00200288,0.000268689,0.00287461,0.823129,-1.45166,-1.63074,-1.25277
10831,0,2,0.997073,0.00156791,0.00024519,0.00111399,2.33441,-2.50167,-1.84186,-1.92947
10832,0,4,0.987928,0.00778997,0.000488841,0.00379282,1.40845,-1.20104,-1.795,-1.46806
10833,0,0,0.99877,0.000751369,0.000119466,0.000358755,1.67432,-2.03338,-1.84109,-1.36355
10834,3,0,0.336663,0.0802969,0.141477,0.441563,-0.429834,-1.03363,-0.0602312,-0.898546
10835,0,2,0.994147,0.00276252,0.000325138,0.00276522,0.616715,-0.701939,-2.02661,-0.88552
10836,0,3,0.998124,0.00106514,0.000148581,0.000662652,1.94824,-2.41825,-1.19602,-1.5956
10837,0,1,0.992976,0.00619405,0.000195441,0.000634599,0.88195,-0.860238,-1.78317,-1.71532
10838,1,1,0.0512157,0.935266,0.00123364,0.0122842,-0.213973,-0.892543,-1.40798,0.419199
10839,0,4,0.996715,0.00111468,0.000266576,0.00190355,1.74945,-1.44073,-1.70759,-1.51191
10840,0,2,0.992889,0.00300075,0.000361552,0.0037491,1.68329,-1.52166,-1.16707,-1.59006
10841,0,0,0.987998,0.00835801,0.000616791,0.00302707,1.55262,-1.51218,-1.37634,-2.04677
10842,1,3,0.00436164,0.988983,0.00123507,0.00542021,-1.05724,0.790782,-1.25814,-1.05356
10843,0,3,0.976371,0.0224192,0.000208602,0.00100103,1.35779,-1.34061,-1.69475,-1.30023
10844,1,1,0.0403423,0.551227,0.00475045,0.40368,-0.525666,0.0972628,-1.62684,-0.472463
10845,0,1,0.175628,0.81448,0.00126586,0.00862529,-0.920841,-0.2045,-1.66042,0.111252
10846,1,1,0.0068166,0.984865,0.000972955,0.00734535,-0.96289,0.934456,-1.13477,-1.41095
10847,0,3,0.99816,0.00120936,0.000116627,0.000513579,3.0477,-3.53411,-1.3901,-2.03972
10848,3,4,0.00484884,0.00782065,0.00371048,0.98362,-0.181316,-1.31435,-0.977379,0.278073
10849,0,0,0.998438,0.00107698,0.000172075,0.000313419,0.993702,-1.1605,-1.34826,-1.5377
10850,0,1,0.997776,0.00117744,0.000258144,0.000788183,2.51559,-2.23667,-1.78384,-2.61951
10851,0,3,0.977716,0.0210693,0.00019094,0.00102418,0.204153,-0.204374,-1.64072,-1.40439
10852,0,4,0.997762,0.00141747,0.000349407,0.000471098,0.214419,-0.423486,-1.74602,-1.32824
10853,1,4,0.221661,0.772163,0.000953067,0.00522316,1.36601,-1.36702,-1.83051,-1.09776
10854,1,2,0.919952,0.00944249,0.00130949,0.0692958,-0.257517,-0.531947,-0.993169,-0.287362
10855,1,3,0.0158952,0.982442,0.000445224,0.00121736,-0.0312756,-0.148138,-1.04431,-1.34415
10856,0,4,0.998523,0.000711206,0.00017209,0.000593655,3.37968,-3.32485,-1.89504,-1.93488
10857,0,1,0.998213,0.000842668,0.000286984,0.000657554,3.94843,-3.89621,-1.88431,-2.83628
10858,2,2,0.00463785,0.00514116,0.987898,0.00232297,-1.73013,-1.50714,1.51762,-1.53695
10859,2,2,0.00551519,0.00261539,0.985406,0.00646368,-1.00584,-1.20826,0.366862,-0.200695
10860,0,1,0.996979,0.00199349,0.000324793,0.000702519,1.27588,-1.50636,-1.00118,-1.43635
10861,0,3,0.995725,0.00346709,0.000151443,0.000656556,1.24433,-1.37331,-1.14999,-1.69904
10862,1,3,0.0193748,0.978333,0.000235928,0.0020561,-0.249093,-0.0256792,-1.36448,-0.530458
10863,1,4,0.156247,0.805981,0.0121905,0.0255814,-0.375231,0.461308,-1.16651,-1.5604
10864,0,1,0.998436,0.00095882,0.000241247,0.000363572,2.31317,-2.90439,-1.45889,-1.64895
10865,0,0,0.998207,0.00120001,0.000109995,0.000483428,2.10547,-2.15026,-1.50409,-2.11759
10866,0,0,0.998236,0.00120121,0.000114157,0.000448861,1.79058,-1.64934,-1.61421,-2.00768
10867,0,3,0.998244,0.0011077,0.000226145,0.000422494,0.963758,-0.973004,-1.58003,-1.64672
10868,0,0,0.998383,0.000956898,0.000181738,0.000478815,1.5345,-1.73899,-1.69081,-1.70321
10869,1,4,0.732895,0.251311,0.00116607,0.014628,0.212497,-0.242797,-1.09014,-1.07122
10870,0,0,0.998352,0.000992075,0.000193453,0.00046226,1.38648,-1.6398,-1.301,-1.14613
10871,1,1,0.0825065,0.911618,0.000601098,0.00527446,1.24538,-1.10823,-1.8467,-1.30488
10872,2,2,0.00325984,0.00480599,0.989796,0.00213786,-1.78175,-2.22301,2.07391,-1.66671
10873,0,3,0.998011,0.00127093,0.000180256,0.000538145,3.61064,-3.30459,-1.77801,-3.00563
10874,0,1,0.997912,0.0011347,0.00027057,0.000682874,1.88045,-1.565,-1.74035,-1.87029
10875,3,4,0.00457606,0.00929821,0.00374583,0.98238,-0.620793,-1.47982,-1.29125,0.854816
10876,0,2,0.996838,0.00130845,0.000273999,0.00157984,1.75595,-2.36105,-1.35351,-1.15968
10877,0,2,0.997707,0.00106469,0.000180553,0.00104819,2.98142,-2.59809,-2.25086,-2.43845
10878,3,3,0.0856733,0.905909,0.000656042,0.00776148,-0.318597,-0.142748,-1.40584,-0.439427
10879,0,1,0.990457,0.00590387,0.000370664,0.0032684,0.226327,-0.458395,-1.3468,-0.903366
10880,0,2,0.997362,0.00178589,0.000203328,0.000648705,0.549714,-0.428447,-1.43266,-1.52043
10881,1,4,0.00266732,0.994233,0.000374264,0.00272524,-1.63477,0.98767,-1.38723,-0.465009
10882,0,4,0.99814,0.00078847,0.000290913,0.000780807,1.88662,-1.95662,-1.47044,-1.98094
10883,0,0,0.998715,0.000787385,0.000170784,0.000326632,2.79947,-2.79826,-2.09394,-2.60445
10884,1,1,0.0361722,0.955717,0.000899165,0.00721197,-0.746178,0.531879,-1.11072,-1.17815
10885,0,4,0.997733,0.00166933,0.00017672,0.000420631,-0.224558,0.363898,-1.91987,-1.58061
10886,0,3,0.997647,0.00189328,0.000161206,0.00029883,2.65786,-2.25733,-1.28574,-2.4574
10887,1,3,0.0657432,0.927266,0.000359433,0.00663137,-0.193958,0.143243,-1.77549,-1.42427
10888,0,1,0.998471,0.000736616,0.000253823,0.000538394,2.71489,-2.80442,-1.96965,-2.3531
10889,1,3,0.0131,0.982638,0.000369178,0.00389226,-0.662018,0.870879,-1.32411,-1.16722
10890,0,0,0.99699,0.0024425,0.000153423,0.000413802,0.125247,0.159773,-1.32952,-2.39455
10891,0,3,0.997935,0.00161592,0.000161568,0.000288026,1.33043,-1.22223,-1.39229,-1.78186
10892,0,3,0.997772,0.00182454,0.000110809,0.000293086,1.72564,-1.71676,-1.46985,-1.70186
10893,0,3,0.998173,0.00119529,0.000217891,0.000413484,0.31885,-1.28071,-1.61661,-0.936862
10894,0,1,0.998513,0.000809838,0.000256324,0.00042096,2.38773,-3.27611,-1.98203,-1.44669
10895,0,0,0.998496,0.000841263,0.000159464,0.000502832,4.27944,-3.85474,-2.09242,-2.93271
10896,0,4,0.998336,0.000978588,0.000216231,0.000468616,1.10008,-1.26947,-1.49215,-1.74973
10897,0,0,0.997791,0.00173,0.000115677,0.000363337,0.952139,-1.3623,-1.32894,-1.12224
10898,1,4,0.00530549,0.989074,0.000699676,0.00492117,-0.923041,0.779027,-1.18869,-1.28972
10899,1,2,0.0540009,0.939592,0.00141815,0.00498865,0.202783,-0.0933916,-0.790705,-1.95944
10900,0,2,0.9975,0.00114424,0.000219881,0.00113534,2.83868,-2.68443,-2.07463,-2.06477
10901,0,3,0.994778,0.00323176,0.000374469,0.00161554,1.50334,-2.13893,-2.11172,-1.0099
10902,3,2,0.00930564,0.0103105,0.00487032,0.975514,-0.579458,-0.606006,-0.903144,0.213063
10903,3,0,0.340031,0.140746,0.00527522,0.513948,-1.03594,0.287698,-1.08683,-0.438656
10904,1,4,0.00448633,0.974471,0.000524427,0.0205179,-1.85261,0.740104,-0.98121,-0.4285
10905,0,2,0.974541,0.0238204,0.000237784,0.0014008,1.34395,-1.53321,-1.64593,-1.11771
10906,1,3,0.00478549,0.993062,0.000266638,0.0018855,-0.858763,0.741605,-0.911196,-1.05867
10907,1,2,0.0276473,0.933155,0.00197846,0.0372194,-0.156525,-0.339999,-1.2786,-0.475521
10908,0,4,0.992205,0.00534833,0.000514519,0.00193231,0.853428,-0.87801,-1.38033,-1.28849
10909,0,2,0.996261,0.00246106,0.000153311,0.0011251,2.32623,-2.34699,-1.46675,-1.54545
10910,0,3,0.754063,0.234512,0.00143872,0.00998672,0.46613,-0.76274,-1.28282,-0.802994
10911,0,2,0.839948,0.0199475,0.00622793,0.133876,0.959724,-1.23115,-1.08034,-1.23209
10912,1,1,0.0175803,0.622154,0.00334218,0.356924,-0.967323,0.652808,-0.935213,-0.968037
10913,0,0,0.567626,0.423475,0.00108937,0.00780942,-0.489761,-0.086264,-0.860104,-0.949456
10914,0,2,0.244193,0.737618,0.00145771,0.0167315,-0.368895,0.299021,-1.13341,-1.1893
10915,1,1,0.033793,0.961877,0.000789321,0.00354095,-0.557708,0.641287,-1.24324,-1.02221
10916,2,1,0.00524616,0.00213314,0.990508,0.00211241,-1.84239,-1.39667,1.25728,-1.01759
10917,0,3,0.98716,0.00854061,0.000766957,0.00353255,0.59813,-0.567193,-1.62373,-1.46571
10918,0,4,0.998414,0.000854441,0.000235193,0.000495963,1.78318,-2.46501,-1.75465,-1.20217
10919,0,3,0.998418,0.000919374,0.000217519,0.000445449,1.6007,-1.68383,-1.29352,-1.42863
10920,0,4,0.998578,0.000722446,0.000168441,0.000530621,2.47128,-2.22965,-1.51377,-2.42909
10921,0,4,0.998275,0.000686466,0.000247411,0.000791662,1.58787,-1.862,-1.67057,-1.78125
10922,1,4,0.00281223,0.993433,0.000758382,0.00299653,-0.980684,1.01363,-1.25505,-1.77861
10923,0,1,0.986355,0.00557468,0.000634072,0.00743591,1.84816,-1.94666,-1.96189,-2.00908
10924,0,4,0.965427,0.00786187,0.0044015,0.0223091,-0.238154,-0.442106,-0.99896,-0.971669
10925,3,0,0.0144966,0.718548,0.00823573,0.25872,-0.844797,0.220342,-0.765397,-0.785082
10926,0,0,0.987202,0.00908294,0.000270821,0.00344413,0.10572,-0.39927,-1.10778,-0.893668
10927,0,1,0.848513,0.13899,0.00621813,0.00627915,1.87654,-1.75774,-1.52921,-1.74919
10928,0,0,0.997991,0.00143451,0.00022085,0.000353607,1.39499,-0.852584,-1.99828,-2.28485
10929,0,1,0.998314,0.000999818,0.000297282,0.000389247,0.951336,-1.28742,-1.53349,-1.41616
10930,1,3,0.181291,0.105167,0.0102202,0.703322,-0.216821,-0.152424,-1.12466,-0.837218
10931,0,3,0.938811,0.059491,0.000525362,0.00117242,1.1383,-0.93429,-1.22472,-1.47859
10932,0,0,0.998441,0.000871316,0.000174104,0.000513723,4.29536,-3.85206,-2.03594,-2.93941
10933,0,2,0.997169,0.00189978,0.000222834,0.000708164,1.43995,-1.78747,-1.54817,-1.21226
10934,0,2,0.997851,0.00109865,0.000194112,0.000856464,3.20017,-2.50015,-2.19152,-2.74768
10935,1,4,0.445265,0.531873,0.00109084,0.0217715,-0.709745,0.664924,-1.34389,-0.751757
10936,0,2,0.997676,0.00107511,0.000223383,0.00102587,3.06339,-3.06977,-1.85786,-2.29685
10937,1,1,0.0121409,0.985537,0.000365239,0.00195718,0.163877,-0.00535014,-1.18578,-1.76478
10938,0,3,0.964611,0.0312505,0.000500209,0.00363877,-0.846533,0.802608,-1.5782,-1.4749
10939,0,1,0.998335,0.000962475,0.000279277,0.000423358,1.24147,-1.06866,-1.1128,-2.05011
10940,0,0,0.998072,0.00143252,0.000159708,0.000336126,1.50051,-1.34214,-1.46763,-2.1632
10941,0,3,0.996516,0.00207396,0.000278224,0.00113201,1.63688,-1.85146,-1.56773,-1.22156
10942,0,2,0.947262,0.0420487,0.000404851,0.0102844,0.930416,-0.934013,-1.13095,-1.45871
10943,1,1,0.0110994,0.985447,0.000467105,0.00298699,-0.385472,0.413788,-1.19203,-1.58436
10944,0,2,0.996934,0.0012708,0.000296292,0.00149883,2.09271,-2.74838,-1.69585,-1.56934
10945,1,3,0.848737,0.079632,0.00274925,0.0688821,1.84088,-1.73395,-1.22958,-1.54501
10946,2,4,0.00633006,0.00174838,0.988886,0.00303571,-1.05815,-1.86418,0.66454,-1.15364
10947,0,4,0.993822,0.00190174,0.000523473,0.00375263,1.3648,-1.61855,-0.6171,-1.54057
10948,1,3,0.141081,0.832743,0.000757882,0.0254182,-0.527848,0.317506,-1.56345,-0.937808
10949,0,4,0.920643,0.0345441,0.00138684,0.0434259,-0.0407336,-0.00950158,-1.21007,-1.3066
10950,0,0,0.976628,0.011276,0.000478553,0.011617,1.05216,-1.92782,-1.46564,-0.522555
10951,0,0,0.998468,0.00102569,0.000211249,0.000295591,1.52332,-1.693,-1.35206,-1.971
10952,0,2,0.997292,0.00199217,0.000172214,0.000543035,2.1066,-1.86231,-1.72034,-1.85276
10953,0,2,0.997874,0.00135007,0.000155977,0.000619922,1.5506,-1.85962,-1.34144,-1.42093
10954,1,4,0.914836,0.0793929,0.00133569,0.00443551,-0.436276,0.402491,-0.911144,-1.29884
10955,2,1,0.00330428,0.00373329,0.990633,0.0023294,-1.42443,0.168072,-0.277917,-1.34412
10956,2,0,0.72086,0.227272,0.00265629,0.0492111,-0.823135,0.0331239,-0.765517,-0.723528
10957,0,2,0.99778,0.0011809,0.000201044,0.0008382,1.64179,-1.62004,-2.22342,-1.82589
10958,3,0,0.0131471,0.674319,0.00169117,0.310843,-0.637224,0.133429,-1.17547,-0.780454
10959,0,4,0.997967,0.000854058,0.000233259,0.000945356,2.2101,-2.61928,-1.58715,-1.69669
10960,0,2,0.99758,0.00143112,0.000234997,0.000754147,2.77287,-2.69991,-1.83964,-2.31624
10961,0,2,0.439933,0.553959,0.000628664,0.00547877,1.26645,-1.11409,-1.87365,-2.2638
10962,1,4,0.00549099,0.991677,0.000635008,0.002197,-0.458117,0.594892,-1.60792,-1.23845
10963,0,4,0.988935,0.00929138,0.000326608,0.0014467,1.4968,-2.01275,-1.38215,-1.46969
10964,3,4,0.627361,0.33189,0.000613751,0.0401352,-0.438751,-0.276364,-0.761554,-0.743554
10965,0,2,0.997795,0.00114682,0.000209056,0.000848922,2.12545,-1.73522,-1.55312,-2.13838
10966,0,2,0.997423,0.00115651,0.00024432,0.00117587,1.56049,-1.78634,-1.5422,-1.22405
10967,2,1,0.0070203,0.00299297,0.988385,0.00160202,-0.532163,-1.12996,0.65573,-2.2002
10968,0,1,0.994066,0.00240931,0.00269304,0.000831824,-0.386778,-1.63287,0.640503,-1.99516
10969,0,4,0.995447,0.00202572,0.000335242,0.00219247,0.899037,-1.2269,-1.6071,-1.38533
10970,0,4,0.788458,0.196646,0.00118309,0.0137127,0.447491,-0.505603,-1.54173,-1.28101
10971,0,2,0.934276,0.0624095,0.00068993,0.00262419,0.868551,-0.809608,-1.35557,-1.66215
10972,0,0,0.998298,0.00112301,0.000242157,0.00033686,0.768721,-0.827875,-1.4192,-1.58616
10973,0,3,0.997739,0.00134857,0.000213167,0.00069963,2.62105,-3.28116,-1.56751,-1.60205
10974,0,2,0.997515,0.00141435,0.000197103,0.000873915,1.27341,-1.4076,-2.114,-1.34043
10975,0,2,0.962323,0.00922474,0.00151623,0.0269365,0.191429,-0.586947,-1.23373,-1.31688
10976,2,2,0.00456449,0.00350656,0.988547,0.00338212,-1.19367,-0.532468,0.251891,-0.480062
10977,0,1,0.996694,0.00162023,0.000335662,0.00134979,1.2931,-1.46067,-1.71966,-1.12682
10978,0,3,0.986793,0.00785354,0.000417647,0.00493626,0.589331,-1.1923,-1.03586,-0.738162
10979,1,2,0.0176274,0.908538,0.00144553,0.0723888,-1.33805,0.562677,-1.1359,-0.318887
10980,0,2,0.996142,0.0029755,0.000211169,0.000671095,0.808803,-1.11208,-1.7169,-1.54083
10981,0,1,0.997584,0.00141583,0.000306495,0.0006934,2.59116,-2.27861,-1.74807,-2.20519
10982,0,3,0.998508,0.000740249,0.000167446,0.000583872,1.85004,-2.05838,-1.49884,-1.36332
10983,3,0,0.969491,0.0202048,0.00161654,0.00868786,0.839351,-1.21875,-1.32191,-0.779062
10984,0,4,0.998221,0.00096802,0.00018385,0.000627447,1.11171,-1.20701,-1.19608,-1.43454
10985,0,1,0.997591,0.00130052,0.000232262,0.000876546,1.24144,-1.57513,-2.23338,-1.26413
10986,0,1,0.996506,0.00117479,0.000525913,0.00179309,1.66461,-2.28255,-1.74706,-1.59594
10987,0,4,0.966346,0.0164493,0.00107335,0.0161311,0.80475,-1.64322,-1.62417,-0.899404
10988,0,0,0.998579,0.000863811,0.000207592,0.000349694,2.09527,-2.0999,-1.63305,-1.8342
10989,0,2,0.997584,0.00114994,0.000252609,0.00101383,3.00117,-2.42307,-1.60813,-2.46595
10990,0,4,0.282521,0.0300111,0.00907276,0.678395,0.244119,-1.01883,-1.30138,-0.280329
10991,0,0,0.992499,0.00471208,0.000491103,0.0022976,2.39887,-2.24109,-1.4608,-2.20323
10992,1,4,0.0112797,0.985212,0.000642055,0.00286627,-0.963713,1.01168,-0.96086,-1.44747
10993,3,3,0.0344939,0.926729,0.00133468,0.0374422,-0.524375,0.674155,-0.778576,-1.33177
10994,0,2,0.997672,0.00128925,0.000212737,0.000825922,2.21219,-1.58703,-2.0904,-3.04531
10995,1,4,0.0187831,0.978321,0.000466452,0.00242976,-0.171307,0.571512,-1.58427,-1.61111
10996,0,4,0.998251,0.000925526,0.000207929,0.00061533,2.49168,-2.33268,-1.45977,-2.3055
10997,0,2,0.0695246,0.922088,0.000448312,0.00793877,-0.181207,0.0938306,-1.5004,-1.33074
10998,1,4,0.10244,0.891015,0.0020667,0.00447897,-0.15606,-0.253351,-1.05132,-0.857155
10999,0,3,0.99822,0.00132377,0.000156642,0.000299586,0.728426,-1.2883,-1.02284,-1.26309
11000,0,3,0.998199,0.000965168,0.000240719,0.000594623,3.33158,-3.28847,-1.68234,-2.37632
11001,0,0,0.0180753,0.979198,0.000371495,0.00235481,-0.831985,0.829106,-1.72193,-1.46061
11002,3,0,0.0799274,0.0560988,0.00414849,0.859825,-0.0557721,-0.827512,-1.05876,0.162088
11003,0,0,0.997182,0.00172052,0.000156785,0.000940929,0.660368,-0.691741,-1.42409,-1.57007
11004,0,1,0.998419,0.000869597,0.000263405,0.000448067,1.13975,-0.933876,-1.30811,-1.61748
11005,1,1,0.00856223,0.962965,0.00115877,0.0273139,-1.20915,0.935143,-1.63695,-0.917015
11006,0,0,0.881162,0.109968,0.00082579,0.00804421,-0.84481,0.313019,-1.21418,-0.508496
11007,0,0,0.993563,0.00445302,0.000398912,0.00158545,2.85625,-2.70268,-1.80085,-2.44814
11008,0,1,0.491301,0.505908,0.000636749,0.00215409,0.426315,-0.264289,-1.2933,-1.72874
11009,0,3,0.998433,0.000943952,0.000190469,0.000432595,2.23285,-2.07939,-1.55315,-2.15648
11010,0,4,0.98288,0.0119394,0.000579807,0.0046008,1.18818,-1.53829,-1.41935,-1.40244
11011,0,1,0.0883443,0.905412,0.00177192,0.00447203,-0.456327,0.464481,-1.31937,-1.55124
11012,3,0,0.239876,0.0904043,0.0173511,0.652369,-0.091419,-1.16262,-1.17875,-0.095289
11013,0,2,0.983304,0.0137204,0.000365838,0.00260981,0.388234,-0.902739,-1.4527,-0.298408
11014,0,0,0.998574,0.000805944,0.000145489,0.000474253,3.96953,-3.55535,-2.14396,-2.87748
11015,0,0,0.998289,0.000999793,0.000171714,0.000539348,2.16074,-2.04414,-1.56421,-1.6287
11016,0,1,0.998058,0.00120452,0.000239747,0.000497727,1.00993,-0.722438,-1.53114,-2.77889
11017,0,4,0.99832,0.000630581,0.000225721,0.000823237,4.87998,-4.41276,-2.43795,-2.96167
11018,0,0,0.998223,0.000910261,0.000212854,0.000654357,2.5181,-3.18143,-1.5075,-1.74127
11019,0,0,0.997222,0.00166603,0.000181172,0.000930913,1.43589,-1.51041,-1.04284,-1.50533
11020,0,0,0.997543,0.00137624,0.000230443,0.000850367,1.81281,-2.17663,-1.69666,-1.7756
11021,0,3,0.846877,0.0466821,0.00231454,0.104127,-0.0922892,-0.761723,-1.72274,-0.249698
11022,3,3,0.996388,0.00156684,0.000229279,0.00181579,1.70055,-2.02108,-1.13803,-1.56698
11023,2,2,0.012418,0.00616838,0.975464,0.00594948,-1.24354,-0.297012,-0.100833,0.09926
11024,0,1,0.998339,0.000832957,0.000290403,0.000537272,1.87274,-2.10285,-1.58214,-1.60922
11025,0,2,0.991495,0.00724911,0.000179429,0.00107683,0.263273,-0.214807,-1.33829,-1.49196
11026,0,3,0.984696,0.0102963,0.000605199,0.00440252,0.12198,-0.378074,-1.57349,-1.40965
11027,0,2,0.997514,0.0017211,0.000204155,0.000560398,1.43844,-1.04103,-1.77828,-2.27899
11028,0,2,0.99364,0.00267355,0.000342569,0.00334357,2.05513,-1.96545,-1.81938,-1.40186
11029,0,0,0.990455,0.00723179,0.000275992,0.00203733,2.10013,-1.75596,-1.95726,-1.81078
11030,0,2,0.997167,0.00136502,0.000255479,0.00121289,0.895842,-1.10984,-1.31874,-1.04482
11031,0,3,0.0616388,0.934528,0.000591442,0.00324132,0.166077,0.124298,-1.88432,-2.03408
11032,0,2,0.997324,0.00153497,0.000241449,0.000899724,2.88026,-2.60224,-2.00714,-2.66093
11033,1,4,0.0175402,0.249334,0.0130603,0.720065,-0.70311,-1.0155,-1.4108,1.13356
11034,1,2,0.0182751,0.978246,0.00077351,0.00270509,-0.646869,0.561827,-1.1186,-1.43555
11035,1,2,0.997739,0.00126563,0.000207012,0.000788153,1.39576,-1.54521,-1.75535,-1.2473
11036,0,3,0.0128901,0.983917,0.000299358,0.00289342,-0.459654,0.657244,-1.3175,-1.46557
11037,0,0,0.998673,0.000815525,0.000180024,0.000331115,2.17132,-2.55315,-1.66603,-1.68717
11038,2,2,0.00520635,0.00286681,0.989252,0.00267477,-1.2133,-2.01547,1.4993,-1.38476
11039,1,4,0.810612,0.185704,0.000827845,0.0028558,0.761099,-0.48474,-1.37064,-1.85149
11040,0,2,0.997511,0.00120504,0.000254075,0.00102972,2.89797,-3.31424,-1.64295,-2.1662
11041,1,3,0.327626,0.532829,0.0116005,0.127944,-0.284469,-0.488578,-1.06324,-0.226559
11042,0,4,0.989922,0.00856085,0.000266315,0.00125082,-0.202947,-0.612445,-1.13648,-0.144545
11043,1,4,0.481015,0.354678,0.00283242,0.161474,0.420503,-0.652471,-0.728998,-0.804122
11044,0,0,0.996243,0.00220066,0.000296666,0.00126003,2.05494,-1.88192,-1.76923,-1.96389
11045,0,1,0.983133,0.00315056,0.00102584,0.012691,1.53737,-2.43763,-1.39408,-0.950326
11046,0,0,0.99853,0.000842113,0.000158228,0.000469623,3.47422,-3.86079,-2.1827,-2.21091
11047,2,1,0.0062584,0.00482903,0.985359,0.00355376,-1.31885,-1.26363,0.961543,-0.982869
11048,0,2,0.993638,0.00512078,0.000236827,0.0010049,1.45844,-1.36488,-1.54688,-1.4653
11049,0,4,0.997772,0.000951654,0.000269477,0.00100711,0.516873,-1.65097,-1.51023,-0.297333
11050,0,1,0.998065,0.00131776,0.000187813,0.00042907,1.2011,-1.09493,-1.46423,-2.3153
11051,0,4,0.992564,0.00558927,0.000353061,0.00149372,0.907333,-0.72349,-1.25129,-1.6404
11052,0,0,0.99821,0.000925488,0.000300169,0.000564084,1.62723,-1.30421,-1.83385,-2.11272
11053,1,4,0.00709532,0.979147,0.000848657,0.0129093,-0.636884,0.74759,-1.36733,-1.44707
11054,1,2,0.0691834,0.900695,0.00143586,0.0286854,-0.248391,0.407265,-1.51881,-1.26212
11055,1,1,0.0367411,0.93624,0.00140209,0.0256166,-0.618774,0.299485,-1.19194,-0.635083
11056,0,0,0.41921,0.0116053,0.00507492,0.564109,-0.612316,-1.6088,-0.924022,0.957774
11057,0,2,0.973399,0.00491704,0.00108119,0.0206032,1.113,-1.0976,-1.3209,-1.06848
11058,1,1,0.0358854,0.165026,0.323613,0.475475,0.312704,-1.23216,-0.741296,-0.361067
11059,0,0,0.998423,0.00088071,0.000186783,0.000509716,3.3489,-3.22091,-1.9374,-2.25683
11060,0,2,0.993045,0.00567518,0.000221479,0.00105868,0.770748,-0.51003,-1.8167,-1.48252
11061,0,3,0.997662,0.00136837,0.000244378,0.000725316,0.966595,-0.834448,-1.52408,-1.84764
11062,0,0,0.98621,0.00950928,0.000685494,0.00359524,0.822809,-1.03987,-1.17775,-1.04289
11063,0,2,0.995308,0.00287452,0.00022592,0.00159134,0.981228,-0.891351,-1.25238,-1.30156
11064,1,4,0.994197,0.00497937,0.000266422,0.000557444,0.366673,0.00193971,-1.2777,-2.12586
11065,0,4,0.997976,0.000937092,0.000291434,0.0007953,1.82494,-2.09196,-1.72984,-1.30693
11066,3,1,0.15587,0.0286786,0.00787098,0.80758,-0.985176,-1.06827,-0.829135,0.42175
11067,0,0,0.917468,0.0803242,0.000310797,0.00189644,2.31899,-2.63396,-1.37192,-1.28579
11068,1,0,0.0348664,0.957443,0.00161843,0.00607219,-0.182501,0.247237,-1.69506,-1.14716
11069,0,2,0.997105,0.00132682,0.000245677,0.00132294,2.09209,-2.73307,-1.30875,-1.44049
11070,2,0,0.0103175,0.0186098,0.959174,0.0118986,-1.49161,0.0176336,0.432092,-1.59458
11071,1,1,0.614793,0.365322,0.00729867,0.0125864,-0.0945251,-0.704916,-0.634701,-0.737158
11072,0,1,0.997104,0.00156796,0.000280572,0.00104755,1.87887,-1.92142,-1.76583,-2.04929
11073,0,4,0.998369,0.000872957,0.000244551,0.000513686,1.60586,-1.32398,-1.54531,-1.90786
11074,0,1,0.997714,0.00126436,0.000445135,0.000576048,0.482774,-0.446415,-1.67116,-1.53221
11075,0,2,0.649737,0.026069,0.00567649,0.318517,0.936396,-1.54875,-1.47237,-0.929802
11076,1,0,0.0256042,0.949392,0.000766998,0.0242363,-0.575133,0.545765,-1.33671,-1.15514
11077,0,2,0.99613,0.00304454,0.000157233,0.00066847,1.80977,-1.47195,-1.95983,-2.70517
11078,2,3,0.00235449,0.00104889,0.993512,0.00308436,-1.68681,-2.22536,2.06325,-1.79459
11079,0,3,0.959193,0.0388628,0.00021185,0.00173271,0.380608,-0.223891,-1.2402,-2.0204
11080,0,4,0.990159,0.00488346,0.0003786,0.00457864,0.532902,-1.11159,-1.53243,-0.62524
11081,1,4,0.00692465,0.989305,0.00092895,0.00284187,-1.36158,0.995443,-1.52185,-0.662397
11082,3,1,0.0461961,0.912262,0.000964993,0.0405768,-0.378418,0.185928,-1.40424,-0.8328
11083,0,0,0.998264,0.00109055,0.000245004,0.000400799,1.55308,-1.78645,-1.48643,-1.30175
11084,1,2,0.0168986,0.978788,0.000410233,0.00390361,-0.677069,0.642114,-1.30164,-1.32817
11085,3,1,0.106994,0.0530435,0.418443,0.421519,0.0333948,-0.81506,-1.10563,-0.373226
11086,1,4,0.198749,0.790686,0.00065138,0.00991446,-0.728373,0.827608,-1.15843,-1.58351
11087,1,4,0.0745252,0.9213,0.000398396,0.00377619,-1.54211,1.44255,-1.60545,-1.62231
11088,2,4,0.00446561,0.00191876,0.991034,0.00258197,-1.49594,-1.49313,1.35199,-1.27243
11089,1,2,0.0147513,0.977852,0.000444011,0.00695228,-1.03965,1.00349,-2.20135,-1.35669
11090,0,3,0.997575,0.0016585,0.000239631,0.000526477,0.918965,-0.5816,-1.71847,-2.10509
11091,0,2,0.996444,0.00265244,0.000301987,0.000601748,1.47727,-1.58682,-1.04832,-1.86791
11092,0,2,0.997626,0.00119931,0.000204577,0.000970282,2.44886,-1.71321,-1.87577,-2.54579
11093,1,3,0.103609,0.892423,0.000752628,0.00321544,-0.379722,0.368107,-1.35727,-1.36932
11094,0,4,0.897346,0.0943029,0.000654938,0.00769563,-0.445177,0.633934,-1.5663,-1.35586
11095,1,3,0.0875851,0.431807,0.00217486,0.478433,-0.272712,-0.452482,-0.690875,-0.429096
11096,0,0,0.992556,0.00647491,0.000293841,0.000675241,0.231105,-0.613427,-0.568008,-1.76177
11097,0,0,0.997371,0.00130532,0.000251079,0.00107268,1.90724,-1.7876,-1.4167,-1.66253
11098,1,2,0.0460915,0.950507,0.000361315,0.00304006,-0.687257,0.46921,-1.1337,-1.41104
11099,0,0,0.998378,0.000885846,0.000235645,0.000500812,2.99089,-3.38791,-1.59417,-2.29808
11100,0,4,0.997988,0.00118461,0.000272712,0.000555215,0.621957,-0.55805,-1.57188,-2.04126
11101,0,3,0.47673,0.519511,0.000477448,0.00328194,0.123691,-0.081139,-1.48297,-1.60709
11102,3,3,0.0414757,0.738411,0.00290211,0.217211,0.301544,-0.492152,-1.32618,-1.3056
11103,1,2,0.0145402,0.976712,0.00412233,0.00462581,-0.766892,0.941307,-0.931313,-1.57615
11104,2,0,0.00167788,0.00105513,0.994555,0.00271152,-0.481499,-1.79615,1.40486,-1.44682
11105,0,1,0.391774,0.603246,0.000753353,0.00422656,0.389246,-0.958425,-1.35488,-0.620759
11106,0,0,0.612799,0.273793,0.00180912,0.111599,0.275783,-0.0832328,-1.65784,-1.27612
11107,1,0,0.709448,0.287765,0.000694058,0.00209241,-0.996716,1.26651,-1.73088,-1.72465
11108,0,1,0.996088,0.00142202,0.000325773,0.00216409,0.503427,-1.2158,-1.20942,-1.03528
11109,1,1,0.00933695,0.945906,0.0010104,0.0437465,-1.76013,1.58101,-1.41404,-1.01828
11110,0,1,0.99704,0.0015137,0.000328642,0.00111722,1.05822,-1.07318,-2.01806,-1.44612
11111,0,3,0.998368,0.000886703,0.000223538,0.000521775,2.63035,-2.56094,-1.34799,-2.2474
11112,1,2,0.0150053,0.977331,0.000434341,0.0072289,-0.608243,0.105195,-1.34534,-0.602653
11113,1,0,0.12708,0.863361,0.000452099,0.00910729,0.398333,-0.359402,-1.44674,-1.70226
11114,0,1,0.376599,0.604749,0.00122586,0.0174256,0.20397,-0.367925,-1.41767,-1.27402
11115,2,2,0.00534418,0.00282445,0.989983,0.0018487,-2.22964,-1.84244,2.61888,-2.41023
11116,0,4,0.99844,0.000787168,0.000184971,0.000587837,2.11202,-1.82345,-1.4772,-2.73286
11117,0,4,0.998073,0.00126112,0.000142047,0.000523663,1.87697,-1.73365,-1.69965,-2.41684
11118,2,0,0.00704716,0.0308064,0.952295,0.00985113,-0.991678,-0.739024,0.623637,-1.58983
11119,1,2,0.579858,0.411985,0.000610984,0.00754577,-0.644243,0.264513,-1.22813,-0.864172
11120,3,1,0.8945,0.0534964,0.00471228,0.0472912,1.22664,-1.5958,-1.61015,-1.07002
11121,0,1,0.998126,0.000978382,0.00033158,0.000564037,1.99563,-1.71133,-2.06756,-1.87521
11122,0,0,0.995436,0.00383286,0.000370351,0.000360362,0.33957,-0.0863585,-1.56221,-2.70858
11123,0,3,0.998484,0.000852,0.000188259,0.000476065,3.33142,-3.3722,-1.55454,-2.20662
11124,1,4,0.0227288,0.742454,0.00164969,0.233168,-0.841615,0.149396,-0.906385,-0.441594
11125,0,3,0.998486,0.000926648,0.000172083,0.000415233,2.91338,-2.68695,-1.63244,-2.15551
11126,1,1,0.112399,0.294707,0.00335481,0.589539,-1.22057,0.760106,-1.1335,-0.826145
11127,2,2,0.0110996,0.119799,0.838093,0.0310083,-1.15177,-0.259915,0.0639688,-0.853791
11128,0,0,0.578567,0.0817682,0.00383417,0.335831,-1.27004,0.495179,-1.3545,-0.351819
11129,0,2,0.972911,0.0243683,0.000325103,0.00239518,1.80398,-1.39039,-1.40317,-2.24453
11130,0,4,0.971714,0.0196677,0.000971279,0.00764716,0.708808,-1.14908,-1.54037,-0.624549
11131,0,1,0.244713,0.732722,0.00216105,0.0204036,-0.423226,0.0352536,-1.27585,-0.937115
11132,0,4,0.998351,0.00083378,0.000225287,0.000589509,1.46958,-1.18516,-1.98691,-1.80931
11133,0,1,0.995705,0.00352678,0.000269445,0.000498497,0.845726,-0.744956,-1.37774,-1.84774
11134,0,3,0.998486,0.000899893,0.000184258,0.00043009,2.54307,-2.4298,-2.0752,-2.12276
11135,2,0,0.00239275,0.00260748,0.991097,0.00390283,-1.1819,-0.834859,0.619864,-1.14908
11136,0,2,0.997538,0.00132222,0.000258083,0.00088165,2.26805,-2.33094,-1.35669,-2.13292
11137,0,4,0.340819,0.21839,0.0282782,0.412513,0.408014,-1.06257,-1.15121,-0.584905
11138,1,1,0.0219461,0.963795,0.00108314,0.013176,0.00914295,0.0300628,-1.66522,-1.65407
11139,1,4,0.00577472,0.98983,0.000553913,0.00384116,-0.240722,-0.0395244,-1.27906,-0.985017
11140,2,2,0.00467799,0.00248083,0.991111,0.00173021,-2.13751,-0.809441,1.53104,-1.95341
11141,0,4,0.273364,0.717411,0.000798411,0.00842593,-0.118901,-0.10449,-1.47407,-1.15517
11142,0,0,0.880705,0.0833405,0.00469429,0.0312601,0.943753,-1.33991,-1.65061,-0.584426
11143,0,4,0.494831,0.276088,0.00875005,0.220332,-0.733293,0.0173665,-0.983582,-0.646094
11144,0,3,0.99786,0.00149291,0.000249735,0.000397519,0.499703,-0.225849,-1.66227,-1.98851
11145,0,2,0.745025,0.242821,0.0022189,0.00993472,0.267603,-0.419454,-1.80984,-0.855451
11146,0,3,0.997777,0.00154168,0.000263751,0.000417376,1.39213,-1.20601,-1.65663,-1.95823
11147,0,0,0.707195,0.218865,0.0038664,0.0700731,0.6507,-1.71294,-1.15838,-0.699619
11148,0,4,0.993583,0.00299114,0.000411583,0.0030146,2.39259,-2.54947,-1.37335,-1.94797
11149,3,3,0.430472,0.546297,0.00143025,0.0218013,-0.0578338,-0.894266,-1.37204,-0.066344
11150,1,2,0.0578675,0.920578,0.00143356,0.0201209,-0.529932,0.605432,-2.00264,-0.972563
11151,0,3,0.991682,0.00752001,0.000183361,0.000614273,1.01728,-1.6543,-0.615769,-1.24215
11152,0,2,0.997517,0.00149386,0.000260101,0.000729472,1.38262,-1.49074,-1.80117,-2.09977
11153,0,3,0.997763,0.00163709,0.000185932,0.000414122,1.29584,-1.64303,-1.85723,-1.34531
11154,0,3,0.998138,0.00133992,0.000130869,0.000390702,1.09599,-0.831763,-1.629,-1.97493
11155,1,1,0.022828,0.974471,0.000518318,0.0021822,-1.5809,1.18829,-1.51269,-0.605017
11156,0,4,0.0964851,0.889864,0.000889466,0.0127616,-0.337245,0.37453,-1.73049,-1.38126
11157,0,4,0.997472,0.000914922,0.000276324,0.00133641,0.712352,-1.43816,-1.79872,-0.855492
11158,0,4,0.997795,0.000986692,0.000174332,0.00104419,1.20945,-1.00934,-1.33635,-1.69435
11159,1,0,0.237869,0.758904,0.000474697,0.00275312,0.152616,-0.0162495,-1.23687,-1.94811
11160,0,4,0.998313,0.000948459,0.000221353,0.000516676,1.92724,-1.62167,-1.30927,-2.38479
11161,0,3,0.84845,0.143602,0.000344665,0.00760319,1.8424,-1.66106,-1.8967,-2.28654
11162,1,0,0.0130305,0.980294,0.00351827,0.00315684,-0.497798,1.29906,-1.31599,-2.54391
11163,0,3,0.998263,0.00102348,0.000230159,0.000483456,1.73996,-2.02607,-1.4022,-1.16683
11164,2,4,0.0049312,0.00816599,0.982898,0.00400513,-2.37124,-1.10336,1.88607,-1.38308
11165,1,0,0.0207277,0.977012,0.000207114,0.00205332,-0.969294,0.959323,-1.62143,-1.53239
11166,2,1,0.00539804,0.00212425,0.990243,0.00223491,-1.21769,-2.20397,2.44884,-2.04152
11167,0,1,0.998466,0.000839596,0.000227969,0.000465939,2.56558,-2.6306,-2.03147,-2.07942
11168,0,0,0.998096,0.00128101,0.000274345,0.000348842,0.528878,-0.291597,-1.62168,-2.27934
11169,0,1,0.994347,0.00474975,0.000179946,0.000722906,2.29581,-1.76991,-1.66323,-2.24671
11170,1,2,0.86883,0.119668,0.000500655,0.0110012,0.970016,-1.5649,-1.60852,-0.770444
11171,0,0,0.997915,0.00155703,0.000246357,0.000281349,2.0387,-1.36235,-1.76788,-2.54963
11172,0,4,0.996262,0.00150075,0.000264898,0.0019727,2.36416,-2.13594,-1.3148,-1.94704
11173,0,0,0.994058,0.00443787,0.000391391,0.00111279,0.596884,-0.243328,-1.27501,-2.00387
11174,0,2,0.31929,0.662863,0.000742039,0.0171045,-0.846814,0.452663,-0.95081,-0.814633
11175,0,2,0.997697,0.00121828,0.000185557,0.000899183,1.64839,-1.52439,-1.92636,-1.83782
11176,0,3,0.75263,0.204156,0.00161453,0.0415986,0.223365,-1.1503,-1.02425,-0.786933
11177,0,2,0.997506,0.00150556,0.000204154,0.000784131,1.3801,-1.58655,-1.398,-1.49123
11178,1,0,0.0892151,0.902802,0.00043467,0.00754831,0.804607,-0.18907,-2.11795,-1.9097
11179,0,4,0.763636,0.229733,0.00068555,0.00594543,-0.312906,0.161637,-1.58724,-1.36733
11180,0,2,0.984948,0.00895225,0.000657105,0.00544309,0.483025,-0.718671,-1.06604,-1.45044
11181,3,0,0.9354,0.0581,0.0014652,0.00503476,1.09397,-0.810381,-1.45149,-1.67289
11182,0,4,0.614349,0.367203,0.0029468,0.0155006,1.76639,-1.86382,-1.57558,-1.54222
11183,0,3,0.713562,0.264822,0.0032216,0.0183948,-0.212497,0.267752,-1.35141,-1.08604
11184,0,3,0.924804,0.0706202,0.000584145,0.00399191,-0.438397,0.342647,-1.49994,-1.13257
11185,0,3,0.997812,0.00159534,0.000176734,0.000415764,2.02522,-1.52519,-1.88418,-2.2386
11186,0,3,0.996342,0.00314109,0.000204314,0.000312761,0.280186,-0.290602,-1.86003,-1.25825
11187,0,0,0.994246,0.00187305,0.000347497,0.00353367,2.33199,-2.39015,-1.38366,-1.60719
11188,0,3,0.997909,0.0013554,0.000208672,0.000526653,1.46616,-0.841916,-2.10812,-2.10749
11189,0,0,0.998453,0.000938456,0.000171407,0.000436849,1.81848,-1.80936,-1.10396,-2.17808
11190,1,4,0.0274279,0.961805,0.00131919,0.00944764,-0.0355671,-0.116861,-1.33983,-1.11181
11191,0,4,0.996874,0.00140794,0.000406544,0.00131106,1.59,-2.15924,-0.596346,-1.02692
11192,1,0,0.938024,0.0554594,0.000336278,0.00617998,1.21289,-1.37987,-1.50337,-1.39431
11193,0,0,0.997619,0.001375,0.000166319,0.000839703,2.45619,-2.81273,-1.71631,-2.20329
11194,1,0,0.975549,0.0215001,0.000408876,0.00254163,-0.2732,-0.304653,-1.29977,-0.505099
11195,0,4,0.998419,0.0010613,0.000142374,0.000377311,0.814068,-0.692942,-1.86674,-2.4222
11196,0,2,0.997657,0.00108989,0.000233186,0.00101986,3.59284,-3.8669,-2.14787,-2.41069
11197,0,1,0.998451,0.000804272,0.000266519,0.000477913,2.31287,-3.00946,-1.02747,-2.05007
11198,0,4,0.986653,0.00791015,0.000539345,0.00489716,1.08562,-1.07247,-1.52593,-1.28405
11199,0,4,0.985255,0.00876042,0.000326028,0.00565891,2.03873,-2.34928,-1.69608,-1.9145
11200,0,4,0.660838,0.245854,0.0720033,0.0213049,0.244164,-0.834616,-0.893444,-0.711249
11201,0,3,0.992575,0.00561395,0.000245518,0.00156542,-0.193177,-0.181893,-1.21138,-1.1318
11202,0,4,0.983137,0.0141078,0.000379604,0.00237586,1.25939,-1.15046,-1.82393,-1.65459
11203,1,2,0.0466011,0.613249,0.00280135,0.337348,-0.278055,0.298604,-1.17363,-1.27027
11204,0,3,0.998421,0.000887617,0.000198054,0.000493069,2.13706,-1.75573,-1.28758,-2.3536
11205,0,4,0.997916,0.000926119,0.00022607,0.000931561,1.57136,-2.71809,-1.27463,-0.912975
11206,1,0,0.0531481,0.940235,0.00166887,0.00494837,0.162082,-0.615711,-1.27136,-0.823796
11207,0,4,0.973028,0.0200521,0.0011393,0.00578019,0.823665,-0.639316,-1.62428,-1.46538
11208,0,0,0.997954,0.00136743,0.000111481,0.0005667,2.59635,-2.56514,-2.10174,-2.08644
11209,2,3,0.0025984,0.00267826,0.991512,0.00321173,-0.994786,-0.973999,0.400957,-1.70791
11210,3,1,0.989545,0.002188,0.000656315,0.00761081,0.0173458,-1.31474,-1.23591,0.119093
11211,0,0,0.998443,0.00092842,0.000173426,0.000455135,2.32293,-2.03253,-2.29539,-2.36628
11212,0,0,0.0146594,0.983036,0.000280969,0.00202405,0.15153,-0.162654,-1.67233,-1.41986
11213,0,0,0.998566,0.000814641,0.000146629,0.0004724,2.95452,-3.03864,-1.44571,-2.42232
11214,1,1,0.194036,0.796439,0.000797639,0.0087275,0.035848,-0.504301,-1.18338,-0.699735
11215,0,3,0.992753,0.0056273,0.000248457,0.00137097,-0.266029,0.206468,-1.61517,-1.20103
11216,0,2,0.983545,0.0151621,0.000202479,0.00109033,0.485389,-0.698036,-1.6544,-1.00891
11217,0,3,0.997761,0.00146532,0.000241555,0.000531743,1.34289,-1.80763,-1.36096,-1.0256
11218,0,4,0.998291,0.000788589,0.000221348,0.000698651,1.19149,-1.22367,-1.52878,-1.35302
11219,0,4,0.998344,0.000690548,0.000268056,0.000697325,2.82061,-2.55338,-1.3919,-1.91606
11220,0,4,0.993759,0.00414541,0.000216504,0.00187946,0.38303,-0.251447,-1.90876,-1.12331
11221,0,0,0.998481,0.00085283,0.000149508,0.000516763,3.58068,-3.57458,-1.75851,-2.5327
11222,0,4,0.228917,0.705114,0.0163415,0.0496278,-0.61871,0.188871,-0.870332,-1.28902
11223,0,4,0.991173,0.00769955,0.000297471,0.000829404,1.07036,-0.787226,-1.68633,-2.08545
11224,1,1,0.399869,0.552459,0.000901595,0.046771,-0.29981,-0.14033,-1.61328,-0.727141
11225,0,1,0.995757,0.00142016,0.000490794,0.00233232,2.11806,-1.90514,-1.79025,-2.04078
11226,1,4,0.135784,0.818879,0.00607171,0.0392652,0.0121825,0.0117913,-1.67928,-1.10084
11227,3,2,0.580336,0.116671,0.00162369,0.301369,-0.0598269,-0.829,-1.2777,-0.280227
11228,0,2,0.997897,0.0013396,0.000179533,0.000583515,2.28267,-2.62829,-1.26257,-1.74406
11229,0,0,0.998457,0.0010029,0.000177541,0.000362162,1.6517,-1.27434,-1.70915,-2.37907
11230,0,4,0.998494,0.000694711,0.000227975,0.000583294,3.21238,-3.04877,-2.10148,-2.64848
11231,0,4,0.998268,0.000813603,0.000209564,0.000708944,2.65388,-3.26961,-1.92118,-1.64767
11232,0,4,0.955632,0.0415998,0.00130561,0.00146221,-0.396234,0.34402,-0.850947,-1.91036
11233,0,4,0.904121,0.0736732,0.000416997,0.0217884,-0.243057,-0.340259,-1.1365,-0.473605
11234,0,3,0.958888,0.0278747,0.00112494,0.012112,0.577023,-0.685271,-1.64049,-0.821807
11235,0,0,0.973541,0.0229179,0.000372246,0.00316895,0.534735,-0.578707,-1.11238,-1.72546
11236,0,4,0.997545,0.0009589,0.000202178,0.00129413,1.02059,-1.17374,-1.29579,-1.15385
11237,0,3,0.998203,0.00123206,0.000207919,0.000357153,0.618291,-0.300519,-1.45781,-2.31412
11238,0,3,0.997879,0.00155697,0.000189621,0.000374172,2.41248,-2.22744,-1.41451,-2.4201
11239,0,2,0.951123,0.0148859,0.00250475,0.0314866,0.760628,-1.66631,-1.27318,-0.585958
11240,0,4,0.996519,0.00133253,0.000260349,0.00188837,0.441546,-1.0917,-1.3575,-0.641282
11241,1,3,0.0324794,0.960846,0.000802458,0.00587178,-0.435688,0.257717,-1.31368,-0.880058
11242,0,2,0.988748,0.00477985,0.000569757,0.00590232,1.53438,-1.49836,-1.36947,-1.23021
11243,0,1,0.994191,0.00483795,0.000227881,0.000742829,2.31974,-2.10822,-1.80684,-2.11563
11244,0,1,0.997271,0.00158207,0.000390362,0.000756864,0.44673,-0.576598,-1.34988,-1.41515
11245,1,2,0.285746,0.499057,0.00315889,0.212038,-0.169914,-0.0225247,-0.788994,-1.07756
11246,0,3,0.992874,0.00293119,0.000489373,0.00370537,2.15466,-2.00406,-1.61003,-1.84397
11247,1,1,0.0711803,0.921279,0.000430759,0.00711002,0.0657513,-1.08557,-1.2493,0.106596
11248,0,2,0.997389,0.00157455,0.000214344,0.000821666,1.41352,-1.13772,-1.43718,-1.96907
11249,0,4,0.998346,0.000828905,0.000211637,0.000613588,1.76378,-1.69701,-1.92589,-1.87883
11250,0,1,0.997877,0.00145267,0.00020264,0.000467486,1.56813,-1.32224,-2.01914,-1.87635
11251,1,2,0.0202708,0.975749,0.000546033,0.00343423,-1.08797,0.854615,-1.13467,-1.47025
11252,0,4,0.998456,0.000701501,0.000239842,0.000602963,3.13636,-2.92816,-1.77593,-2.29473
11253,1,4,0.0400597,0.955976,0.000462073,0.00350208,0.774662,-0.11237,-1.66004,-1.98956
11254,0,1,0.979733,0.0146744,0.000988904,0.00460401,-0.434089,0.111017,-1.66202,-1.03768
11255,0,1,0.998269,0.00080885,0.000285323,0.000636737,3.71258,-3.40522,-1.91733,-2.56084
11256,0,3,0.998003,0.000969701,0.000181668,0.000845788,2.03762,-2.49994,-1.1351,-1.66179
11257,0,1,0.96442,0.0196048,0.000829388,0.0151457,0.160976,-0.495312,-1.5125,-0.490299
11258,0,1,0.998442,0.000899854,0.000236582,0.000421753,2.10323,-2.06227,-2.21235,-2.40229
11259,0,1,0.998228,0.000885713,0.000290938,0.000595802,3.04432,-2.76266,-1.70515,-2.57587
11260,0,0,0.997354,0.00131297,0.000213501,0.00111976,1.83401,-2.26669,-1.14175,-1.41415
11261,0,3,0.576617,0.419398,0.000875416,0.00310969,0.215576,-0.181137,-1.23528,-1.56403
11262,0,2,0.91203,0.0806317,0.000929602,0.00640876,1.00641,-1.08294,-1.61417,-1.40942
11263,0,2,0.986845,0.00588234,0.000577616,0.00669492,0.403423,-1.10545,-0.972813,-0.864354
11264,0,1,0.975618,0.0220977,0.000352498,0.00193182,0.711698,-1.02156,-1.62599,-1.88983
11265,0,4,0.966602,0.0275479,0.000492508,0.00535738,0.951358,-0.966245,-1.81953,-1.78633
11266,0,2,0.994274,0.00331643,0.000259763,0.00214963,1.33758,-1.38621,-1.32824,-1.55099
11267,0,0,0.998363,0.000891909,0.000194972,0.000550026,3.25603,-2.79874,-2.36687,-2.59733
11268,0,0,0.997297,0.00166778,0.000200554,0.000834528,1.07774,-1.31314,-1.89531,-0.907877
11269,0,2,0.995951,0.00219358,0.000412564,0.0014428,3.51948,-3.92636,-1.73106,-2.64768
11270,1,3,0.82321,0.166919,0.00177631,0.00809415,0.0545102,-0.89509,-1.1381,-0.589191
11271,1,3,0.0683031,0.928277,0.000776773,0.00264323,0.111457,-0.474345,-1.35989,-1.0366
11272,1,3,0.798649,0.198024,0.000474823,0.00285238,0.476478,-0.514667,-1.49532,-1.35744
11273,0,2,0.991115,0.0034175,0.000220617,0.00524681,1.09303,-1.46331,-1.66207,-0.95214
11274,0,1,0.998409,0.00089021,0.000244561,0.000456009,2.77893,-2.74132,-1.57419,-2.45814
11275,1,4,0.295353,0.629551,0.010468,0.0646275,-0.725734,-0.474151,-0.288662,-1.04275
11276,1,0,0.0534752,0.942332,0.000401174,0.00379139,-0.48514,0.646772,-1.37391,-1.36398
11277,0,2,0.98376,0.00311889,0.000979486,0.0121412,0.648596,-0.932052,-1.00066,-1.25814
11278,0,1,0.998292,0.000828051,0.000280906,0.000599342,2.1963,-2.21797,-1.67667,-1.38969
11279,3,1,0.0284953,0.0121247,0.780773,0.178607,-1.10317,-0.778434,-0.537496,0.176732
11280,0,2,0.997295,0.00116999,0.000242861,0.00129254,2.71826,-2.61681,-1.53418,-1.91064
11281,0,4,0.998135,0.000766449,0.000231935,0.000866806,1.67056,-2.68367,-1.7596,-1.03541
11282,0,1,0.913418,0.0678693,0.00218592,0.0165269,-0.00601005,-0.985431,-1.36403,-0.105588
11283,0,3,0.975183,0.0167872,0.000993972,0.00703561,1.02602,-1.31068,-1.60692,-1.59876
11284,0,0,0.998006,0.000978264,0.000288047,0.000727695,1.66134,-2.00083,-1.74079,-1.36861
11285,0,0,0.998048,0.00111835,0.000160329,0.000673693,2.02025,-2.50641,-1.92054,-1.49397
11286,0,3,0.934251,0.0638878,0.000374367,0.00148644,0.2695,-0.452617,-1.08331,-1.27058
11287,0,2,0.202736,0.77641,0.0012646,0.0195895,1.07045,-0.717679,-1.40395,-1.72736
11288,0,3,0.968125,0.0214383,0.00112035,0.00931668,0.570552,-0.995529,-1.55399,-1.70684
11289,0,0,0.997137,0.00183141,0.000228111,0.000803213,2.37884,-2.18822,-1.66288,-2.14202
11290,0,3,0.998331,0.000963411,0.000196112,0.000509669,1.58844,-1.14622,-1.95099,-2.20103
11291,0,1,0.996479,0.00265643,0.000255303,0.000608863,1.53538,-1.32502,-2.22195,-1.38272
11292,1,2,0.467134,0.520109,0.000971256,0.0117862,0.247707,0.0965871,-1.52575,-1.54633
11293,0,0,0.998404,0.00103974,0.000160386,0.000396185,0.575265,-0.679433,-1.72895,-1.44685
11294,0,2,0.921148,0.0751707,0.000596798,0.00308454,0.752525,-0.404026,-1.38499,-2.43371
11295,3,0,0.761301,0.225701,0.0015953,0.0114028,-0.230926,0.150543,-1.20453,-1.6774
11296,0,1,0.993496,0.00399139,0.000484921,0.00202768,0.0692667,-0.403754,-1.25488,-1.2638
11297,0,4,0.990218,0.00295781,0.000677609,0.00614657,0.134181,-0.128929,-1.36978,-1.62323
11298,0,2,0.99653,0.00262305,0.000272314,0.000574242,1.4167,-1.12206,-1.37956,-2.21105
11299,0,4,0.998076,0.00100545,0.000198373,0.00071997,0.663152,-0.84061,-1.50678,-1.43668
11300,0,1,0.998179,0.000809568,0.000302513,0.000708881,1.81355,-1.84185,-0.870756,-1.92881
11301,0,4,0.992373,0.00625695,0.000205497,0.00116422,1.41093,-1.33531,-1.4786,-1.5362
11302,0,3,0.355754,0.639173,0.000633915,0.00443909,-0.0624527,0.0876765,-1.01827,-1.45985
11303,0,4,0.98593,0.0092479,0.000418098,0.00440373,0.669008,-0.931406,-1.31133,-1.53991
11304,0,4,0.992947,0.00159845,0.000369425,0.00508484,1.08601,-1.58167,-1.46428,-1.3543
11305,0,0,0.998065,0.00138641,0.000249786,0.000298955,0.748932,-0.206156,-1.78781,-1.82756
11306,0,1,0.998219,0.00101845,0.000275453,0.000487226,0.944541,-0.498203,-1.62026,-2.14292
11307,0,2,0.991976,0.00266907,0.000334073,0.00502068,1.77132,-2.17742,-1.36391,-1.22953
11308,0,4,0.986974,0.0117745,0.000174815,0.00107716,0.82965,-0.48398,-1.5545,-1.58716
11309,0,0,0.998306,0.00117921,0.000150654,0.000364235,1.68958,-1.58251,-2.18359,-1.54259
11310,0,3,0.982917,0.0104396,0.000955977,0.00568699,0.769047,-1.26448,-1.40236,-0.906931
11311,0,3,0.997913,0.00109337,0.000151776,0.000841593,1.31648,-1.82282,-1.45459,-1.36993
11312,0,2,0.997744,0.00106577,0.000247279,0.0009433,3.07261,-2.83911,-1.54662,-2.3801
11313,0,2,0.993079,0.00525849,0.000187973,0.0014742,1.12978,-1.94723,-1.34243,-0.673754
11314,0,2,0.877772,0.0141879,0.00863905,0.0994012,1.10714,-1.2996,-1.22789,-1.00377
11315,0,1,0.996352,0.00134276,0.000312764,0.00199223,1.33127,-1.37231,-1.23292,-1.59458
11316,0,2,0.849261,0.145576,0.000640769,0.00452228,0.589158,-0.407397,-2.04967,-1.86765
11317,0,0,0.993368,0.00553538,0.000257004,0.000839398,1.88936,-2.05546,-2.09009,-1.41039
11318,0,4,0.995059,0.00177309,0.000359522,0.0028086,1.59899,-1.62899,-1.21608,-1.37611
11319,0,4,0.998221,0.000726431,0.000292075,0.00076055,2.21462,-2.19103,-1.01925,-2.30973
11320,0,1,0.997385,0.0016663,0.000191387,0.000756951,1.55943,-1.49184,-1.64964,-1.56752
11321,0,3,0.995269,0.00327627,0.000229469,0.00122485,1.14632,-1.43285,-1.31586,-1.20184
11322,0,4,0.998247,0.0009032,0.000212444,0.000637345,3.01928,-2.6924,-1.99583,-2.53668
11323,1,3,0.902662,0.0924833,0.00107775,0.00377646,0.592484,-0.539874,-1.29138,-0.927464
11324,0,1,0.998465,0.000810591,0.000262903,0.00046141,2.37501,-2.91563,-2.21841,-1.95366
11325,0,1,0.998257,0.000896179,0.000287557,0.000559721,1.37278,-1.21353,-2.07649,-1.7444
11326,0,0,0.971541,0.0268564,0.000465033,0.00113756,0.381698,-0.058864,-1.39981,-1.76801
11327,0,4,0.998174,0.000746533,0.000242127,0.000837712,2.97881,-2.7767,-1.84107,-2.58614
11328,0,3,0.988979,0.00995587,0.000183935,0.000880941,1.21666,-0.674535,-1.91386,-2.12189
11329,0,4,0.577493,0.418397,0.000426458,0.00368403,1.05791,-1.04777,-2.12084,-2.0581
11330,0,1,0.998235,0.00103956,0.000287551,0.000437608,1.65511,-1.49532,-1.69558,-2.72042
11331,0,4,0.998363,0.000746675,0.000179617,0.000711092,3.22794,-3.36528,-2.11683,-1.74888
11332,0,0,0.95132,0.0469948,0.000383446,0.00130226,0.930973,-0.791995,-1.72773,-1.66951
11333,0,0,0.994202,0.00355081,0.000195682,0.00205104,1.04565,-1.07399,-1.20078,-1.50422
11334,0,0,0.994093,0.00468063,0.000233263,0.000992678,1.58686,-1.82256,-1.11793,-1.40245
11335,0,1,0.991079,0.00676315,0.000414574,0.00174372,1.03061,-1.21376,-0.934965,-1.29505
11336,0,0,0.998608,0.000871462,0.00018902,0.00033174,2.57814,-2.72325,-1.97848,-1.93344
11337,0,1,0.998523,0.000769748,0.000223572,0.000483582,2.76479,-2.75129,-2.2711,-2.34402
11338,0,1,0.997163,0.0016131,0.000349198,0.000874461,1.38491,-1.33599,-1.42423,-1.75531
11339,3,0,0.4832,0.174066,0.00573642,0.336998,0.536171,-0.956484,-1.28523,-0.947328
11340,0,2,0.997256,0.00151847,0.00023584,0.000990018,2.72538,-2.10186,-2.15941,-2.09909
11341,0,2,0.90779,0.0760228,0.000491413,0.0156958,0.133458,-0.00252763,-1.86484,-1.33124
11342,0,1,0.919565,0.074822,0.0008017,0.00481132,0.353502,-0.637951,-1.37522,-1.78207
11343,0,1,0.998309,0.000857695,0.000267524,0.000565243,3.40189,-3.0377,-1.83532,-2.79475
11344,0,0,0.997897,0.00111927,0.000147392,0.000836662,1.929,-2.7278,-1.66773,-1.27414
11345,0,4,0.998242,0.000966152,0.00022177,0.000570194,1.37669,-1.54439,-1.30798,-1.62415
11346,0,2,0.904451,0.0862905,0.00047733,0.00878076,-0.54684,-0.111173,-1.53791,-0.863203
11347,0,1,0.997863,0.00127946,0.000201061,0.000656041,1.9533,-2.0796,-2.12028,-1.74011
11348,0,2,0.99727,0.0015545,0.000209763,0.000966154,2.28185,-2.24304,-1.83915,-2.12225
11349,0,1,0.997484,0.00133122,0.000206153,0.000978708,1.22748,-1.90985,-1.87756,-1.08885
11350,0,0,0.998428,0.00099312,0.000150085,0.000428389,2.40714,-2.17341,-1.89648,-2.22878
11351,0,2,0.0178525,0.949697,0.000449281,0.0320009,-0.329769,-0.154156,-1.65927,-0.470903
11352,1,4,0.0965258,0.840601,0.00395406,0.0589187,-0.10076,-0.146668,-1.74637,-0.989729
11353,1,2,0.138445,0.853898,0.000593527,0.00706314,-1.01166,0.491825,-1.7088,-0.680645
11354,0,1,0.998341,0.000915719,0.000239347,0.000503737,2.67775,-2.05019,-2.11207,-2.53831
11355,0,2,0.997218,0.0017072,0.000216411,0.000858432,0.962466,-0.59257,-1.77935,-2.2759
11356,0,1,0.995041,0.00253979,0.000404214,0.00201503,1.2356,-1.5522,-1.4329,-1.40757
11357,0,1,0.736088,0.195999,0.00493075,0.0629823,-0.414038,0.102213,-1.05246,-1.0403
11358,0,2,0.986949,0.00446025,0.000486453,0.00810412,0.676401,-0.678898,-0.922007,-1.92577
11359,0,1,0.976219,0.0201818,0.000424626,0.00317457,0.991044,-0.952652,-1.21556,-1.54227
11360,0,2,0.991568,0.00318691,0.000505229,0.00473995,1.35302,-0.856435,-1.15439,-1.78249
11361,0,1,0.997816,0.000814824,0.000403761,0.00096574,0.785471,-1.98615,-0.753298,-1.15549
11362,1,2,0.0507428,0.945368,0.000600643,0.00328853,-0.986163,1.05905,-1.33376,-1.86902
11363,3,0,0.852661,0.00997538,0.00343731,0.133926,0.215314,-0.776287,-1.27207,-0.651038
11364,0,3,0.998265,0.00113178,0.000163527,0.000439333,1.397,-1.45339,-1.63346,-1.90408
11365,0,1,0.995535,0.0024701,0.000414005,0.00158086,0.805308,-1.24827,-1.66534,-1.25697
11366,0,1,0.994671,0.00259145,0.000498953,0.00223834,2.21533,-3.0469,-1.66841,-1.87521
11367,0,4,0.998492,0.000778038,0.000205958,0.000523882,2.78028,-3.12305,-1.27714,-2.14132
11368,0,3,0.99761,0.00184124,0.000188831,0.000359741,0.08786,0.0348627,-1.7701,-1.98429
11369,0,1,0.908205,0.086564,0.000805837,0.00442492,0.942893,-1.0718,-1.26656,-0.699477
11370,0,0,0.996952,0.00191894,0.000163312,0.000965846,1.33485,-1.49587,-1.36694,-1.5405
11371,0,3,0.997813,0.00123761,0.000172641,0.00077675,2.53481,-2.70453,-1.78238,-1.81368
11372,3,4,0.11124,0.844335,0.0016686,0.0427563,-0.0189901,-0.205427,-1.85429,-1.10519
11373,0,3,0.998051,0.00135295,0.000157229,0.000438382,2.42617,-2.26204,-1.61272,-2.39584
11374,0,2,0.995791,0.00224524,0.000314425,0.00164908,2.99434,-2.86567,-1.99754,-2.43521
11375,0,2,0.997605,0.00142002,0.000237773,0.000736696,2.65842,-3.00302,-1.45711,-2.17269
11376,0,1,0.998313,0.00095217,0.000290396,0.000444533,1.66069,-1.30745,-1.62166,-1.96448
11377,3,0,0.0304319,0.922073,0.00142471,0.0460701,-0.291523,-0.182679,-1.14353,-1.03313
11378,0,4,0.997983,0.000982071,0.000201085,0.000833473,1.38164,-1.64552,-1.81112,-1.23659
11379,0,2,0.997634,0.0014326,0.000219481,0.000714051,1.92164,-2.02799,-1.77092,-1.54727
11380,0,3,0.998348,0.000990135,0.000234719,0.000427518,1.20465,-0.986991,-1.64496,-1.40578
11381,0,3,0.997558,0.00102375,0.000187352,0.00123127,0.535694,-0.365028,-1.64731,-1.47637
11382,0,2,0.997498,0.00115999,0.000252587,0.00108971,3.36679,-3.29355,-1.79577,-2.80165
11383,0,3,0.997883,0.0010181,0.000158126,0.000940672,1.16499,-1.7971,-1.85587,-1.1566
11384,0,4,0.998061,0.000960333,0.000248326,0.000730583,2.48046,-2.5058,-1.78666,-1.38384
11385,0,0,0.998751,0.000766923,0.000160756,0.000320952,2.74214,-2.90476,-1.70981,-2.29293
11386,0,0,0.98546,0.00849266,0.00069576,0.00535103,1.25461,-1.20005,-1.63943,-1.15094
11387,0,3,0.998537,0.000915899,0.000161666,0.00038555,1.64786,-1.45127,-1.98441,-2.50945
11388,1,0,0.0174575,0.979091,0.000967251,0.00248448,-0.361941,0.760469,-1.62121,-2.01149
11389,0,2,0.941985,0.0192566,0.00333162,0.0354269,0.820847,-1.65805,-1.30585,-0.903183
11390,0,1,0.997908,0.00109871,0.000212372,0.000780626,2.3683,-2.495,-1.99802,-2.0771
11391,0,4,0.996195,0.00233334,0.000253739,0.00121764,2.38595,-2.19026,-2.04027,-1.75922
11392,0,1,0.990578,0.00745136,0.000640529,0.00132977,0.473296,-1.21503,-1.56775,-0.384813
11393,1,4,0.00739063,0.989245,0.000634689,0.00273017,-1.10112,1.30106,-1.67693,-1.64624
11394,0,2,0.997823,0.00122799,0.000205419,0.000744088,1.41872,-1.641,-1.82045,-1.74114
11395,0,0,0.99782,0.00131744,0.000202233,0.000659868,1.73446,-1.69197,-1.86326,-1.73454
11396,0,2,0.995735,0.00217816,0.000263211,0.00182348,1.9891,-1.49877,-1.63134,-2.3709
11397,0,1,0.956484,0.0403756,0.000425076,0.00271558,-0.0253596,-0.911871,-1.52329,-0.193498
11398,0,4,0.997994,0.000879473,0.0001949,0.000931634,2.68858,-2.59453,-1.85716,-2.3547
11399,0,0,0.997016,0.00132282,0.000273513,0.00138766,2.13711,-2.0004,-1.542,-2.05742
11400,0,2,0.996649,0.00169129,0.000267601,0.00139258,0.623193,-1.37387,-1.36122,-0.454654
11401,0,2,0.997236,0.00198235,0.000211401,0.000570177,0.500693,-0.785529,-1.07828,-2.16723
11402,0,2,0.997433,0.00114865,0.000259572,0.00115879,1.72452,-1.78512,-1.9001,-1.76688
11403,1,2,0.273188,0.707212,0.00151118,0.0180892,0.484,-0.928714,-1.55233,-0.584083
11404,0,1,0.831256,0.0739224,0.00687585,0.0879459,-0.355693,-0.628326,-1.07392,0.161263
11405,0,2,0.997535,0.0013549,0.000184803,0.000924862,1.22959,-1.2894,-1.22712,-1.61409
11406,0,0,0.00420474,0.967474,0.000822322,0.0274988,-0.970227,-0.076714,-1.10599,0.336933
11407,0,0,0.242856,0.722914,0.0120557,0.0221739,-0.46494,-0.0372115,-0.962564,-0.846655
11408,0,0,0.998324,0.00108636,0.000151542,0.000438502,3.11514,-3.11142,-1.98664,-2.36478
11409,1,3,0.0180539,0.979949,0.000262604,0.00173427,1.51479,-1.19327,-2.32307,-2.3048
11410,0,1,0.325877,0.590087,0.00124865,0.0827878,-0.136767,-0.526285,-1.36719,-0.776833
11411,0,4,0.976848,0.00642948,0.0005629,0.0161598,1.47188,-1.932,-1.53562,-1.07104
11412,0,3,0.911159,0.0537036,0.00201271,0.0331242,0.866082,-1.11135,-1.16518,-1.29773
11413,0,1,0.922591,0.0754357,0.000428853,0.00154436,1.82141,-1.76875,-1.79754,-2.15463
11414,3,4,0.0280958,0.338951,0.00340841,0.629545,-0.515286,-0.739321,-1.27216,-0.42919
11415,0,2,0.987972,0.00743356,0.000388236,0.00420666,0.95379,-1.55106,-1.57224,-0.673438
11416,0,3,0.998272,0.000953062,0.000234243,0.000540393,1.61422,-1.59811,-1.15762,-1.50167
11417,0,3,0.998162,0.00125877,0.000165761,0.00041348,0.635704,-0.809748,-1.26773,-1.33273
11418,0,0,0.990963,0.00839742,0.000283789,0.000355951,1.57543,-1.09613,-1.63765,-2.65137
11419,0,0,0.995546,0.00370538,0.000187339,0.000561481,0.523925,-0.224563,-1.30855,-2.34184
11420,0,2,0.987346,0.00961953,0.000301577,0.00273292,0.338071,-0.871446,-1.49514,-0.584556
11421,1,1,0.125685,0.321643,0.0111195,0.541552,-0.099137,0.0375953,-1.09055,-1.48772
11422,0,1,0.607648,0.0444498,0.0100252,0.337877,0.613369,-1.40089,-1.2807,-0.547953
11423,0,1,0.959568,0.038878,0.00043656,0.00111698,0.475775,-0.349071,-1.8841,-1.46504
11424,0,3,0.998288,0.00107998,0.000152427,0.000479705,2.53698,-2.23895,-1.97309,-2.42273
11425,0,2,0.487168,0.464859,0.000773598,0.0471994,-0.0668939,-0.445866,-1.22382,-1.01455
